Accident_Id,jour,mois,an,hrmn,lum,dep,com,agg,int,atm,col,adr,lat,long,Num_Acc,id_vehicule,num_veh,senc,catv,obs,obsm,choc,manv,motor,occutc,Num_Acc,id_usager,id_vehicule,num_veh,place,catu,grav,sexe,an_nais,trajet,secu1,secu2,secu3,locp,actp,etatp,Num_Acc,catr,voie,v1,v2,circ,nbv,vosp,prof,pr,pr1,plan,lartpc,larrout,surf,infra,situ,vma,
2.022E+11,21,10,2022,16:32:00,1,75,75106,2,1,1,3,RUE DE VAUGIRARD,"488,479,990,000","23,301,760,000",2.022E+11,813 927,B01,2,1,0,2,1,1,5,NULL,2.022E+11,1 099 662,813 926,A01,1,1,1,2,1960,4,8,0,-1,0,0,-1,2.022E+11,4,RUE DE VAUGIRARD,0,NULL,2,2,0,1,-1,-1,1,NULL,-1,1,0,1,30,
2.022E+11,21,10,2022,16:32:00,1,75,75106,2,1,1,3,RUE DE VAUGIRARD,"488,479,990,000","23,301,760,000",2.022E+11,813 927,B01,2,1,0,2,1,1,5,NULL,2.022E+11,1 099 663,813 927,B01,1,1,4,1,1982,9,8,0,-1,0,0,-1,2.022E+11,4,RUE DE VAUGIRARD,0,NULL,2,2,0,1,-1,-1,1,NULL,-1,1,0,1,30,
2.022E+11,20,10,2022,13:00:00,1,75,75105,2,2,1,3,BOULEVARD SAINT GERMAIN,"488,513,870,000","23,431,860,000",2.022E+11,813 925,B01,2,1,0,2,0,1,5,NULL,2.022E+11,1 099 660,813 924,A01,1,1,1,1,2002,4,1,0,-1,0,0,-1,2.022E+11,4,BOULEVARD SAINT GERMAIN,0,NULL,1,3,1,1,-1,-1,1,NULL,-1,1,0,5,30,
2.022E+11,20,10,2022,13:00:00,1,75,75105,2,2,1,3,BOULEVARD SAINT GERMAIN,"488,513,870,000","23,431,860,000",2.022E+11,813 925,B01,2,1,0,2,0,1,5,NULL,2.022E+11,1 099 661,813 925,B01,1,1,4,1,2003,5,8,0,-1,0,0,-1,2.022E+11,4,BOULEVARD SAINT GERMAIN,0,NULL,1,3,1,1,-1,-1,1,NULL,-1,1,0,5,30,
2.022E+11,21,10,2022,11:25:00,1,75,75113,2,4,1,6,BOULEVARD KELLERMANN,"488,210,280,000","23,545,150,000",2.022E+11,813 913,A01,1,1,9,0,0,1,5,NULL,2.022E+11,1 099 647,813 913,A01,1,1,3,1,1961,9,8,0,-1,-1,-1,-1,2.022E+11,4,BOULEVARD KELLERMANN,0,NULL,2,6,1,2,-1,-1,2,NULL,-1,2,0,5,50,
2.022E+11,21,10,2022,15:50:00,1,75,75103,2,2,1,6,RUE DE TURENNE,"488,613,270,000","23,646,020,000",2.022E+11,813 910,Z01,1,1,0,1,1,1,5,NULL,2.022E+11,1 099 642,813 910,Z01,10,3,4,2,1990,5,0,-1,-1,4,3,1,2.022E+11,4,RUE DE TURENNE,0,NULL,2,2,0,1,-1,-1,1,NULL,-1,1,0,1,30,
2.022E+11,21,10,2022,15:50:00,1,75,75103,2,2,1,6,RUE DE TURENNE,"488,613,270,000","23,646,020,000",2.022E+11,813 910,Z01,1,1,0,1,1,1,5,NULL,2.022E+11,1 099 643,813 910,Z01,1,1,1,-1,NULL,-1,-1,-1,-1,-1,-1,-1,2.022E+11,4,RUE DE TURENNE,0,NULL,2,2,0,1,-1,-1,1,NULL,-1,1,0,1,30,
2.022E+11,21,10,2022,19:40:00,5,93,93049,2,2,1,3,Avenue Jean Jaurès / Avenue Victor Hugo,"488,587,000,000","25,065,400,000",2.022E+11,813 883,B01,3,1,0,2,0,1,5,NULL,2.022E+11,1 099 598,813 883,B01,1,1,4,1,1988,1,0,0,-1,0,0,-1,2.022E+11,4,JEAN JAURES (AVENUE),0,NULL,1,2,0,1,0,0,1,NULL,-1,1,0,1,30,
2.022E+11,21,10,2022,19:40:00,5,93,93049,2,2,1,3,Avenue Jean Jaurès / Avenue Victor Hugo,"488,587,000,000","25,065,400,000",2.022E+11,813 883,B01,3,1,0,2,0,1,5,NULL,2.022E+11,1 099 599,813 884,A01,1,1,1,2,1974,5,1,0,-1,0,0,-1,2.022E+11,4,JEAN JAURES (AVENUE),0,NULL,1,2,0,1,0,0,1,NULL,-1,1,0,1,30,
2.022E+11,21,10,2022,20:00:00,5,92,92048,2,1,1,2,JEAN JAURES (AVENUE) N° 8 A 72,"488,128,800,000","22,462,000,000",2.022E+11,813 865,A01,0,1,0,2,2,1,5,NULL,2.022E+11,1 099 576,813 865,A01,1,1,4,2,1990,1,8,0,-1,0,0,-1,2.022E+11,4,NULL,0,NULL,2,2,0,4,0,0,1,NULL,-1,1,0,1,50,
2.022E+11,21,10,2022,20:00:00,5,92,92048,2,1,1,2,JEAN JAURES (AVENUE) N° 8 A 72,"488,128,800,000","22,462,000,000",2.022E+11,813 865,A01,0,1,0,2,2,1,5,NULL,2.022E+11,1 099 577,813 866,B01,1,1,1,1,1960,1,1,5,-1,-1,-1,-1,2.022E+11,4,NULL,0,NULL,2,2,0,4,0,0,1,NULL,-1,1,0,1,50,
2.022E+11,21,10,2022,09:26:00,1,92,92060,2,1,2,3,ARTHUR RANC (RUE),"487,844,900,000","22,748,800,000",2.022E+11,813 862,B01,2,1,0,2,7,1,5,NULL,2.022E+11,1 099 572,813 861,A01,1,1,1,2,1967,0,8,0,-1,-1,-1,-1,2.022E+11,4,NULL,0,NULL,1,1,0,1,0,0,1,NULL,-1,2,0,4,30,
2.022E+11,21,10,2022,09:26:00,1,92,92060,2,1,2,3,ARTHUR RANC (RUE),"487,844,900,000","22,748,800,000",2.022E+11,813 862,B01,2,1,0,2,7,1,5,NULL,2.022E+11,1 099 573,813 862,B01,1,1,4,1,1976,0,2,0,-1,-1,-1,-1,2.022E+11,4,NULL,0,NULL,1,1,0,1,0,0,1,NULL,-1,2,0,4,30,
2.022E+11,21,10,2022,14:40:00,1,92,92012,2,1,1,3,THIERS (RUE) 1/65,"488,371,210,000","22,483,650,000",2.022E+11,813 859,B01,1,1,0,2,0,1,5,NULL,2.022E+11,1 099 568,813 858,A01,1,1,1,1,2000,0,1,0,-1,-1,-1,-1,2.022E+11,4,NULL,0,NULL,2,1,0,1,0,0,1,NULL,-1,1,0,1,50,
2.022E+11,21,10,2022,14:40:00,1,92,92012,2,1,1,3,THIERS (RUE) 1/65,"488,371,210,000","22,483,650,000",2.022E+11,813 859,B01,1,1,0,2,0,1,5,NULL,2.022E+11,1 099 569,813 859,B01,1,1,4,1,1991,5,8,0,-1,-1,-1,-1,2.022E+11,4,NULL,0,NULL,2,1,0,1,0,0,1,NULL,-1,1,0,1,50,
2.022E+11,18,10,2022,11:03:00,1,29,29075,2,6,1,3,Rond Point de la Vallée,"484,312,260,000","-44,026,580,000",2.022E+11,813 821,A01,2,1,0,2,1,1,5,NULL,2.022E+11,1 099 508,813 820,B01,1,1,1,1,1975,1,1,-1,-1,0,0,-1,2.022E+11,3,67,0,D,1,1,0,1,6,247,2,NULL,-1,1,5,1,-1,
2.022E+11,18,10,2022,11:03:00,1,29,29075,2,6,1,3,Rond Point de la Vallée,"484,312,260,000","-44,026,580,000",2.022E+11,813 821,A01,2,1,0,2,1,1,5,NULL,2.022E+11,1 099 509,813 821,A01,1,1,3,1,1968,1,2,-1,-1,0,0,-1,2.022E+11,3,67,0,D,1,1,0,1,6,247,2,NULL,-1,1,5,1,-1,
2.022E+11,12,10,2022,10:45:00,1,9,9173,1,1,1,2,route de crampagna,"430,363,570,000","15,407,970,000",2.022E+11,813 812,B01,2,1,0,2,6,1,5,NULL,2.022E+11,1 099 495,813 811,A01,1,1,1,1,1993,4,1,-1,-1,0,0,-1,2.022E+11,3,919,0,NULL,2,2,0,2,37,500,1,NULL,-1,1,0,1,80,
2.022E+11,12,10,2022,10:45:00,1,9,9173,1,1,1,2,route de crampagna,"430,363,570,000","15,407,970,000",2.022E+11,813 812,B01,2,1,0,2,6,1,5,NULL,2.022E+11,1 099 496,813 812,B01,1,1,3,1,1958,5,2,6,-1,0,0,-1,2.022E+11,3,919,0,NULL,2,2,0,2,37,500,1,NULL,-1,1,0,1,80,
2.022E+11,10,9,2022,16:00:00,1,56,56262,2,1,1,3,Rue du General de Gaulle,"476,382,310,000","-29,528,660,000",2.022E+11,813 766,B01,1,1,0,2,3,1,5,NULL,2.022E+11,1 099 428,813 765,A01,1,1,1,1,1926,5,1,-1,-1,0,0,-1,2.022E+11,3,101,0,D,3,2,0,2,15,840,1,NULL,7,1,0,1,50,
2.022E+11,10,9,2022,16:00:00,1,56,56262,2,1,1,3,Rue du General de Gaulle,"476,382,310,000","-29,528,660,000",2.022E+11,813 766,B01,1,1,0,2,3,1,5,NULL,2.022E+11,1 099 429,813 766,B01,1,1,3,1,1965,5,2,-1,-1,0,0,-1,2.022E+11,3,101,0,D,3,2,0,2,15,840,1,NULL,7,1,0,1,50,
2.022E+11,20,10,2022,12:00:00,1,75,75105,2,3,1,3,BOULEVARD DE PORT ROYAL,"488,395,520,000","23,372,710,000",2.022E+11,813 698,A01,1,1,0,2,1,1,5,NULL,2.022E+11,1 099 350,813 698,A01,1,1,4,1,1979,1,8,0,-1,0,0,-1,2.022E+11,4,BOULEVARD DE PORT ROYAL,0,NULL,3,4,3,1,-1,-1,1,NULL,-1,1,0,6,30,
2.022E+11,20,10,2022,12:00:00,1,75,75105,2,3,1,3,BOULEVARD DE PORT ROYAL,"488,395,520,000","23,372,710,000",2.022E+11,813 698,A01,1,1,0,2,1,1,5,NULL,2.022E+11,1 099 351,813 699,Z01,1,1,1,-1,NULL,-1,-1,-1,-1,-1,-1,-1,2.022E+11,4,BOULEVARD DE PORT ROYAL,0,NULL,3,4,3,1,-1,-1,1,NULL,-1,1,0,6,30,
2.022E+11,20,10,2022,08:18:00,2,75,75115,2,1,2,7,AVENUE DU MAINE,"488,406,100,000","23,214,980,000",2.022E+11,813 690,A01,1,1,0,0,0,21,5,NULL,2.022E+11,1 099 340,813 690,A01,1,1,4,2,1993,1,8,0,-1,0,0,-1,2.022E+11,4,AVENUE DU MAINE,0,NULL,2,4,0,2,-1,-1,1,NULL,-1,2,0,1,30,
2.022E+11,20,10,2022,19:20:00,5,75,75111,2,1,3,6,RUE RICHARD LENOIR,"488,549,840,000","23,821,120,000",2.022E+11,813 684,A01,1,1,0,1,1,1,5,NULL,2.022E+11,1 099 330,813 684,A01,1,1,1,1,1995,1,2,0,-1,0,0,-1,2.022E+11,4,RUE RICHARD LENOIR,0,NULL,2,2,1,1,-1,-1,1,NULL,-1,3,0,5,30,
2.022E+11,20,10,2022,19:20:00,5,75,75111,2,1,3,6,RUE RICHARD LENOIR,"488,549,840,000","23,821,120,000",2.022E+11,813 684,A01,1,1,0,1,1,1,5,NULL,2.022E+11,1 099 331,813 684,A01,10,3,4,2,1978,9,0,-1,-1,1,3,1,2.022E+11,4,RUE RICHARD LENOIR,0,NULL,2,2,1,1,-1,-1,1,NULL,-1,3,0,5,30,
2.022E+11,7,8,2022,04:23:00,5,49,49007,2,1,1,7,POISSONNERIE,"474,731,200,000"," -0,5563700000",2.022E+11,813 669,A01,3,1,0,0,0,1,5,NULL,2.022E+11,1 099 310,813 669,A01,1,1,4,2,1992,0,8,0,-1,0,0,-1,2.022E+11,4,POISSONNERIE,0,NULL,2,2,0,1,-1,-1,1,NULL,-1,1,0,1,50,
2.022E+11,9,8,2022,09:27:00,1,45,45234,2,3,1,3,5 Rue Georges Pompidou,"478,868,310,000","19,032,070,000",2.022E+11,813 667,B01,3,1,0,2,1,16,5,NULL,2.022E+11,1 099 308,813 667,B01,1,1,4,2,1990,1,8,0,-1,-1,-1,-1,2.022E+11,4,POMPIDOU (RUE GEORGES),0,NULL,2,2,0,1,-1,-1,1,NULL,-1,1,0,1,50,
2.022E+11,9,8,2022,09:27:00,1,45,45234,2,3,1,3,5 Rue Georges Pompidou,"478,868,310,000","19,032,070,000",2.022E+11,813 667,B01,3,1,0,2,1,16,5,NULL,2.022E+11,1 099 309,813 668,A01,1,1,1,1,2000,0,8,0,-1,-1,-1,-1,2.022E+11,4,POMPIDOU (RUE GEORGES),0,NULL,2,2,0,1,-1,-1,1,NULL,-1,1,0,1,50,
2.022E+11,9,8,2022,07:40:00,1,45,45302,2,6,1,3,75 Rue des Sables de Sary,"479,473,500,000","18,652,800,000",2.022E+11,813 666,B01,3,1,0,2,7,1,5,NULL,2.022E+11,1 099 306,813 665,A01,1,1,1,1,1971,1,1,0,-1,-1,-1,-1,2.022E+11,4,SABLES DE SARY (RUE DES),0,NULL,1,2,0,1,-1,-1,2,NULL,-1,1,0,1,50,
2.022E+11,9,8,2022,07:40:00,1,45,45302,2,6,1,3,75 Rue des Sables de Sary,"479,473,500,000","18,652,800,000",2.022E+11,813 666,B01,3,1,0,2,7,1,5,NULL,2.022E+11,1 099 307,813 666,B01,1,1,4,2,1971,1,8,0,-1,-1,-1,-1,2.022E+11,4,SABLES DE SARY (RUE DES),0,NULL,1,2,0,1,-1,-1,2,NULL,-1,1,0,1,50,
2.022E+11,8,8,2022,15:10:00,1,17,17300,2,1,1,3,CORDELIERS  AVENUE DES,"461,660,000,000","-11,418,400,000",2.022E+11,813 650,B01,1,1,1,0,2,14,5,NULL,2.022E+11,1 099 282,813 649,A01,2,2,1,2,2001,0,1,0,-1,-1,-1,-1,2.022E+11,4,CORDELIERS  AVENUE DES,0,NULL,2,2,0,2,-1,-1,1,NULL,-1,1,0,1,30,
2.022E+11,8,8,2022,15:10:00,1,17,17300,2,1,1,3,CORDELIERS  AVENUE DES,"461,660,000,000","-11,418,400,000",2.022E+11,813 650,B01,1,1,1,0,2,14,5,NULL,2.022E+11,1 099 283,813 649,A01,1,1,1,2,2002,-1,1,-1,-1,-1,-1,-1,2.022E+11,4,CORDELIERS  AVENUE DES,0,NULL,2,2,0,2,-1,-1,1,NULL,-1,1,0,1,30,
2.022E+11,8,8,2022,15:10:00,1,17,17300,2,1,1,3,CORDELIERS  AVENUE DES,"461,660,000,000","-11,418,400,000",2.022E+11,813 650,B01,1,1,1,0,2,14,5,NULL,2.022E+11,1 099 284,813 650,B01,1,1,4,1,1985,0,8,0,-1,-1,-1,-1,2.022E+11,4,CORDELIERS  AVENUE DES,0,NULL,2,2,0,2,-1,-1,1,NULL,-1,1,0,1,30,
2.022E+11,9,8,2022,02:30:00,5,75,75120,2,2,1,3,RUE DES PYRENEES,"488,591,630,000","24,021,270,000",2.022E+11,813 635,A01,2,1,0,2,7,1,5,NULL,2.022E+11,1 099 267,813 634,B01,1,1,1,1,1993,4,1,8,-1,0,0,-1,2.022E+11,4,RUE DES PYRENEES,0,NULL,2,3,0,2,-1,-1,1,NULL,-1,1,0,1,30,
2.022E+11,9,8,2022,02:30:00,5,75,75120,2,2,1,3,RUE DES PYRENEES,"488,591,630,000","24,021,270,000",2.022E+11,813 635,A01,2,1,0,2,7,1,5,NULL,2.022E+11,1 099 268,813 635,A01,1,1,4,1,1994,5,8,0,-1,0,0,-1,2.022E+11,4,RUE DES PYRENEES,0,NULL,2,3,0,2,-1,-1,1,NULL,-1,1,0,1,30,
2.022E+11,9,8,2022,19:40:00,1,92,92064,2,3,1,7,REPUBLIQUE,"488,442,803,244","22,075,653,076",2.022E+11,813 602,A01,1,1,0,0,1,15,5,NULL,2.022E+11,1 099 223,813 602,A01,1,1,4,1,1964,5,2,6,-1,0,0,-1,2.022E+11,3,985,0,NULL,2,-1,0,1,0,0,1,NULL,-1,1,0,1,50,
2.022E+11,21,7,2022,10:05:00,1,79,79284,2,1,1,3,10 Rue du Député Disleau,"464,433,600,000"," -0,4476800000",2.022E+11,813 584,B01,3,1,12,2,6,14,5,NULL,2.022E+11,1 099 201,813 583,A01,1,1,1,1,1979,3,1,-1,-1,0,0,-1,2.022E+11,4,NULL,0, -,2,2,0,1,-1,-1,1,NULL,5,1,0,1,50,
2.022E+11,21,7,2022,10:05:00,1,79,79284,2,1,1,3,10 Rue du Député Disleau,"464,433,600,000"," -0,4476800000",2.022E+11,813 584,B01,3,1,12,2,6,14,5,NULL,2.022E+11,1 099 202,813 584,B01,1,1,3,1,2008,5,2,-1,-1,0,0,-1,2.022E+11,4,NULL,0, -,2,2,0,1,-1,-1,1,NULL,5,1,0,1,50,
2.022E+11,9,8,2022,08:00:00,1,1,1039,2,1,1,2,route de bourgogne,"458,576,410,000","57,427,700,000",2.022E+11,813 570,B01,1,1,0,0,4,2,5,NULL,2.022E+11,1 099 183,813 569,A01,1,1,1,1,1946,5,8,-1,-1,0,0,-1,2.022E+11,3,904,0,NULL,2,2,0,2,67,700,2,NULL,-1,1,0,1,50,
2.022E+11,9,8,2022,08:00:00,1,1,1039,2,1,1,2,route de bourgogne,"458,576,410,000","57,427,700,000",2.022E+11,813 570,B01,1,1,0,0,4,2,5,NULL,2.022E+11,1 099 184,813 570,B01,1,1,4,1,1959,5,2,-1,-1,0,0,-1,2.022E+11,3,904,0,NULL,2,2,0,2,67,700,2,NULL,-1,1,0,1,50,
2.022E+11,10,8,2022,07:55:00,1,29,29169,1,1,1,3,Route de Guengat,"480,721,510,000","-41,935,530,000",2.022E+11,813 524,B01,1,1,0,2,8,13,5,NULL,2.022E+11,1 099 128,813 523,A01,1,1,1,2,2003,1,1,-1,-1,0,0,-1,2.022E+11,3,56,0,NULL,2,2,0,1,0,609,1,NULL,-1,1,8,1,50,
2.022E+11,10,8,2022,07:55:00,1,29,29169,1,1,1,3,Route de Guengat,"480,721,510,000","-41,935,530,000",2.022E+11,813 524,B01,1,1,0,2,8,13,5,NULL,2.022E+11,1 099 129,813 524,B01,1,1,4,1,2003,1,2,-1,-1,0,0,-1,2.022E+11,3,56,0,NULL,2,2,0,1,0,609,1,NULL,-1,1,8,1,50,
2.022E+11,6,8,2022,18:31:00,1,47,47027,1,1,1,6,RD 236,"444,155,000,000","0,6619000000",2.022E+11,813 398,Y01,3,1,15,0,1,26,5,NULL,2.022E+11,1 098 946,813 398,Y01,1,1,3,1,1949,5,8,-1,-1,0,0,-1,2.022E+11,9,RD 236,0,NULL,2,0,1,1,4,859,1,NULL,-1,1,5,5,10,
2.022E+11,8,8,2022,21:00:00,2,35,35238,2,1,1,3,SALLE (BLD JEAN BAPTISTE DE LA),"481,157,646,679","-17,045,089,602",2.022E+11,813 373,B01,3,1,0,2,8,1,5,NULL,2.022E+11,1 098 908,813 371,A01,1,1,1,1,1966,4,1,-1,-1,-1,-1,-1,2.022E+11,4,SALLE (BLD JEAN BAPTISTE DE LA),0,NULL,3,3,2,1,-1,-1,2,NULL,-1,1,8,5,50,
2.022E+11,8,8,2022,21:00:00,2,35,35238,2,1,1,3,SALLE (BLD JEAN BAPTISTE DE LA),"481,157,646,679","-17,045,089,602",2.022E+11,813 373,B01,3,1,0,2,8,1,5,NULL,2.022E+11,1 098 910,813 373,B01,1,1,4,1,1993,0,2,-1,-1,-1,-1,-1,2.022E+11,4,SALLE (BLD JEAN BAPTISTE DE LA),0,NULL,3,3,2,1,-1,-1,2,NULL,-1,1,8,5,50,
2.022E+11,4,5,2022,09:20:00,1,69,69388,2,2,1,1,Rue Florent,"457,274,300,000","48,785,000,000",2.022E+11,813 356,B01,1,1,0,2,7,19,5,NULL,2.022E+11,1 098 885,813 354,A01,1,1,1,1,1957,0,1,-1,-1,-1,-1,-1,2.022E+11,4,FLORENT                             (R ),0,NULL,1,1,0,1,-1,-1,1,NULL,-1,1,0,1,50,
2.022E+11,4,5,2022,09:20:00,1,69,69388,2,2,1,1,Rue Florent,"457,274,300,000","48,785,000,000",2.022E+11,813 356,B01,1,1,0,2,7,19,5,NULL,2.022E+11,1 098 887,813 356,B01,1,1,4,1,2012,0,2,-1,-1,-1,-1,-1,2.022E+11,4,FLORENT                             (R ),0,NULL,1,1,0,1,-1,-1,1,NULL,-1,1,0,1,50,
2.022E+11,4,5,2022,17:40:00,1,64,64445,2,4,1,3,HENRI FAISANS,"433,009,100,000"," -0,3596800000",2.022E+11,813 315,B01,1,1,0,2,2,1,5,NULL,2.022E+11,1 098 832,813 315,B01,1,1,4,1,1959,0,2,6,-1,-1,-1,-1,2.022E+11,4,HENRI FAISANS,0,NULL,2,2,0,1,0,0,2,NULL,-1,1,0,1,30,
2.022E+11,4,5,2022,17:40:00,1,64,64445,2,4,1,3,HENRI FAISANS,"433,009,100,000"," -0,3596800000",2.022E+11,813 315,B01,1,1,0,2,2,1,5,NULL,2.022E+11,1 098 833,813 316,A01,1,1,1,2,2002,0,1,8,-1,-1,-1,-1,2.022E+11,4,HENRI FAISANS,0,NULL,2,2,0,1,0,0,2,NULL,-1,1,0,1,30,
2.022E+11,21,4,2022,16:40:00,1,29,29019,2,3,1,3,Boulevard de l’Europe,"484,074,050,000","-45,222,590,000",2.022E+11,813 285,Y01,0,1,0,2,8,9,5,NULL,2.022E+11,1 098 791,813 285,Y01,1,1,4,1,1945,5,2,-1,-1,0,0,-1,2.022E+11,4,EUROPE (DE 201 A 215),0,NULL,-1,2,0,1,-1,-1,1,NULL,-1,1,-1,1,50,
2.022E+11,21,4,2022,16:40:00,1,29,29019,2,3,1,3,Boulevard de l’Europe,"484,074,050,000","-45,222,590,000",2.022E+11,813 285,Y01,0,1,0,2,8,9,5,NULL,2.022E+11,1 098 792,813 286,A01,1,1,1,1,1950,9,1,-1,-1,-1,-1,-1,2.022E+11,4,EUROPE (DE 201 A 215),0,NULL,-1,2,0,1,-1,-1,1,NULL,-1,1,-1,1,50,
2.022E+11,4,5,2022,08:25:00,1,17,17028,2,6,1,3,GRASSET   AVENUE EDMOND,"461,348,700,000","-11,204,700,000",2.022E+11,813 281,Z01,3,1,0,2,1,15,5,NULL,2.022E+11,1 098 786,813 281,Z01,1,1,4,1,1964,1,2,4,-1,-1,-1,-1,2.022E+11,4,LYSIACK   AVENUE DU COMMANDANT,0,NULL,2,4,2,1,-1,-1,2,NULL,-1,1,0,5,50,
2.022E+11,4,5,2022,08:25:00,1,17,17028,2,6,1,3,GRASSET   AVENUE EDMOND,"461,348,700,000","-11,204,700,000",2.022E+11,813 281,Z01,3,1,0,2,1,15,5,NULL,2.022E+11,1 098 787,813 282,A01,1,1,1,1,1992,1,1,0,-1,-1,-1,-1,2.022E+11,4,LYSIACK   AVENUE DU COMMANDANT,0,NULL,2,4,2,1,-1,-1,2,NULL,-1,1,0,5,50,
2.022E+11,29,4,2022,18:10:00,1,15,15014,2,1,1,6,DOUMER (AVENUE PAUL),"449,263,300,000","24,454,400,000",2.022E+11,813 280,A01,1,1,0,1,2,1,5,NULL,2.022E+11,1 098 784,813 280,A01,1,1,1,1,2006,5,8,0,-1,-1,-1,-1,2.022E+11,4,DOUMER (AVENUE PAUL),0,NULL,2,3,1,1,-1,-1,1,NULL,-1,1,9,5,30,
2.022E+11,29,4,2022,18:10:00,1,15,15014,2,1,1,6,DOUMER (AVENUE PAUL),"449,263,300,000","24,454,400,000",2.022E+11,813 280,A01,1,1,0,1,2,1,5,NULL,2.022E+11,1 098 785,813 280,A01,10,3,4,2,1948,5,0,-1,-1,5,9,1,2.022E+11,4,DOUMER (AVENUE PAUL),0,NULL,2,3,1,1,-1,-1,1,NULL,-1,1,9,5,30,
2.022E+11,4,5,2022,13:10:00,1,13,13206,2,2,1,2,GOUFFE (COURS),"432,854,500,000","53,898,500,000",2.022E+11,813 276,B01,2,1,0,2,1,1,5,NULL,2.022E+11,1 098 780,813 276,B01,1,1,3,1,2000,0,8,8,-1,-1,-1,-1,2.022E+11,4,GOUFFE (COURS),0,NULL,-1,2,0,2,0,0,1,NULL,-1,1,0,1,50,
2.022E+11,4,5,2022,13:10:00,1,13,13206,2,2,1,2,GOUFFE (COURS),"432,854,500,000","53,898,500,000",2.022E+11,813 276,B01,2,1,0,2,1,1,5,NULL,2.022E+11,1 098 781,813 277,Z01,1,1,1,-1,NULL,-1,-1,-1,-1,-1,-1,-1,2.022E+11,4,GOUFFE (COURS),0,NULL,-1,2,0,2,0,0,1,NULL,-1,1,0,1,50,
2.022E+11,4,5,2022,07:06:00,1,75,75119,2,1,1,2,RUE GASTON TESSIER,"488,961,810,000","23,750,560,000",2.022E+11,813 262,A01,1,1,0,2,4,2,5,NULL,2.022E+11,1 098 762,813 262,A01,1,1,4,1,1983,5,2,0,-1,0,0,-1,2.022E+11,4,RUE GASTON TESSIER,0,NULL,2,2,0,1,-1,-1,1,NULL,-1,1,0,1,30,
2.022E+11,4,5,2022,07:06:00,1,75,75119,2,1,1,2,RUE GASTON TESSIER,"488,961,810,000","23,750,560,000",2.022E+11,813 262,A01,1,1,0,2,4,2,5,NULL,2.022E+11,1 098 763,813 263,Z01,1,1,1,-1,NULL,-1,-1,-1,-1,-1,-1,-1,2.022E+11,4,RUE GASTON TESSIER,0,NULL,2,2,0,1,-1,-1,1,NULL,-1,1,0,1,30,
2.022E+11,30,4,2022,00:50:00,5,75,75119,2,1,1,1,QUAI DE L OISE,"488,914,380,000","23,850,170,000",2.022E+11,813 258,Z01,1,1,0,2,0,13,5,NULL,2.022E+11,1 098 758,813 258,Z01,1,1,1,-1,NULL,-1,-1,-1,-1,0,0,-1,2.022E+11,4,QUAI DE L OISE,0,NULL,2,3,1,1,-1,-1,1,NULL,-1,1,-1,5,30,
2.022E+11,30,4,2022,00:50:00,5,75,75119,2,1,1,1,QUAI DE L OISE,"488,914,380,000","23,850,170,000",2.022E+11,813 259,A01,2,1,0,2,0,1,5,NULL,2.022E+11,1 098 758,813 258,Z01,1,1,1,-1,NULL,-1,-1,-1,-1,0,0,-1,2.022E+11,4,QUAI DE L OISE,0,NULL,2,3,1,1,-1,-1,1,NULL,-1,1,-1,5,30,
2.022E+11,30,4,2022,00:50:00,5,75,75119,2,1,1,1,QUAI DE L OISE,"488,914,380,000","23,850,170,000",2.022E+11,813 258,Z01,1,1,0,2,0,13,5,NULL,2.022E+11,1 098 759,813 259,A01,1,1,3,1,1990,9,2,0,-1,0,0,-1,2.022E+11,4,QUAI DE L OISE,0,NULL,2,3,1,1,-1,-1,1,NULL,-1,1,-1,5,30,
2.022E+11,30,4,2022,00:50:00,5,75,75119,2,1,1,1,QUAI DE L OISE,"488,914,380,000","23,850,170,000",2.022E+11,813 259,A01,2,1,0,2,0,1,5,NULL,2.022E+11,1 098 759,813 259,A01,1,1,3,1,1990,9,2,0,-1,0,0,-1,2.022E+11,4,QUAI DE L OISE,0,NULL,2,3,1,1,-1,-1,1,NULL,-1,1,-1,5,30,
2.022E+11,4,5,2022,12:30:00,1,75,75114,2,1,1,6,RUE REMY DUMONCEL,"488,296,650,000","23,304,160,000",2.022E+11,813 250,Z01,2,1,0,1,0,1,5,NULL,2.022E+11,1 098 749,813 250,Z01,1,1,1,-1,NULL,-1,-1,-1,-1,-1,-1,-1,2.022E+11,4,RUE REMY DUMONCEL,0,NULL,2,2,1,1,-1,-1,1,NULL,-1,1,0,5,30,
2.022E+11,4,5,2022,12:30:00,1,75,75114,2,1,1,6,RUE REMY DUMONCEL,"488,296,650,000","23,304,160,000",2.022E+11,813 250,Z01,2,1,0,1,0,1,5,NULL,2.022E+11,1 098 750,813 250,Z01,10,3,4,1,1944,5,8,8,-1,2,3,1,2.022E+11,4,RUE REMY DUMONCEL,0,NULL,2,2,1,1,-1,-1,1,NULL,-1,1,0,5,30,
2.022E+11,4,5,2022,15:00:00,1,75,75107,2,2,1,3,PONT DES INVALIDES,"488,625,730,000","23,104,080,000",2.022E+11,813 245,B01,2,1,0,2,2,1,5,NULL,2.022E+11,1 098 743,813 244,A01,1,1,1,1,1956,5,1,0,-1,0,0,-1,2.022E+11,4,PONT DES INVALIDES,0,NULL,2,3,1,1,-1,-1,1,NULL,-1,1,5,5,30,