Accident_Id,jour,mois,an,hrmn,lum,dep,com,agg,int,atm,col,adr,lat,long,Num_Acc,id_vehicule,num_veh,senc,catv,obs,obsm,choc,manv,motor,occutc,Num_Acc,id_usager,id_vehicule,num_veh,place,catu,grav,sexe,an_nais,trajet,secu1,secu2,secu3,locp,actp,etatp,Num_Acc,catr,voie,v1,v2,circ,nbv,vosp,prof,pr,pr1,plan,lartpc,larrout,surf,infra,situ,vma,
2.022E+11,24,3,2022,16:45:00,1,38,38185,2,1,1,3,MARIE REYNOARD (AVENUE),"451,646,900,000","57,289,700,000",2.022E+11,812 631,B01,3,1,0,2,1,19,5,NULL,2.022E+11,1 097 927,812 631,B01,1,1,3,1,1933,0,8,0,-1,-1,-1,-1,2.022E+11,7,MARIE REYNOARD (AVENUE),0,NULL,2,2,0,1,3,330,1,NULL,-1,1,5,1,30,
2.022E+11,24,3,2022,16:45:00,1,38,38185,2,1,1,3,MARIE REYNOARD (AVENUE),"451,646,900,000","57,289,700,000",2.022E+11,812 631,B01,3,1,0,2,1,19,5,NULL,2.022E+11,1 097 928,812 632,A01,1,1,1,1,1965,0,1,0,-1,-1,-1,-1,2.022E+11,7,MARIE REYNOARD (AVENUE),0,NULL,2,2,0,1,3,330,1,NULL,-1,1,5,1,30,
2.022E+11,23,3,2022,16:30:00,1,37,37261,2,1,1,1,FRANCE (PLACE ANATOLE),"473,967,800,000","0,6859000000",2.022E+11,812 620,A01,3,1,0,2,1,25,5,NULL,2.022E+11,1 097 915,812 620,A01,1,1,1,1,2001,9,8,0,-1,-1,-1,-1,2.022E+11,4,NULL,0,NULL,-1,0,0,1,-1,-1,1,NULL,-1,1,9,4,50,
2.022E+11,23,3,2022,16:30:00,1,37,37261,2,1,1,1,FRANCE (PLACE ANATOLE),"473,967,800,000","0,6859000000",2.022E+11,812 621,B01,3,1,0,2,1,25,5,NULL,2.022E+11,1 097 915,812 620,A01,1,1,1,1,2001,9,8,0,-1,-1,-1,-1,2.022E+11,4,NULL,0,NULL,-1,0,0,1,-1,-1,1,NULL,-1,1,9,4,50,
2.022E+11,23,3,2022,16:30:00,1,37,37261,2,1,1,1,FRANCE (PLACE ANATOLE),"473,967,800,000","0,6859000000",2.022E+11,812 620,A01,3,1,0,2,1,25,5,NULL,2.022E+11,1 097 916,812 621,B01,1,1,4,2,1980,1,8,0,-1,-1,-1,-1,2.022E+11,4,NULL,0,NULL,-1,0,0,1,-1,-1,1,NULL,-1,1,9,4,50,
2.022E+11,23,3,2022,16:30:00,1,37,37261,2,1,1,1,FRANCE (PLACE ANATOLE),"473,967,800,000","0,6859000000",2.022E+11,812 621,B01,3,1,0,2,1,25,5,NULL,2.022E+11,1 097 916,812 621,B01,1,1,4,2,1980,1,8,0,-1,-1,-1,-1,2.022E+11,4,NULL,0,NULL,-1,0,0,1,-1,-1,1,NULL,-1,1,9,4,50,
2.022E+11,11,4,2022,10:15:00,1,93,93064,2,1,1,2,Rue Galilée,"488,622,510,000","24,882,190,000",2.022E+11,812 587,B01,1,1,0,0,0,0,5,NULL,2.022E+11,1 097 870,812 587,B01,2,1,4,1,1981,1,2,8,-1,0,0,-1,2.022E+11,4,GALILEE (RUE),0,NULL,1,1,0,1,0,0,1,NULL,-1,1,0,1,50,
2.022E+11,11,4,2022,10:15:00,1,93,93064,2,1,1,2,Rue Galilée,"488,622,510,000","24,882,190,000",2.022E+11,812 587,B01,1,1,0,0,0,0,5,NULL,2.022E+11,1 097 873,812 589,A01,1,1,1,1,1987,1,8,0,-1,0,0,-1,2.022E+11,4,GALILEE (RUE),0,NULL,1,1,0,1,0,0,1,NULL,-1,1,0,1,50,
2.022E+11,30,10,2022,15:50:00,1,14,14191,2,6,7,3,D79,"493,223,990,000"," -0,4552880000",2.022E+11,812 557,B01,1,1,0,2,1,1,5,NULL,2.022E+11,1 097 836,812 557,B01,1,1,2,2,1962,5,0,-1,-1,0,0,-1,2.022E+11,3,79,0,NULL,2,2,0,1,16,750,1,NULL,-1,1,0,1,50,
2.022E+11,30,10,2022,15:50:00,1,14,14191,2,6,7,3,D79,"493,223,990,000"," -0,4552880000",2.022E+11,812 557,B01,1,1,0,2,1,1,5,NULL,2.022E+11,1 097 838,812 560,A01,2,2,1,2,2004,2,1,-1,-1,0,0,-1,2.022E+11,3,79,0,NULL,2,2,0,1,16,750,1,NULL,-1,1,0,1,50,
2.022E+11,30,10,2022,15:50:00,1,14,14191,2,6,7,3,D79,"493,223,990,000"," -0,4552880000",2.022E+11,812 557,B01,1,1,0,2,1,1,5,NULL,2.022E+11,1 097 840,812 560,A01,1,1,1,2,2002,2,1,-1,-1,0,0,-1,2.022E+11,3,79,0,NULL,2,2,0,1,16,750,1,NULL,-1,1,0,1,50,
2.022E+11,24,3,2022,13:49:00,1,15,15014,1,1,1,3,LIEU- DIT VEYRAC (CD117),"449,247,900,000","24,742,400,000",2.022E+11,812 550,B01,2,1,0,2,8,13,5,NULL,2.022E+11,1 097 828,812 550,B01,1,1,4,1,1950,5,8,0,-1,-1,-1,-1,2.022E+11,3,LIEU- DIT VEYRAC (CD117),0,NULL,2,2,0,1,2,500,1,NULL,-1,1,0,1,90,
2.022E+11,24,3,2022,13:49:00,1,15,15014,1,1,1,3,LIEU- DIT VEYRAC (CD117),"449,247,900,000","24,742,400,000",2.022E+11,812 550,B01,2,1,0,2,8,13,5,NULL,2.022E+11,1 097 830,812 552,A01,1,1,1,1,2000,2,1,0,-1,-1,-1,-1,2.022E+11,3,LIEU- DIT VEYRAC (CD117),0,NULL,2,2,0,1,2,500,1,NULL,-1,1,0,1,90,
2.022E+11,18,10,2022,17:30:00,1,14,14762,2,6,1,1,D407,"488,667,040,000"," -0,8706110000",2.022E+11,812 551,B01,1,1,0,2,3,1,5,NULL,2.022E+11,1 097 829,812 551,B01,1,1,2,2,1957,5,2,-1,-1,0,0,-1,2.022E+11,3,407,-1,NULL,1,2,0,1,0,21,3,NULL,-1,1,5,1,50,
2.022E+11,18,10,2022,17:30:00,1,14,14762,2,6,1,1,D407,"488,667,040,000"," -0,8706110000",2.022E+11,812 551,B01,1,1,0,2,3,1,5,NULL,2.022E+11,1 097 831,812 553,A01,1,1,1,1,1971,4,1,-1,-1,0,0,-1,2.022E+11,3,407,-1,NULL,1,2,0,1,0,21,3,NULL,-1,1,5,1,50,
2.022E+11,17,10,2022,19:15:00,3,76,76481,1,6,1,6,MONTIVILLIERS (ROUTE DE),"495,619,500,000","0,1164100000",2.022E+11,812 509,B01,1,1,0,2,8,16,5,NULL,2.022E+11,1 097 774,812 507,A01,1,1,1,2,1946,0,1,-1,-1,-1,-1,-1,2.022E+11,3,MONTIVILLIERS (ROUTE DE),0,NULL,2,2,0,1,7,300,3,NULL,-1,2,0,1,50,
2.022E+11,17,10,2022,19:15:00,3,76,76481,1,6,1,6,MONTIVILLIERS (ROUTE DE),"495,619,500,000","0,1164100000",2.022E+11,812 509,B01,1,1,0,2,8,16,5,NULL,2.022E+11,1 097 776,812 509,B01,1,1,4,1,1996,5,2,-1,-1,-1,-1,-1,2.022E+11,3,MONTIVILLIERS (ROUTE DE),0,NULL,2,2,0,1,7,300,3,NULL,-1,2,0,1,50,
2.022E+11,19,10,2022,20:25:00,3,71,71540,1,6,1,3,Rond-Point du Vieux Saule,"467,677,900,000","44,531,800,000",2.022E+11,812 498,B01,1,1,0,2,4,26,5,NULL,2.022E+11,1 097 763,812 498,B01,1,1,4,1,1975,1,2,4,-1,-1,-1,-1,2.022E+11,3,Rond-Point du Vieux Saule,0,NULL,1,2,0,1,43,662,4,NULL,-1,1,5,1,80,
2.022E+11,19,10,2022,20:25:00,3,71,71540,1,6,1,3,Rond-Point du Vieux Saule,"467,677,900,000","44,531,800,000",2.022E+11,812 498,B01,1,1,0,2,4,26,5,NULL,2.022E+11,1 097 765,812 500,A01,1,1,1,1,1987,9,1,0,-1,-1,-1,-1,2.022E+11,3,Rond-Point du Vieux Saule,0,NULL,1,2,0,1,43,662,4,NULL,-1,1,5,1,80,
2.022E+11,19,10,2022,10:25:00,1,69,69259,2,6,1,3,Rue Pierre Brossolette,"457,285,500,000","48,589,800,000",2.022E+11,812 492,B01,3,1,0,2,7,1,0,NULL,2.022E+11,1 097 749,812 492,B01,1,1,4,2,1959,0,8,-1,-1,0,0,-1,2.022E+11,4,PIERRE BROSSOLETTE                  (R ),0,NULL,1,2,0,1,-1,-1,1,NULL,-1,1,0,6,30,
2.022E+11,19,10,2022,10:25:00,1,69,69259,2,6,1,3,Rue Pierre Brossolette,"457,285,500,000","48,589,800,000",2.022E+11,812 492,B01,3,1,0,2,7,1,0,NULL,2.022E+11,1 097 755,812 495,A01,1,1,1,1,1946,0,8,-1,-1,0,0,-1,2.022E+11,4,PIERRE BROSSOLETTE                  (R ),0,NULL,1,2,0,1,-1,-1,1,NULL,-1,1,0,6,30,
2.022E+11,16,11,2022,15:50:00,1,73,73008,2,6,1,3,D1201,"456,935,000,000","58,963,400,000",2.022E+11,812 479,B01,1,1,0,2,8,0,5,NULL,2.022E+11,1 097 723,812 479,B01,1,1,3,1,1955,0,8,0,-1,-1,-1,-1,2.022E+11,3,CHARCOT  BOULEVARD JEAN,0,NULL,2,3,2,1,17,325,3,NULL,-1,1,5,1,50,
2.022E+11,16,11,2022,15:50:00,1,73,73008,2,6,1,3,D1201,"456,935,000,000","58,963,400,000",2.022E+11,812 479,B01,1,1,0,2,8,0,5,NULL,2.022E+11,1 097 724,812 480,A01,1,1,1,1,1941,0,8,0,-1,-1,-1,-1,2.022E+11,3,CHARCOT  BOULEVARD JEAN,0,NULL,2,3,2,1,17,325,3,NULL,-1,1,5,1,50,
2.022E+11,18,10,2022,13:50:00,1,66,66136,2,6,1,3,NULL,"427,050,387,372","28,810,049,593",2.022E+11,812 469,B01,2,1,0,2,7,1,5,NULL,2.022E+11,1 097 712,812 469,B01,1,1,4,1,2004,2,8,0,-1,-1,-1,-1,2.022E+11,4,NULL,0,NULL,3,3,0,1,-1,-1,1,NULL,-1,1,0,1,30,
2.022E+11,18,10,2022,13:50:00,1,66,66136,2,6,1,3,NULL,"427,050,387,372","28,810,049,593",2.022E+11,812 469,B01,2,1,0,2,7,1,5,NULL,2.022E+11,1 097 715,812 472,A01,1,1,1,1,1973,4,1,8,-1,-1,-1,-1,2.022E+11,4,NULL,0,NULL,3,3,0,1,-1,-1,1,NULL,-1,1,0,1,30,
2.022E+11,19,10,2022,17:35:00,1,64,64129,2,1,1,3,Avenue de la Republique,"433,033,100,000"," -0,3953400000",2.022E+11,812 465,A01,1,1,0,2,8,19,5,NULL,2.022E+11,1 097 708,812 465,A01,1,1,4,1,2011,5,8,8,-1,-1,-1,-1,2.022E+11,4,REPUBLIQUE,0,NULL,2,2,0,1,-1,-1,1,NULL,-1,1,0,1,30,
2.022E+11,19,10,2022,17:35:00,1,64,64129,2,1,1,3,Avenue de la Republique,"433,033,100,000"," -0,3953400000",2.022E+11,812 465,A01,1,1,0,2,8,19,5,NULL,2.022E+11,1 097 709,812 466,B01,1,1,1,2,1958,0,1,0,-1,-1,-1,-1,2.022E+11,4,REPUBLIQUE,0,NULL,2,2,0,1,-1,-1,1,NULL,-1,1,0,1,30,
2.022E+11,24,3,2022,15:50:00,1,75,75119,2,3,1,7,AVENUE SIMON BOLIVAR,"488,752,430,000","23,823,120,000",2.022E+11,812 459,A01,1,1,0,0,1,1,5,NULL,2.022E+11,1 097 701,812 459,A01,1,1,4,2,1993,5,0,0,-1,0,0,-1,2.022E+11,4,AVENUE SIMON BOLIVAR,0,NULL,2,2,2,1,-1,-1,1,NULL,-1,1,0,5,30,
2.022E+11,24,3,2022,12:30:00,1,75,75116,2,1,1,3,AVENUE KLEBER,"488,697,800,000","22,922,170,000",2.022E+11,812 452,B01,2,1,0,2,8,11,5,NULL,2.022E+11,1 097 694,812 452,B01,1,1,4,1,1996,1,0,0,-1,0,0,-1,2.022E+11,4,AVENUE KLEBER,0,NULL,2,3,3,1,-1,-1,1,NULL,-1,1,0,1,30,
2.022E+11,24,3,2022,12:30:00,1,75,75116,2,1,1,3,AVENUE KLEBER,"488,697,800,000","22,922,170,000",2.022E+11,812 452,B01,2,1,0,2,8,11,5,NULL,2.022E+11,1 097 697,812 455,A01,1,1,1,1,1968,1,1,0,-1,0,0,-1,2.022E+11,4,AVENUE KLEBER,0,NULL,2,3,3,1,-1,-1,1,NULL,-1,1,0,1,30,
2.022E+11,11,10,2022,15:00:00,1,63,63113,2,4,1,3,RICHEPIN (RUE JEAN),"457,815,000,000","30,884,800,000",2.022E+11,812 450,B01,0,1,0,2,1,19,5,NULL,2.022E+11,1 097 690,812 448,A01,1,1,1,2,1996,0,1,-1,-1,0,0,-1,2.022E+11,4,RICHEPIN (RUE JEAN),0,NULL,2,2,0,1,-1,-1,1,NULL,-1,2,0,1,50,
2.022E+11,11,10,2022,15:00:00,1,63,63113,2,4,1,3,RICHEPIN (RUE JEAN),"457,815,000,000","30,884,800,000",2.022E+11,812 450,B01,0,1,0,2,1,19,5,NULL,2.022E+11,1 097 692,812 450,B01,1,1,4,1,1972,0,2,-1,-1,0,0,-1,2.022E+11,4,RICHEPIN (RUE JEAN),0,NULL,2,2,0,1,-1,-1,1,NULL,-1,2,0,1,50,
2.022E+11,30,11,2022,12:40:00,1,74,74010,1,6,1,3,pk 0 D38,"458,439,340,000","60,577,230,000",2.022E+11,812 424,B01,2,1,0,2,8,26,5,NULL,2.022E+11,1 097 654,812 424,B01,1,1,3,1,1943,5,2,-1,-1,0,0,-1,2.022E+11,3,1201,0,D,1,1,0,1,0,0,2,NULL,-1,1,9,1,50,
2.022E+11,30,11,2022,12:40:00,1,74,74010,1,6,1,3,pk 0 D38,"458,439,340,000","60,577,230,000",2.022E+11,812 424,B01,2,1,0,2,8,26,5,NULL,2.022E+11,1 097 657,812 427,A01,1,1,1,2,1987,9,1,-1,-1,0,0,-1,2.022E+11,3,1201,0,D,1,1,0,1,0,0,2,NULL,-1,1,9,1,50,
2.022E+11,7,9,2022,17:15:00,1,38,38053,2,1,3,1,Avenue Maréchal Leclerc,"455,881,600,000","52,815,000,000",2.022E+11,812 378,B01,3,1,0,2,8,19,5,NULL,2.022E+11,1 097 593,812 376,A01,1,1,1,1,1932,5,1,8,-1,-1,-1,-1,2.022E+11,4,LECLERC (AVENUE DU MARECHAL),0,NULL,3,4,0,1,-1,-1,1,NULL,-1,2,0,1,50,
2.022E+11,7,9,2022,17:15:00,1,38,38053,2,1,3,1,Avenue Maréchal Leclerc,"455,881,600,000","52,815,000,000",2.022E+11,812 378,B01,3,1,0,2,8,19,5,NULL,2.022E+11,1 097 595,812 378,B01,1,1,3,1,1937,5,2,8,-1,-1,-1,-1,2.022E+11,4,LECLERC (AVENUE DU MARECHAL),0,NULL,3,4,0,1,-1,-1,1,NULL,-1,2,0,1,50,
2.022E+11,17,10,2022,19:40:00,5,19,19031,2,2,1,3,NULL,"451,619,800,000","15,310,600,000",2.022E+11,812 361,B01,2,1,0,2,7,1,5,NULL,2.022E+11,1 097 574,812 361,B01,1,1,4,1,1980,1,2,0,-1,-1,-1,-1,2.022E+11,4,DUBOUSQUET LABORDERIE (RUE),0,NULL,1,1,0,1,0,0,1,NULL,-1,1,0,1,30,
2.022E+11,17,10,2022,19:40:00,5,19,19031,2,2,1,3,NULL,"451,619,800,000","15,310,600,000",2.022E+11,812 361,B01,2,1,0,2,7,1,5,NULL,2.022E+11,1 097 577,812 363,A01,1,1,1,1,2001,1,2,6,-1,-1,-1,-1,2.022E+11,4,DUBOUSQUET LABORDERIE (RUE),0,NULL,1,1,0,1,0,0,1,NULL,-1,1,0,1,30,
2.022E+11,21,10,2022,07:59:00,2,29,29147,2,6,3,3,N165,"478,675,599,000","-35,845,930,000",2.022E+11,812 353,B01,1,1,0,2,7,1,5,NULL,2.022E+11,1 097 555,812 351,A01,1,1,1,1,1973,4,1,-1,-1,0,0,-1,2.022E+11,2,783,-1,NULL,1,1,0,1,-1,-1,2,NULL,-1,2,3,1,50,
2.022E+11,21,10,2022,07:59:00,2,29,29147,2,6,3,3,N165,"478,675,599,000","-35,845,930,000",2.022E+11,812 353,B01,1,1,0,2,7,1,5,NULL,2.022E+11,1 097 558,812 353,B01,1,1,4,2,1982,0,2,4,-1,0,0,-1,2.022E+11,2,783,-1,NULL,1,1,0,1,-1,-1,2,NULL,-1,2,3,1,50,
2.022E+11,29,4,2022,16:50:00,1,62,62040,1,2,1,3,D942,"507,183,470,000","23,256,420,000",2.022E+11,812 321,B01,3,1,0,2,7,9,5,NULL,2.022E+11,1 097 507,812 319,A01,1,1,1,1,1971,4,1,-1,-1,-1,-1,-1,2.022E+11,3,ROCADE (DEVIATION D'ARQUES ),0,NULL,3,2,0,1,2,0,1,NULL,-1,1,0,1,70,
2.022E+11,29,4,2022,16:50:00,1,62,62040,1,2,1,3,D942,"507,183,470,000","23,256,420,000",2.022E+11,812 321,B01,3,1,0,2,7,9,5,NULL,2.022E+11,1 097 509,812 321,B01,1,1,3,1,2003,0,8,-1,-1,0,0,-1,2.022E+11,3,ROCADE (DEVIATION D'ARQUES ),0,NULL,3,2,0,1,2,0,1,NULL,-1,1,0,1,70,
2.022E+11,18,12,2022,16:10:00,1,74,74305,2,1,1,3,THOUVENEL (RUE),"462,015,300,000","62,455,400,000",2.022E+11,812 322,B01,1,1,0,0,0,0,5,NULL,2.022E+11,1 097 508,812 320,A01,1,1,1,1,1978,5,1,0,-1,0,0,-1,2.022E+11,4,THOUVENEL (RUE),0,NULL,1,1,0,1,0,1,1,NULL,-1,1,0,1,50,
2.022E+11,18,12,2022,16:10:00,1,74,74305,2,1,1,3,THOUVENEL (RUE),"462,015,300,000","62,455,400,000",2.022E+11,812 322,B01,1,1,0,0,0,0,5,NULL,2.022E+11,1 097 510,812 322,B01,1,1,4,2,2009,5,0,-1,-1,0,0,-1,2.022E+11,4,THOUVENEL (RUE),0,NULL,1,1,0,1,0,1,1,NULL,-1,1,0,1,50,
2.022E+11,5,12,2022,09:00:00,1,74,74010,2,3,8,2,CRAN (AVENUE DE),"459,054,300,000","61,196,300,000",2.022E+11,812 304,B01,2,1,0,2,4,1,5,NULL,2.022E+11,1 097 485,812 303,A01,1,1,1,1,1962,0,1,0,-1,0,0,-1,2.022E+11,4,CRAN (AVENUE DE),0,NULL,2,4,2,1,0,0,1,NULL,-1,2,0,5,30,
2.022E+11,5,12,2022,09:00:00,1,74,74010,2,3,8,2,CRAN (AVENUE DE),"459,054,300,000","61,196,300,000",2.022E+11,812 304,B01,2,1,0,2,4,1,5,NULL,2.022E+11,1 097 486,812 304,B01,1,1,4,2,1955,3,8,0,-1,0,0,-1,2.022E+11,4,CRAN (AVENUE DE),0,NULL,2,4,2,1,0,0,1,NULL,-1,2,0,5,30,
2.022E+11,10,10,2022,12:15:00,1,69,69386,2,3,1,3,Boulevard des Belges,"457,700,700,000","48,569,800,000",2.022E+11,812 271,B01,2,1,0,2,1,1,0,NULL,2.022E+11,1 097 450,812 271,B01,1,1,3,1,1983,0,8,-1,-1,0,0,-1,2.022E+11,4,BELGES (DES)                        (BD),0,NULL,2,2,3,1,-1,-1,1,NULL,-1,1,0,1,50,
2.022E+11,10,10,2022,12:15:00,1,69,69386,2,3,1,3,Boulevard des Belges,"457,700,700,000","48,569,800,000",2.022E+11,812 271,B01,2,1,0,2,1,1,0,NULL,2.022E+11,1 097 452,812 273,A01,1,1,1,1,1966,0,1,-1,-1,0,0,-1,2.022E+11,4,BELGES (DES)                        (BD),0,NULL,2,2,3,1,-1,-1,1,NULL,-1,1,0,1,50,
2.022E+11,18,9,2022,14:24:00,1,67,67306,1,1,1,5,D191,"485,158,460,000","72,937,260,000",2.022E+11,812 187,B01,3,1,3,2,0,25,5,NULL,2.022E+11,1 097 341,812 186,A01,1,1,1,1,1991,9,1,-1,-1,0,0,-1,2.022E+11,3,191,0,D,2,2,0,2,0,900,3,NULL,-1,1,0,4,80,
2.022E+11,18,9,2022,14:24:00,1,67,67306,1,1,1,5,D191,"485,158,460,000","72,937,260,000",2.022E+11,812 188,C01,3,1,3,2,0,25,5,NULL,2.022E+11,1 097 341,812 186,A01,1,1,1,1,1991,9,1,-1,-1,0,0,-1,2.022E+11,3,191,0,D,2,2,0,2,0,900,3,NULL,-1,1,0,4,80,
2.022E+11,18,9,2022,14:24:00,1,67,67306,1,1,1,5,D191,"485,158,460,000","72,937,260,000",2.022E+11,812 187,B01,3,1,3,2,0,25,5,NULL,2.022E+11,1 097 342,812 187,B01,1,1,4,2,1980,5,2,-1,-1,0,0,-1,2.022E+11,3,191,0,D,2,2,0,2,0,900,3,NULL,-1,1,0,4,80,
2.022E+11,18,9,2022,14:24:00,1,67,67306,1,1,1,5,D191,"485,158,460,000","72,937,260,000",2.022E+11,812 188,C01,3,1,3,2,0,25,5,NULL,2.022E+11,1 097 342,812 187,B01,1,1,4,2,1980,5,2,-1,-1,0,0,-1,2.022E+11,3,191,0,D,2,2,0,2,0,900,3,NULL,-1,1,0,4,80,
2.022E+11,18,9,2022,14:24:00,1,67,67306,1,1,1,5,D191,"485,158,460,000","72,937,260,000",2.022E+11,812 187,B01,3,1,3,2,0,25,5,NULL,2.022E+11,1 097 343,812 188,C01,1,1,3,2,2010,5,2,-1,-1,0,0,-1,2.022E+11,3,191,0,D,2,2,0,2,0,900,3,NULL,-1,1,0,4,80,
2.022E+11,18,9,2022,14:24:00,1,67,67306,1,1,1,5,D191,"485,158,460,000","72,937,260,000",2.022E+11,812 188,C01,3,1,3,2,0,25,5,NULL,2.022E+11,1 097 343,812 188,C01,1,1,3,2,2010,5,2,-1,-1,0,0,-1,2.022E+11,3,191,0,D,2,2,0,2,0,900,3,NULL,-1,1,0,4,80,
2.022E+11,18,9,2022,11:30:00,1,3,3084,1,1,1,3,Route du Montet,"464,777,980,000","28,526,900,000",2.022E+11,812 156,B01,2,1,0,2,8,0,5,NULL,2.022E+11,1 097 306,812 156,B01,1,1,3,1,1946,5,9,-1,-1,0,0,-1,2.022E+11,3,RD 22,-1,NULL,2,2,0,1,35,500,1,NULL,-1,1,0,1,90,
2.022E+11,18,9,2022,11:30:00,1,3,3084,1,1,1,3,Route du Montet,"464,777,980,000","28,526,900,000",2.022E+11,812 156,B01,2,1,0,2,8,0,5,NULL,2.022E+11,1 097 307,812 157,A01,1,1,1,1,1941,5,1,-1,-1,0,0,-1,2.022E+11,3,RD 22,-1,NULL,2,2,0,1,35,500,1,NULL,-1,1,0,1,90,
2.022E+11,19,9,2022,19:00:00,1,60,60667,2,1,1,7,Rue des Moulins,"493,108,860,000","27,366,850,000",2.022E+11,812 151,A01,3,1,0,0,0,0,5,NULL,2.022E+11,1 097 297,812 151,A01,1,1,4,1,1983,5,2,-1,-1,0,0,-1,2.022E+11,4,NULL,-1,NULL,2,2,0,1,-1,-1,1,NULL,5,1,0,1,50,
2.022E+11,17,9,2022,13:00:00,1,67,67237,2,6,1,3,Giratoire D468 / Rue du Lieutenant de Bettignies,"486,758,940,000","78,458,800,000",2.022E+11,812 108,B01,1,1,0,2,7,26,5,NULL,2.022E+11,1 097 240,812 108,B01,1,1,4,2,1974,5,2,-1,-1,0,0,-1,2.022E+11,3,468,0,D,1,2,0,1,100,500,2,NULL,-1,1,5,1,50,
2.022E+11,17,9,2022,13:00:00,1,67,67237,2,6,1,3,Giratoire D468 / Rue du Lieutenant de Bettignies,"486,758,940,000","78,458,800,000",2.022E+11,812 108,B01,1,1,0,2,7,26,5,NULL,2.022E+11,1 097 241,812 109,A01,1,1,1,2,1967,1,1,-1,-1,0,0,-1,2.022E+11,3,468,0,D,1,2,0,1,100,500,2,NULL,-1,1,5,1,50,
2.022E+11,17,9,2022,12:45:00,1,64,64445,2,3,1,3,avenue Dufau,"433,046,400,000"," -0,3681900000",2.022E+11,812 029,B01,1,1,0,2,7,1,5,NULL,2.022E+11,1 097 126,812 029,B01,1,1,4,2,1991,5,2,0,-1,-1,-1,-1,2.022E+11,4,DUFAU,0,NULL,1,3,3,1,0,0,1,NULL,-1,1,0,1,50,
2.022E+11,17,9,2022,12:45:00,1,64,64445,2,3,1,3,avenue Dufau,"433,046,400,000"," -0,3681900000",2.022E+11,812 029,B01,1,1,0,2,7,1,5,NULL,2.022E+11,1 097 127,812 030,A01,1,1,1,1,1997,4,1,8,-1,-1,-1,-1,2.022E+11,4,DUFAU,0,NULL,1,3,3,1,0,0,1,NULL,-1,1,0,1,50,
2.022E+11,17,9,2022,15:00:00,1,29,29019,2,6,1,3,9 rue Sébastopol,"484,002,546,192","-44,690,741,301",2.022E+11,812 011,A01,1,1,0,2,2,9,5,NULL,2.022E+11,1 097 102,812 011,A01,1,1,4,1,2002,5,2,0,-1,-1,-1,-1,2.022E+11,4,SEBASTOPOL,0,NULL,1,2,0,1,-1,-1,1,NULL,-1,1,5,1,50,
2.022E+11,17,9,2022,15:00:00,1,29,29019,2,6,1,3,9 rue Sébastopol,"484,002,546,192","-44,690,741,301",2.022E+11,812 011,A01,1,1,0,2,2,9,5,NULL,2.022E+11,1 097 103,812 012,B01,1,1,1,2,1973,4,1,-1,-1,-1,-1,-1,2.022E+11,4,SEBASTOPOL,0,NULL,1,2,0,1,-1,-1,1,NULL,-1,1,5,1,50,
2.022E+11,17,9,2022,18:40:00,1,75,75116,2,4,1,2,AVENUE DE LA PORTE DE SAINT CLOUD,"488,385,927,303","22,523,018,718",2.022E+11,811 982,A01,1,1,0,2,1,19,5,NULL,2.022E+11,1 097 064,811 982,A01,1,1,4,1,1997,5,8,0,-1,0,0,-1,2.022E+11,4,AVENUE DE LA PORTE DE SAINT CLOUD,0,NULL,2,2,1,1,-1,-1,1,NULL,-1,1,0,1,30,
2.022E+11,17,9,2022,18:40:00,1,75,75116,2,4,1,2,AVENUE DE LA PORTE DE SAINT CLOUD,"488,385,927,303","22,523,018,718",2.022E+11,811 982,A01,1,1,0,2,1,19,5,NULL,2.022E+11,1 097 065,811 983,B01,1,1,1,2,1959,5,1,0,-1,0,0,-1,2.022E+11,4,AVENUE DE LA PORTE DE SAINT CLOUD,0,NULL,2,2,1,1,-1,-1,1,NULL,-1,1,0,1,30,
2.022E+11,17,9,2022,15:40:00,1,93,93051,2,1,1,1,Rue Pierre Brossolette,"488,484,584,888","25,502,522,934",2.022E+11,811 898,A01,2,1,0,2,1,0,5,NULL,2.022E+11,1 096 956,811 897,B01,1,1,1,2,1953,5,1,0,-1,0,0,-1,2.022E+11,4,PIERRE BROSSOLETTE,0,NULL,1,1,0,1,0,0,1,NULL,-1,1,0,1,30,
2.022E+11,17,9,2022,15:40:00,1,93,93051,2,1,1,1,Rue Pierre Brossolette,"488,484,584,888","25,502,522,934",2.022E+11,811 898,A01,2,1,0,2,1,0,5,NULL,2.022E+11,1 096 957,811 898,A01,1,1,4,1,2009,5,2,8,-1,0,0,-1,2.022E+11,4,PIERRE BROSSOLETTE,0,NULL,1,1,0,1,0,0,1,NULL,-1,1,0,1,30,
2.022E+11,4,7,2022,19:59:00,1,49,49007,2,8,1,7,DESPORTES,"474,625,863,605"," -0,5550026894",2.022E+11,811 861,A01,2,1,14,0,0,1,5,NULL,2.022E+11,1 096 912,811 861,A01,1,1,3,1,1960,0,8,0,-1,0,0,-1,2.022E+11,4,DESPORTES,0,NULL,1,1,0,1,-1,-1,1,NULL,-1,1,4,1,30,
2.022E+11,6,5,2022,17:00:00,1,35,35051,2,6,1,3,RENNES (RUE DE),"481,140,330,059","-16,203,244,776",2.022E+11,811 847,B01,0,1,0,2,1,16,5,NULL,2.022E+11,1 096 894,811 847,B01,1,1,4,2,1953,9,2,0,-1,-1,-1,-1,2.022E+11,4,RENNES (RUE DE),0,NULL,3,2,3,1,-1,-1,2,NULL,-1,1,0,5,30,