Accident_Id,jour,mois,an,hrmn,lum,dep,com,agg,int,atm,col,adr,lat,long,Num_Acc,id_vehicule,num_veh,senc,catv,obs,obsm,choc,manv,motor,occutc,Num_Acc,id_usager,id_vehicule,num_veh,place,catu,grav,sexe,an_nais,trajet,secu1,secu2,secu3,locp,actp,etatp,Num_Acc,catr,voie,v1,v2,circ,nbv,vosp,prof,pr,pr1,plan,lartpc,larrout,surf,infra,situ,vma,
2.022E+11,17,5,2022,19:36:00,1,91,91645,2,6,7,3,VALLEE DE LA BIEVRES (VOIE DE LA),"487,360,800,000","22,383,300,000",2.022E+11,808 203,B01,1,1,0,2,7,1,5,NULL,2.022E+11,1 092 027,808 205,A01,1,1,1,-1,NULL,-1,-1,-1,-1,-1,-1,-1,2.022E+11,3,VALLEE DE LA BIEVRES (VOIE DE LA),0,NULL,1,1,2,1,0,0,3,NULL,-1,1,0,5,30,
2.022E+11,22,3,2022,09:45:00,1,85,85018,2,1,1,7,Rue Henri Geoffroy,"469,114,130,000","-20,359,790,000",2.022E+11,808 124,A01,1,1,0,0,2,20,5,NULL,2.022E+11,1 091 917,808 124,A01,1,1,2,1,1971,0,0,-1,-1,0,0,-1,2.022E+11,3,NULL,-1,D,2,2,0,1,87,949,1,NULL,-1,1,0,4,50,
2.022E+11,2,5,2022,13:18:00,1,75,75105,2,2,1,6,RUE SAINT JACQUES,"488,421,090,000","23,413,010,000",2.022E+11,808 069,A01,2,1,0,1,1,1,5,NULL,2.022E+11,1 091 834,808 069,A01,10,3,4,2,1957,5,0,-1,-1,2,3,1,2.022E+11,4,RUE SAINT JACQUES,0,NULL,2,2,0,1,-1,-1,1,NULL,-1,1,0,1,30,
2.022E+11,2,5,2022,13:18:00,1,75,75105,2,2,1,6,RUE SAINT JACQUES,"488,421,090,000","23,413,010,000",2.022E+11,808 069,A01,2,1,0,1,1,1,5,NULL,2.022E+11,1 091 836,808 069,A01,1,1,1,1,2002,9,2,0,-1,0,0,-1,2.022E+11,4,RUE SAINT JACQUES,0,NULL,2,2,0,1,-1,-1,1,NULL,-1,1,0,1,30,
2.022E+11,2,5,2022,14:10:00,1,75,75111,2,3,1,3,BOULEVARD VOLTAIRE,"488,606,850,000","23,752,990,000",2.022E+11,808 048,A01,2,1,0,2,1,1,5,NULL,2.022E+11,1 091 808,808 048,A01,1,1,1,1,1994,9,2,0,-1,0,0,-1,2.022E+11,4,BOULEVARD VOLTAIRE,0,NULL,2,4,1,1,-1,-1,1,NULL,-1,1,-1,5,30,
2.022E+11,2,5,2022,14:10:00,1,75,75111,2,3,1,3,BOULEVARD VOLTAIRE,"488,606,850,000","23,752,990,000",2.022E+11,808 048,A01,2,1,0,2,1,1,5,NULL,2.022E+11,1 091 811,808 051,B01,1,1,4,1,1983,9,2,6,-1,0,0,-1,2.022E+11,4,BOULEVARD VOLTAIRE,0,NULL,2,4,1,1,-1,-1,1,NULL,-1,1,-1,5,30,
2.022E+11,25,11,2022,10:10:00,1,56,56061,2,1,1,3,6 rue de la liberté,"477,668,630,000","-21,373,504,400",2.022E+11,807 935,B01,1,1,0,2,8,2,5,NULL,2.022E+11,1 091 660,807 935,B01,1,1,3,1,1942,3,0,-1,-1,0,0,-1,2.022E+11,3,8,0,D,2,2,0,2,47,1,1,NULL,-1,2,0,1,50,
2.022E+11,25,11,2022,10:10:00,1,56,56061,2,1,1,3,6 rue de la liberté,"477,668,630,000","-21,373,504,400",2.022E+11,807 935,B01,1,1,0,2,8,2,5,NULL,2.022E+11,1 091 662,807 937,A01,1,1,1,1,1942,3,8,-1,-1,0,0,-1,2.022E+11,3,8,0,D,2,2,0,2,47,1,1,NULL,-1,2,0,1,50,
2.022E+11,22,3,2022,14:59:00,1,51,51454,2,6,1,3,Rond-Point de l'Ordre National du Mérite,"492,422,075,601","40,245,848,894",2.022E+11,807 738,B01,3,1,0,2,8,9,5,NULL,2.022E+11,1 091 401,807 736,A01,1,1,1,1,1934,0,1,-1,-1,-1,-1,-1,2.022E+11,4,COURLANCY (RUE DE),0,NULL,1,3,2,1,-1,-1,1,NULL,-1,1,5,1,50,
2.022E+11,22,3,2022,14:59:00,1,51,51454,2,6,1,3,Rond-Point de l'Ordre National du Mérite,"492,422,075,601","40,245,848,894",2.022E+11,807 738,B01,3,1,0,2,8,9,5,NULL,2.022E+11,1 091 404,807 738,B01,1,1,4,1,1993,0,8,-1,-1,-1,-1,-1,2.022E+11,4,COURLANCY (RUE DE),0,NULL,1,3,2,1,-1,-1,1,NULL,-1,1,5,1,50,
2.022E+11,8,8,2022,18:10:00,1,61,61169,2,1,1,7,NULL,"487,528,300,000"," -0,5347000000",2.022E+11,807 566,A01,1,1,0,0,3,1,5,NULL,2.022E+11,1 091 174,807 566,A01,1,1,3,1,1970,-1,8,-1,-1,-1,-1,-1,2.022E+11,3,NULL,-1,NULL,2,-1,-1,1,42,430,1,NULL,-1,1,0,1,-1,
2.022E+11,10,11,2022,07:00:00,2,74,74010,2,1,5,6,AVENUE HENRI ZANAROLI,"458,866,030,000","61,017,040,000",2.022E+11,807 554,A01,0,1,0,9,1,0,5,NULL,2.022E+11,1 091 157,807 554,A01,1,1,4,1,1988,0,8,-1,-1,0,0,-1,2.022E+11,4,NULL,-1,NULL,1,2,2,1,-1,-1,1,NULL,-1,1,9,5,-1,
2.022E+11,3,12,2022,19:35:00,3,33,33229,2,1,2,6,Cassy,"447,145,100,000","-10,439,800,000",2.022E+11,807 266,A01,1,1,10,0,1,1,5,NULL,2.022E+11,1 090 770,807 266,A01,1,1,2,1,1980,5,0,-1,-1,0,0,-1,2.022E+11,3,RD802,-1,NULL,2,2,1,1,10,530,1,NULL,-1,2,2,5,50,
2.022E+11,2,6,2022,16:25:00,1,35,35238,2,1,1,6,DUPONT DES LOGES,"481,080,102,777","-16,668,312,997",2.022E+11,807 199,B01,2,1,1,0,1,1,5,NULL,2.022E+11,1 090 677,807 199,B01,1,1,4,1,1962,0,8,-1,-1,-1,-1,-1,2.022E+11,4,DUPONT DES LOGES,0,NULL,1,1,2,1,-1,-1,1,NULL,-1,1,0,1,30,
2.022E+11,2,6,2022,16:25:00,1,35,35238,2,1,1,6,DUPONT DES LOGES,"481,080,102,777","-16,668,312,997",2.022E+11,807 199,B01,2,1,1,0,1,1,5,NULL,2.022E+11,1 090 678,807 201,A01,1,1,1,2,1978,5,8,-1,-1,-1,-1,-1,2.022E+11,4,DUPONT DES LOGES,0,NULL,1,1,2,1,-1,-1,1,NULL,-1,1,0,1,30,
2.022E+11,22,3,2022,08:50:00,1,75,75111,2,3,1,2,RUE DE CHARONNE,"488,538,190,000","23,815,730,000",2.022E+11,807 193,A01,2,1,0,2,6,2,5,NULL,2.022E+11,1 090 666,807 191,B01,1,1,1,1,1980,1,1,0,-1,0,0,-1,2.022E+11,4,RUE DE CHARONNE,0,NULL,2,2,0,1,-1,-1,1,NULL,-1,1,0,1,30,
2.022E+11,22,3,2022,08:50:00,1,75,75111,2,3,1,2,RUE DE CHARONNE,"488,538,190,000","23,815,730,000",2.022E+11,807 193,A01,2,1,0,2,6,2,5,NULL,2.022E+11,1 090 668,807 193,A01,1,1,4,1,1993,9,2,0,-1,0,0,-1,2.022E+11,4,RUE DE CHARONNE,0,NULL,2,2,0,1,-1,-1,1,NULL,-1,1,0,1,30,
2.022E+11,29,4,2022,13:20:00,1,29,29232,2,6,1,3,Rue du Cosquer,"480,012,610,000","-41,109,350,000",2.022E+11,807 158,B01,3,1,0,2,3,25,5,NULL,2.022E+11,1 090 620,807 158,B01,1,1,4,1,2015,5,8,-1,-1,-1,-1,-1,2.022E+11,4,COSQUER RUE DU,0,NULL,2,2,0,1,-1,-1,1,NULL,-1,1,5,1,50,
2.022E+11,29,4,2022,13:20:00,1,29,29232,2,6,1,3,Rue du Cosquer,"480,012,610,000","-41,109,350,000",2.022E+11,807 158,B01,3,1,0,2,3,25,5,NULL,2.022E+11,1 090 624,807 162,A01,1,1,1,2,1965,0,1,-1,-1,-1,-1,-1,2.022E+11,4,COSQUER RUE DU,0,NULL,2,2,0,1,-1,-1,1,NULL,-1,1,5,1,50,
2.022E+11,23,3,2022,08:00:00,1,22,22097,1,2,1,3,La Tombe,"484,300,230,000","-21,784,200,000",2.022E+11,807 019,B01,2,1,0,2,1,1,5,NULL,2.022E+11,1 090 435,807 019,B01,1,1,3,1,1958,5,2,-1,-1,0,0,-1,2.022E+11,3,D 776,-1,NULL,2,2,0,1,-1,-1,1,NULL,-1,1,0,1,50,
2.022E+11,23,3,2022,08:00:00,1,22,22097,1,2,1,3,La Tombe,"484,300,230,000","-21,784,200,000",2.022E+11,807 019,B01,2,1,0,2,1,1,5,NULL,2.022E+11,1 090 439,807 021,A01,1,1,1,1,1980,1,1,-1,-1,0,0,-1,2.022E+11,3,D 776,-1,NULL,2,2,0,1,-1,-1,1,NULL,-1,1,0,1,50,
2.022E+11,1,5,2022,04:00:00,5,75,75103,2,4,1,3,RUE DE TURBIGO,"488,668,410,000","23,619,160,000",2.022E+11,807 012,A01,1,1,0,2,8,1,5,NULL,2.022E+11,1 090 426,807 012,A01,1,1,4,1,1986,9,2,0,-1,0,0,-1,2.022E+11,4,RUE DE TURBIGO,0,NULL,2,2,1,1,-1,-1,1,NULL,-1,1,-1,5,30,
2.022E+11,1,5,2022,04:00:00,5,75,75103,2,4,1,3,RUE DE TURBIGO,"488,668,410,000","23,619,160,000",2.022E+11,807 012,A01,1,1,0,2,8,1,5,NULL,2.022E+11,1 090 432,807 018,Z01,1,1,1,-1,NULL,-1,-1,-1,-1,0,0,-1,2.022E+11,4,RUE DE TURBIGO,0,NULL,2,2,1,1,-1,-1,1,NULL,-1,1,-1,5,30,
2.022E+11,12,10,2022,16:45:00,1,22,22249,1,2,1,3,Ty Person,"484,613,260,000","-32,682,500,000",2.022E+11,806 679,A01,1,1,0,0,7,1,6,NULL,2.022E+11,1 089 936,806 679,A01,1,1,3,1,1955,5,2,-1,-1,0,0,-1,2.022E+11,3,D24,0,D,2,2,0,1,1,1450,1,NULL,-1,1,0,1,80,
2.022E+11,12,10,2022,16:45:00,1,22,22249,1,2,1,3,Ty Person,"484,613,260,000","-32,682,500,000",2.022E+11,806 679,A01,1,1,0,0,7,1,6,NULL,2.022E+11,1 089 937,806 680,B01,1,1,1,2,1952,5,1,-1,-1,0,0,-1,2.022E+11,3,D24,0,D,2,2,0,1,1,1450,1,NULL,-1,1,0,1,80,
2.022E+11,19,10,2022,18:30:00,1,85,85160,2,1,1,7,RD36 ,"465,921,990,000","-14,043,510,000",2.022E+11,806 648,A01,1,1,0,0,7,0,5,NULL,2.022E+11,1 089 901,806 648,A01,1,1,3,1,1954,3,0,-1,-1,0,0,-1,2.022E+11,3,NULL,-1,NULL,2,2,0,4,30,254,3,NULL,-1,1,0,1,50,
2.022E+11,15,9,2022,08:45:00,1,60,60057,2,1,1,3,Av du Pdt J Fitzgerald Kennedy,"494,298,230,000","20,935,370,000",2.022E+11,806 345,B01,3,1,0,2,8,19,5,NULL,2.022E+11,1 089 512,806 345,B01,1,1,4,2,1971,1,2,4,-1,-1,-1,-1,2.022E+11,4,JOHN F. KENNEDY (AV)-RUE DU PARC NON IN,0,NULL,2,2,2,1,-1,-1,3,NULL,-1,1,0,5,50,
2.022E+11,15,9,2022,08:45:00,1,60,60057,2,1,1,3,Av du Pdt J Fitzgerald Kennedy,"494,298,230,000","20,935,370,000",2.022E+11,806 345,B01,3,1,0,2,8,19,5,NULL,2.022E+11,1 089 513,806 346,A01,1,1,1,1,1959,3,1,0,-1,0,0,-1,2.022E+11,4,JOHN F. KENNEDY (AV)-RUE DU PARC NON IN,0,NULL,2,2,2,1,-1,-1,3,NULL,-1,1,0,5,50,
2.022E+11,17,10,2022,12:30:00,1,51,51454,2,2,1,3,rue de Courlancy,"492,456,300,000","40,177,800,000",2.022E+11,806 259,A01,3,1,0,0,0,0,5,NULL,2.022E+11,1 089 410,806 259,A01,1,1,4,1,1986,0,8,-1,-1,-1,-1,-1,2.022E+11,4,COURLANCY (RUE DE),0,NULL,2,2,0,1,-1,-1,1,NULL,-1,1,0,1,50,
2.022E+11,17,10,2022,12:30:00,1,51,51454,2,2,1,3,rue de Courlancy,"492,456,300,000","40,177,800,000",2.022E+11,806 259,A01,3,1,0,0,0,0,5,NULL,2.022E+11,1 089 412,806 262,Z01,1,1,-1,-1,NULL,-1,-1,-1,-1,-1,-1,-1,2.022E+11,4,COURLANCY (RUE DE),0,NULL,2,2,0,1,-1,-1,1,NULL,-1,1,0,1,50,
2.022E+11,15,9,2022,20:15:00,5,75,75112,2,2,1,3,AVENUE DE LA PORTE DE VINCENNES,"488,466,840,000","24,138,220,000",2.022E+11,806 170,B01,3,1,0,2,8,12,5,NULL,2.022E+11,1 089 296,806 170,B01,1,1,4,1,1980,5,8,0,-1,0,0,-1,2.022E+11,4,AVENUE DE LA PORTE DE VINCENNES,0,NULL,-1,3,0,1,-1,-1,3,NULL,-1,1,0,1,30,
2.022E+11,15,9,2022,20:15:00,5,75,75112,2,2,1,3,AVENUE DE LA PORTE DE VINCENNES,"488,466,840,000","24,138,220,000",2.022E+11,806 170,B01,3,1,0,2,8,12,5,NULL,2.022E+11,1 089 298,806 172,A01,1,1,1,1,1975,1,2,6,-1,0,0,-1,2.022E+11,4,AVENUE DE LA PORTE DE VINCENNES,0,NULL,-1,3,0,1,-1,-1,3,NULL,-1,1,0,1,30,
2.022E+11,16,10,2022,11:50:00,1,33,33167,2,2,1,2,Rue Jules Guesde,"448,301,800,000"," -0,5272300000",2.022E+11,806 115,A01,2,1,0,2,1,2,5,NULL,2.022E+11,1 089 227,806 115,A01,2,1,4,1,1988,5,2,-1,-1,-1,-1,-1,2.022E+11,4,RUE JULES GUESDE,0,NULL,2,2,0,2,-1,-1,1,NULL,-1,1,0,1,30,
2.022E+11,16,10,2022,11:50:00,1,33,33167,2,2,1,2,Rue Jules Guesde,"448,301,800,000"," -0,5272300000",2.022E+11,806 115,A01,2,1,0,2,1,2,5,NULL,2.022E+11,1 089 229,806 117,B01,1,1,1,1,1943,0,1,-1,-1,-1,-1,-1,2.022E+11,4,RUE JULES GUESDE,0,NULL,2,2,0,2,-1,-1,1,NULL,-1,1,0,1,30,
2.022E+11,16,10,2022,08:45:00,1,33,33192,2,1,1,2,Cours du Général de Gaulle,"447,775,500,000"," -0,6104200000",2.022E+11,806 109,B01,2,1,0,2,6,1,5,NULL,2.022E+11,1 089 219,806 109,B01,1,1,2,1,1954,0,0,-1,-1,-1,-1,-1,2.022E+11,4,CRS DU GENERAL DE GAULLE,0,NULL,2,2,2,1,-1,-1,1,NULL,-1,1,0,1,50,
2.022E+11,16,10,2022,08:45:00,1,33,33192,2,1,1,2,Cours du Général de Gaulle,"447,775,500,000"," -0,6104200000",2.022E+11,806 109,B01,2,1,0,2,6,1,5,NULL,2.022E+11,1 089 222,806 111,A01,1,1,1,1,1936,5,1,-1,-1,-1,-1,-1,2.022E+11,4,CRS DU GENERAL DE GAULLE,0,NULL,2,2,2,1,-1,-1,1,NULL,-1,1,0,1,50,
2.022E+11,15,9,2022,16:10:00,1,41,41045,2,1,1,6,Rue du Village Neuf,"474,780,000,000","11,900,100,000",2.022E+11,806 091,A01,2,1,1,0,2,1,5,NULL,2.022E+11,1 089 197,806 091,A01,1,1,3,1,1949,5,2,6,-1,0,0,-1,2.022E+11,3,114,0,NULL,2,2,0,2,0,500,2,NULL,-1,1,0,4,50,
2.022E+11,27,6,2022,19:30:00,2,45,45006,1,1,1,3,D15 PK 5 + 525,"478,231,970,000","18,594,670,000",2.022E+11,806 016,B01,2,1,0,2,8,1,5,NULL,2.022E+11,1 089 096,806 015,A01,1,1,1,1,1981,1,8,-1,-1,0,0,-1,2.022E+11,3,15,-1,NULL,2,2,0,1,5,525,1,NULL,-1,1,0,1,80,
2.022E+11,27,6,2022,19:30:00,2,45,45006,1,1,1,3,D15 PK 5 + 525,"478,231,970,000","18,594,670,000",2.022E+11,806 016,B01,2,1,0,2,8,1,5,NULL,2.022E+11,1 089 097,806 016,B01,1,1,3,1,1996,5,8,-1,-1,0,0,-1,2.022E+11,3,15,-1,NULL,2,2,0,1,5,525,1,NULL,-1,1,0,1,80,
2.022E+11,3,7,2022,20:50:00,1,93,93078,2,2,1,3,Avenue Georges Clémenceau / Avenue Charles de Gaulle,"489,582,900,000","25,585,100,000",2.022E+11,805 860,B01,3,1,0,2,6,19,5,NULL,2.022E+11,1 088 893,805 860,B01,1,1,4,1,2008,0,8,0,-1,0,0,-1,2.022E+11,3,CLEMENCEAU (AVENUE GEORGES),0,NULL,3,4,0,1,0,1,1,NULL,-1,1,5,1,50,
2.022E+11,3,7,2022,20:50:00,1,93,93078,2,2,1,3,Avenue Georges Clémenceau / Avenue Charles de Gaulle,"489,582,900,000","25,585,100,000",2.022E+11,805 860,B01,3,1,0,2,6,19,5,NULL,2.022E+11,1 088 894,805 861,A01,1,1,1,1,1990,0,1,0,-1,0,0,-1,2.022E+11,3,CLEMENCEAU (AVENUE GEORGES),0,NULL,3,4,0,1,0,1,1,NULL,-1,1,5,1,50,
2.022E+11,1,7,2022,12:34:00,1,64,64147,2,1,1,7,LE BOURG,"434,596,330,000","-13,299,620,000",2.022E+11,805 790,A01,1,1,0,0,0,1,5,NULL,2.022E+11,1 088 794,805 790,A01,1,1,2,1,1953,5,2,-1,-1,0,0,-1,2.022E+11,3,936,0,NULL,-1,2,0,1,-1,-1,1,NULL,-1,1,0,1,50,
2.022E+11,5,8,2022,07:30:00,1,64,64284,2,1,1,3,rue de l'artisanat,"432,927,000,000"," -0,4041200000",2.022E+11,805 689,B01,2,1,0,2,3,0,5,NULL,2.022E+11,1 088 663,805 688,A01,1,1,1,1,1970,1,1,0,-1,-1,-1,-1,2.022E+11,4,18 JUIN 1940 DU,0,NULL,2,2,0,1,0,0,1,NULL,-1,1,0,1,50,
2.022E+11,5,8,2022,07:30:00,1,64,64284,2,1,1,3,rue de l'artisanat,"432,927,000,000"," -0,4041200000",2.022E+11,805 689,B01,2,1,0,2,3,0,5,NULL,2.022E+11,1 088 664,805 689,B01,1,1,4,1,1949,0,2,0,-1,-1,-1,-1,2.022E+11,4,18 JUIN 1940 DU,0,NULL,2,2,0,1,0,0,1,NULL,-1,1,0,1,50,
2.022E+11,4,8,2022,08:44:00,1,10,10333,2,6,1,3,CHARLES BALTET (RUE),"482,821,000,000","40,599,000,000",2.022E+11,805 633,B01,3,1,0,2,3,1,5,NULL,2.022E+11,1 088 594,805 633,B01,1,1,4,1,1940,9,8,0,-1,0,0,-1,2.022E+11,4,CHARLES BALTET (RUE),0,NULL,2,2,1,1,0,0,1,NULL,-1,1,0,1,50,
2.022E+11,4,8,2022,08:44:00,1,10,10333,2,6,1,3,CHARLES BALTET (RUE),"482,821,000,000","40,599,000,000",2.022E+11,805 633,B01,3,1,0,2,3,1,5,NULL,2.022E+11,1 088 595,805 634,A01,1,1,1,2,1940,9,1,0,-1,0,0,-1,2.022E+11,4,CHARLES BALTET (RUE),0,NULL,2,2,1,1,0,0,1,NULL,-1,1,0,1,50,
2.022E+11,12,2,2022,16:50:00,1,94,94076,2,2,1,6,Rue Eugène Varlin,"487,936,600,000","23,632,300,000",2.022E+11,805 334,B01,1,1,0,2,7,1,5,NULL,2.022E+11,1 088 175,805 334,B01,1,1,4,2,2008,5,0,-1,-1,0,0,-1,2.022E+11,4,EUGENE VARLIN (R),0,NULL,1,1,0,1,0,0,1,NULL,-1,1,0,1,30,
2.022E+11,12,2,2022,16:50:00,1,94,94076,2,2,1,6,Rue Eugène Varlin,"487,936,600,000","23,632,300,000",2.022E+11,805 334,B01,1,1,0,2,7,1,5,NULL,2.022E+11,1 088 178,805 336,A01,1,1,1,-1,NULL,0,8,0,-1,-1,-1,-1,2.022E+11,4,EUGENE VARLIN (R),0,NULL,1,1,0,1,0,0,1,NULL,-1,1,0,1,30,
2.022E+11,12,2,2022,13:40:00,1,92,92063,2,1,1,3,MICHELET (RUE),"488,844,678,103","21,750,775,874",2.022E+11,805 259,B01,2,1,0,2,8,5,5,NULL,2.022E+11,1 088 076,805 258,A01,1,1,1,1,1965,0,1,0,-1,-1,-1,-1,2.022E+11,4,NULL,0,NULL,1,1,1,1,-1,-1,1,NULL,-1,1,0,1,50,
2.022E+11,12,2,2022,13:40:00,1,92,92063,2,1,1,3,MICHELET (RUE),"488,844,678,103","21,750,775,874",2.022E+11,805 259,B01,2,1,0,2,8,5,5,NULL,2.022E+11,1 088 077,805 259,B01,1,1,3,2,1967,0,2,8,-1,-1,-1,-1,2.022E+11,4,NULL,0,NULL,1,1,1,1,-1,-1,1,NULL,-1,1,0,1,50,
2.022E+11,3,8,2022,08:00:00,1,974,97407,2,1,1,3,BOUVET (AVENUE),"-209,524,000,000","552,951,000,000",2.022E+11,805 256,A01,3,1,0,2,1,26,5,NULL,2.022E+11,1 088 073,805 255,B01,1,1,1,2,1976,9,1,8,-1,0,0,-1,2.022E+11,4,BOUVET (AVENUE),0,NULL,1,2,0,1,0,0,1,NULL,-1,1,9,1,50,
2.022E+11,3,8,2022,08:00:00,1,974,97407,2,1,1,3,BOUVET (AVENUE),"-209,524,000,000","552,951,000,000",2.022E+11,805 256,A01,3,1,0,2,1,26,5,NULL,2.022E+11,1 088 074,805 256,A01,1,1,4,1,1963,0,2,8,-1,0,0,-1,2.022E+11,4,BOUVET (AVENUE),0,NULL,1,2,0,1,0,0,1,NULL,-1,1,9,1,50,
2.022E+11,3,8,2022,20:15:00,1,67,67267,2,1,1,1,Rue du Lac,"485,692,600,000","76,982,200,000",2.022E+11,805 165,B01,2,1,0,2,1,13,5,NULL,2.022E+11,1 087 948,805 163,A01,1,1,1,1,2000,0,1,8,-1,-1,-1,-1,2.022E+11,4,ROETHIG (RUE DU),0,NULL,2,2,0,1,-1,-1,2,NULL,-1,1,0,1,50,
2.022E+11,3,8,2022,20:15:00,1,67,67267,2,1,1,1,Rue du Lac,"485,692,600,000","76,982,200,000",2.022E+11,805 165,B01,2,1,0,2,1,13,5,NULL,2.022E+11,1 087 950,805 165,B01,1,1,4,2,1947,0,2,8,-1,-1,-1,-1,2.022E+11,4,ROETHIG (RUE DU),0,NULL,2,2,0,1,-1,-1,2,NULL,-1,1,0,1,50,
2.022E+11,11,2,2022,09:10:00,1,59,59512,2,3,1,5,NATIONS UNIES (AVENUE DES),"506,977,040,000","31,651,540,000",2.022E+11,804 863,C01,0,1,0,2,0,0,5,NULL,2.022E+11,1 087 562,804 863,C01,1,1,4,2,1975,9,8,0,-1,-1,-1,-1,2.022E+11,7,NATIONS UNIES (AVENUE DES),0,NULL,3,2,0,1,-1,-1,1,NULL,-1,1,0,1,50,
2.022E+11,11,2,2022,09:10:00,1,59,59512,2,3,1,5,NATIONS UNIES (AVENUE DES),"506,977,040,000","31,651,540,000",2.022E+11,804 863,C01,0,1,0,2,0,0,5,NULL,2.022E+11,1 087 566,804 866,B01,1,1,1,1,1985,1,8,0,-1,-1,-1,-1,2.022E+11,7,NATIONS UNIES (AVENUE DES),0,NULL,3,2,0,1,-1,-1,1,NULL,-1,1,0,1,50,
2.022E+11,11,2,2022,09:10:00,1,59,59512,2,3,1,5,NATIONS UNIES (AVENUE DES),"506,977,040,000","31,651,540,000",2.022E+11,804 863,C01,0,1,0,2,0,0,5,NULL,2.022E+11,1 087 568,804 868,A01,1,1,1,2,1991,5,8,0,-1,-1,0,-1,2.022E+11,7,NATIONS UNIES (AVENUE DES),0,NULL,3,2,0,1,-1,-1,1,NULL,-1,1,0,1,50,
2.022E+11,11,2,2022,15:08:00,1,49,49007,2,1,1,7,LAREVELLIERE,"474,711,600,000"," -0,5317700000",2.022E+11,804 817,A01,1,1,0,0,0,1,5,NULL,2.022E+11,1 087 500,804 817,A01,1,1,4,1,1986,1,8,0,-1,-1,-1,-1,2.022E+11,4,LAREVELLIERE,0,NULL,2,2,0,1,1,0,1,NULL,-1,1,8,1,30,
2.022E+11,2,6,2022,16:20:00,1,14,14701,1,1,1,2,D275,"493,085,640,000","0,0832940000",2.022E+11,804 784,B01,1,1,0,2,4,2,5,NULL,2.022E+11,1 087 452,804 782,A01,1,1,1,2,1931,3,1,0,-1,0,0,-1,2.022E+11,3,CD 275,0,NULL,2,2,0,1,15,32,1,NULL,-1,1,0,1,80,
2.022E+11,2,6,2022,16:20:00,1,14,14701,1,1,1,2,D275,"493,085,640,000","0,0832940000",2.022E+11,804 784,B01,1,1,0,2,4,2,5,NULL,2.022E+11,1 087 454,804 784,B01,1,1,4,1,1970,5,2,-1,-1,0,0,-1,2.022E+11,3,CD 275,0,NULL,2,2,0,1,15,32,1,NULL,-1,1,0,1,80,
2.022E+11,21,11,2022,07:15:00,1,973,97302,2,1,2,2,BADUEL (ROUTE DE),"49,373,300,000","-523,155,600,000",2.022E+11,804 675,B01,2,1,0,2,0,2,5,NULL,2.022E+11,1 087 309,804 675,B01,1,1,4,1,2006,2,8,0,-1,0,0,-1,2.022E+11,3,BADUEL (ROUTE DE),0,NULL,2,2,0,1,1,600,1,NULL,-1,2,0,1,50,
2.022E+11,21,11,2022,07:15:00,1,973,97302,2,1,2,2,BADUEL (ROUTE DE),"49,373,300,000","-523,155,600,000",2.022E+11,804 675,B01,2,1,0,2,0,2,5,NULL,2.022E+11,1 087 311,804 678,A01,1,1,1,1,2006,2,8,0,-1,0,0,-1,2.022E+11,3,BADUEL (ROUTE DE),0,NULL,2,2,0,1,1,600,1,NULL,-1,2,0,1,50,
2.022E+11,31,12,2022,14:33:00,1,60,60509,2,1,1,1,123 Rue de la Plaine,"493,129,270,000","26,215,640,000",2.022E+11,804 213,B01,0,1,0,2,0,26,5,NULL,2.022E+11,1 086 703,804 213,B01,1,1,4,1,1956,0,2,-1,-1,0,0,-1,2.022E+11,4,NULL,-1,NULL,2,2,1,1,-1,-1,1,NULL,5,1,0,1,50,
2.022E+11,31,12,2022,14:33:00,1,60,60509,2,1,1,1,123 Rue de la Plaine,"493,129,270,000","26,215,640,000",2.022E+11,804 213,B01,0,1,0,2,0,26,5,NULL,2.022E+11,1 086 709,804 216,A01,1,1,1,1,2003,0,1,-1,-1,0,0,-1,2.022E+11,4,NULL,-1,NULL,2,2,1,1,-1,-1,1,NULL,5,1,0,1,50,
2.022E+11,2,6,2022,20:50:00,1,75,75116,2,1,1,4,HYPPODROME DE LONGCHAMP,"488,633,125,831","22,375,094,891",2.022E+11,804 179,A01,3,1,0,2,1,1,5,NULL,2.022E+11,1 086 653,804 179,A01,1,1,4,1,1979,5,2,0,-1,0,0,-1,2.022E+11,4,HYPPODROME DE LONGCHAMP,0,NULL,1,1,1,1,-1,-1,1,NULL,-1,1,-1,5,50,
2.022E+11,2,6,2022,20:50:00,1,75,75116,2,1,1,4,HYPPODROME DE LONGCHAMP,"488,633,125,831","22,375,094,891",2.022E+11,804 182,C01,3,1,0,2,1,1,5,NULL,2.022E+11,1 086 653,804 179,A01,1,1,4,1,1979,5,2,0,-1,0,0,-1,2.022E+11,4,HYPPODROME DE LONGCHAMP,0,NULL,1,1,1,1,-1,-1,1,NULL,-1,1,-1,5,50,
2.022E+11,2,6,2022,20:50:00,1,75,75116,2,1,1,4,HYPPODROME DE LONGCHAMP,"488,633,125,831","22,375,094,891",2.022E+11,804 183,D01,3,1,0,2,1,1,5,NULL,2.022E+11,1 086 653,804 179,A01,1,1,4,1,1979,5,2,0,-1,0,0,-1,2.022E+11,4,HYPPODROME DE LONGCHAMP,0,NULL,1,1,1,1,-1,-1,1,NULL,-1,1,-1,5,50,
2.022E+11,2,6,2022,20:50:00,1,75,75116,2,1,1,4,HYPPODROME DE LONGCHAMP,"488,633,125,831","22,375,094,891",2.022E+11,804 184,B01,3,1,0,2,1,1,5,NULL,2.022E+11,1 086 653,804 179,A01,1,1,4,1,1979,5,2,0,-1,0,0,-1,2.022E+11,4,HYPPODROME DE LONGCHAMP,0,NULL,1,1,1,1,-1,-1,1,NULL,-1,1,-1,5,50,