Accident_Id,jour,mois,an,hrmn,lum,dep,com,agg,int,atm,col,adr,lat,long,Num_Acc,id_vehicule,num_veh,senc,catv,obs,obsm,choc,manv,motor,occutc,Num_Acc,id_usager,id_vehicule,num_veh,place,catu,grav,sexe,an_nais,trajet,secu1,secu2,secu3,locp,actp,etatp,Num_Acc,catr,voie,v1,v2,circ,nbv,vosp,prof,pr,pr1,plan,lartpc,larrout,surf,infra,situ,vma,
2.022E+11,2,6,2022,20:50:00,1,75,75116,2,1,1,4,HYPPODROME DE LONGCHAMP,"488,633,125,831","22,375,094,891",2.022E+11,804 179,A01,3,1,0,2,1,1,5,NULL,2.022E+11,1 086 658,804 182,C01,1,1,1,1,1988,5,2,0,-1,0,0,-1,2.022E+11,4,HYPPODROME DE LONGCHAMP,0,NULL,1,1,1,1,-1,-1,1,NULL,-1,1,-1,5,50,
2.022E+11,2,6,2022,20:50:00,1,75,75116,2,1,1,4,HYPPODROME DE LONGCHAMP,"488,633,125,831","22,375,094,891",2.022E+11,804 182,C01,3,1,0,2,1,1,5,NULL,2.022E+11,1 086 658,804 182,C01,1,1,1,1,1988,5,2,0,-1,0,0,-1,2.022E+11,4,HYPPODROME DE LONGCHAMP,0,NULL,1,1,1,1,-1,-1,1,NULL,-1,1,-1,5,50,
2.022E+11,2,6,2022,20:50:00,1,75,75116,2,1,1,4,HYPPODROME DE LONGCHAMP,"488,633,125,831","22,375,094,891",2.022E+11,804 183,D01,3,1,0,2,1,1,5,NULL,2.022E+11,1 086 658,804 182,C01,1,1,1,1,1988,5,2,0,-1,0,0,-1,2.022E+11,4,HYPPODROME DE LONGCHAMP,0,NULL,1,1,1,1,-1,-1,1,NULL,-1,1,-1,5,50,
2.022E+11,2,6,2022,20:50:00,1,75,75116,2,1,1,4,HYPPODROME DE LONGCHAMP,"488,633,125,831","22,375,094,891",2.022E+11,804 184,B01,3,1,0,2,1,1,5,NULL,2.022E+11,1 086 658,804 182,C01,1,1,1,1,1988,5,2,0,-1,0,0,-1,2.022E+11,4,HYPPODROME DE LONGCHAMP,0,NULL,1,1,1,1,-1,-1,1,NULL,-1,1,-1,5,50,
2.022E+11,2,6,2022,20:50:00,1,75,75116,2,1,1,4,HYPPODROME DE LONGCHAMP,"488,633,125,831","22,375,094,891",2.022E+11,804 179,A01,3,1,0,2,1,1,5,NULL,2.022E+11,1 086 659,804 183,D01,1,1,1,1,1995,5,2,0,-1,0,0,-1,2.022E+11,4,HYPPODROME DE LONGCHAMP,0,NULL,1,1,1,1,-1,-1,1,NULL,-1,1,-1,5,50,
2.022E+11,2,6,2022,20:50:00,1,75,75116,2,1,1,4,HYPPODROME DE LONGCHAMP,"488,633,125,831","22,375,094,891",2.022E+11,804 182,C01,3,1,0,2,1,1,5,NULL,2.022E+11,1 086 659,804 183,D01,1,1,1,1,1995,5,2,0,-1,0,0,-1,2.022E+11,4,HYPPODROME DE LONGCHAMP,0,NULL,1,1,1,1,-1,-1,1,NULL,-1,1,-1,5,50,
2.022E+11,2,6,2022,20:50:00,1,75,75116,2,1,1,4,HYPPODROME DE LONGCHAMP,"488,633,125,831","22,375,094,891",2.022E+11,804 183,D01,3,1,0,2,1,1,5,NULL,2.022E+11,1 086 659,804 183,D01,1,1,1,1,1995,5,2,0,-1,0,0,-1,2.022E+11,4,HYPPODROME DE LONGCHAMP,0,NULL,1,1,1,1,-1,-1,1,NULL,-1,1,-1,5,50,
2.022E+11,2,6,2022,20:50:00,1,75,75116,2,1,1,4,HYPPODROME DE LONGCHAMP,"488,633,125,831","22,375,094,891",2.022E+11,804 184,B01,3,1,0,2,1,1,5,NULL,2.022E+11,1 086 659,804 183,D01,1,1,1,1,1995,5,2,0,-1,0,0,-1,2.022E+11,4,HYPPODROME DE LONGCHAMP,0,NULL,1,1,1,1,-1,-1,1,NULL,-1,1,-1,5,50,
2.022E+11,2,6,2022,20:50:00,1,75,75116,2,1,1,4,HYPPODROME DE LONGCHAMP,"488,633,125,831","22,375,094,891",2.022E+11,804 179,A01,3,1,0,2,1,1,5,NULL,2.022E+11,1 086 660,804 184,B01,1,1,4,1,2001,5,2,0,-1,0,0,-1,2.022E+11,4,HYPPODROME DE LONGCHAMP,0,NULL,1,1,1,1,-1,-1,1,NULL,-1,1,-1,5,50,
2.022E+11,2,6,2022,20:50:00,1,75,75116,2,1,1,4,HYPPODROME DE LONGCHAMP,"488,633,125,831","22,375,094,891",2.022E+11,804 182,C01,3,1,0,2,1,1,5,NULL,2.022E+11,1 086 660,804 184,B01,1,1,4,1,2001,5,2,0,-1,0,0,-1,2.022E+11,4,HYPPODROME DE LONGCHAMP,0,NULL,1,1,1,1,-1,-1,1,NULL,-1,1,-1,5,50,
2.022E+11,2,6,2022,20:50:00,1,75,75116,2,1,1,4,HYPPODROME DE LONGCHAMP,"488,633,125,831","22,375,094,891",2.022E+11,804 183,D01,3,1,0,2,1,1,5,NULL,2.022E+11,1 086 660,804 184,B01,1,1,4,1,2001,5,2,0,-1,0,0,-1,2.022E+11,4,HYPPODROME DE LONGCHAMP,0,NULL,1,1,1,1,-1,-1,1,NULL,-1,1,-1,5,50,
2.022E+11,2,6,2022,20:50:00,1,75,75116,2,1,1,4,HYPPODROME DE LONGCHAMP,"488,633,125,831","22,375,094,891",2.022E+11,804 184,B01,3,1,0,2,1,1,5,NULL,2.022E+11,1 086 660,804 184,B01,1,1,4,1,2001,5,2,0,-1,0,0,-1,2.022E+11,4,HYPPODROME DE LONGCHAMP,0,NULL,1,1,1,1,-1,-1,1,NULL,-1,1,-1,5,50,
2.022E+11,30,4,2022,10:35:00,1,35,35238,2,1,1,2,VOLTAIRE (BD),"481,051,535,641","-16,984,371,096",2.022E+11,804 046,A01,1,1,0,2,1,1,5,NULL,2.022E+11,1 086 487,804 045,B01,1,1,1,2,1974,4,1,-1,-1,-1,-1,-1,2.022E+11,4,VOLTAIRE (BD),0,NULL,2,3,1,1,-1,-1,1,NULL,-1,1,0,1,50,
2.022E+11,30,4,2022,10:35:00,1,35,35238,2,1,1,2,VOLTAIRE (BD),"481,051,535,641","-16,984,371,096",2.022E+11,804 046,A01,1,1,0,2,1,1,5,NULL,2.022E+11,1 086 490,804 046,A01,1,1,4,1,1993,5,2,0,-1,-1,-1,-1,2.022E+11,4,VOLTAIRE (BD),0,NULL,2,3,1,1,-1,-1,1,NULL,-1,1,0,1,50,
2.022E+11,29,4,2022,11:18:00,1,75,75106,2,4,1,3,RUE DE RENNES,"488,501,029,623","23,297,668,325",2.022E+11,803 890,B01,1,1,0,2,1,1,5,NULL,2.022E+11,1 086 296,803 890,B01,1,1,4,2,1968,9,2,0,-1,0,0,-1,2.022E+11,4,RUE DE RENNES,0,NULL,2,2,0,1,-1,-1,1,NULL,-1,1,0,1,30,
2.022E+11,29,4,2022,11:18:00,1,75,75106,2,4,1,3,RUE DE RENNES,"488,501,029,623","23,297,668,325",2.022E+11,803 890,B01,1,1,0,2,1,1,5,NULL,2.022E+11,1 086 299,803 893,A01,1,1,1,2,1994,9,1,0,-1,0,0,-1,2.022E+11,4,RUE DE RENNES,0,NULL,2,2,0,1,-1,-1,1,NULL,-1,1,0,1,30,
2.022E+11,2,6,2022,08:35:00,1,75,75104,2,4,1,6,VOIE GEORGES POMPIDOU,"488,512,540,000","23,611,500,000",2.022E+11,803 891,A01,3,1,12,0,7,12,5,NULL,2.022E+11,1 086 297,803 891,A01,1,1,4,1,1980,1,2,8,-1,0,0,-1,2.022E+11,4,VOIE GEORGES POMPIDOU,0,NULL,2,2,1,4,-1,-1,1,NULL,-1,1,0,1,30,
2.022E+11,30,4,2022,11:03:00,1,75,75118,2,2,1,3,RUE MARX DORMOY,"488,902,394,297","23,599,885,404",2.022E+11,803 878,A01,1,1,0,2,1,1,5,NULL,2.022E+11,1 086 273,803 875,B01,1,1,1,1,1970,4,1,0,-1,0,0,-1,2.022E+11,4,RUE MARX DORMOY,0,NULL,2,5,1,1,-1,-1,1,NULL,-1,1,-1,5,30,
2.022E+11,30,4,2022,11:03:00,1,75,75118,2,2,1,3,RUE MARX DORMOY,"488,902,394,297","23,599,885,404",2.022E+11,803 878,A01,1,1,0,2,1,1,5,NULL,2.022E+11,1 086 275,803 878,A01,1,1,4,2,2006,9,2,0,-1,0,0,-1,2.022E+11,4,RUE MARX DORMOY,0,NULL,2,5,1,1,-1,-1,1,NULL,-1,1,-1,5,30,
2.022E+11,16,10,2022,10:50:00,1,93,93066,2,1,1,2,Rue Pinel,"489,311,900,232","23,586,568,669",2.022E+11,803 384,B01,3,1,0,2,1,1,5,NULL,2.022E+11,1 085 561,803 384,B01,1,1,1,1,1989,3,-1,0,-1,0,0,-1,2.022E+11,4,PINEL,0,NULL,1,1,2,1,0,0,1,NULL,-1,1,0,1,30,
2.022E+11,16,10,2022,10:50:00,1,93,93066,2,1,1,2,Rue Pinel,"489,311,900,232","23,586,568,669",2.022E+11,803 384,B01,3,1,0,2,1,1,5,NULL,2.022E+11,1 085 562,803 384,B01,2,2,3,1,2020,3,2,3,-1,0,0,-1,2.022E+11,4,PINEL,0,NULL,1,1,2,1,0,0,1,NULL,-1,1,0,1,30,
2.022E+11,16,10,2022,10:50:00,1,93,93066,2,1,1,2,Rue Pinel,"489,311,900,232","23,586,568,669",2.022E+11,803 384,B01,3,1,0,2,1,1,5,NULL,2.022E+11,1 085 563,803 385,A01,1,1,1,1,1982,3,1,0,-1,0,0,-1,2.022E+11,4,PINEL,0,NULL,1,1,2,1,0,0,1,NULL,-1,1,0,1,30,
2.022E+11,16,9,2022,15:45:00,1,88,88468,1,1,8,3,D57,"478,611,930,000","67,449,130,000",2.022E+11,803 359,B01,0,1,0,2,3,13,5,NULL,2.022E+11,1 085 527,803 357,A01,1,1,1,1,1941,5,1,-1,-1,0,0,-1,2.022E+11,3,57,-1,NULL,2,2,0,2,28,600,1,NULL,-1,9,0,1,90,
2.022E+11,16,9,2022,15:45:00,1,88,88468,1,1,8,3,D57,"478,611,930,000","67,449,130,000",2.022E+11,803 359,B01,0,1,0,2,3,13,5,NULL,2.022E+11,1 085 529,803 359,B01,1,1,3,1,1947,5,2,-1,-1,0,0,-1,2.022E+11,3,57,-1,NULL,2,2,0,2,28,600,1,NULL,-1,9,0,1,90,
2.022E+11,17,10,2022,18:50:00,5,92,92012,2,1,2,2,PONT DE SEVRES (ROND POINT DU),"488,300,093,499","22,296,844,125",2.022E+11,803 358,B01,1,1,0,2,0,2,5,NULL,2.022E+11,1 085 528,803 358,B01,1,1,4,1,1984,1,2,0,-1,-1,-1,-1,2.022E+11,3,910,0,NULL,3,4,0,1,0,0,1,NULL,-1,2,2,1,80,
2.022E+11,17,10,2022,18:50:00,5,92,92012,2,1,2,2,PONT DE SEVRES (ROND POINT DU),"488,300,093,499","22,296,844,125",2.022E+11,803 358,B01,1,1,0,2,0,2,5,NULL,2.022E+11,1 085 530,803 360,A01,1,1,1,1,1975,1,1,0,-1,-1,-1,-1,2.022E+11,3,910,0,NULL,3,4,0,1,0,0,1,NULL,-1,2,2,1,80,
2.022E+11,30,7,2022,09:50:00,1,55,55015,1,1,1,2,D604,"486,402,640,000","51,173,920,000",2.022E+11,803 142,B01,1,1,0,2,4,2,5,NULL,2.022E+11,1 085 247,803 141,A01,1,1,1,1,1943,3,1,-1,-1,0,0,-1,2.022E+11,3,604,0,NULL,2,2,0,1,8,950,1,NULL,-1,1,0,1,90,
2.022E+11,30,7,2022,09:50:00,1,55,55015,1,1,1,2,D604,"486,402,640,000","51,173,920,000",2.022E+11,803 142,B01,1,1,0,2,4,2,5,NULL,2.022E+11,1 085 250,803 142,B01,1,1,4,1,1957,5,2,-1,-1,0,0,-1,2.022E+11,3,604,0,NULL,2,2,0,1,8,950,1,NULL,-1,1,0,1,90,
2.022E+11,16,10,2022,10:40:00,1,93,93051,2,2,1,3,Rue des Aerostiers / Boulevard du Ru de Nesles,"488,317,800,000","25,840,800,000",2.022E+11,803 063,B01,0,1,0,2,3,1,5,NULL,2.022E+11,1 085 158,803 062,A01,1,1,1,1,1999,1,1,0,-1,0,0,-1,2.022E+11,3,RU DE NESLE (BOULEVARD),0,NULL,2,3,0,1,0,1,1,NULL,-1,1,0,1,50,
2.022E+11,16,10,2022,10:40:00,1,93,93051,2,2,1,3,Rue des Aerostiers / Boulevard du Ru de Nesles,"488,317,800,000","25,840,800,000",2.022E+11,803 063,B01,0,1,0,2,3,1,5,NULL,2.022E+11,1 085 159,803 063,B01,1,1,4,1,1970,5,-1,0,-1,0,0,-1,2.022E+11,3,RU DE NESLE (BOULEVARD),0,NULL,2,3,0,1,0,1,1,NULL,-1,1,0,1,50,
2.022E+11,14,9,2022,08:15:00,1,75,75119,2,2,1,3,BOULEVARD DE LA VILLETTE,"488,841,770,000","23,685,980,000",2.022E+11,803 055,B01,2,1,0,2,4,1,5,NULL,2.022E+11,1 085 149,803 055,B01,1,1,4,2,1981,1,2,0,-1,0,0,-1,2.022E+11,4,BOULEVARD DE LA VILLETTE,0,NULL,3,3,0,1,-1,-1,1,NULL,-1,1,0,1,30,
2.022E+11,14,9,2022,08:15:00,1,75,75119,2,2,1,3,BOULEVARD DE LA VILLETTE,"488,841,770,000","23,685,980,000",2.022E+11,803 055,B01,2,1,0,2,4,1,5,NULL,2.022E+11,1 085 150,803 056,A01,1,1,1,1,1973,1,2,6,-1,0,0,-1,2.022E+11,4,BOULEVARD DE LA VILLETTE,0,NULL,3,3,0,1,-1,-1,1,NULL,-1,1,0,1,30,
2.022E+11,8,9,2022,18:00:00,1,44,44131,1,1,1,6,1 Rue Jules Ferry,"471,193,810,000","-20,908,060,000",2.022E+11,802 905,C01,0,1,0,0,0,26,5,NULL,2.022E+11,1 084 957,802 905,C01,1,1,4,1,2007,2,0,-1,-1,0,0,-1,2.022E+11,4,NULL,-1,NULL,-1,2,1,2,-1,-1,1,NULL,5,1,0,5,50,
2.022E+11,8,9,2022,18:00:00,1,44,44131,1,1,1,6,1 Rue Jules Ferry,"471,193,810,000","-20,908,060,000",2.022E+11,802 906,B01,0,1,0,0,4,1,5,NULL,2.022E+11,1 084 957,802 905,C01,1,1,4,1,2007,2,0,-1,-1,0,0,-1,2.022E+11,4,NULL,-1,NULL,-1,2,1,2,-1,-1,1,NULL,5,1,0,5,50,
2.022E+11,8,9,2022,18:00:00,1,44,44131,1,1,1,6,1 Rue Jules Ferry,"471,193,810,000","-20,908,060,000",2.022E+11,802 905,C01,0,1,0,0,0,26,5,NULL,2.022E+11,1 084 958,802 906,B01,1,1,4,1,2007,2,0,-1,-1,0,0,-1,2.022E+11,4,NULL,-1,NULL,-1,2,1,2,-1,-1,1,NULL,5,1,0,5,50,
2.022E+11,8,9,2022,18:00:00,1,44,44131,1,1,1,6,1 Rue Jules Ferry,"471,193,810,000","-20,908,060,000",2.022E+11,802 906,B01,0,1,0,0,4,1,5,NULL,2.022E+11,1 084 958,802 906,B01,1,1,4,1,2007,2,0,-1,-1,0,0,-1,2.022E+11,4,NULL,-1,NULL,-1,2,1,2,-1,-1,1,NULL,5,1,0,5,50,
2.022E+11,8,9,2022,18:00:00,1,44,44131,1,1,1,6,1 Rue Jules Ferry,"471,193,810,000","-20,908,060,000",2.022E+11,802 905,C01,0,1,0,0,0,26,5,NULL,2.022E+11,1 084 959,802 907,A01,1,1,1,1,2003,0,1,-1,-1,0,0,-1,2.022E+11,4,NULL,-1,NULL,-1,2,1,2,-1,-1,1,NULL,5,1,0,5,50,
2.022E+11,8,9,2022,18:00:00,1,44,44131,1,1,1,6,1 Rue Jules Ferry,"471,193,810,000","-20,908,060,000",2.022E+11,802 906,B01,0,1,0,0,4,1,5,NULL,2.022E+11,1 084 959,802 907,A01,1,1,1,1,2003,0,1,-1,-1,0,0,-1,2.022E+11,4,NULL,-1,NULL,-1,2,1,2,-1,-1,1,NULL,5,1,0,5,50,
2.022E+11,14,9,2022,17:50:00,1,86,86297,2,1,3,3,Rue du Lavoir,"465,771,400,000","0,2735770000",2.022E+11,802 807,B01,2,1,0,2,3,1,5,NULL,2.022E+11,1 084 826,802 807,B01,1,1,3,1,2003,9,0,-1,-1,0,0,-1,2.022E+11,3,87,0,NULL,2,2,0,2,18,720,2,NULL,-1,2,0,1,50,
2.022E+11,14,9,2022,17:50:00,1,86,86297,2,1,3,3,Rue du Lavoir,"465,771,400,000","0,2735770000",2.022E+11,802 807,B01,2,1,0,2,3,1,5,NULL,2.022E+11,1 084 827,802 808,A01,1,1,1,1,1971,1,1,-1,-1,0,0,-1,2.022E+11,3,87,0,NULL,2,2,0,2,18,720,2,NULL,-1,2,0,1,50,
2.022E+11,2,7,2022,13:30:00,1,64,64545,1,1,1,2,D404,"433,241,162,015","-16,863,584,518",2.022E+11,802 660,A01,1,1,0,2,1,2,5,NULL,2.022E+11,1 084 627,802 659,B01,1,1,1,2,1993,0,1,0,-1,-1,-1,-1,2.022E+11,3,IBARDIN (ROUTE D'),0,NULL,2,2,0,2,2,167,4,NULL,-1,1,0,1,50,
2.022E+11,2,7,2022,13:30:00,1,64,64545,1,1,1,2,D404,"433,241,162,015","-16,863,584,518",2.022E+11,802 660,A01,1,1,0,2,1,2,5,NULL,2.022E+11,1 084 628,802 660,A01,1,1,4,1,1986,0,2,0,-1,-1,-1,-1,2.022E+11,3,IBARDIN (ROUTE D'),0,NULL,2,2,0,2,2,167,4,NULL,-1,1,0,1,50,
2.022E+11,2,7,2022,09:37:00,1,37,37261,2,2,1,2,BERANGER (BOULEVARD),"473,892,469,132","0,6828233600",2.022E+11,802 639,A01,3,1,0,2,1,15,5,NULL,2.022E+11,1 084 599,802 639,A01,1,1,4,1,1996,0,8,0,-1,0,0,-1,2.022E+11,4,NULL,0,NULL,1,3,0,1,-1,-1,1,NULL,-1,1,0,1,50,
2.022E+11,2,7,2022,09:37:00,1,37,37261,2,2,1,2,BERANGER (BOULEVARD),"473,892,469,132","0,6828233600",2.022E+11,802 639,A01,3,1,0,2,1,15,5,NULL,2.022E+11,1 084 600,802 640,B01,1,1,1,1,1979,0,1,0,-1,0,0,-1,2.022E+11,4,NULL,0,NULL,1,3,0,1,-1,-1,1,NULL,-1,1,0,1,50,
2.022E+11,1,7,2022,22:45:00,5,75,75113,2,3,1,3,QUAI D AUSTERLITZ,"488,386,400,000","23,723,590,000",2.022E+11,802 600,A01,1,1,0,2,1,5,5,NULL,2.022E+11,1 084 549,802 600,A01,1,1,4,1,1986,4,8,0,-1,0,0,-1,2.022E+11,4,QUAI D AUSTERLITZ,0,NULL,2,3,0,1,-1,-1,1,NULL,-1,1,0,1,30,
2.022E+11,1,7,2022,22:45:00,5,75,75113,2,3,1,3,QUAI D AUSTERLITZ,"488,386,400,000","23,723,590,000",2.022E+11,802 600,A01,1,1,0,2,1,5,5,NULL,2.022E+11,1 084 550,802 601,B01,4,2,1,2,1988,9,1,0,-1,0,0,-1,2.022E+11,4,QUAI D AUSTERLITZ,0,NULL,2,3,0,1,-1,-1,1,NULL,-1,1,0,1,30,
2.022E+11,1,7,2022,22:45:00,5,75,75113,2,3,1,3,QUAI D AUSTERLITZ,"488,386,400,000","23,723,590,000",2.022E+11,802 600,A01,1,1,0,2,1,5,5,NULL,2.022E+11,1 084 551,802 601,B01,2,2,1,2,1988,9,1,0,-1,0,0,-1,2.022E+11,4,QUAI D AUSTERLITZ,0,NULL,2,3,0,1,-1,-1,1,NULL,-1,1,0,1,30,
2.022E+11,1,7,2022,22:45:00,5,75,75113,2,3,1,3,QUAI D AUSTERLITZ,"488,386,400,000","23,723,590,000",2.022E+11,802 600,A01,1,1,0,2,1,5,5,NULL,2.022E+11,1 084 552,802 601,B01,1,1,1,2,1990,5,1,0,-1,0,0,-1,2.022E+11,4,QUAI D AUSTERLITZ,0,NULL,2,3,0,1,-1,-1,1,NULL,-1,1,0,1,30,
2.022E+11,12,2,2022,16:56:00,1,74,74094,2,1,1,3,752 Route de Lossy,"461,881,500,000","63,019,860,000",2.022E+11,802 175,B01,2,1,0,2,3,15,5,NULL,2.022E+11,1 083 969,802 173,A01,1,1,1,1,1934,0,1,-1,-1,0,0,-1,2.022E+11,4,NULL,-1,NULL,2,2,0,2,-1,-1,1,NULL,4,1,0,1,50,
2.022E+11,12,2,2022,16:56:00,1,74,74094,2,1,1,3,752 Route de Lossy,"461,881,500,000","63,019,860,000",2.022E+11,802 175,B01,2,1,0,2,3,15,5,NULL,2.022E+11,1 083 971,802 175,B01,1,1,3,2,1959,5,2,-1,-1,0,0,-1,2.022E+11,4,NULL,-1,NULL,2,2,0,2,-1,-1,1,NULL,4,1,0,1,50,
2.022E+11,10,2,2022,16:30:00,1,29,29232,2,2,1,3,Quai de l’Odet,"479,936,800,000","-41,064,500,000",2.022E+11,802 114,A01,3,1,0,2,2,25,5,NULL,2.022E+11,1 083 893,802 112,B01,1,1,1,2,1974,1,1,-1,-1,-1,-1,-1,2.022E+11,4,ODET QUAI DE L',0,NULL,-1,2,0,1,-1,-1,1,NULL,-1,1,5,6,30,
2.022E+11,10,2,2022,16:30:00,1,29,29232,2,2,1,3,Quai de l’Odet,"479,936,800,000","-41,064,500,000",2.022E+11,802 114,A01,3,1,0,2,2,25,5,NULL,2.022E+11,1 083 894,802 114,A01,1,1,4,2,1986,1,8,-1,-1,-1,-1,-1,2.022E+11,4,ODET QUAI DE L',0,NULL,-1,2,0,1,-1,-1,1,NULL,-1,1,5,6,30,
2.022E+11,4,8,2022,16:40:00,1,75,75117,2,7,1,2,AVENUE DE WAGRAM,"488,868,490,000","23,045,480,000",2.022E+11,802 071,B01,2,1,1,0,1,1,5,NULL,2.022E+11,1 083 839,802 071,B01,1,1,4,1,2000,5,8,0,-1,0,0,-1,2.022E+11,4,AVENUE DE WAGRAM,0,NULL,2,2,0,1,-1,-1,1,NULL,-1,1,0,1,30,
2.022E+11,4,8,2022,16:40:00,1,75,75117,2,7,1,2,AVENUE DE WAGRAM,"488,868,490,000","23,045,480,000",2.022E+11,802 071,B01,2,1,1,0,1,1,5,NULL,2.022E+11,1 083 842,802 073,A01,1,1,1,1,1985,1,8,0,-1,0,0,-1,2.022E+11,4,AVENUE DE WAGRAM,0,NULL,2,2,0,1,-1,-1,1,NULL,-1,1,0,1,30,
2.022E+11,4,8,2022,10:40:00,1,21,21021,2,1,1,3,68 Rue de Genlis,"473,388,970,000","51,945,460,000",2.022E+11,801 813,B01,2,1,0,2,1,1,5,NULL,2.022E+11,1 083 497,801 811,A01,1,1,1,1,1958,5,1,-1,-1,0,0,-1,2.022E+11,3,34,-1,NULL,2,2,0,1,3,650,1,NULL,-1,1,8,1,50,
2.022E+11,4,8,2022,10:40:00,1,21,21021,2,1,1,3,68 Rue de Genlis,"473,388,970,000","51,945,460,000",2.022E+11,801 813,B01,2,1,0,2,1,1,5,NULL,2.022E+11,1 083 499,801 813,B01,1,1,2,1,1957,5,2,-1,-1,0,0,-1,2.022E+11,3,34,-1,NULL,2,2,0,1,3,650,1,NULL,-1,1,8,1,50,
2.022E+11,3,8,2022,09:13:00,1,54,54395,2,2,1,3,AUSTRASIE (BOULEVARD),"486,876,690,000","62,055,600,000",2.022E+11,801 587,A01,1,1,0,2,1,1,5,NULL,2.022E+11,1 083 210,801 586,B01,1,1,1,2,1980,0,1,0,-1,0,0,-1,2.022E+11,4,AUSTRASIE (BOULEVARD),0,NULL,1,2,0,1,-1,-1,1,NULL,-1,1,0,1,50,
2.022E+11,3,8,2022,09:13:00,1,54,54395,2,2,1,3,AUSTRASIE (BOULEVARD),"486,876,690,000","62,055,600,000",2.022E+11,801 587,A01,1,1,0,2,1,1,5,NULL,2.022E+11,1 083 211,801 587,A01,1,1,3,1,1947,5,8,0,-1,0,0,-1,2.022E+11,4,AUSTRASIE (BOULEVARD),0,NULL,1,2,0,1,-1,-1,1,NULL,-1,1,0,1,50,
2.022E+11,4,8,2022,00:37:00,5,14,14118,2,1,1,1,Rue de Geôle,"491,848,800,000"," -0,3630200000",2.022E+11,801 548,B01,1,1,0,0,4,1,5,NULL,2.022E+11,1 083 165,801 548,B01,1,1,4,1,2005,5,0,-1,-1,0,0,-1,2.022E+11,4,GEOLE (RUE DE),0,NULL,3,2,0,1,-1,-1,1,NULL,-1,1,0,1,50,
2.022E+11,4,8,2022,00:37:00,5,14,14118,2,1,1,1,Rue de Geôle,"491,848,800,000"," -0,3630200000",2.022E+11,801 548,B01,1,1,0,0,4,1,5,NULL,2.022E+11,1 083 166,801 549,A01,1,1,-1,-1,NULL,-1,-1,-1,-1,-1,-1,-1,2.022E+11,4,GEOLE (RUE DE),0,NULL,3,2,0,1,-1,-1,1,NULL,-1,1,0,1,50,
2.022E+11,18,12,2022,11:30:00,1,66,66037,1,3,1,3,RD81A,"426,409,990,000","30,328,700,000",2.022E+11,801 334,A01,3,1,0,2,3,19,5,NULL,2.022E+11,1 082 879,801 332,B01,1,1,4,1,1971,5,2,6,-1,0,0,-1,2.022E+11,3,NULL,0,A,3,2,1,1,2,340,1,NULL,-1,1,0,5,50,
2.022E+11,18,12,2022,11:30:00,1,66,66037,1,3,1,3,RD81A,"426,409,990,000","30,328,700,000",2.022E+11,801 334,A01,3,1,0,2,3,19,5,NULL,2.022E+11,1 082 884,801 334,A01,1,1,3,1,1945,5,0,-1,-1,0,0,-1,2.022E+11,3,NULL,0,A,3,2,1,1,2,340,1,NULL,-1,1,0,5,50,
2.022E+11,19,3,2022,07:00:00,1,974,97409,2,1,1,1,CAMBUSTON (rue de),"-209,330,200,000","556,521,300,000",2.022E+11,800 668,B01,2,1,0,2,0,1,5,NULL,2.022E+11,1 082 017,800 668,B01,1,1,4,1,1968,0,8,0,-1,-1,-1,-1,2.022E+11,4,CAMBUSTON (rue de),0,NULL,2,2,0,1,0,0,1,NULL,-1,1,0,1,50,
2.022E+11,19,3,2022,07:00:00,1,974,97409,2,1,1,1,CAMBUSTON (rue de),"-209,330,200,000","556,521,300,000",2.022E+11,800 668,B01,2,1,0,2,0,1,5,NULL,2.022E+11,1 082 020,800 671,A01,1,1,1,1,1966,0,1,0,-1,-1,-1,-1,2.022E+11,4,CAMBUSTON (rue de),0,NULL,2,2,0,1,0,0,1,NULL,-1,1,0,1,50,
2.022E+11,28,12,2022,20:00:00,5,77,77186,2,1,2,1,ARISTIDE BRIAND (RUE),"484,119,800,000","27,089,900,000",2.022E+11,800 659,B01,1,1,0,9,1,0,5,NULL,2.022E+11,1 082 006,800 659,B01,1,1,4,1,1999,4,2,4,-1,-1,-1,-1,2.022E+11,4,ARISTIDE BRIAND (RUE),0,NULL,4,2,1,1,0,0,1,NULL,-1,2,5,1,30,
2.022E+11,28,12,2022,20:00:00,5,77,77186,2,1,2,1,ARISTIDE BRIAND (RUE),"484,119,800,000","27,089,900,000",2.022E+11,800 659,B01,1,1,0,9,1,0,5,NULL,2.022E+11,1 082 009,800 663,A01,1,1,1,1,1978,0,1,0,-1,-1,-1,-1,2.022E+11,4,ARISTIDE BRIAND (RUE),0,NULL,4,2,1,1,0,0,1,NULL,-1,2,5,1,30,
2.022E+11,29,4,2022,13:11:00,1,94,94043,2,1,1,6,72 Avenue de Fontainebleau,"488,114,354,283","23,620,219,229",2.022E+11,800 621,B01,1,1,1,0,3,7,5,NULL,2.022E+11,1 081 954,800 621,B01,1,1,4,2,1984,0,8,0,-1,-1,-1,-1,2.022E+11,3,FONTAINEBLEAU (AV DE),0,NULL,1,4,1,1,0,0,1,NULL,-1,1,0,5,50,
2.022E+11,29,4,2022,13:11:00,1,94,94043,2,1,1,6,72 Avenue de Fontainebleau,"488,114,354,283","23,620,219,229",2.022E+11,800 621,B01,1,1,1,0,3,7,5,NULL,2.022E+11,1 081 957,800 625,A01,1,1,1,1,1963,0,1,0,-1,-1,-1,-1,2.022E+11,3,FONTAINEBLEAU (AV DE),0,NULL,1,4,1,1,0,0,1,NULL,-1,1,0,5,50,