Accident_Id,jour,mois,an,hrmn,lum,dep,com,agg,int,atm,col,adr,lat,long,Num_Acc,id_vehicule,num_veh,senc,catv,obs,obsm,choc,manv,motor,occutc,Num_Acc,id_usager,id_vehicule,num_veh,place,catu,grav,sexe,an_nais,trajet,secu1,secu2,secu3,locp,actp,etatp,Num_Acc,catr,voie,v1,v2,circ,nbv,vosp,prof,pr,pr1,plan,lartpc,larrout,surf,infra,situ,vma,
2.022E+11,23,4,2022,15:45:00,1,41,41174,1,1,1,6,Mezieres,"477,590,890,000","11,583,390,000",2.022E+11,786 006,C01,3,1,0,2,1,2,5,NULL,2.022E+11,1 062 504,786 006,C01,1,1,1,2,2005,5,2,-1,-1,0,0,-1,2.022E+11,4,NULL,0,NULL,2,2,0,2,0,0,1,NULL,4,1,0,1,80,
2.022E+11,23,4,2022,15:45:00,1,41,41174,1,1,1,6,Mezieres,"477,590,890,000","11,583,390,000",2.022E+11,786 007,B01,3,1,0,2,1,2,5,NULL,2.022E+11,1 062 504,786 006,C01,1,1,1,2,2005,5,2,-1,-1,0,0,-1,2.022E+11,4,NULL,0,NULL,2,2,0,2,0,0,1,NULL,4,1,0,1,80,
2.022E+11,23,4,2022,15:45:00,1,41,41174,1,1,1,6,Mezieres,"477,590,890,000","11,583,390,000",2.022E+11,786 006,C01,3,1,0,2,1,2,5,NULL,2.022E+11,1 062 505,786 007,B01,1,1,4,1,2001,5,2,-1,-1,0,0,-1,2.022E+11,4,NULL,0,NULL,2,2,0,2,0,0,1,NULL,4,1,0,1,80,
2.022E+11,23,4,2022,15:45:00,1,41,41174,1,1,1,6,Mezieres,"477,590,890,000","11,583,390,000",2.022E+11,786 007,B01,3,1,0,2,1,2,5,NULL,2.022E+11,1 062 505,786 007,B01,1,1,4,1,2001,5,2,-1,-1,0,0,-1,2.022E+11,4,NULL,0,NULL,2,2,0,2,0,0,1,NULL,4,1,0,1,80,
2.022E+11,23,4,2022,15:45:00,1,41,41174,1,1,1,6,Mezieres,"477,590,890,000","11,583,390,000",2.022E+11,786 006,C01,3,1,0,2,1,2,5,NULL,2.022E+11,1 062 506,786 008,A01,1,1,1,1,1975,0,1,-1,-1,0,0,-1,2.022E+11,4,NULL,0,NULL,2,2,0,2,0,0,1,NULL,4,1,0,1,80,
2.022E+11,23,4,2022,15:45:00,1,41,41174,1,1,1,6,Mezieres,"477,590,890,000","11,583,390,000",2.022E+11,786 007,B01,3,1,0,2,1,2,5,NULL,2.022E+11,1 062 506,786 008,A01,1,1,1,1,1975,0,1,-1,-1,0,0,-1,2.022E+11,4,NULL,0,NULL,2,2,0,2,0,0,1,NULL,4,1,0,1,80,
2.022E+11,25,4,2022,19:55:00,2,65,65301,1,3,1,3,D632 rue de l'Arros,"433,011,810,000","0,2181950000",2.022E+11,785 998,B01,2,1,0,2,7,21,5,NULL,2.022E+11,1 062 495,785 998,B01,1,1,4,1,2000,5,2,-1,-1,0,0,-1,2.022E+11,3,632,-1,D,2,2,0,2,40,560,1,NULL,-1,1,5,1,90,
2.022E+11,25,4,2022,19:55:00,2,65,65301,1,3,1,3,D632 rue de l'Arros,"433,011,810,000","0,2181950000",2.022E+11,785 998,B01,2,1,0,2,7,21,5,NULL,2.022E+11,1 062 496,785 999,A01,1,1,1,2,1989,5,1,-1,-1,0,0,-1,2.022E+11,3,632,-1,D,2,2,0,2,40,560,1,NULL,-1,1,5,1,90,
2.022E+11,23,4,2022,12:20:00,1,75,75116,2,3,1,2,RUE LE MAROIS,"488,388,030,000","22,613,190,000",2.022E+11,785 763,A01,1,1,0,2,1,2,5,NULL,2.022E+11,1 062 140,785 763,A01,1,1,4,1,2003,5,2,0,-1,0,0,-1,2.022E+11,4,RUE LE MAROIS,0,NULL,1,1,0,1,-1,-1,1,NULL,-1,1,0,1,30,
2.022E+11,23,4,2022,12:20:00,1,75,75116,2,3,1,2,RUE LE MAROIS,"488,388,030,000","22,613,190,000",2.022E+11,785 763,A01,1,1,0,2,1,2,5,NULL,2.022E+11,1 062 143,785 765,B01,1,1,1,1,1960,5,1,0,-1,0,0,-1,2.022E+11,4,RUE LE MAROIS,0,NULL,1,1,0,1,-1,-1,1,NULL,-1,1,0,1,30,
2.022E+11,23,4,2022,14:30:00,1,92,92050,2,2,1,1,VAILLANT COUTURIER PAUL RUE,"488,825,225,594","22,044,696,361",2.022E+11,785 682,B01,3,1,0,2,1,1,5,NULL,2.022E+11,1 062 038,785 682,B01,1,1,4,1,1976,5,2,0,-1,-1,-1,-1,2.022E+11,3,3,0,NULL,2,2,0,2,0,0,1,NULL,-1,1,0,1,50,
2.022E+11,23,4,2022,14:30:00,1,92,92050,2,2,1,1,VAILLANT COUTURIER PAUL RUE,"488,825,225,594","22,044,696,361",2.022E+11,785 682,B01,3,1,0,2,1,1,5,NULL,2.022E+11,1 062 041,785 685,A01,1,1,1,1,1967,3,1,0,-1,-1,-1,-1,2.022E+11,3,3,0,NULL,2,2,0,2,0,0,1,NULL,-1,1,0,1,50,
2.022E+11,21,4,2022,12:40:00,1,95,95277,1,1,1,3,RD 317,"489,787,200,000","24,650,700,000",2.022E+11,785 367,B01,1,1,0,2,8,1,5,NULL,2.022E+11,1 061 609,785 367,B01,1,1,3,1,1992,5,2,-1,-1,-1,0,-1,2.022E+11,3,RD317,0,NULL,3,4,0,1,2,800,1,NULL,-1,1,2,1,90,
2.022E+11,21,4,2022,12:40:00,1,95,95277,1,1,1,3,RD 317,"489,787,200,000","24,650,700,000",2.022E+11,785 367,B01,1,1,0,2,8,1,5,NULL,2.022E+11,1 061 611,785 368,A01,1,1,1,1,1980,4,1,-1,-1,-1,0,-1,2.022E+11,3,RD317,0,NULL,3,4,0,1,2,800,1,NULL,-1,1,2,1,90,
2.022E+11,8,10,2022,15:15:00,1,71,71460,2,3,1,5,645 Route de Peronne,"464,273,420,000","47,842,780,000",2.022E+11,785 279,B01,2,1,0,2,1,1,5,NULL,2.022E+11,1 061 467,785 277,A01,1,1,-1,-1,NULL,-1,-1,-1,-1,-1,-1,-1,2.022E+11,3,403,0,NULL,2,2,0,2,1,761,3,NULL,-1,1,0,1,70,
2.022E+11,8,10,2022,15:15:00,1,71,71460,2,3,1,5,645 Route de Peronne,"464,273,420,000","47,842,780,000",2.022E+11,785 281,C01,2,1,0,2,1,1,5,NULL,2.022E+11,1 061 467,785 277,A01,1,1,-1,-1,NULL,-1,-1,-1,-1,-1,-1,-1,2.022E+11,3,403,0,NULL,2,2,0,2,1,761,3,NULL,-1,1,0,1,70,
2.022E+11,8,10,2022,15:15:00,1,71,71460,2,3,1,5,645 Route de Peronne,"464,273,420,000","47,842,780,000",2.022E+11,785 279,B01,2,1,0,2,1,1,5,NULL,2.022E+11,1 061 469,785 279,B01,1,1,3,1,1975,5,2,-1,-1,0,0,-1,2.022E+11,3,403,0,NULL,2,2,0,2,1,761,3,NULL,-1,1,0,1,70,
2.022E+11,8,10,2022,15:15:00,1,71,71460,2,3,1,5,645 Route de Peronne,"464,273,420,000","47,842,780,000",2.022E+11,785 281,C01,2,1,0,2,1,1,5,NULL,2.022E+11,1 061 469,785 279,B01,1,1,3,1,1975,5,2,-1,-1,0,0,-1,2.022E+11,3,403,0,NULL,2,2,0,2,1,761,3,NULL,-1,1,0,1,70,
2.022E+11,8,10,2022,15:15:00,1,71,71460,2,3,1,5,645 Route de Peronne,"464,273,420,000","47,842,780,000",2.022E+11,785 279,B01,2,1,0,2,1,1,5,NULL,2.022E+11,1 061 471,785 281,C01,1,1,4,1,1976,5,2,-1,-1,0,0,-1,2.022E+11,3,403,0,NULL,2,2,0,2,1,761,3,NULL,-1,1,0,1,70,
2.022E+11,8,10,2022,15:15:00,1,71,71460,2,3,1,5,645 Route de Peronne,"464,273,420,000","47,842,780,000",2.022E+11,785 281,C01,2,1,0,2,1,1,5,NULL,2.022E+11,1 061 471,785 281,C01,1,1,4,1,1976,5,2,-1,-1,0,0,-1,2.022E+11,3,403,0,NULL,2,2,0,2,1,761,3,NULL,-1,1,0,1,70,
2.022E+11,16,11,2022,07:30:00,3,33,33318,2,2,2,3,Avenue de Magellan,"447,907,339,839"," -0,6572431326",2.022E+11,784 980,B01,2,1,0,2,1,1,5,NULL,2.022E+11,1 061 098,784 980,B01,1,1,4,1,1992,0,2,-1,-1,0,0,-1,2.022E+11,4,AVE DE MAGELLAN,0,NULL,2,2,0,1,-1,-1,1,NULL,-1,2,5,1,50,
2.022E+11,16,11,2022,07:30:00,3,33,33318,2,2,2,3,Avenue de Magellan,"447,907,339,839"," -0,6572431326",2.022E+11,784 980,B01,2,1,0,2,1,1,5,NULL,2.022E+11,1 061 099,784 981,A01,1,1,1,2,1985,0,1,-1,-1,0,0,-1,2.022E+11,4,AVE DE MAGELLAN,0,NULL,2,2,0,1,-1,-1,1,NULL,-1,2,5,1,50,
2.022E+11,16,11,2022,08:50:00,1,92,92050,2,2,1,3,SAINT CLOUD RUE DE,"488,857,200,000","22,010,400,000",2.022E+11,784 861,A01,2,1,0,2,1,5,5,NULL,2.022E+11,1 060 941,784 860,B01,1,1,1,1,1999,1,1,0,-1,-1,-1,-1,2.022E+11,4,NULL,0,NULL,1,1,0,2,0,0,1,NULL,-1,2,0,1,50,
2.022E+11,16,11,2022,08:50:00,1,92,92050,2,2,1,3,SAINT CLOUD RUE DE,"488,857,200,000","22,010,400,000",2.022E+11,784 861,A01,2,1,0,2,1,5,5,NULL,2.022E+11,1 060 942,784 861,A01,1,1,4,2,1963,1,8,0,-1,-1,-1,-1,2.022E+11,4,NULL,0,NULL,1,1,0,2,0,0,1,NULL,-1,2,0,1,50,
2.022E+11,15,11,2022,15:00:00,1,69,69029,2,2,2,1,Rue Hélène Boucher,"457,461,600,000","49,234,700,000",2.022E+11,784 521,B01,2,1,0,2,3,9,0,NULL,2.022E+11,1 060 498,784 519,A01,1,1,1,1,1959,0,1,-1,-1,0,0,-1,2.022E+11,4,HELENE BOUCHER                      (R ),0,NULL,2,2,0,1,-1,-1,1,NULL,-1,2,0,1,50,
2.022E+11,15,11,2022,15:00:00,1,69,69029,2,2,2,1,Rue Hélène Boucher,"457,461,600,000","49,234,700,000",2.022E+11,784 521,B01,2,1,0,2,3,9,0,NULL,2.022E+11,1 060 500,784 521,B01,1,1,4,2,2002,0,2,-1,-1,0,0,-1,2.022E+11,4,HELENE BOUCHER                      (R ),0,NULL,2,2,0,1,-1,-1,1,NULL,-1,2,0,1,50,
2.022E+11,28,7,2022,14:48:00,1,11,11069,2,1,1,2,NULL,"432,177,400,000","23,527,400,000",2.022E+11,784 508,A01,2,1,0,2,1,1,5,NULL,2.022E+11,1 060 486,784 508,A01,1,1,3,1,1998,0,2,0,-1,-1,-1,-1,2.022E+11,4,NULL,0,NULL,2,2,0,1,-1,-1,2,NULL,-1,1,0,1,50,
2.022E+11,28,7,2022,14:48:00,1,11,11069,2,1,1,2,NULL,"432,177,400,000","23,527,400,000",2.022E+11,784 508,A01,2,1,0,2,1,1,5,NULL,2.022E+11,1 060 488,784 510,B01,1,1,1,1,1959,0,1,0,-1,-1,-1,-1,2.022E+11,4,NULL,0,NULL,2,2,0,1,-1,-1,2,NULL,-1,1,0,1,50,
2.022E+11,28,7,2022,16:30:00,1,75,75120,2,3,1,3,RUE DE BAGNOLET,"488,596,700,000","24,031,000,000",2.022E+11,784 474,Z01,2,1,0,2,7,15,5,NULL,2.022E+11,1 060 442,784 474,Z01,1,1,1,-1,NULL,-1,-1,-1,-1,-1,-1,-1,2.022E+11,4,RUE DE BAGNOLET,0,NULL,2,2,0,1,-1,-1,1,NULL,-1,1,0,1,30,
2.022E+11,28,7,2022,16:30:00,1,75,75120,2,3,1,3,RUE DE BAGNOLET,"488,596,700,000","24,031,000,000",2.022E+11,784 474,Z01,2,1,0,2,7,15,5,NULL,2.022E+11,1 060 447,784 477,A01,1,1,3,1,1965,1,2,0,-1,0,0,-1,2.022E+11,4,RUE DE BAGNOLET,0,NULL,2,2,0,1,-1,-1,1,NULL,-1,1,0,1,30,
2.022E+11,3,2,2022,08:30:00,1,83,83069,2,1,1,6,VILETTE (CHEMIN DE LA),"431,051,300,000","61,273,100,000",2.022E+11,784 277,B01,1,1,0,0,0,0,5,NULL,2.022E+11,1 060 197,784 277,B01,1,1,3,1,2011,0,8,-1,-1,-1,-1,-1,2.022E+11,7,VILETTE (CHEMIN DE LA),0,NULL,2,2,0,1,5,300,1,NULL,-1,1,0,1,50,
2.022E+11,3,2,2022,08:30:00,1,83,83069,2,1,1,6,VILETTE (CHEMIN DE LA),"431,051,300,000","61,273,100,000",2.022E+11,784 277,B01,1,1,0,0,0,0,5,NULL,2.022E+11,1 060 199,784 279,A01,1,1,1,1,1985,4,8,-1,-1,-1,-1,-1,2.022E+11,7,VILETTE (CHEMIN DE LA),0,NULL,2,2,0,1,5,300,1,NULL,-1,1,0,1,50,
2.022E+11,3,2,2022,13:52:00,1,29,29039,2,8,8,7,Quai Carnot,"478,749,400,000","-39,168,900,000",2.022E+11,784 130,A01,1,1,0,0,8,1,5,NULL,2.022E+11,1 059 977,784 130,A01,1,1,4,1,1965,5,2,-1,-1,-1,-1,-1,2.022E+11,4,CARNOT ( QUAI),0,NULL,1,1,0,1,-1,-1,1,NULL,-1,2,4,1,30,
2.022E+11,24,5,2022,10:30:00,1,56,56178,2,1,1,6,22 Rue d Iéna,"480,631,430,000","-29,659,370,000",2.022E+11,783 845,B01,1,1,1,0,2,21,5,NULL,2.022E+11,1 059 614,783 845,B01,1,1,4,1,1958,0,0,-1,-1,0,0,-1,2.022E+11,4,NULL,-1,NULL,2,2,0,1,-1,-1,1,NULL,7,1,0,1,50,
2.022E+11,24,5,2022,10:30:00,1,56,56178,2,1,1,6,22 Rue d Iéna,"480,631,430,000","-29,659,370,000",2.022E+11,783 845,B01,1,1,1,0,2,21,5,NULL,2.022E+11,1 059 621,783 848,A01,1,1,1,1,1952,3,0,-1,-1,0,0,-1,2.022E+11,4,NULL,-1,NULL,2,2,0,1,-1,-1,1,NULL,7,1,0,1,50,
2.022E+11,13,3,2022,16:20:00,1,75,75115,2,3,2,1,AVENUE EMILE ZOLA,"488,462,240,000","22,794,120,000",2.022E+11,783 639,A01,1,1,0,2,1,17,5,NULL,2.022E+11,1 059 330,783 639,A01,1,1,4,1,2002,5,0,0,-1,0,0,-1,2.022E+11,4,AVENUE EMILE ZOLA,0,NULL,2,2,0,1,-1,-1,1,NULL,-1,2,0,1,30,
2.022E+11,13,3,2022,16:20:00,1,75,75115,2,3,2,1,AVENUE EMILE ZOLA,"488,462,240,000","22,794,120,000",2.022E+11,783 639,A01,1,1,0,2,1,17,5,NULL,2.022E+11,1 059 333,783 642,Z01,1,1,1,-1,NULL,-1,-1,-1,-1,-1,-1,-1,2.022E+11,4,AVENUE EMILE ZOLA,0,NULL,2,2,0,1,-1,-1,1,NULL,-1,2,0,1,30,
2.022E+11,10,3,2022,22:44:00,5,69,69292,2,1,1,1,Boulevard des Oiseaux,"458,150,570,000","48,667,070,000",2.022E+11,783 548,B01,1,1,0,2,8,19,5,NULL,2.022E+11,1 059 210,783 546,A01,1,1,1,1,1992,5,1,-1,-1,0,0,-1,2.022E+11,7,144,-1,NULL,2,2,1,1,0,400,2,NULL,-1,1,0,1,50,
2.022E+11,10,3,2022,22:44:00,5,69,69292,2,1,1,1,Boulevard des Oiseaux,"458,150,570,000","48,667,070,000",2.022E+11,783 548,B01,1,1,0,2,8,19,5,NULL,2.022E+11,1 059 214,783 548,B01,1,1,3,1,2001,1,0,-1,-1,0,0,-1,2.022E+11,7,144,-1,NULL,2,2,1,1,0,400,2,NULL,-1,1,0,1,50,
2.022E+11,25,5,2022,14:01:00,1,66,66136,2,3,1,3,APOLINAIRE GUILLAUME,"427,088,600,000","28,889,400,000",2.022E+11,783 338,A01,2,1,0,2,2,16,5,NULL,2.022E+11,1 058 947,783 338,A01,1,1,4,1,2005,5,8,0,-1,-1,-1,-1,2.022E+11,4,NULL,0,NULL,2,2,0,1,-1,-1,1,NULL,-1,1,0,1,50,
2.022E+11,25,5,2022,14:01:00,1,66,66136,2,3,1,3,APOLINAIRE GUILLAUME,"427,088,600,000","28,889,400,000",2.022E+11,783 338,A01,2,1,0,2,2,16,5,NULL,2.022E+11,1 058 953,783 343,B01,1,1,1,1,1960,5,1,0,-1,-1,-1,-1,2.022E+11,4,NULL,0,NULL,2,2,0,1,-1,-1,1,NULL,-1,1,0,1,50,
2.022E+11,18,12,2022,22:05:00,5,64,64102,2,1,1,2,Avenue Maréchal Soult,"434,847,600,000","-14,963,300,000",2.022E+11,783 310,B01,1,1,0,2,4,1,5,NULL,2.022E+11,1 058 910,783 306,Z01,1,1,1,1,1980,9,1,0,-1,0,0,-1,2.022E+11,3,SOULT (AVENUE MARECHAL),0,NULL,3,4,3,2,8,437,1,NULL,-1,1,0,1,50,
2.022E+11,18,12,2022,22:05:00,5,64,64102,2,1,1,2,Avenue Maréchal Soult,"434,847,600,000","-14,963,300,000",2.022E+11,783 310,B01,1,1,0,2,4,1,5,NULL,2.022E+11,1 058 914,783 310,B01,1,1,3,2,1993,5,8,0,-1,0,0,-1,2.022E+11,3,SOULT (AVENUE MARECHAL),0,NULL,3,4,3,2,8,437,1,NULL,-1,1,0,1,50,
2.022E+11,28,5,2022,14:00:00,1,62,62774,2,3,1,3,D243E3,"509,439,520,000","17,463,750,000",2.022E+11,783 286,B01,2,1,0,2,1,1,5,NULL,2.022E+11,1 058 881,783 283,A01,1,1,1,1,1969,5,1,0,-1,-1,-1,-1,2.022E+11,3,EGLISE (RUE DE L'),0,NULL,2,2,0,1,30,1007,1,NULL,-1,1,0,1,50,
2.022E+11,28,5,2022,14:00:00,1,62,62774,2,3,1,3,D243E3,"509,439,520,000","17,463,750,000",2.022E+11,783 286,B01,2,1,0,2,1,1,5,NULL,2.022E+11,1 058 884,783 286,B01,1,1,3,1,2004,5,2,8,-1,-1,-1,-1,2.022E+11,3,EGLISE (RUE DE L'),0,NULL,2,2,0,1,30,1007,1,NULL,-1,1,0,1,50,
2.022E+11,25,5,2022,07:30:00,1,59,59588,1,1,1,1,UXEM CD 2 - ROUTE,"510,108,100,000","24,568,400,000",2.022E+11,783 246,B01,2,1,0,2,1,0,5,NULL,2.022E+11,1 058 828,783 246,B01,1,1,3,1,2006,5,8,0,-1,-1,-1,-1,2.022E+11,3,UXEM CD 2 - ROUTE,0,NULL,2,2,0,1,-1,-1,3,NULL,-1,1,0,1,70,
2.022E+11,25,5,2022,07:30:00,1,59,59588,1,1,1,1,UXEM CD 2 - ROUTE,"510,108,100,000","24,568,400,000",2.022E+11,783 246,B01,2,1,0,2,1,0,5,NULL,2.022E+11,1 058 832,783 248,A01,1,1,1,2,2004,2,1,0,-1,-1,-1,-1,2.022E+11,3,UXEM CD 2 - ROUTE,0,NULL,2,2,0,1,-1,-1,3,NULL,-1,1,0,1,70,
2.022E+11,17,12,2022,15:15:00,1,56,56121,2,1,1,3,LECLERC ( BD GENERAL ),"477,488,000,000","-33,657,000,000",2.022E+11,783 108,A01,2,1,0,1,3,1,5,NULL,2.022E+11,1 058 630,783 107,B01,1,1,1,1,1982,5,1,0,-1,0,0,-1,2.022E+11,4,LECLERC ( BD GENERAL ),0,NULL,3,2,1,1,-1,-1,1,NULL,-1,1,0,1,30,
2.022E+11,17,12,2022,15:15:00,1,56,56121,2,1,1,3,LECLERC ( BD GENERAL ),"477,488,000,000","-33,657,000,000",2.022E+11,783 108,A01,2,1,0,1,3,1,5,NULL,2.022E+11,1 058 632,783 108,A01,10,3,4,1,2010,5,0,-1,-1,3,3,2,2.022E+11,4,LECLERC ( BD GENERAL ),0,NULL,3,2,1,1,-1,-1,1,NULL,-1,1,0,1,30,
2.022E+11,17,12,2022,15:15:00,1,56,56121,2,1,1,3,LECLERC ( BD GENERAL ),"477,488,000,000","-33,657,000,000",2.022E+11,783 108,A01,2,1,0,1,3,1,5,NULL,2.022E+11,1 058 633,783 108,A01,1,1,4,1,2000,5,8,0,-1,0,0,-1,2.022E+11,4,LECLERC ( BD GENERAL ),0,NULL,3,2,1,1,-1,-1,1,NULL,-1,1,0,1,30,
2.022E+11,21,12,2022,12:05:00,1,33,33529,2,1,1,1,MIQUELOTS (BD DES),"446,106,470,000","-11,454,120,000",2.022E+11,782 827,B01,1,1,0,2,1,1,5,NULL,2.022E+11,1 058 267,782 827,B01,1,1,4,2,1961,0,0,-1,-1,0,0,-1,2.022E+11,4,MIQUELOTS (BD DES),0,NULL,2,2,0,1,-1,-1,1,NULL,-1,2,0,1,50,
2.022E+11,21,12,2022,12:05:00,1,33,33529,2,1,1,1,MIQUELOTS (BD DES),"446,106,470,000","-11,454,120,000",2.022E+11,782 827,B01,1,1,0,2,1,1,5,NULL,2.022E+11,1 058 270,782 830,A01,1,1,1,2,1972,0,1,-1,-1,0,0,-1,2.022E+11,4,MIQUELOTS (BD DES),0,NULL,2,2,0,1,-1,-1,1,NULL,-1,2,0,1,50,
2.022E+11,5,9,2022,22:50:00,5,973,97302,2,2,1,7,RABAN (ROUTE DE),"49,310,725,531","-523,132,333,159",2.022E+11,782 774,A01,2,1,0,0,0,15,5,NULL,2.022E+11,1 058 200,782 774,A01,1,1,4,1,2001,5,8,0,-1,-1,-1,-1,2.022E+11,3,RABAN (ROUTE DE),0,NULL,2,2,0,1,2,100,1,NULL,-1,1,0,1,50,
2.022E+11,6,9,2022,19:25:00,1,31,31555,2,1,1,3,AV JOLIOT CURIE,"435,579,800,000","14,258,000,000",2.022E+11,782 626,A01,3,1,0,2,7,19,5,NULL,2.022E+11,1 058 008,782 624,B01,1,1,1,1,1971,1,1,8,-1,-1,-1,-1,2.022E+11,4,AV JOLIOT CURIE,0,NULL,2,4,0,1,-1,-1,1,NULL,-1,1,0,5,30,
2.022E+11,6,9,2022,19:25:00,1,31,31555,2,1,1,3,AV JOLIOT CURIE,"435,579,800,000","14,258,000,000",2.022E+11,782 626,A01,3,1,0,2,7,19,5,NULL,2.022E+11,1 058 010,782 626,A01,1,1,4,1,1993,1,8,0,-1,-1,-1,-1,2.022E+11,4,AV JOLIOT CURIE,0,NULL,2,4,0,1,-1,-1,1,NULL,-1,1,0,5,30,
2.022E+11,23,4,2022,17:30:00,1,36,36093,2,1,8,3,Chemin de la Piscine,"469,845,950,000","16,086,840,000",2.022E+11,782 427,A01,3,1,0,2,1,0,5,NULL,2.022E+11,1 057 754,782 425,B01,1,1,1,1,2000,5,1,-1,-1,0,0,-1,2.022E+11,4,NULL,-1,NULL,2,2,0,1,-1,-1,3,NULL,4,1,0,1,50,
2.022E+11,23,4,2022,17:30:00,1,36,36093,2,1,8,3,Chemin de la Piscine,"469,845,950,000","16,086,840,000",2.022E+11,782 427,A01,3,1,0,2,1,0,5,NULL,2.022E+11,1 057 756,782 427,A01,1,1,3,1,2014,5,2,-1,-1,0,0,-1,2.022E+11,4,NULL,-1,NULL,2,2,0,1,-1,-1,3,NULL,4,1,0,1,50,
2.022E+11,26,6,2022,17:40:00,1,1,1249,2,9,1,6,Rue Joseph Carre,"458,256,830,000","49,537,230,000",2.022E+11,782 253,A01,1,1,0,1,1,1,5,NULL,2.022E+11,1 057 500,782 253,A01,10,3,4,1,2011,2,0,-1,-1,3,3,3,2.022E+11,3,71,0,NULL,2,2,0,4,0,132,1,NULL,-1,1,9,1,50,
2.022E+11,26,6,2022,17:40:00,1,1,1249,2,9,1,6,Rue Joseph Carre,"458,256,830,000","49,537,230,000",2.022E+11,782 253,A01,1,1,0,1,1,1,5,NULL,2.022E+11,1 057 502,782 253,A01,1,1,4,1,1994,5,2,-1,-1,0,0,-1,2.022E+11,3,71,0,NULL,2,2,0,4,0,132,1,NULL,-1,1,9,1,50,
2.022E+11,21,4,2022,11:55:00,1,93,93070,2,1,1,3,Boulevard Jean Jaurès,"489,141,600,000","23,365,800,000",2.022E+11,781 979,A01,1,1,0,2,5,15,5,NULL,2.022E+11,1 057 129,781 979,A01,2,1,4,1,1990,0,8,0,-1,-1,-1,-1,2.022E+11,3,JEAN-JAURES (BD),0,NULL,2,2,1,1,0,1,1,NULL,-1,1,0,1,50,
2.022E+11,21,4,2022,11:55:00,1,93,93070,2,1,1,3,Boulevard Jean Jaurès,"489,141,600,000","23,365,800,000",2.022E+11,781 979,A01,1,1,0,2,5,15,5,NULL,2.022E+11,1 057 130,781 980,B01,1,1,1,1,1947,0,1,8,-1,-1,-1,-1,2.022E+11,3,JEAN-JAURES (BD),0,NULL,2,2,1,1,0,1,1,NULL,-1,1,0,1,50,
2.022E+11,20,4,2022,12:28:00,1,93,93006,2,3,1,3,Avenue du Général de Gaulle / Avenue des Camélias,"488,660,180,000","24,178,330,000",2.022E+11,781 974,B01,3,1,0,2,6,1,5,NULL,2.022E+11,1 057 120,781 973,A01,1,1,1,1,1977,9,1,0,-1,-1,-1,-1,2.022E+11,3,GAL DE GAULLE AV. DU,0,NULL,2,2,0,1,-1,-1,1,NULL,-1,1,0,1,50,
2.022E+11,20,4,2022,12:28:00,1,93,93006,2,3,1,3,Avenue du Général de Gaulle / Avenue des Camélias,"488,660,180,000","24,178,330,000",2.022E+11,781 974,B01,3,1,0,2,6,1,5,NULL,2.022E+11,1 057 121,781 974,B01,1,1,4,1,1961,9,8,0,-1,-1,-1,-1,2.022E+11,3,GAL DE GAULLE AV. DU,0,NULL,2,2,0,1,-1,-1,1,NULL,-1,1,0,1,50,
2.022E+11,9,10,2022,18:45:00,1,93,93064,2,3,1,3,Avenue du Général de Gaulle / Centre Commercial Westfield Rosny 2,"488,848,800,000","24,735,000,000",2.022E+11,781 809,A01,1,1,0,2,8,1,5,NULL,2.022E+11,1 056 906,781 809,A01,1,1,4,2,1967,0,8,0,-1,0,0,-1,2.022E+11,3,DE GAULLE (AV DU GENERAL) 58/49 - FIN,0,NULL,3,2,2,1,1,1,1,NULL,-1,1,0,5,50,
2.022E+11,9,10,2022,18:45:00,1,93,93064,2,3,1,3,Avenue du Général de Gaulle / Centre Commercial Westfield Rosny 2,"488,848,800,000","24,735,000,000",2.022E+11,781 809,A01,1,1,0,2,8,1,5,NULL,2.022E+11,1 056 907,781 810,B01,1,1,-1,-1,NULL,-1,-1,-1,-1,-1,-1,-1,2.022E+11,3,DE GAULLE (AV DU GENERAL) 58/49 - FIN,0,NULL,3,2,2,1,1,1,1,NULL,-1,1,0,5,50,
2.022E+11,9,10,2022,10:00:00,1,93,93057,2,1,1,1,Allée des Martyrs,"489,100,869,285","25,185,791,641",2.022E+11,781 804,B01,0,1,1,0,1,1,5,NULL,2.022E+11,1 056 898,781 803,A01,1,1,1,1,1983,9,1,0,-1,0,0,-1,2.022E+11,4,MARTYRS (AL. DES,0,NULL,1,1,0,1,1,0,1,NULL,-1,1,0,1,30,
2.022E+11,9,10,2022,10:00:00,1,93,93057,2,1,1,1,Allée des Martyrs,"489,100,869,285","25,185,791,641",2.022E+11,781 804,B01,0,1,1,0,1,1,5,NULL,2.022E+11,1 056 899,781 804,B01,1,1,4,1,1992,5,8,0,-1,0,0,-1,2.022E+11,4,MARTYRS (AL. DES,0,NULL,1,1,0,1,1,0,1,NULL,-1,1,0,1,30,
2.022E+11,8,10,2022,20:52:00,5,75,75117,2,2,1,2,AVENUE DE CLICHY,"488,905,720,000","23,202,100,000",2.022E+11,781 611,A01,1,1,0,2,1,2,5,NULL,2.022E+11,1 056 635,781 611,A01,1,1,4,1,2000,5,8,0,-1,0,0,-1,2.022E+11,4,AVENUE DE CLICHY,0,NULL,2,3,0,2,-1,-1,1,NULL,-1,1,0,1,30,