Accident_Id,jour,mois,an,hrmn,lum,dep,com,agg,int,atm,col,adr,lat,long,Num_Acc,id_vehicule,num_veh,senc,catv,obs,obsm,choc,manv,motor,occutc,Num_Acc,id_usager,id_vehicule,num_veh,place,catu,grav,sexe,an_nais,trajet,secu1,secu2,secu3,locp,actp,etatp,Num_Acc,catr,voie,v1,v2,circ,nbv,vosp,prof,pr,pr1,plan,lartpc,larrout,surf,infra,situ,vma,
2.022E+11,8,10,2022,20:52:00,5,75,75117,2,2,1,2,AVENUE DE CLICHY,"488,905,720,000","23,202,100,000",2.022E+11,781 611,A01,1,1,0,2,1,2,5,NULL,2.022E+11,1 056 636,781 612,B01,2,2,1,2,1995,1,1,0,-1,0,0,-1,2.022E+11,4,AVENUE DE CLICHY,0,NULL,2,3,0,2,-1,-1,1,NULL,-1,1,0,1,30,
2.022E+11,8,10,2022,20:52:00,5,75,75117,2,2,1,2,AVENUE DE CLICHY,"488,905,720,000","23,202,100,000",2.022E+11,781 611,A01,1,1,0,2,1,2,5,NULL,2.022E+11,1 056 637,781 612,B01,1,1,1,1,1990,1,1,0,-1,0,0,-1,2.022E+11,4,AVENUE DE CLICHY,0,NULL,2,3,0,2,-1,-1,1,NULL,-1,1,0,1,30,
2.022E+11,8,10,2022,04:35:00,5,75,75104,2,2,1,3,RUE DE RIVOLI,"488,575,320,000","23,513,530,000",2.022E+11,781 596,B01,1,1,0,2,1,1,5,NULL,2.022E+11,1 056 615,781 596,B01,1,1,4,1,1976,5,8,0,-1,0,0,-1,2.022E+11,4,RUE DE RIVOLI,0,NULL,1,2,0,1,-1,-1,1,NULL,-1,1,0,1,30,
2.022E+11,8,10,2022,04:35:00,5,75,75104,2,2,1,3,RUE DE RIVOLI,"488,575,320,000","23,513,530,000",2.022E+11,781 596,B01,1,1,0,2,1,1,5,NULL,2.022E+11,1 056 616,781 597,A01,1,1,1,1,1981,4,1,0,-1,0,0,-1,2.022E+11,4,RUE DE RIVOLI,0,NULL,1,2,0,1,-1,-1,1,NULL,-1,1,0,1,30,
2.022E+11,8,10,2022,07:30:00,2,92,92002,2,3,1,3,EGLISE (RUE DE L'),"487,520,500,000","22,968,400,000",2.022E+11,781 575,A01,1,1,0,2,7,15,5,NULL,2.022E+11,1 056 588,781 575,A01,1,1,4,1,2000,4,8,0,-1,-1,-1,-1,2.022E+11,4,NULL,0,NULL,2,2,0,2,0,0,1,NULL,-1,1,0,1,50,
2.022E+11,8,10,2022,07:30:00,2,92,92002,2,3,1,3,EGLISE (RUE DE L'),"487,520,500,000","22,968,400,000",2.022E+11,781 575,A01,1,1,0,2,7,15,5,NULL,2.022E+11,1 056 589,781 576,B01,1,1,1,2,1962,5,1,0,-1,-1,-1,-1,2.022E+11,4,NULL,0,NULL,2,2,0,2,0,0,1,NULL,-1,1,0,1,50,
2.022E+11,15,11,2022,10:30:00,1,4,4112,2,6,8,3,PASTEUR (BD.),"438,291,400,000","57,823,500,000",2.022E+11,781 529,B01,1,1,0,0,0,0,0,NULL,2.022E+11,1 056 538,781 529,B01,1,1,3,2,1975,1,8,8,-1,9,1,1,2.022E+11,4,PASTEUR (BD.),0,NULL,3,1,0,2,-1,-1,1,NULL,-1,1,0,1,50,
2.022E+11,15,11,2022,10:30:00,1,4,4112,2,6,8,3,PASTEUR (BD.),"438,291,400,000","57,823,500,000",2.022E+11,781 529,B01,1,1,0,0,0,0,0,NULL,2.022E+11,1 056 539,781 530,A01,1,1,1,1,1991,4,1,8,-1,-1,-1,-1,2.022E+11,4,PASTEUR (BD.),0,NULL,3,1,0,2,-1,-1,1,NULL,-1,1,0,1,50,
2.022E+11,29,7,2022,14:25:00,1,34,34145,2,2,1,1,Route de la Mer,"436,688,900,000","41,435,060,000",2.022E+11,781 329,B01,0,1,0,2,8,19,5,NULL,2.022E+11,1 056 275,781 329,B01,1,1,4,1,2004,1,0,-1,-1,0,0,-1,2.022E+11,3,61,0,D,2,1,0,1,1,1247,1,NULL,-1,1,5,1,80,
2.022E+11,29,7,2022,14:25:00,1,34,34145,2,2,1,1,Route de la Mer,"436,688,900,000","41,435,060,000",2.022E+11,781 329,B01,0,1,0,2,8,19,5,NULL,2.022E+11,1 056 277,781 331,A01,1,1,1,1,1974,1,1,-1,-1,0,0,-1,2.022E+11,3,61,0,D,2,1,0,1,1,1247,1,NULL,-1,1,5,1,80,
2.022E+11,8,11,2022,18:30:00,2,31,31555,2,2,1,3,RUE DES LIBELLULES,"435,745,000,000","14,573,300,000",2.022E+11,780 989,B01,3,1,0,2,1,1,5,NULL,2.022E+11,1 055 834,780 989,B01,1,1,3,1,2004,2,8,0,-1,0,0,-1,2.022E+11,4,RUE DES LIBELLULES,0,NULL,2,4,2,1,-1,-1,1,NULL,-1,1,0,5,50,
2.022E+11,8,11,2022,18:30:00,2,31,31555,2,2,1,3,RUE DES LIBELLULES,"435,745,000,000","14,573,300,000",2.022E+11,780 989,B01,3,1,0,2,1,1,5,NULL,2.022E+11,1 055 837,780 992,A01,1,1,1,2,1979,1,1,0,-1,0,0,-1,2.022E+11,4,RUE DES LIBELLULES,0,NULL,2,4,2,1,-1,-1,1,NULL,-1,1,0,5,50,
2.022E+11,25,7,2022,10:00:00,1,5,5023,1,2,1,3,ITALIE (ROUTE D'),"449,097,900,000","66,640,300,000",2.022E+11,780 669,B01,2,1,0,2,1,1,5,NULL,2.022E+11,1 055 430,780 669,B01,1,1,4,2,1951,5,2,0,-1,0,0,-1,2.022E+11,2,ITALIE (ROUTE D'),0,NULL,2,2,0,1,164,0,1,NULL,-1,1,0,5,70,
2.022E+11,25,7,2022,10:00:00,1,5,5023,1,2,1,3,ITALIE (ROUTE D'),"449,097,900,000","66,640,300,000",2.022E+11,780 669,B01,2,1,0,2,1,1,5,NULL,2.022E+11,1 055 431,780 670,A01,1,1,1,1,1978,5,1,-1,-1,0,0,-1,2.022E+11,2,ITALIE (ROUTE D'),0,NULL,2,2,0,1,164,0,1,NULL,-1,1,0,5,70,
2.022E+11,26,5,2022,03:30:00,3,75,75105,2,1,1,6,RUE DANTE,"488,512,200,000","23,466,020,000",2.022E+11,780 655,A01,2,1,1,0,1,13,5,NULL,2.022E+11,1 055 411,780 655,A01,1,1,4,1,1987,5,2,0,-1,0,0,-1,2.022E+11,4,RUE DANTE,0,NULL,2,2,1,1,-1,-1,1,NULL,-1,1,-1,5,30,
2.022E+11,27,7,2022,19:00:00,1,75,75111,2,1,1,3,AVENUE PARMENTIER,"488,632,230,000","23,760,610,000",2.022E+11,780 606,B01,1,1,0,2,1,1,5,NULL,2.022E+11,1 055 346,780 605,A01,1,1,1,1,1991,9,8,8,-1,0,0,-1,2.022E+11,4,AVENUE PARMENTIER,0,NULL,2,2,0,1,-1,-1,1,NULL,-1,1,0,1,30,
2.022E+11,27,7,2022,19:00:00,1,75,75111,2,1,1,3,AVENUE PARMENTIER,"488,632,230,000","23,760,610,000",2.022E+11,780 606,B01,1,1,0,2,1,1,5,NULL,2.022E+11,1 055 348,780 606,B01,1,1,4,1,1954,5,2,0,-1,0,0,-1,2.022E+11,4,AVENUE PARMENTIER,0,NULL,2,2,0,1,-1,-1,1,NULL,-1,1,0,1,30,
2.022E+11,27,7,2022,11:00:00,1,75,75104,2,3,1,7,RUE DE RIVOLI,"488,554,720,000","23,601,030,000",2.022E+11,780 589,A01,1,1,0,0,0,1,5,NULL,2.022E+11,1 055 329,780 589,A01,1,1,4,1,1943,5,2,0,-1,0,0,-1,2.022E+11,4,RUE DE RIVOLI,0,NULL,2,2,1,1,-1,-1,1,NULL,-1,1,0,5,30,
2.022E+11,27,5,2022,19:50:00,1,75,75112,2,1,1,3,BOULEVARD DIDEROT,"488,459,929,132","23,750,001,309",2.022E+11,780 547,B01,1,1,0,2,1,1,5,NULL,2.022E+11,1 055 276,780 546,A01,1,1,1,1,1976,4,1,0,-1,0,0,-1,2.022E+11,4,BOULEVARD DIDEROT,0,NULL,1,2,1,1,-1,-1,1,NULL,-1,1,-1,5,30,
2.022E+11,27,5,2022,19:50:00,1,75,75112,2,1,1,3,BOULEVARD DIDEROT,"488,459,929,132","23,750,001,309",2.022E+11,780 547,B01,1,1,0,2,1,1,5,NULL,2.022E+11,1 055 282,780 547,B01,1,1,4,2,2001,5,2,0,-1,0,0,-1,2.022E+11,4,BOULEVARD DIDEROT,0,NULL,1,2,1,1,-1,-1,1,NULL,-1,1,-1,5,30,
2.022E+11,28,5,2022,20:25:00,1,75,75110,2,2,1,2,RUE DE SAINT QUENTIN,"488,782,130,000","23,555,590,000",2.022E+11,780 537,A01,2,1,0,2,4,17,5,NULL,2.022E+11,1 055 267,780 537,A01,1,1,4,1,1981,9,2,0,-1,0,0,-1,2.022E+11,4,RUE DE SAINT QUENTIN,0,NULL,2,3,0,2,-1,-1,1,NULL,-1,1,0,1,30,
2.022E+11,28,5,2022,20:25:00,1,75,75110,2,2,1,2,RUE DE SAINT QUENTIN,"488,782,130,000","23,555,590,000",2.022E+11,780 537,A01,2,1,0,2,4,17,5,NULL,2.022E+11,1 055 268,780 538,Z01,1,1,1,-1,NULL,-1,-1,-1,-1,-1,-1,-1,2.022E+11,4,RUE DE SAINT QUENTIN,0,NULL,2,3,0,2,-1,-1,1,NULL,-1,1,0,1,30,
2.022E+11,27,7,2022,07:50:00,1,56,56094,1,6,1,3,Kernours,"477,593,560,000","-32,831,100,000",2.022E+11,780 458,B01,2,1,0,2,7,1,5,NULL,2.022E+11,1 055 157,780 458,B01,1,1,4,1,1979,1,2,-1,-1,0,0,-1,2.022E+11,3,194,-1,NULL,1,2,0,1,3,650,3,NULL,-1,1,5,1,80,
2.022E+11,27,7,2022,07:50:00,1,56,56094,1,6,1,3,Kernours,"477,593,560,000","-32,831,100,000",2.022E+11,780 458,B01,2,1,0,2,7,1,5,NULL,2.022E+11,1 055 160,780 461,A01,1,1,1,1,1991,1,1,-1,-1,0,0,-1,2.022E+11,3,194,-1,NULL,1,2,0,1,3,650,3,NULL,-1,1,5,1,80,
2.022E+11,27,5,2022,12:20:00,1,92,92025,2,1,1,6,BOURNARD (RUE DU),"489,229,090,000","22,554,660,000",2.022E+11,780 395,A01,3,1,0,1,1,1,5,NULL,2.022E+11,1 055 075,780 395,A01,1,1,1,1,1998,1,2,0,-1,-1,-1,-1,2.022E+11,3,986,0,NULL,1,4,0,1,0,0,1,NULL,-1,1,0,1,30,
2.022E+11,27,5,2022,12:20:00,1,92,92025,2,1,1,6,BOURNARD (RUE DU),"489,229,090,000","22,554,660,000",2.022E+11,780 395,A01,3,1,0,1,1,1,5,NULL,2.022E+11,1 055 076,780 395,A01,10,3,4,1,1945,5,0,-1,-1,3,3,1,2.022E+11,3,986,0,NULL,1,4,0,1,0,0,1,NULL,-1,1,0,1,30,
2.022E+11,10,7,2022,21:28:00,1,45,45069,2,6,1,3,2 Chemin des Murailles,"480,575,780,000","22,922,640,000",2.022E+11,780 379,B01,1,1,0,0,7,1,5,NULL,2.022E+11,1 055 051,780 378,A01,1,1,1,1,1982,0,8,-1,-1,0,0,-1,2.022E+11,3,30,0,NULL,2,2,0,1,7,585,1,NULL,-1,1,0,1,30,
2.022E+11,10,7,2022,21:28:00,1,45,45069,2,6,1,3,2 Chemin des Murailles,"480,575,780,000","22,922,640,000",2.022E+11,780 379,B01,1,1,0,0,7,1,5,NULL,2.022E+11,1 055 054,780 379,B01,1,1,4,2,2006,5,0,-1,-1,0,0,-1,2.022E+11,3,30,0,NULL,2,2,0,1,7,585,1,NULL,-1,1,0,1,30,
2.022E+11,31,1,2022,19:15:00,3,49,49267,2,3,1,3,Chemin de la Romanerie,"474,825,000,000"," -0,5020000000",2.022E+11,780 201,B01,1,1,0,2,1,1,5,NULL,2.022E+11,1 054 772,780 201,B01,1,1,4,1,1992,1,8,0,-1,-1,-1,-1,2.022E+11,4,PAON,0,NULL,2,2,0,1,-1,-1,1,NULL,-1,1,0,1,50,
2.022E+11,31,1,2022,19:15:00,3,49,49267,2,3,1,3,Chemin de la Romanerie,"474,825,000,000"," -0,5020000000",2.022E+11,780 201,B01,1,1,0,2,1,1,5,NULL,2.022E+11,1 054 773,780 203,A01,1,1,1,-1,NULL,-1,-1,-1,-1,-1,-1,-1,2.022E+11,4,PAON,0,NULL,2,2,0,1,-1,-1,1,NULL,-1,1,0,1,50,
2.022E+11,21,12,2022,15:40:00,1,9,9122,1,6,7,3,RD 919,"430,029,150,000","16,136,530,000",2.022E+11,780 186,B01,1,1,0,2,7,1,5,NULL,2.022E+11,1 054 755,780 186,B01,1,1,4,1,1991,1,8,0,-1,-1,-1,-1,2.022E+11,3,RD 919,0,NULL,1,1,0,4,45,401,4,NULL,-1,1,9,1,50,
2.022E+11,21,12,2022,15:40:00,1,9,9122,1,6,7,3,RD 919,"430,029,150,000","16,136,530,000",2.022E+11,780 186,B01,1,1,0,2,7,1,5,NULL,2.022E+11,1 054 759,780 188,A01,1,1,1,1,1932,5,1,0,-1,-1,-1,-1,2.022E+11,3,RD 919,0,NULL,1,1,0,4,45,401,4,NULL,-1,1,9,1,50,
2.022E+11,11,3,2022,22:44:00,5,49,49007,2,1,1,3,DUNANT BOULEVARD,"474,854,300,000"," -0,5329600000",2.022E+11,779 905,B01,1,1,0,2,1,1,5,NULL,2.022E+11,1 054 373,779 904,A01,1,1,1,1,2003,0,8,0,-1,-1,-1,-1,2.022E+11,4,DUNANT BOULEVARD,0,NULL,2,4,0,1,1,0,1,NULL,-1,1,0,1,50,
2.022E+11,11,3,2022,22:44:00,5,49,49007,2,1,1,3,DUNANT BOULEVARD,"474,854,300,000"," -0,5329600000",2.022E+11,779 905,B01,1,1,0,2,1,1,5,NULL,2.022E+11,1 054 374,779 904,A01,2,2,1,1,2001,0,8,0,-1,-1,-1,-1,2.022E+11,4,DUNANT BOULEVARD,0,NULL,2,4,0,1,1,0,1,NULL,-1,1,0,1,50,
2.022E+11,11,3,2022,22:44:00,5,49,49007,2,1,1,3,DUNANT BOULEVARD,"474,854,300,000"," -0,5329600000",2.022E+11,779 905,B01,1,1,0,2,1,1,5,NULL,2.022E+11,1 054 375,779 905,B01,1,1,4,1,1994,5,8,0,-1,-1,-1,-1,2.022E+11,4,DUNANT BOULEVARD,0,NULL,2,4,0,1,1,0,1,NULL,-1,1,0,1,50,
2.022E+11,6,9,2022,20:15:00,2,75,75110,2,1,1,3,RUE DU CHATEAU D EAU,"488,726,200,000","23,550,020,000",2.022E+11,779 687,A01,2,1,0,2,8,1,5,NULL,2.022E+11,1 054 102,779 687,A01,1,1,4,2,1977,5,2,0,-1,0,0,-1,2.022E+11,4,RUE DU CHATEAU D EAU,0,NULL,2,2,0,1,-1,-1,1,NULL,-1,1,0,1,30,
2.022E+11,6,9,2022,20:15:00,2,75,75110,2,1,1,3,RUE DU CHATEAU D EAU,"488,726,200,000","23,550,020,000",2.022E+11,779 687,A01,2,1,0,2,8,1,5,NULL,2.022E+11,1 054 104,779 688,Z01,1,1,1,-1,NULL,-1,-1,-1,-1,-1,-1,-1,2.022E+11,4,RUE DU CHATEAU D EAU,0,NULL,2,2,0,1,-1,-1,1,NULL,-1,1,0,1,30,
2.022E+11,5,9,2022,13:45:00,1,75,75101,2,2,1,6,RUE DE RIVOLI,"488,591,100,000","23,464,330,000",2.022E+11,779 680,A01,2,1,0,1,1,1,5,NULL,2.022E+11,1 054 095,779 680,A01,10,3,4,2,1961,5,0,-1,-1,4,3,1,2.022E+11,4,RUE DE RIVOLI,0,NULL,2,3,1,1,-1,-1,1,NULL,-1,1,0,5,30,
2.022E+11,5,9,2022,13:45:00,1,75,75101,2,2,1,6,RUE DE RIVOLI,"488,591,100,000","23,464,330,000",2.022E+11,779 680,A01,2,1,0,1,1,1,5,NULL,2.022E+11,1 054 096,779 680,A01,1,1,1,1,1963,4,0,0,-1,0,0,-1,2.022E+11,4,RUE DE RIVOLI,0,NULL,2,3,1,1,-1,-1,1,NULL,-1,1,0,5,30,
2.022E+11,5,9,2022,12:20:00,1,92,92004,2,1,1,3,MARNE   ( AVENUE DE LA ),"489,063,900,000","22,816,900,000",2.022E+11,779 591,B01,1,1,0,2,2,1,5,NULL,2.022E+11,1 053 977,779 591,B01,1,1,4,1,1939,0,8,0,-1,-1,-1,-1,2.022E+11,3,9,0,NULL,1,2,0,1,0,0,1,NULL,-1,1,0,1,30,
2.022E+11,5,9,2022,12:20:00,1,92,92004,2,1,1,3,MARNE   ( AVENUE DE LA ),"489,063,900,000","22,816,900,000",2.022E+11,779 591,B01,1,1,0,2,2,1,5,NULL,2.022E+11,1 053 980,779 594,A01,1,1,1,2,1962,0,1,0,-1,0,0,-1,2.022E+11,3,9,0,NULL,1,2,0,1,0,0,1,NULL,-1,1,0,1,30,
2.022E+11,7,9,2022,09:45:00,1,42,42311,2,4,7,1,Route de Bayard,"454,819,800,000","43,898,530,000",2.022E+11,779 514,B01,2,1,0,2,1,1,5,NULL,2.022E+11,1 053 865,779 513,A01,1,1,1,1,1940,5,1,-1,-1,0,0,-1,2.022E+11,7,1498,-1,NULL,2,2,0,1,51,200,1,NULL,-1,1,5,1,70,
2.022E+11,7,9,2022,09:45:00,1,42,42311,2,4,7,1,Route de Bayard,"454,819,800,000","43,898,530,000",2.022E+11,779 514,B01,2,1,0,2,1,1,5,NULL,2.022E+11,1 053 869,779 514,B01,1,1,4,1,1989,5,2,-1,-1,0,0,-1,2.022E+11,7,1498,-1,NULL,2,2,0,1,51,200,1,NULL,-1,1,5,1,70,
2.022E+11,12,3,2022,19:00:00,5,67,67342,2,3,1,6,14 Rue du Klintz,"485,491,500,000","73,169,930,000",2.022E+11,779 499,B01,0,1,0,2,2,0,5,NULL,2.022E+11,1 053 848,779 499,B01,1,1,4,1,2004,5,0,-1,-1,0,0,-1,2.022E+11,4,NULL,0,NULL,2,1,0,2,-1,-1,2,NULL,3,1,0,1,30,
2.022E+11,12,3,2022,19:00:00,5,67,67342,2,3,1,6,14 Rue du Klintz,"485,491,500,000","73,169,930,000",2.022E+11,779 499,B01,0,1,0,2,2,0,5,NULL,2.022E+11,1 053 849,779 500,A01,1,1,1,1,1956,0,1,-1,-1,0,0,-1,2.022E+11,4,NULL,0,NULL,2,1,0,2,-1,-1,2,NULL,3,1,0,1,30,
2.022E+11,2,9,2022,07:45:00,1,67,67482,2,3,7,3,ORPHELINAT (ALLEE DE L ),"485,627,000,000","77,624,300,000",2.022E+11,779 293,B01,2,1,0,2,3,25,5,NULL,2.022E+11,1 053 576,779 292,A01,1,1,1,2,1979,4,1,8,-1,-1,-1,-1,2.022E+11,4,ORPHELINAT (ALLEE DE L ),0,NULL,1,1,0,1,-1,-1,1,NULL,-1,1,0,1,30,
2.022E+11,2,9,2022,07:45:00,1,67,67482,2,3,7,3,ORPHELINAT (ALLEE DE L ),"485,627,000,000","77,624,300,000",2.022E+11,779 293,B01,2,1,0,2,3,25,5,NULL,2.022E+11,1 053 577,779 293,B01,1,1,4,1,2012,2,8,0,-1,-1,-1,-1,2.022E+11,4,ORPHELINAT (ALLEE DE L ),0,NULL,1,1,0,1,-1,-1,1,NULL,-1,1,0,1,30,
2.022E+11,5,9,2022,15:25:00,1,94,94004,2,2,1,3,Boulevard Leon Revillon / Avenue du Général Leclerc,"487,449,034,581","25,118,954,480",2.022E+11,779 157,B01,2,1,0,2,8,1,5,NULL,2.022E+11,1 053 400,779 157,B01,1,1,4,2,2005,0,8,0,-1,0,0,-1,2.022E+11,2,GENERAL LECLERC (AV),0,NULL,2,4,1,1,18,80,1,NULL,-1,1,0,1,50,
2.022E+11,5,9,2022,15:25:00,1,94,94004,2,2,1,3,Boulevard Leon Revillon / Avenue du Général Leclerc,"487,449,034,581","25,118,954,480",2.022E+11,779 157,B01,2,1,0,2,8,1,5,NULL,2.022E+11,1 053 401,779 159,A01,1,1,1,1,2002,0,1,8,-1,0,0,-1,2.022E+11,2,GENERAL LECLERC (AV),0,NULL,2,4,1,1,18,80,1,NULL,-1,1,0,1,50,
2.022E+11,19,4,2022,12:30:00,1,75,75107,2,6,1,2,ROND POINT DU BLEUET DE FRANCE,"488,584,528,818","23,123,726,249",2.022E+11,778 758,B01,1,1,0,2,5,2,5,NULL,2.022E+11,1 052 843,778 757,A01,1,1,1,1,1948,5,1,0,-1,0,0,-1,2.022E+11,4,ROND POINT DU BLEUET DE FRANCE,0,NULL,1,3,0,1,-1,-1,1,NULL,-1,1,8,1,30,
2.022E+11,19,4,2022,12:30:00,1,75,75107,2,6,1,2,ROND POINT DU BLEUET DE FRANCE,"488,584,528,818","23,123,726,249",2.022E+11,778 758,B01,1,1,0,2,5,2,5,NULL,2.022E+11,1 052 844,778 758,B01,1,1,4,2,1966,1,2,0,-1,0,0,-1,2.022E+11,4,ROND POINT DU BLEUET DE FRANCE,0,NULL,1,3,0,1,-1,-1,1,NULL,-1,1,8,1,30,
2.022E+11,22,6,2022,18:30:00,1,50,50129,2,2,1,3,HAGUE (BOULEVARD DE LA),"496,673,700,000","-16,966,700,000",2.022E+11,778 740,B01,2,1,0,2,8,16,5,NULL,2.022E+11,1 052 822,778 737,A01,1,1,1,2,2004,5,1,-1,-1,-1,-1,-1,2.022E+11,3,HAGUE (BOULEVARD DE LA),0,NULL,2,2,1,1,-1,-1,1,NULL,-1,1,0,1,50,
2.022E+11,22,6,2022,18:30:00,1,50,50129,2,2,1,3,HAGUE (BOULEVARD DE LA),"496,673,700,000","-16,966,700,000",2.022E+11,778 740,B01,2,1,0,2,8,16,5,NULL,2.022E+11,1 052 824,778 740,B01,1,1,4,1,1983,5,2,-1,-1,-1,-1,-1,2.022E+11,3,HAGUE (BOULEVARD DE LA),0,NULL,2,2,1,1,-1,-1,1,NULL,-1,1,0,1,50,
2.022E+11,27,9,2022,18:30:00,1,84,84007,2,1,1,6,SIXTE ISNARD (Boulevard),"439,375,700,000","48,118,300,000",2.022E+11,778 274,B01,3,1,0,0,0,0,5,NULL,2.022E+11,1 052 211,778 273,A01,1,1,1,1,1987,9,1,0,-1,-1,-1,-1,2.022E+11,4,SIXTE ISNARD (Boulevard),0,NULL,2,2,2,1,0,1,1,NULL,-1,1,0,1,50,
2.022E+11,27,9,2022,18:30:00,1,84,84007,2,1,1,6,SIXTE ISNARD (Boulevard),"439,375,700,000","48,118,300,000",2.022E+11,778 274,B01,3,1,0,0,0,0,5,NULL,2.022E+11,1 052 212,778 274,B01,1,1,1,1,1988,0,8,8,-1,-1,-1,-1,2.022E+11,4,SIXTE ISNARD (Boulevard),0,NULL,2,2,2,1,0,1,1,NULL,-1,1,0,1,50,
2.022E+11,27,9,2022,18:30:00,1,84,84007,2,1,1,6,SIXTE ISNARD (Boulevard),"439,375,700,000","48,118,300,000",2.022E+11,778 274,B01,3,1,0,0,0,0,5,NULL,2.022E+11,1 052 213,778 274,B01,2,2,4,2,2021,9,3,8,-1,-1,-1,-1,2.022E+11,4,SIXTE ISNARD (Boulevard),0,NULL,2,2,2,1,0,1,1,NULL,-1,1,0,1,50,
2.022E+11,12,11,2022,23:59:00,5,75,75118,2,3,1,3,AVENUE DE SAINT OUEN,"488,904,110,000","23,265,810,000",2.022E+11,777 863,A01,1,1,0,2,0,1,5,NULL,2.022E+11,1 051 694,777 862,Z01,1,1,1,-1,NULL,-1,-1,-1,-1,-1,-1,-1,2.022E+11,4,AVENUE DE SAINT OUEN,0,NULL,1,1,1,2,-1,-1,1,NULL,-1,1,0,1,30,
2.022E+11,12,11,2022,23:59:00,5,75,75118,2,3,1,3,AVENUE DE SAINT OUEN,"488,904,110,000","23,265,810,000",2.022E+11,777 863,A01,1,1,0,2,0,1,5,NULL,2.022E+11,1 051 695,777 863,A01,1,1,4,1,1992,9,0,8,-1,0,0,-1,2.022E+11,4,AVENUE DE SAINT OUEN,0,NULL,1,1,1,2,-1,-1,1,NULL,-1,1,0,1,30,
2.022E+11,31,1,2022,16:10:00,1,75,75115,2,1,1,3,RUE DE VAUGIRARD,"488,435,030,000","23,144,130,000",2.022E+11,777 541,B01,2,1,0,2,8,1,5,NULL,2.022E+11,1 051 267,777 541,B01,1,1,4,1,1967,9,2,0,-1,0,0,-1,2.022E+11,4,RUE DE VAUGIRARD,0,NULL,2,4,1,1,-1,-1,1,NULL,-1,1,-1,5,30,
2.022E+11,31,1,2022,16:10:00,1,75,75115,2,1,1,3,RUE DE VAUGIRARD,"488,435,030,000","23,144,130,000",2.022E+11,777 541,B01,2,1,0,2,8,1,5,NULL,2.022E+11,1 051 269,777 542,A01,1,1,4,2,1967,9,2,0,-1,0,0,-1,2.022E+11,4,RUE DE VAUGIRARD,0,NULL,2,4,1,1,-1,-1,1,NULL,-1,1,-1,5,30,
2.022E+11,26,7,2022,11:50:00,1,67,67482,2,1,1,3,FRERES EBERTS (RUE DES),"485,541,900,000","77,402,300,000",2.022E+11,777 423,B01,2,1,0,2,1,1,5,NULL,2.022E+11,1 051 130,777 422,A01,1,1,1,1,1994,0,1,8,-1,-1,-1,-1,2.022E+11,4,FRERES EBERTS (RUE DES),0,NULL,2,4,2,1,0,0,1,NULL,-1,1,0,1,50,
2.022E+11,26,7,2022,11:50:00,1,67,67482,2,1,1,3,FRERES EBERTS (RUE DES),"485,541,900,000","77,402,300,000",2.022E+11,777 423,B01,2,1,0,2,1,1,5,NULL,2.022E+11,1 051 132,777 423,B01,1,1,4,1,1958,0,8,0,-1,-1,-1,-1,2.022E+11,4,FRERES EBERTS (RUE DES),0,NULL,2,4,2,1,0,0,1,NULL,-1,1,0,1,50,
2.022E+11,25,7,2022,18:00:00,1,35,35051,2,1,1,2,PARIS (RUE DE),"481,136,718,739","-16,021,840,274",2.022E+11,777 365,A01,1,1,0,2,1,2,5,NULL,2.022E+11,1 051 042,777 364,B01,1,1,1,1,2001,1,1,-1,-1,-1,-1,-1,2.022E+11,4,PARIS (RUE DE),0,NULL,2,2,0,1,-1,-1,1,NULL,-1,1,0,1,50,
2.022E+11,25,7,2022,18:00:00,1,35,35051,2,1,1,2,PARIS (RUE DE),"481,136,718,739","-16,021,840,274",2.022E+11,777 365,A01,1,1,0,2,1,2,5,NULL,2.022E+11,1 051 045,777 365,A01,1,1,4,1,1995,1,2,-1,-1,-1,-1,-1,2.022E+11,4,PARIS (RUE DE),0,NULL,2,2,0,1,-1,-1,1,NULL,-1,1,0,1,50,
2.022E+11,25,5,2022,12:15:00,1,27,27467,2,1,1,2,Pont de la madeleine,"493,581,900,000","0,5139260000",2.022E+11,777 211,B01,3,1,1,0,1,1,5,NULL,2.022E+11,1 050 799,777 211,B01,1,1,4,1,1994,0,2,-1,-1,0,0,-1,2.022E+11,4,NULL,-1,NULL,2,2,0,1,-1,-1,1,NULL,5,1,2,1,50,
2.022E+11,25,5,2022,12:15:00,1,27,27467,2,1,1,2,Pont de la madeleine,"493,581,900,000","0,5139260000",2.022E+11,777 211,B01,3,1,1,0,1,1,5,NULL,2.022E+11,1 050 801,777 212,A01,1,1,1,1,1954,0,8,-1,-1,0,0,-1,2.022E+11,4,NULL,-1,NULL,2,2,0,1,-1,-1,1,NULL,5,1,2,1,50,
2.022E+11,25,7,2022,11:00:00,1,65,65258,2,6,1,3,D817,"431,212,490,000","0,3833790000",2.022E+11,777 167,B01,2,1,0,2,1,1,5,NULL,2.022E+11,1 050 736,777 166,A01,1,1,1,2,1970,4,1,-1,-1,0,0,-1,2.022E+11,3,817,-1,NULL,1,1,0,1,13,20,2,NULL,-1,1,5,1,50,
2.022E+11,25,7,2022,11:00:00,1,65,65258,2,6,1,3,D817,"431,212,490,000","0,3833790000",2.022E+11,777 167,B01,2,1,0,2,1,1,5,NULL,2.022E+11,1 050 737,777 167,B01,1,1,3,1,1955,5,0,-1,-1,0,0,-1,2.022E+11,3,817,-1,NULL,1,1,0,1,13,20,2,NULL,-1,1,5,1,50,