Accident_Id,jour,mois,an,hrmn,lum,dep,com,agg,int,atm,col,adr,lat,long,Num_Acc,id_vehicule,num_veh,senc,catv,obs,obsm,choc,manv,motor,occutc,Num_Acc,id_usager,id_vehicule,num_veh,place,catu,grav,sexe,an_nais,trajet,secu1,secu2,secu3,locp,actp,etatp,Num_Acc,catr,voie,v1,v2,circ,nbv,vosp,prof,pr,pr1,plan,lartpc,larrout,surf,infra,situ,vma,
2.022E+11,22,5,2022,18:15:00,1,45,45155,2,1,1,1,Rue Jean Moulin,"476,855,820,000","26,507,230,000",2.022E+11,777 141,B01,3,1,0,0,6,1,5,NULL,2.022E+11,1 050 703,777 141,B01,1,1,3,1,1938,5,4,-1,-1,0,0,-1,2.022E+11,4,NULL,-1,NULL,2,2,0,1,-1,-1,1,NULL,4,1,0,1,50,
2.022E+11,22,5,2022,18:15:00,1,45,45155,2,1,1,1,Rue Jean Moulin,"476,855,820,000","26,507,230,000",2.022E+11,777 141,B01,3,1,0,0,6,1,5,NULL,2.022E+11,1 050 704,777 142,A01,1,1,1,1,1987,5,8,-1,-1,0,0,-1,2.022E+11,4,NULL,-1,NULL,2,2,0,1,-1,-1,1,NULL,4,1,0,1,50,
2.022E+11,25,5,2022,18:40:00,1,69,69387,2,2,1,3,Rue de l'Université,"457,507,300,000","48,394,900,000",2.022E+11,777 037,B01,1,1,0,2,7,5,5,NULL,2.022E+11,1 050 568,777 035,A01,1,1,1,1,1993,0,2,-1,-1,-1,-1,-1,2.022E+11,4,UNIVERSITE (DE L')                  (R ),0,NULL,1,3,3,1,-1,-1,1,NULL,-1,1,0,1,50,
2.022E+11,25,5,2022,18:40:00,1,69,69387,2,2,1,3,Rue de l'Université,"457,507,300,000","48,394,900,000",2.022E+11,777 037,B01,1,1,0,2,7,5,5,NULL,2.022E+11,1 050 569,777 037,B01,1,1,4,1,2000,0,8,-1,-1,-1,-1,-1,2.022E+11,4,UNIVERSITE (DE L')                  (R ),0,NULL,1,3,3,1,-1,-1,1,NULL,-1,1,0,1,50,
2.022E+11,24,5,2022,23:30:00,5,69,69383,2,1,1,7,Quai Victor Augagneur,"457,581,800,000","48,407,700,000",2.022E+11,777 032,A01,3,1,0,0,0,1,5,NULL,2.022E+11,1 050 563,777 032,A01,1,1,3,1,1996,5,8,-1,-1,-1,-1,-1,2.022E+11,4,VICTOR AUGAGNEUR                    (QU),0,NULL,2,3,1,1,-1,-1,1,NULL,-1,1,0,5,30,
2.022E+11,24,5,2022,08:30:00,1,69,69389,2,1,1,7,17 Avenue de Champagne,"457,897,176,986","47,967,191,041",2.022E+11,776 995,A01,2,1,0,2,0,1,5,NULL,2.022E+11,1 050 519,776 995,A01,1,1,4,1,1974,1,8,-1,-1,-1,-1,-1,2.022E+11,4,CHAMPAGNE (DE)                      (AV),0,NULL,2,2,1,2,-1,-1,1,NULL,-1,1,0,1,50,
2.022E+11,23,7,2022,13:20:00,1,62,62119,2,6,1,3,SAINT PRY ( ROND POINT ),"505,268,370,000","26,304,970,000",2.022E+11,776 933,B01,3,1,0,2,8,19,5,NULL,2.022E+11,1 050 449,776 933,B01,1,1,3,2,1999,1,8,0,-1,-1,-1,-1,2.022E+11,4,MOULIN ( BOULEVARD JEAN ),0,NULL,2,2,2,1,-1,-1,1,NULL,-1,1,5,1,50,
2.022E+11,23,7,2022,13:20:00,1,62,62119,2,6,1,3,SAINT PRY ( ROND POINT ),"505,268,370,000","26,304,970,000",2.022E+11,776 933,B01,3,1,0,2,8,19,5,NULL,2.022E+11,1 050 450,776 934,A01,1,1,1,1,1988,5,1,0,-1,-1,-1,-1,2.022E+11,4,MOULIN ( BOULEVARD JEAN ),0,NULL,2,2,2,1,-1,-1,1,NULL,-1,1,5,1,50,
2.022E+11,10,3,2022,22:34:00,5,79,79191,2,2,1,3,Rue du Maréchal Leclerc,"463,360,310,000"," -0,4520100000",2.022E+11,776 526,A01,2,1,0,2,1,1,5,NULL,2.022E+11,1 049 863,776 523,B01,1,1,1,2,1993,0,1,-1,-1,-1,-1,-1,2.022E+11,3,EUROPE (BD) MARECHAL LECLERC/AVE. PARIS,0,NULL,2,4,3,2,37,210,3,2,14,1,5,1,50,
2.022E+11,10,3,2022,22:34:00,5,79,79191,2,2,1,3,Rue du Maréchal Leclerc,"463,360,310,000"," -0,4520100000",2.022E+11,776 526,A01,2,1,0,2,1,1,5,NULL,2.022E+11,1 049 866,776 526,A01,1,1,4,1,1971,0,2,-1,-1,-1,-1,-1,2.022E+11,3,EUROPE (BD) MARECHAL LECLERC/AVE. PARIS,0,NULL,2,4,3,2,37,210,3,2,14,1,5,1,50,
2.022E+11,10,3,2022,07:50:00,1,69,69264,2,6,1,3,Rue Jules Guesde,"459,939,000,000","47,346,200,000",2.022E+11,776 487,B01,3,1,0,2,5,16,0,NULL,2.022E+11,1 049 820,776 487,B01,1,1,4,1,1966,1,2,-1,-1,-1,-1,-1,2.022E+11,4,GUESDE  JULES  R,0,NULL,2,2,0,1,-1,-1,3,NULL,-1,1,0,1,50,
2.022E+11,10,3,2022,07:50:00,1,69,69264,2,6,1,3,Rue Jules Guesde,"459,939,000,000","47,346,200,000",2.022E+11,776 487,B01,3,1,0,2,5,16,0,NULL,2.022E+11,1 049 824,776 489,A01,1,1,1,2,1974,1,8,-1,-1,-1,-1,-1,2.022E+11,4,GUESDE  JULES  R,0,NULL,2,2,0,1,-1,-1,3,NULL,-1,1,0,1,50,
2.022E+11,17,12,2022,19:30:00,5,93,93048,2,2,1,6,Rue de Paris / Rue Edouard Vaillant,"488,576,000,000","24,333,800,000",2.022E+11,776 352,A01,1,1,0,1,8,1,5,NULL,2.022E+11,1 049 654,776 352,A01,10,3,4,2,1982,5,0,-1,-1,4,3,1,2.022E+11,3,PARIS (RUE DE),0,NULL,2,2,0,1,0,1,1,NULL,-1,1,0,1,50,
2.022E+11,17,12,2022,19:30:00,5,93,93048,2,2,1,6,Rue de Paris / Rue Edouard Vaillant,"488,576,000,000","24,333,800,000",2.022E+11,776 352,A01,1,1,0,1,8,1,5,NULL,2.022E+11,1 049 655,776 352,A01,1,1,1,1,1992,5,8,0,-1,0,0,-1,2.022E+11,3,PARIS (RUE DE),0,NULL,2,2,0,1,0,1,1,NULL,-1,1,0,1,50,
2.022E+11,10,3,2022,11:40:00,1,75,75115,2,3,1,3,QUAI D ISSY LES MOULINEAUX,"488,353,760,000","22,669,290,000",2.022E+11,776 285,B01,3,1,0,2,7,1,5,NULL,2.022E+11,1 049 546,776 285,B01,1,1,4,1,1998,5,2,0,-1,0,0,-1,2.022E+11,4,QUAI D ISSY LES MOULINEAUX,0,NULL,1,2,0,1,-1,-1,1,NULL,-1,1,0,1,30,
2.022E+11,10,3,2022,11:40:00,1,75,75115,2,3,1,3,QUAI D ISSY LES MOULINEAUX,"488,353,760,000","22,669,290,000",2.022E+11,776 285,B01,3,1,0,2,7,1,5,NULL,2.022E+11,1 049 549,776 286,A01,1,1,1,1,1970,4,1,0,-1,0,0,-1,2.022E+11,4,QUAI D ISSY LES MOULINEAUX,0,NULL,1,2,0,1,-1,-1,1,NULL,-1,1,0,1,30,
2.022E+11,7,8,2022,10:15:00,1,45,45219,1,1,1,2,29 Rue de la Mairie ,"480,172,300,000","25,901,770,000",2.022E+11,776 232,B01,2,1,0,0,6,1,5,NULL,2.022E+11,1 049 482,776 231,A01,1,1,1,1,1940,0,8,-1,-1,0,0,-1,2.022E+11,3,38,-1,NULL,-1,2,0,1,14,800,1,NULL,-1,1,0,1,70,
2.022E+11,7,8,2022,10:15:00,1,45,45219,1,1,1,2,29 Rue de la Mairie ,"480,172,300,000","25,901,770,000",2.022E+11,776 232,B01,2,1,0,0,6,1,5,NULL,2.022E+11,1 049 483,776 232,B01,1,1,3,1,1953,5,0,-1,-1,0,0,-1,2.022E+11,3,38,-1,NULL,-1,2,0,1,14,800,1,NULL,-1,1,0,1,70,
2.022E+11,9,3,2022,20:40:00,5,69,69387,2,1,1,3,Quai Claude Bernard,"457,535,800,000","48,383,400,000",2.022E+11,775 975,B01,1,1,0,2,0,11,0,NULL,2.022E+11,1 049 161,775 974,A01,1,1,1,1,1992,0,8,-1,-1,0,0,-1,2.022E+11,4,CLAUDE BERNARD                      (QU),0,NULL,1,3,0,1,-1,-1,1,NULL,-1,1,0,1,50,
2.022E+11,9,3,2022,20:40:00,5,69,69387,2,1,1,3,Quai Claude Bernard,"457,535,800,000","48,383,400,000",2.022E+11,775 975,B01,1,1,0,2,0,11,0,NULL,2.022E+11,1 049 162,775 975,B01,1,1,4,2,1979,9,8,-1,-1,0,0,-1,2.022E+11,4,CLAUDE BERNARD                      (QU),0,NULL,1,3,0,1,-1,-1,1,NULL,-1,1,0,1,50,
2.022E+11,3,9,2022,09:50:00,1,5,5061,2,6,2,5,Avenue Maréchal Foch,"445,622,200,000","60,846,200,000",2.022E+11,775 938,B01,1,1,0,2,4,2,5,NULL,2.022E+11,1 049 096,775 937,A01,1,1,4,1,1941,3,1,-1,-1,0,0,-1,2.022E+11,2,MARECHAL FOCH ( AVENUE DU ),0,NULL,2,3,0,1,70,0,3,NULL,-1,2,5,1,50,
2.022E+11,3,9,2022,09:50:00,1,5,5061,2,6,2,5,Avenue Maréchal Foch,"445,622,200,000","60,846,200,000",2.022E+11,775 938,B01,1,1,0,2,4,2,5,NULL,2.022E+11,1 049 097,775 937,A01,2,2,4,2,1945,3,1,-1,-1,0,0,-1,2.022E+11,2,MARECHAL FOCH ( AVENUE DU ),0,NULL,2,3,0,1,70,0,3,NULL,-1,2,5,1,50,
2.022E+11,3,9,2022,09:50:00,1,5,5061,2,6,2,5,Avenue Maréchal Foch,"445,622,200,000","60,846,200,000",2.022E+11,775 938,B01,1,1,0,2,4,2,5,NULL,2.022E+11,1 049 098,775 938,B01,1,1,4,1,1968,3,8,-1,-1,0,0,-1,2.022E+11,2,MARECHAL FOCH ( AVENUE DU ),0,NULL,2,3,0,1,70,0,3,NULL,-1,2,5,1,50,
2.022E+11,3,9,2022,09:50:00,1,5,5061,2,6,2,5,Avenue Maréchal Foch,"445,622,200,000","60,846,200,000",2.022E+11,775 938,B01,1,1,0,2,4,2,5,NULL,2.022E+11,1 049 099,775 939,C01,1,1,1,1,1972,5,1,-1,-1,0,0,-1,2.022E+11,2,MARECHAL FOCH ( AVENUE DU ),0,NULL,2,3,0,1,70,0,3,NULL,-1,2,5,1,50,
2.022E+11,16,4,2022,12:15:00,1,64,64348,2,3,1,3,Rue de Rebèque,"433,169,700,000"," -0,4236800000",2.022E+11,775 737,A01,2,1,0,2,1,5,5,NULL,2.022E+11,1 048 829,775 737,A01,1,1,4,1,1999,5,8,0,-1,-1,-1,-1,2.022E+11,4,REBEQUE DE,0,NULL,1,2,1,1,0,0,1,NULL,-1,1,0,5,50,
2.022E+11,16,4,2022,12:15:00,1,64,64348,2,3,1,3,Rue de Rebèque,"433,169,700,000"," -0,4236800000",2.022E+11,775 737,A01,2,1,0,2,1,5,5,NULL,2.022E+11,1 048 830,775 738,B01,1,1,1,1,1970,9,1,8,-1,-1,-1,-1,2.022E+11,4,REBEQUE DE,0,NULL,1,2,1,1,0,0,1,NULL,-1,1,0,5,50,
2.022E+11,24,6,2022,08:00:00,1,92,92004,1,1,1,7,VOLTAIRE ( BD 16 A FIN ),"489,142,306,079","22,947,652,638",2.022E+11,775 725,B01,1,1,9,0,1,1,5,NULL,2.022E+11,1 048 814,775 725,B01,1,1,4,2,1975,0,8,0,-1,-1,-1,-1,2.022E+11,3,15,0,NULL,-1,2,1,1,0,0,1,NULL,-1,1,0,1,50,
2.022E+11,25,6,2022,10:07:00,1,13,13094,1,2,1,3,D32,"438,071,390,000","47,430,680,000",2.022E+11,775 592,A01,3,1,0,2,3,9,5,NULL,2.022E+11,1 048 622,775 592,A01,1,1,3,1,1967,5,2,6,-1,0,0,-1,2.022E+11,3,32,0,D,2,2,0,1,45,200,1,NULL,-1,1,0,1,80,
2.022E+11,25,6,2022,10:07:00,1,13,13094,1,2,1,3,D32,"438,071,390,000","47,430,680,000",2.022E+11,775 592,A01,3,1,0,2,3,9,5,NULL,2.022E+11,1 048 623,775 593,B01,1,1,1,1,1997,4,1,-1,-1,0,0,-1,2.022E+11,3,32,0,D,2,2,0,1,45,200,1,NULL,-1,1,0,1,80,
2.022E+11,18,4,2022,15:40:00,1,77,77339,1,1,1,6,Chemin de la Grille d Honneur,"483,736,700,000","25,060,420,000",2.022E+11,775 383,A01,1,1,0,1,1,1,5,NULL,2.022E+11,1 048 349,775 383,A01,10,3,3,2,2001,5,0,-1,-1,1,3,2,2.022E+11,3,16,0,NULL,2,2,0,1,20,812,1,NULL,-1,1,0,1,90,
2.022E+11,18,4,2022,15:40:00,1,77,77339,1,1,1,6,Chemin de la Grille d Honneur,"483,736,700,000","25,060,420,000",2.022E+11,775 383,A01,1,1,0,1,1,1,5,NULL,2.022E+11,1 048 350,775 383,A01,1,1,1,1,1975,5,2,-1,-1,0,0,-1,2.022E+11,3,16,0,NULL,2,2,0,1,20,812,1,NULL,-1,1,0,1,90,
2.022E+11,17,4,2022,23:15:00,5,75,75117,2,2,1,3,BOULEVARD PEREIRE,"488,838,250,000","22,951,670,000",2.022E+11,775 238,B01,1,1,0,2,2,1,5,NULL,2.022E+11,1 048 161,775 238,B01,1,1,4,1,1998,5,0,0,-1,0,0,-1,2.022E+11,4,BOULEVARD PEREIRE,0,NULL,1,1,0,1,-1,-1,1,NULL,-1,1,0,1,30,
2.022E+11,17,4,2022,23:15:00,5,75,75117,2,2,1,3,BOULEVARD PEREIRE,"488,838,250,000","22,951,670,000",2.022E+11,775 238,B01,1,1,0,2,2,1,5,NULL,2.022E+11,1 048 164,775 239,A01,1,1,1,1,1995,5,1,0,-1,0,0,-1,2.022E+11,4,BOULEVARD PEREIRE,0,NULL,1,1,0,1,-1,-1,1,NULL,-1,1,0,1,30,
2.022E+11,7,10,2022,18:35:00,1,75,75119,2,1,1,2,NON DENOMMEE EF/19,"488,952,140,000","23,765,590,000",2.022E+11,775 080,A01,1,1,0,2,1,1,5,NULL,2.022E+11,1 047 952,775 079,Z01,1,1,1,2,1998,5,8,0,-1,0,0,-1,2.022E+11,4,NON DENOMMEE EF/19,0,NULL,-1,1,3,1,-1,-1,1,NULL,-1,1,6,6,30,
2.022E+11,7,10,2022,18:35:00,1,75,75119,2,1,1,2,NON DENOMMEE EF/19,"488,952,140,000","23,765,590,000",2.022E+11,775 080,A01,1,1,0,2,1,1,5,NULL,2.022E+11,1 047 953,775 080,A01,1,1,4,1,2017,5,2,0,-1,0,0,-1,2.022E+11,4,NON DENOMMEE EF/19,0,NULL,-1,1,3,1,-1,-1,1,NULL,-1,1,6,6,30,
2.022E+11,23,6,2022,13:10:00,1,75,75111,2,3,1,3,AVENUE PARMENTIER,"488,611,560,000","23,778,410,000",2.022E+11,775 075,B01,2,1,0,2,0,1,5,NULL,2.022E+11,1 047 946,775 074,A01,1,1,1,1,1990,4,1,0,-1,0,0,-1,2.022E+11,4,AVENUE PARMENTIER,0,NULL,2,2,0,2,-1,-1,1,NULL,-1,1,0,1,30,
2.022E+11,23,6,2022,13:10:00,1,75,75111,2,3,1,3,AVENUE PARMENTIER,"488,611,560,000","23,778,410,000",2.022E+11,775 075,B01,2,1,0,2,0,1,5,NULL,2.022E+11,1 047 947,775 075,B01,1,1,4,2,1991,5,8,0,-1,0,0,-1,2.022E+11,4,AVENUE PARMENTIER,0,NULL,2,2,0,2,-1,-1,1,NULL,-1,1,0,1,30,
2.022E+11,6,10,2022,16:00:00,1,94,94017,2,3,1,3,Avenue Jack Gourévitch / Rue de Lonray,"488,223,200,000","24,885,100,000",2.022E+11,775 008,B01,1,1,0,2,1,1,5,NULL,2.022E+11,1 047 853,775 007,A01,1,1,1,1,1992,5,1,0,-1,0,0,-1,2.022E+11,4,JACK GOUREVITCH (AV),0,NULL,2,2,0,1,0,0,1,NULL,-1,1,0,1,30,
2.022E+11,6,10,2022,16:00:00,1,94,94017,2,3,1,3,Avenue Jack Gourévitch / Rue de Lonray,"488,223,200,000","24,885,100,000",2.022E+11,775 008,B01,1,1,0,2,1,1,5,NULL,2.022E+11,1 047 854,775 008,B01,1,1,4,2,1992,5,8,0,-1,-1,-1,-1,2.022E+11,4,JACK GOUREVITCH (AV),0,NULL,2,2,0,1,0,0,1,NULL,-1,1,0,1,30,
2.022E+11,7,10,2022,17:50:00,1,92,92044,2,2,1,3,VIC. HUGO(RUE)077A089 ET 090A110,"488,959,600,000","22,964,600,000",2.022E+11,774 980,B01,2,1,0,2,8,1,5,NULL,2.022E+11,1 047 815,774 979,A01,1,1,1,1,1952,1,1,0,-1,-1,-1,-1,2.022E+11,4,NULL,0,NULL,2,3,3,1,0,0,1,NULL,-1,1,0,1,50,
2.022E+11,7,10,2022,17:50:00,1,92,92044,2,2,1,3,VIC. HUGO(RUE)077A089 ET 090A110,"488,959,600,000","22,964,600,000",2.022E+11,774 980,B01,2,1,0,2,8,1,5,NULL,2.022E+11,1 047 816,774 980,B01,1,1,4,2,1990,5,8,0,-1,0,0,-1,2.022E+11,4,NULL,0,NULL,2,3,3,1,0,0,1,NULL,-1,1,0,1,50,
2.022E+11,4,10,2022,17:50:00,1,72,72181,2,1,1,4,DURAND GEORGES (AV) N° IMP 1 A 141,"479,780,200,000","0,2133900000",2.022E+11,774 794,A01,3,1,0,2,1,2,5,NULL,2.022E+11,1 047 547,774 792,C01,1,1,1,1,1996,9,1,0,-1,-1,-1,-1,2.022E+11,4,DURAND GEORGES (AV) N° IMP 1 A 141,0,NULL,3,2,0,1,0,0,1,NULL,-1,1,0,1,50,
2.022E+11,4,10,2022,17:50:00,1,72,72181,2,1,1,4,DURAND GEORGES (AV) N° IMP 1 A 141,"479,780,200,000","0,2133900000",2.022E+11,774 794,A01,3,1,0,2,1,2,5,NULL,2.022E+11,1 047 548,774 793,B01,1,1,1,1,1990,9,1,0,-1,-1,-1,-1,2.022E+11,4,DURAND GEORGES (AV) N° IMP 1 A 141,0,NULL,3,2,0,1,0,0,1,NULL,-1,1,0,1,50,
2.022E+11,4,10,2022,17:50:00,1,72,72181,2,1,1,4,DURAND GEORGES (AV) N° IMP 1 A 141,"479,780,200,000","0,2133900000",2.022E+11,774 794,A01,3,1,0,2,1,2,5,NULL,2.022E+11,1 047 549,774 794,A01,1,1,4,1,1996,9,8,0,-1,-1,-1,-1,2.022E+11,4,DURAND GEORGES (AV) N° IMP 1 A 141,0,NULL,3,2,0,1,0,0,1,NULL,-1,1,0,1,50,
2.022E+11,15,11,2022,18:20:00,3,62,62793,1,1,8,2,D57,"504,193,270,000","26,345,020,000",2.022E+11,774 708,B01,1,1,0,0,4,2,5,NULL,2.022E+11,1 047 440,774 708,B01,1,1,2,1,1979,5,0,-1,-1,0,0,-1,2.022E+11,3,57,-1,NULL,2,2,0,1,10,840,1,NULL,-1,2,0,1,80,
2.022E+11,15,11,2022,18:20:00,3,62,62793,1,1,8,2,D57,"504,193,270,000","26,345,020,000",2.022E+11,774 708,B01,1,1,0,0,4,2,5,NULL,2.022E+11,1 047 441,774 709,A01,1,1,1,1,1941,5,1,-1,-1,0,0,-1,2.022E+11,3,57,-1,NULL,2,2,0,1,10,840,1,NULL,-1,2,0,1,80,
2.022E+11,12,11,2022,19:50:00,5,91,91191,2,3,1,3,REPUBLIQUE (AVENUE DE LA),"487,207,550,000","24,511,890,000",2.022E+11,774 654,B01,2,1,0,2,2,9,5,NULL,2.022E+11,1 047 361,774 653,A01,1,1,1,2,1941,9,1,8,-1,-1,-1,-1,2.022E+11,3,REPUBLIQUE (AVENUE DE LA),0,NULL,2,2,0,2,0,0,1,NULL,-1,1,0,1,30,
2.022E+11,12,11,2022,19:50:00,5,91,91191,2,3,1,3,REPUBLIQUE (AVENUE DE LA),"487,207,550,000","24,511,890,000",2.022E+11,774 654,B01,2,1,0,2,2,9,5,NULL,2.022E+11,1 047 362,774 654,B01,1,1,4,1,2000,0,8,0,-1,-1,-1,-1,2.022E+11,3,REPUBLIQUE (AVENUE DE LA),0,NULL,2,2,0,2,0,0,1,NULL,-1,1,0,1,30,
2.022E+11,10,11,2022,08:30:00,1,68,68066,2,1,1,3,ALSACE (RUE D'),"480,809,900,000","73,641,000,000",2.022E+11,774 633,B01,1,1,0,2,7,26,5,NULL,2.022E+11,1 047 330,774 633,B01,1,1,4,2,1990,0,8,0,-1,0,0,-1,2.022E+11,3,ALSACE (RUE D'),0,NULL,3,5,1,1,1,300,1,NULL,-1,1,0,5,50,
2.022E+11,10,11,2022,08:30:00,1,68,68066,2,1,1,3,ALSACE (RUE D'),"480,809,900,000","73,641,000,000",2.022E+11,774 633,B01,1,1,0,2,7,26,5,NULL,2.022E+11,1 047 332,774 634,A01,2,2,1,2,2002,0,1,0,-1,-1,-1,-1,2.022E+11,3,ALSACE (RUE D'),0,NULL,3,5,1,1,1,300,1,NULL,-1,1,0,5,50,
2.022E+11,10,11,2022,08:30:00,1,68,68066,2,1,1,3,ALSACE (RUE D'),"480,809,900,000","73,641,000,000",2.022E+11,774 633,B01,1,1,0,2,7,26,5,NULL,2.022E+11,1 047 333,774 634,A01,1,1,1,2,1961,0,1,0,-1,0,0,-1,2.022E+11,3,ALSACE (RUE D'),0,NULL,3,5,1,1,1,300,1,NULL,-1,1,0,5,50,
2.022E+11,30,1,2022,18:55:00,5,26,26362,2,1,1,3,GAMBETTA AVENUE (303),"449,310,200,000","48,866,200,000",2.022E+11,774 592,B01,0,1,0,2,1,1,5,NULL,2.022E+11,1 047 270,774 590,A01,1,1,1,1,1940,5,1,0,-1,0,0,-1,2.022E+11,4,GAMBETTA AVENUE (303),0,NULL,2,5,1,2,-1,-1,3,NULL,-1,1,0,1,50,
2.022E+11,30,1,2022,18:55:00,5,26,26362,2,1,1,3,GAMBETTA AVENUE (303),"449,310,200,000","48,866,200,000",2.022E+11,774 592,B01,0,1,0,2,1,1,5,NULL,2.022E+11,1 047 271,774 590,A01,2,2,1,1,1957,5,1,0,-1,0,0,-1,2.022E+11,4,GAMBETTA AVENUE (303),0,NULL,2,5,1,2,-1,-1,3,NULL,-1,1,0,1,50,
2.022E+11,30,1,2022,18:55:00,5,26,26362,2,1,1,3,GAMBETTA AVENUE (303),"449,310,200,000","48,866,200,000",2.022E+11,774 592,B01,0,1,0,2,1,1,5,NULL,2.022E+11,1 047 273,774 592,B01,1,1,4,1,1967,5,8,0,-1,-1,-1,-1,2.022E+11,4,GAMBETTA AVENUE (303),0,NULL,2,5,1,2,-1,-1,3,NULL,-1,1,0,1,50,
2.022E+11,30,1,2022,15:20:00,1,75,75114,2,1,1,6,BOULEVARD BRUNE,"488,278,780,000","23,048,080,000",2.022E+11,774 558,A01,2,1,12,0,1,14,5,NULL,2.022E+11,1 047 222,774 558,A01,1,1,4,1,1969,5,2,0,-1,0,0,-1,2.022E+11,4,BOULEVARD BRUNE,0,NULL,3,2,0,2,-1,-1,1,NULL,-1,1,1,1,50,
2.022E+11,29,1,2022,11:00:00,1,59,59350,2,2,2,3,BAPAUME RUE DE,"506,195,006,500","30,580,508,709",2.022E+11,774 323,A01,1,1,0,2,8,1,5,NULL,2.022E+11,1 046 904,774 321,B01,1,1,1,-1,NULL,-1,-1,-1,-1,-1,-1,-1,2.022E+11,4,BAPAUME RUE DE,0,NULL,1,1,0,1,-1,-1,1,NULL,-1,2,0,1,50,
2.022E+11,29,1,2022,11:00:00,1,59,59350,2,2,2,3,BAPAUME RUE DE,"506,195,006,500","30,580,508,709",2.022E+11,774 323,A01,1,1,0,2,8,1,5,NULL,2.022E+11,1 046 906,774 323,A01,1,1,4,2,1986,1,8,0,-1,-1,-1,-1,2.022E+11,4,BAPAUME RUE DE,0,NULL,1,1,0,1,-1,-1,1,NULL,-1,2,0,1,50,
2.022E+11,25,5,2022,18:05:00,1,10,10297,2,1,1,3,JULES GUESDE (BDL),"483,146,700,000","40,991,090,000",2.022E+11,774 100,B01,1,1,0,2,7,1,5,NULL,2.022E+11,1 046 562,774 100,B01,1,1,4,1,1975,1,2,0,-1,0,0,-1,2.022E+11,3,JULES GUESDE (BDL),0,NULL,2,3,2,2,56,300,1,NULL,-1,1,0,1,50,
2.022E+11,25,5,2022,18:05:00,1,10,10297,2,1,1,3,JULES GUESDE (BDL),"483,146,700,000","40,991,090,000",2.022E+11,774 100,B01,1,1,0,2,7,1,5,NULL,2.022E+11,1 046 567,774 104,A01,1,1,1,1,1987,9,1,0,-1,0,0,-1,2.022E+11,3,JULES GUESDE (BDL),0,NULL,2,3,2,2,56,300,1,NULL,-1,1,0,1,50,
2.022E+11,25,7,2022,07:50:00,1,1,1344,2,9,7,3,NULL,"462,001,000,000","51,921,700,000",2.022E+11,774 054,B01,2,1,0,2,1,1,5,NULL,2.022E+11,1 046 502,774 052,A01,1,1,1,2,1983,5,1,0,-1,-1,-1,-1,2.022E+11,3,TREVOUX (AVENUE DE),0,NULL,2,2,2,2,46,407,1,NULL,-1,1,0,5,50,
2.022E+11,25,7,2022,07:50:00,1,1,1344,2,9,7,3,NULL,"462,001,000,000","51,921,700,000",2.022E+11,774 054,B01,2,1,0,2,1,1,5,NULL,2.022E+11,1 046 505,774 054,B01,1,1,4,2,1981,5,8,0,-1,-1,-1,-1,2.022E+11,3,TREVOUX (AVENUE DE),0,NULL,2,2,2,2,46,407,1,NULL,-1,1,0,5,50,
2.022E+11,25,7,2022,01:45:00,5,75,75112,2,3,1,6,AVENUE DAUMESNIL,"488,452,970,000","23,794,950,000",2.022E+11,773 999,A01,1,1,12,0,1,14,5,NULL,2.022E+11,1 046 412,773 999,A01,1,1,4,1,2003,5,0,0,-1,0,0,-1,2.022E+11,4,AVENUE DAUMESNIL,0,NULL,2,4,1,1,-1,-1,1,NULL,-1,1,0,5,30,
2.022E+11,24,5,2022,19:50:00,1,75,75117,2,4,1,3,AVENUE MAC MAHON,"488,780,010,000","22,943,209,432",2.022E+11,773 944,A01,1,1,0,2,1,7,5,NULL,2.022E+11,1 046 321,773 944,A01,1,1,4,1,1976,1,2,0,-1,0,0,-1,2.022E+11,4,AVENUE MAC MAHON,0,NULL,2,3,3,2,-1,-1,1,NULL,-1,1,-1,6,30,
2.022E+11,24,5,2022,19:50:00,1,75,75117,2,4,1,3,AVENUE MAC MAHON,"488,780,010,000","22,943,209,432",2.022E+11,773 944,A01,1,1,0,2,1,7,5,NULL,2.022E+11,1 046 323,773 945,B01,1,1,1,1,1990,4,1,0,-1,0,0,-1,2.022E+11,4,AVENUE MAC MAHON,0,NULL,2,3,3,2,-1,-1,1,NULL,-1,1,-1,6,30,
2.022E+11,24,7,2022,12:15:00,1,59,59135,1,3,1,7,rue d'aire intersection meulen straete,"507,762,873,463","24,790,102,243",2.022E+11,773 819,B01,2,1,0,0,0,2,5,NULL,2.022E+11,1 046 151,773 819,B01,1,1,1,1,2007,5,0,-1,-1,0,0,-1,2.022E+11,4,8,0,A,2,2,0,1,-1,-1,1,NULL,-1,1,0,1,80,
2.022E+11,24,7,2022,12:15:00,1,59,59135,1,3,1,7,rue d'aire intersection meulen straete,"507,762,873,463","24,790,102,243",2.022E+11,773 819,B01,2,1,0,0,0,2,5,NULL,2.022E+11,1 046 153,773 821,A01,1,1,4,1,1990,5,2,6,9,0,0,-1,2.022E+11,4,8,0,A,2,2,0,1,-1,-1,1,NULL,-1,1,0,1,80,
2.022E+11,25,5,2022,07:10:00,1,92,92025,2,1,1,2,VALMY (BD DE),"489,306,210,000","22,551,500,000",2.022E+11,773 694,B01,2,1,0,2,8,18,5,NULL,2.022E+11,1 045 999,773 694,B01,1,1,4,1,1975,1,8,0,-1,-1,-1,-1,2.022E+11,3,13,0,NULL,-1,2,0,1,0,0,1,NULL,-1,1,0,1,30,