Accident_Id,jour,mois,an,hrmn,lum,dep,com,agg,int,atm,col,adr,lat,long,Num_Acc,id_vehicule,num_veh,senc,catv,obs,obsm,choc,manv,motor,occutc,Num_Acc,id_usager,id_vehicule,num_veh,place,catu,grav,sexe,an_nais,trajet,secu1,secu2,secu3,locp,actp,etatp,Num_Acc,catr,voie,v1,v2,circ,nbv,vosp,prof,pr,pr1,plan,lartpc,larrout,surf,infra,situ,vma,
2.022E+11,15,12,2022,14:22:00,1,66,66136,2,9,8,3,ALDUY (Paul),"426,784,200,000","29,062,700,000",2.022E+11,770 090,B01,1,1,0,2,1,1,5,NULL,2.022E+11,1 041 132,770 090,B01,1,1,4,1,1968,0,8,0,-1,-1,-1,-1,2.022E+11,4,ALDUY (Paul),0,NULL,2,3,1,2,0,0,1,NULL,-1,1,0,5,30,
2.022E+11,15,12,2022,14:22:00,1,66,66136,2,9,8,3,ALDUY (Paul),"426,784,200,000","29,062,700,000",2.022E+11,770 090,B01,1,1,0,2,1,1,5,NULL,2.022E+11,1 041 134,770 092,A01,1,1,1,2,1972,4,1,8,-1,-1,-1,-1,2.022E+11,4,ALDUY (Paul),0,NULL,2,3,1,2,0,0,1,NULL,-1,1,0,5,30,
2.022E+11,23,5,2022,20:22:00,2,90,90032,2,1,8,3,ANCIEN COMBATTANT (RUE DES ),"476,205,700,000","68,621,500,000",2.022E+11,770 042,B01,3,1,0,2,1,2,5,NULL,2.022E+11,1 041 064,770 042,B01,1,1,3,1,1976,0,8,0,-1,-1,-1,-1,2.022E+11,3,ANCIEN COMBATTANT (RUE DES ),0,NULL,-1,2,0,1,0,0,1,NULL,-1,1,0,1,50,
2.022E+11,23,5,2022,20:22:00,2,90,90032,2,1,8,3,ANCIEN COMBATTANT (RUE DES ),"476,205,700,000","68,621,500,000",2.022E+11,770 042,B01,3,1,0,2,1,2,5,NULL,2.022E+11,1 041 066,770 044,A01,1,1,1,1,1945,0,1,0,-1,-1,-1,-1,2.022E+11,3,ANCIEN COMBATTANT (RUE DES ),0,NULL,-1,2,0,1,0,0,1,NULL,-1,1,0,1,50,
2.022E+11,15,12,2022,08:10:00,1,75,75118,2,2,8,3,RUE DU DEPARTEMENT,"488,855,450,000","23,658,010,000",2.022E+11,769 896,B01,2,1,0,2,3,1,5,NULL,2.022E+11,1 040 867,769 894,A01,1,1,4,1,1953,4,1,0,-1,0,0,-1,2.022E+11,4,RUE DU DEPARTEMENT,0,NULL,2,1,2,1,-1,-1,1,NULL,-1,1,0,5,30,
2.022E+11,15,12,2022,08:10:00,1,75,75118,2,2,8,3,RUE DU DEPARTEMENT,"488,855,450,000","23,658,010,000",2.022E+11,769 896,B01,2,1,0,2,3,1,5,NULL,2.022E+11,1 040 869,769 896,B01,1,1,1,2,1970,1,8,0,-1,0,0,-1,2.022E+11,4,RUE DU DEPARTEMENT,0,NULL,2,1,2,1,-1,-1,1,NULL,-1,1,0,5,30,
2.022E+11,14,12,2022,22:55:00,5,75,75103,2,1,1,3,BOULEVARD SAINT MARTIN,"488,683,630,000","23,595,130,000",2.022E+11,769 835,B01,2,1,0,2,4,10,5,NULL,2.022E+11,1 040 782,769 835,B01,1,1,4,1,2007,5,8,0,-1,0,0,-1,2.022E+11,4,BOULEVARD SAINT MARTIN,0,NULL,1,2,1,1,-1,-1,1,NULL,-1,1,0,5,30,
2.022E+11,14,12,2022,22:55:00,5,75,75103,2,1,1,3,BOULEVARD SAINT MARTIN,"488,683,630,000","23,595,130,000",2.022E+11,769 835,B01,2,1,0,2,4,10,5,NULL,2.022E+11,1 040 785,769 837,A01,1,1,1,1,1990,5,1,0,-1,0,0,-1,2.022E+11,4,BOULEVARD SAINT MARTIN,0,NULL,1,2,1,1,-1,-1,1,NULL,-1,1,0,5,30,
2.022E+11,14,12,2022,22:55:00,5,75,75103,2,1,1,3,BOULEVARD SAINT MARTIN,"488,683,630,000","23,595,130,000",2.022E+11,769 835,B01,2,1,0,2,4,10,5,NULL,2.022E+11,1 040 788,769 837,A01,2,2,1,2,1991,5,1,0,-1,0,0,-1,2.022E+11,4,BOULEVARD SAINT MARTIN,0,NULL,1,2,1,1,-1,-1,1,NULL,-1,1,0,5,30,
2.022E+11,8,3,2022,17:41:00,1,92,92063,2,9,1,3,JACOB (RUE FRANCOIS),"488,900,314,759","21,743,292,510",2.022E+11,769 584,B01,0,1,0,0,0,0,5,NULL,2.022E+11,1 040 452,769 583,A01,1,1,1,1,1970,-1,1,0,0,-1,-1,-1,2.022E+11,4,NULL,0,NULL,-1,0,0,1,0,0,1,NULL,-1,1,9,4,50,
2.022E+11,8,3,2022,17:41:00,1,92,92063,2,9,1,3,JACOB (RUE FRANCOIS),"488,900,314,759","21,743,292,510",2.022E+11,769 584,B01,0,1,0,0,0,0,5,NULL,2.022E+11,1 040 453,769 584,B01,1,1,4,1,2011,5,8,8,-1,0,0,-1,2.022E+11,4,NULL,0,NULL,-1,0,0,1,0,0,1,NULL,-1,1,9,4,50,
2.022E+11,27,2,2022,16:00:00,1,31,31405,1,2,1,3,N125,"429,740,010,000","0,6469060000",2.022E+11,769 535,B01,1,1,0,2,3,15,5,NULL,2.022E+11,1 040 387,769 535,B01,1,1,3,1,1950,5,2,-1,-1,0,0,-1,2.022E+11,2,125,0,NULL,2,3,3,1,15,657,1,NULL,-1,1,5,1,80,
2.022E+11,27,2,2022,16:00:00,1,31,31405,1,2,1,3,N125,"429,740,010,000","0,6469060000",2.022E+11,769 535,B01,1,1,0,2,3,15,5,NULL,2.022E+11,1 040 388,769 536,A01,1,1,1,1,1995,5,1,-1,-1,0,0,-1,2.022E+11,2,125,0,NULL,2,3,3,1,15,657,1,NULL,-1,1,5,1,80,
2.022E+11,7,3,2022,14:10:00,1,974,97409,2,1,1,2,DE BOURBON(AVENUE),"-209,745,200,000","556,462,300,000",2.022E+11,769 444,B01,2,1,0,2,1,17,5,NULL,2.022E+11,1 040 274,769 444,B01,1,1,4,1,1967,5,8,0,-1,0,0,-1,2.022E+11,4,DE BOURBON(AVENUE),0,NULL,2,2,0,1,0,0,1,NULL,-1,1,0,1,50,
2.022E+11,7,3,2022,14:10:00,1,974,97409,2,1,1,2,DE BOURBON(AVENUE),"-209,745,200,000","556,462,300,000",2.022E+11,769 444,B01,2,1,0,2,1,17,5,NULL,2.022E+11,1 040 275,769 445,A01,1,1,1,1,1974,4,1,0,-1,0,0,-1,2.022E+11,4,DE BOURBON(AVENUE),0,NULL,2,2,0,1,0,0,1,NULL,-1,1,0,1,50,
2.022E+11,6,3,2022,04:50:00,5,75,75102,2,4,1,3,Boulevard des Italiens,"488,710,380,000","23,345,820,000",2.022E+11,769 315,B01,2,1,0,2,0,1,5,NULL,2.022E+11,1 040 110,769 315,B01,1,1,4,1,1995,9,2,8,-1,0,0,-1,2.022E+11,4,BOULEVARD DES CAPUCINES,0,NULL,2,4,0,1,-1,-1,1,NULL,-1,1,0,1,30,
2.022E+11,6,3,2022,04:50:00,5,75,75102,2,4,1,3,Boulevard des Italiens,"488,710,380,000","23,345,820,000",2.022E+11,769 315,B01,2,1,0,2,0,1,5,NULL,2.022E+11,1 040 111,769 316,A01,1,1,4,1,1992,9,2,8,-1,0,0,-1,2.022E+11,4,BOULEVARD DES CAPUCINES,0,NULL,2,4,0,1,-1,-1,1,NULL,-1,1,0,1,30,
2.022E+11,1,9,2022,07:30:00,1,83,83062,2,6,1,3,DUCLOS (AVENUE JACQUES),"431,202,520,000","60,106,980,000",2.022E+11,769 127,B01,1,1,0,2,7,2,5,NULL,2.022E+11,1 039 855,769 127,B01,1,1,4,1,1943,5,2,6,-1,-1,-1,-1,2.022E+11,7,JAURES (AVENUE JEAN),0,NULL,2,2,2,1,3,10,1,NULL,-1,1,5,1,30,
2.022E+11,1,9,2022,07:30:00,1,83,83062,2,6,1,3,DUCLOS (AVENUE JACQUES),"431,202,520,000","60,106,980,000",2.022E+11,769 127,B01,1,1,0,2,7,2,5,NULL,2.022E+11,1 039 856,769 128,A01,1,1,1,2,1970,1,1,-1,-1,-1,-1,-1,2.022E+11,7,JAURES (AVENUE JEAN),0,NULL,2,2,2,1,3,10,1,NULL,-1,1,5,1,30,
2.022E+11,1,6,2022,15:30:00,1,90,90037,1,1,1,5,RD7,"476,782,760,000","68,637,080,000",2.022E+11,768 948,C01,2,1,0,2,1,1,5,NULL,2.022E+11,1 039 633,768 948,C01,1,1,3,2,1970,5,2,-1,-1,0,0,-1,2.022E+11,3,7,0,NULL,2,2,0,4,2,100,4,NULL,-1,1,0,1,80,
2.022E+11,1,6,2022,15:30:00,1,90,90037,1,1,1,5,RD7,"476,782,760,000","68,637,080,000",2.022E+11,768 948,C01,2,1,0,2,1,1,5,NULL,2.022E+11,1 039 635,768 950,B01,1,1,4,1,2005,5,1,-1,-1,0,0,-1,2.022E+11,3,7,0,NULL,2,2,0,4,2,100,4,NULL,-1,1,0,1,80,
2.022E+11,1,6,2022,15:30:00,1,90,90037,1,1,1,5,RD7,"476,782,760,000","68,637,080,000",2.022E+11,768 948,C01,2,1,0,2,1,1,5,NULL,2.022E+11,1 039 636,768 950,B01,2,2,4,1,1975,5,1,-1,-1,0,0,-1,2.022E+11,3,7,0,NULL,2,2,0,4,2,100,4,NULL,-1,1,0,1,80,
2.022E+11,1,6,2022,15:30:00,1,90,90037,1,1,1,5,RD7,"476,782,760,000","68,637,080,000",2.022E+11,768 948,C01,2,1,0,2,1,1,5,NULL,2.022E+11,1 039 637,768 950,B01,7,2,4,2,1980,5,1,-1,-1,0,0,-1,2.022E+11,3,7,0,NULL,2,2,0,4,2,100,4,NULL,-1,1,0,1,80,
2.022E+11,1,6,2022,15:30:00,1,90,90037,1,1,1,5,RD7,"476,782,760,000","68,637,080,000",2.022E+11,768 948,C01,2,1,0,2,1,1,5,NULL,2.022E+11,1 039 639,768 952,A01,1,1,1,-1,NULL,-1,-1,-1,-1,-1,-1,-1,2.022E+11,3,7,0,NULL,2,2,0,4,2,100,4,NULL,-1,1,0,1,80,
2.022E+11,15,4,2022,18:00:00,1,69,69259,2,2,1,3,Rue Anatole France,"457,219,900,000","48,911,400,000",2.022E+11,768 658,B01,2,1,0,2,1,2,5,NULL,2.022E+11,1 039 236,768 658,B01,1,1,4,2,1997,0,8,-1,-1,-1,-1,-1,2.022E+11,4,ANATOLE FRANCE                      (R ),0,NULL,2,2,0,1,-1,-1,1,NULL,-1,1,0,1,50,
2.022E+11,15,4,2022,18:00:00,1,69,69259,2,2,1,3,Rue Anatole France,"457,219,900,000","48,911,400,000",2.022E+11,768 658,B01,2,1,0,2,1,2,5,NULL,2.022E+11,1 039 238,768 660,A01,1,1,1,1,1976,0,1,-1,-1,-1,-1,-1,2.022E+11,4,ANATOLE FRANCE                      (R ),0,NULL,2,2,0,1,-1,-1,1,NULL,-1,1,0,1,50,
2.022E+11,21,6,2022,09:10:00,1,75,75105,2,4,1,2,BOULEVARD DE L HOPITAL,"488,398,970,000","23,617,650,000",2.022E+11,768 429,B01,3,1,0,2,1,17,5,NULL,2.022E+11,1 038 959,768 428,A01,1,1,1,2,1943,5,1,0,-1,0,0,-1,2.022E+11,4,BOULEVARD DE L HOPITAL,0,NULL,2,4,0,1,-1,-1,1,NULL,-1,1,0,1,30,
2.022E+11,21,6,2022,09:10:00,1,75,75105,2,4,1,2,BOULEVARD DE L HOPITAL,"488,398,970,000","23,617,650,000",2.022E+11,768 429,B01,3,1,0,2,1,17,5,NULL,2.022E+11,1 038 960,768 429,B01,1,1,4,1,1983,1,2,8,-1,0,0,-1,2.022E+11,4,BOULEVARD DE L HOPITAL,0,NULL,2,4,0,1,-1,-1,1,NULL,-1,1,0,1,30,
2.022E+11,15,4,2022,10:30:00,1,75,75116,2,1,1,6,ROUTE DES TRIBUNES,"488,593,801,301","22,293,392,525",2.022E+11,768 410,A01,3,1,0,1,1,1,5,NULL,2.022E+11,1 038 935,768 410,A01,10,3,4,1,1980,4,0,-1,-1,1,9,1,2.022E+11,4,ROUTE DES TRIBUNES,0,NULL,2,3,1,1,-1,-1,1,NULL,-1,1,-1,5,30,
2.022E+11,15,4,2022,10:30:00,1,75,75116,2,1,1,6,ROUTE DES TRIBUNES,"488,593,801,301","22,293,392,525",2.022E+11,768 410,A01,3,1,0,1,1,1,5,NULL,2.022E+11,1 038 936,768 410,A01,1,1,4,1,1970,5,2,0,-1,0,0,-1,2.022E+11,4,ROUTE DES TRIBUNES,0,NULL,2,3,1,1,-1,-1,1,NULL,-1,1,-1,5,30,
2.022E+11,15,4,2022,08:30:00,1,75,75115,2,2,1,3,RUE DE LA CONVENTION,"488,372,340,000","22,964,440,000",2.022E+11,768 402,A01,1,1,0,2,1,1,5,NULL,2.022E+11,1 038 922,768 400,B01,1,1,1,1,1980,4,1,0,-1,0,0,-1,2.022E+11,4,RUE DE LA CONVENTION,0,NULL,2,2,0,1,-1,-1,1,NULL,-1,1,0,1,30,
2.022E+11,15,4,2022,08:30:00,1,75,75115,2,2,1,3,RUE DE LA CONVENTION,"488,372,340,000","22,964,440,000",2.022E+11,768 402,A01,1,1,0,2,1,1,5,NULL,2.022E+11,1 038 924,768 402,A01,1,1,4,1,1975,5,2,0,-1,0,0,-1,2.022E+11,4,RUE DE LA CONVENTION,0,NULL,2,2,0,1,-1,-1,1,NULL,-1,1,0,1,30,
2.022E+11,14,4,2022,12:20:00,1,75,75115,2,3,1,3,RUE DE VAUGIRARD,"488,424,630,000","23,110,790,000",2.022E+11,768 398,B01,2,1,0,2,2,1,5,NULL,2.022E+11,1 038 918,768 397,A01,1,1,1,1,2000,9,1,0,-1,0,0,-1,2.022E+11,4,RUE DE VAUGIRARD,0,NULL,1,3,1,2,-1,-1,2,NULL,-1,1,0,5,30,
2.022E+11,14,4,2022,12:20:00,1,75,75115,2,3,1,3,RUE DE VAUGIRARD,"488,424,630,000","23,110,790,000",2.022E+11,768 398,B01,2,1,0,2,2,1,5,NULL,2.022E+11,1 038 920,768 398,B01,1,1,4,1,2002,9,8,0,-1,0,0,-1,2.022E+11,4,RUE DE VAUGIRARD,0,NULL,1,3,1,2,-1,-1,2,NULL,-1,1,0,5,30,
2.022E+11,11,4,2022,18:09:00,1,94,94016,2,6,1,3,Rue Camille Desmoulins,"487,906,561,397","23,315,477,370",2.022E+11,768 354,B01,2,1,0,2,4,15,5,NULL,2.022E+11,1 038 866,768 353,A01,1,1,1,1,1937,5,1,0,-1,-1,-1,-1,2.022E+11,3,CAMILLE DESMOULINS (R),0,NULL,2,2,0,1,0,0,2,NULL,-1,1,5,1,50,
2.022E+11,11,4,2022,18:09:00,1,94,94016,2,6,1,3,Rue Camille Desmoulins,"487,906,561,397","23,315,477,370",2.022E+11,768 354,B01,2,1,0,2,4,15,5,NULL,2.022E+11,1 038 867,768 354,B01,2,1,4,2,2000,5,8,0,-1,-1,-1,-1,2.022E+11,3,CAMILLE DESMOULINS (R),0,NULL,2,2,0,1,0,0,2,NULL,-1,1,5,1,50,
2.022E+11,20,6,2022,13:45:00,1,93,93001,2,1,1,3,Avenue de la République,"489,095,700,000","23,862,600,000",2.022E+11,768 318,B01,1,1,1,0,1,2,5,NULL,2.022E+11,1 038 821,768 318,B01,2,1,4,1,1974,1,8,0,-1,-1,-1,-1,2.022E+11,3,REPUBLIQUE (AVE DE LA ) => NO 41/50,0,NULL,2,2,0,1,0,1,1,NULL,-1,1,0,1,50,
2.022E+11,20,6,2022,13:45:00,1,93,93001,2,1,1,3,Avenue de la République,"489,095,700,000","23,862,600,000",2.022E+11,768 318,B01,1,1,1,0,1,2,5,NULL,2.022E+11,1 038 822,768 319,A01,1,1,1,1,1971,1,1,0,-1,-1,-1,-1,2.022E+11,3,REPUBLIQUE (AVE DE LA ) => NO 41/50,0,NULL,2,2,0,1,0,1,1,NULL,-1,1,0,1,50,
2.022E+11,27,1,2022,18:35:00,5,64,64445,2,1,1,1,Place de la Monnaie,"432,941,764,345"," -0,3761208057",2.022E+11,768 240,A01,3,1,0,2,1,5,5,NULL,2.022E+11,1 038 711,768 239,B01,1,1,1,2,1999,1,1,0,-1,0,0,-1,2.022E+11,4,MONNAIE,0,NULL,1,1,0,1,0,0,1,NULL,-1,1,0,1,50,
2.022E+11,27,1,2022,18:35:00,5,64,64445,2,1,1,1,Place de la Monnaie,"432,941,764,345"," -0,3761208057",2.022E+11,768 240,A01,3,1,0,2,1,5,5,NULL,2.022E+11,1 038 712,768 240,A01,1,1,4,1,2004,1,2,8,-1,-1,-1,-1,2.022E+11,4,MONNAIE,0,NULL,1,1,0,1,0,0,1,NULL,-1,1,0,1,50,
2.022E+11,27,1,2022,10:00:00,1,64,64129,2,6,1,3,voie nord sud,"433,047,470,249"," -0,4018314427",2.022E+11,768 233,B01,1,1,0,2,1,1,5,NULL,2.022E+11,1 038 704,768 233,B01,1,1,4,1,1945,5,8,0,-1,-1,-1,-1,2.022E+11,3,BAYONNE DE,0,NULL,1,2,1,1,35,924,2,NULL,-1,1,0,5,50,
2.022E+11,27,1,2022,10:00:00,1,64,64129,2,6,1,3,voie nord sud,"433,047,470,249"," -0,4018314427",2.022E+11,768 233,B01,1,1,0,2,1,1,5,NULL,2.022E+11,1 038 705,768 234,A01,1,1,1,2,1965,5,1,0,-1,-1,-1,-1,2.022E+11,3,BAYONNE DE,0,NULL,1,2,1,1,35,924,2,NULL,-1,1,0,5,50,
2.022E+11,4,10,2022,16:15:00,1,10,10387,2,1,1,3,PREMIER RAM (RUE DU),"482,924,000,000","40,736,000,000",2.022E+11,768 147,B01,2,1,0,2,8,2,5,NULL,2.022E+11,1 038 586,768 147,B01,1,1,4,1,1993,5,8,0,-1,-1,-1,-1,2.022E+11,4,PREMIER RAM (RUE DU),0,NULL,2,6,2,1,0,0,1,NULL,-1,1,0,5,50,
2.022E+11,4,10,2022,16:15:00,1,10,10387,2,1,1,3,PREMIER RAM (RUE DU),"482,924,000,000","40,736,000,000",2.022E+11,768 147,B01,2,1,0,2,8,2,5,NULL,2.022E+11,1 038 590,768 150,A01,1,1,1,1,1952,5,1,0,-1,-1,-1,-1,2.022E+11,4,PREMIER RAM (RUE DU),0,NULL,2,6,2,1,0,0,1,NULL,-1,1,0,5,50,
2.022E+11,27,1,2022,10:30:00,1,83,83016,1,1,1,2,Dn8,"431,792,091,723","58,250,659,704",2.022E+11,768 076,B01,2,1,0,0,4,2,5,NULL,2.022E+11,1 038 495,768 075,A01,1,1,1,1,1941,5,1,-1,-1,0,0,-1,2.022E+11,3,8,-1,NULL,2,2,0,2,16,860,2,NULL,-1,1,0,1,-1,
2.022E+11,27,1,2022,10:30:00,1,83,83016,1,1,1,2,Dn8,"431,792,091,723","58,250,659,704",2.022E+11,768 076,B01,2,1,0,0,4,2,5,NULL,2.022E+11,1 038 496,768 076,B01,1,1,4,1,1963,5,2,6,-1,0,0,-1,2.022E+11,3,8,-1,NULL,2,2,0,2,16,860,2,NULL,-1,1,0,1,-1,
2.022E+11,26,1,2022,19:40:00,5,93,93027,2,1,1,1,ROCHET (RUE WALDECK),"489,360,700,000","24,034,200,000",2.022E+11,767 777,B01,-1,1,1,0,4,1,5,NULL,2.022E+11,1 038 091,767 777,B01,1,1,3,1,1975,5,2,8,-1,-1,-1,-1,2.022E+11,3,ROCHET (RUE WALDECK),0,NULL,1,2,1,2,0,1,1,NULL,-1,1,2,5,50,
2.022E+11,26,1,2022,19:40:00,5,93,93027,2,1,1,1,ROCHET (RUE WALDECK),"489,360,700,000","24,034,200,000",2.022E+11,767 777,B01,-1,1,1,0,4,1,5,NULL,2.022E+11,1 038 093,767 778,A01,1,1,1,1,1954,9,1,0,-1,-1,-1,-1,2.022E+11,3,ROCHET (RUE WALDECK),0,NULL,1,2,1,2,0,1,1,NULL,-1,1,2,5,50,
2.022E+11,9,11,2022,07:05:00,2,69,69384,2,1,2,3,39 Rue Denfert-Rochereau,"457,766,110,529","48,261,858,523",2.022E+11,767 705,B01,2,1,0,2,7,1,5,NULL,2.022E+11,1 037 997,767 705,B01,1,1,3,2,1982,1,8,-1,-1,-1,-1,-1,2.022E+11,4,DENFERT ROCHEREAU                   (R ),0,NULL,1,1,2,1,-1,-1,1,NULL,-1,2,0,1,5,
2.022E+11,9,11,2022,07:05:00,2,69,69384,2,1,2,3,39 Rue Denfert-Rochereau,"457,766,110,529","48,261,858,523",2.022E+11,767 705,B01,2,1,0,2,7,1,5,NULL,2.022E+11,1 037 999,767 707,A01,1,1,1,1,1970,4,1,-1,-1,-1,-1,-1,2.022E+11,4,DENFERT ROCHEREAU                   (R ),0,NULL,1,1,2,1,-1,-1,1,NULL,-1,2,0,1,5,
2.022E+11,9,11,2022,22:50:00,5,59,59350,2,3,1,3,MOLINEL RUE DU,"506,321,215,838","30,625,623,465",2.022E+11,767 608,B01,3,1,0,2,1,0,5,NULL,2.022E+11,1 037 875,767 606,A01,1,1,1,2,1997,5,1,0,-1,-1,-1,-1,2.022E+11,4,MOLINEL RUE DU,0,NULL,1,3,3,1,-1,-1,1,NULL,-1,1,0,5,30,
2.022E+11,9,11,2022,22:50:00,5,59,59350,2,3,1,3,MOLINEL RUE DU,"506,321,215,838","30,625,623,465",2.022E+11,767 608,B01,3,1,0,2,1,0,5,NULL,2.022E+11,1 037 878,767 608,B01,1,1,4,1,1993,4,8,0,-1,-1,-1,-1,2.022E+11,4,MOLINEL RUE DU,0,NULL,1,3,3,1,-1,-1,1,NULL,-1,1,0,5,30,
2.022E+11,10,11,2022,18:00:00,5,75,75119,2,2,1,3,RUE PETIT,"488,849,870,000","23,832,670,000",2.022E+11,767 458,B01,1,1,0,2,8,1,5,NULL,2.022E+11,1 037 684,767 457,A01,1,1,1,1,1990,4,1,0,-1,0,0,-1,2.022E+11,4,RUE PETIT,0,NULL,1,2,1,2,-1,-1,1,NULL,-1,1,0,5,30,
2.022E+11,10,11,2022,18:00:00,5,75,75119,2,2,1,3,RUE PETIT,"488,849,870,000","23,832,670,000",2.022E+11,767 458,B01,1,1,0,2,8,1,5,NULL,2.022E+11,1 037 686,767 458,B01,1,1,4,2,1991,9,8,0,-1,0,0,-1,2.022E+11,4,RUE PETIT,0,NULL,1,2,1,2,-1,-1,1,NULL,-1,1,0,5,30,
2.022E+11,10,11,2022,08:35:00,1,75,75104,2,1,1,3,RUE SAINT ANTOINE,"488,538,840,000","23,651,400,000",2.022E+11,767 408,B01,1,1,0,2,8,13,5,NULL,2.022E+11,1 037 626,767 408,B01,1,1,1,1,2006,1,2,0,-1,0,0,-1,2.022E+11,4,RUE SAINT ANTOINE,0,NULL,2,4,1,1,-1,-1,1,NULL,-1,2,0,5,30,
2.022E+11,10,11,2022,08:35:00,1,75,75104,2,1,1,3,RUE SAINT ANTOINE,"488,538,840,000","23,651,400,000",2.022E+11,767 410,A01,1,1,0,2,7,17,5,NULL,2.022E+11,1 037 626,767 408,B01,1,1,1,1,2006,1,2,0,-1,0,0,-1,2.022E+11,4,RUE SAINT ANTOINE,0,NULL,2,4,1,1,-1,-1,1,NULL,-1,2,0,5,30,
2.022E+11,10,11,2022,08:35:00,1,75,75104,2,1,1,3,RUE SAINT ANTOINE,"488,538,840,000","23,651,400,000",2.022E+11,767 408,B01,1,1,0,2,8,13,5,NULL,2.022E+11,1 037 628,767 410,A01,1,1,4,2,1966,1,8,0,-1,0,0,-1,2.022E+11,4,RUE SAINT ANTOINE,0,NULL,2,4,1,1,-1,-1,1,NULL,-1,2,0,5,30,
2.022E+11,10,11,2022,08:35:00,1,75,75104,2,1,1,3,RUE SAINT ANTOINE,"488,538,840,000","23,651,400,000",2.022E+11,767 410,A01,1,1,0,2,7,17,5,NULL,2.022E+11,1 037 628,767 410,A01,1,1,4,2,1966,1,8,0,-1,0,0,-1,2.022E+11,4,RUE SAINT ANTOINE,0,NULL,2,4,1,1,-1,-1,1,NULL,-1,2,0,5,30,
2.022E+11,3,10,2022,16:15:00,1,34,34032,2,1,1,3,Parking Conforama,"433,449,600,000","32,397,500,000",2.022E+11,767 397,B01,3,1,0,2,7,19,5,NULL,2.022E+11,1 037 612,767 397,B01,1,1,4,1,2011,2,2,0,-1,0,0,-1,2.022E+11,6,RIVETTI ROBERT (RUE),0,NULL,-1,-1,0,1,-1,-1,1,NULL,-1,1,9,1,50,
2.022E+11,3,10,2022,16:15:00,1,34,34032,2,1,1,3,Parking Conforama,"433,449,600,000","32,397,500,000",2.022E+11,767 397,B01,3,1,0,2,7,19,5,NULL,2.022E+11,1 037 614,767 399,A01,2,2,1,1,1947,3,1,8,-1,0,0,-1,2.022E+11,6,RIVETTI ROBERT (RUE),0,NULL,-1,-1,0,1,-1,-1,1,NULL,-1,1,9,1,50,
2.022E+11,3,10,2022,16:15:00,1,34,34032,2,1,1,3,Parking Conforama,"433,449,600,000","32,397,500,000",2.022E+11,767 397,B01,3,1,0,2,7,19,5,NULL,2.022E+11,1 037 615,767 399,A01,1,1,1,1,1947,3,1,8,-1,0,0,-1,2.022E+11,6,RIVETTI ROBERT (RUE),0,NULL,-1,-1,0,1,-1,-1,1,NULL,-1,1,9,1,50,
2.022E+11,4,10,2022,09:00:00,1,27,27229,2,1,1,3,GAMBETTA (BOULEVARD),"490,189,000,000","11,469,100,000",2.022E+11,767 347,B01,0,1,0,2,8,1,5,NULL,2.022E+11,1 037 551,767 344,A01,1,1,1,2,1978,5,1,5,-1,0,0,-1,2.022E+11,4,GAMBETTA (BOULEVARD),0,NULL,2,2,0,2,-1,-1,1,NULL,-1,1,0,1,50,
2.022E+11,4,10,2022,09:00:00,1,27,27229,2,1,1,3,GAMBETTA (BOULEVARD),"490,189,000,000","11,469,100,000",2.022E+11,767 347,B01,0,1,0,2,8,1,5,NULL,2.022E+11,1 037 553,767 347,B01,1,1,3,1,1949,5,8,0,-1,0,0,-1,2.022E+11,4,GAMBETTA (BOULEVARD),0,NULL,2,2,0,2,-1,-1,1,NULL,-1,1,0,1,50,
2.022E+11,21,5,2022,23:00:00,5,93,93006,2,1,1,6,Avenue Pasteur,"488,762,355,061","24,240,370,095",2.022E+11,767 095,B01,1,1,0,0,8,1,5,NULL,2.022E+11,1 037 204,767 093,A01,1,1,1,1,1992,3,2,6,-1,-1,-1,-1,2.022E+11,3,PASTEUR AV.,0,NULL,2,2,1,1,0,1,1,NULL,-1,1,0,5,30,
2.022E+11,21,5,2022,23:00:00,5,93,93006,2,1,1,6,Avenue Pasteur,"488,762,355,061","24,240,370,095",2.022E+11,767 095,B01,1,1,0,0,8,1,5,NULL,2.022E+11,1 037 206,767 095,B01,1,1,4,1,2002,9,8,0,-1,-1,-1,-1,2.022E+11,3,PASTEUR AV.,0,NULL,2,2,1,1,0,1,1,NULL,-1,1,0,5,30,
2.022E+11,22,7,2022,08:50:00,1,85,85191,2,6,2,3,RD763,"466,988,400,000","-14,299,700,000",2.022E+11,767 074,C01,1,1,0,2,2,1,5,NULL,2.022E+11,1 037 179,767 072,A01,1,1,1,2,1991,1,1,0,-1,-1,-1,-1,2.022E+11,3,NANTES ROUTE DE (SECTEUR 310),0,NULL,1,2,0,1,47,129,3,NULL,-1,2,5,1,50,
2.022E+11,22,7,2022,08:50:00,1,85,85191,2,6,2,3,RD763,"466,988,400,000","-14,299,700,000",2.022E+11,767 074,C01,1,1,0,2,2,1,5,NULL,2.022E+11,1 037 180,767 074,C01,1,1,2,1,1949,5,2,6,-1,-1,-1,-1,2.022E+11,3,NANTES ROUTE DE (SECTEUR 310),0,NULL,1,2,0,1,47,129,3,NULL,-1,2,5,1,50,