Accident_Id,jour,mois,an,hrmn,lum,dep,com,agg,int,atm,col,adr,lat,long,Num_Acc,id_vehicule,num_veh,senc,catv,obs,obsm,choc,manv,motor,occutc,Num_Acc,id_usager,id_vehicule,num_veh,place,catu,grav,sexe,an_nais,trajet,secu1,secu2,secu3,locp,actp,etatp,Num_Acc,catr,voie,v1,v2,circ,nbv,vosp,prof,pr,pr1,plan,lartpc,larrout,surf,infra,situ,vma,
2.022E+11,5,3,2022,14:50:00,1,59,59482,1,1,1,1,Route de Linselles,"507,178,460,000","30,143,150,000",2.022E+11,759 151,B01,2,1,0,2,1,23,5,NULL,2.022E+11,1 026 729,759 151,B01,1,1,3,1,1975,5,2,-1,-1,0,0,-1,2.022E+11,7,36,0,M,2,2,0,1,-1,-1,1,NULL,-1,1,0,1,50,
2.022E+11,29,8,2022,17:20:00,1,29,29075,2,1,1,1,rue Germaine Tillion,"484,055,253,360","-44,232,124,686",2.022E+11,758 884,A01,3,1,0,2,8,0,5,NULL,2.022E+11,1 026 385,758 882,B01,1,1,1,2,1999,1,1,-1,-1,0,0,-1,2.022E+11,4,NULL,-1,NULL,2,2,0,1,-1,-1,1,NULL,4,1,0,1,50,
2.022E+11,29,8,2022,17:20:00,1,29,29075,2,1,1,1,rue Germaine Tillion,"484,055,253,360","-44,232,124,686",2.022E+11,758 884,A01,3,1,0,2,8,0,5,NULL,2.022E+11,1 026 387,758 884,A01,1,1,3,1,2012,5,0,-1,-1,0,0,-1,2.022E+11,4,NULL,-1,NULL,2,2,0,1,-1,-1,1,NULL,4,1,0,1,50,
2.022E+11,29,8,2022,13:15:00,1,50,50025,2,6,1,2,Place Patton,"486,816,680,000","-13,553,470,000",2.022E+11,758 774,B01,2,1,0,2,4,1,5,NULL,2.022E+11,1 026 248,758 774,B01,1,1,3,1,1965,1,2,-1,-1,0,0,-1,2.022E+11,3,7,0,NULL,1,2,2,1,-1,-1,2,NULL,-1,1,5,5,50,
2.022E+11,29,8,2022,13:15:00,1,50,50025,2,6,1,2,Place Patton,"486,816,680,000","-13,553,470,000",2.022E+11,758 774,B01,2,1,0,2,4,1,5,NULL,2.022E+11,1 026 250,758 775,A01,1,1,1,2,1973,1,1,-1,-1,0,0,-1,2.022E+11,3,7,0,NULL,1,2,2,1,-1,-1,2,NULL,-1,1,5,5,50,
2.022E+11,28,8,2022,10:35:00,1,42,42249,1,1,1,3,1960 Route de Neronde,"458,743,130,000","42,345,320,000",2.022E+11,758 612,B01,1,1,0,2,8,1,5,NULL,2.022E+11,1 026 034,758 611,A01,1,1,1,1,1962,0,1,-1,-1,0,0,-1,2.022E+11,3,27,-1,NULL,2,2,0,2,27,910,3,NULL,-1,1,0,1,80,
2.022E+11,28,8,2022,10:35:00,1,42,42249,1,1,1,3,1960 Route de Neronde,"458,743,130,000","42,345,320,000",2.022E+11,758 612,B01,1,1,0,2,8,1,5,NULL,2.022E+11,1 026 035,758 612,B01,1,1,3,1,1961,5,2,-1,-1,0,0,-1,2.022E+11,3,27,-1,NULL,2,2,0,2,27,910,3,NULL,-1,1,0,1,80,
2.022E+11,23,8,2022,16:00:00,1,54,54344,1,1,1,7,Piste Cyclable,"484,542,357,040","62,921,565,779",2.022E+11,758 600,A01,3,1,0,0,0,0,5,NULL,2.022E+11,1 026 019,758 600,A01,1,1,3,1,1948,5,2,-1,-1,0,0,-1,2.022E+11,9,NULL,-1,NULL,2,1,1,1,-1,-1,1,NULL,3,1,0,5,-1,
2.022E+11,23,8,2022,16:00:00,1,54,54344,1,1,1,7,Piste Cyclable,"484,542,357,040","62,921,565,779",2.022E+11,758 600,A01,3,1,0,0,0,0,5,NULL,2.022E+11,1 026 020,758 600,A01,2,2,4,1,2017,5,2,-1,-1,0,0,-1,2.022E+11,9,NULL,-1,NULL,2,1,1,1,-1,-1,1,NULL,3,1,0,5,-1,
2.022E+11,27,8,2022,14:20:00,1,72,72176,2,1,1,2,Boulevard Paul Doumer,"476,415,187,034","0,1602745054",2.022E+11,758 598,B01,1,1,0,0,4,2,5,NULL,2.022E+11,1 026 016,758 597,A01,1,1,1,2,1981,9,1,-1,-1,0,0,-1,2.022E+11,3,306,0,NULL,2,2,0,1,5,60,1,NULL,-1,1,0,1,50,
2.022E+11,27,8,2022,14:20:00,1,72,72176,2,1,1,2,Boulevard Paul Doumer,"476,415,187,034","0,1602745054",2.022E+11,758 598,B01,1,1,0,0,4,2,5,NULL,2.022E+11,1 026 017,758 598,B01,1,1,4,2,2007,5,0,-1,-1,0,0,-1,2.022E+11,3,306,0,NULL,2,2,0,1,5,60,1,NULL,-1,1,0,1,50,
2.022E+11,23,1,2022,11:40:00,1,22,22187,2,1,8,7,BARBUSSE (Avenue Henri),"485,496,000,000","-27,726,700,000",2.022E+11,758 513,D01,2,1,0,2,0,1,5,NULL,2.022E+11,1 025 897,758 513,D01,1,1,1,1,2001,5,2,0,-1,-1,-1,-1,2.022E+11,4,BARBUSSE (Avenue Henri),0,NULL,2,2,0,2,1,0,1,NULL,-1,1,0,1,50,
2.022E+11,23,1,2022,11:40:00,1,22,22187,2,1,8,7,BARBUSSE (Avenue Henri),"485,496,000,000","-27,726,700,000",2.022E+11,758 514,C01,2,1,0,2,0,1,5,NULL,2.022E+11,1 025 897,758 513,D01,1,1,1,1,2001,5,2,0,-1,-1,-1,-1,2.022E+11,4,BARBUSSE (Avenue Henri),0,NULL,2,2,0,2,1,0,1,NULL,-1,1,0,1,50,
2.022E+11,23,1,2022,11:40:00,1,22,22187,2,1,8,7,BARBUSSE (Avenue Henri),"485,496,000,000","-27,726,700,000",2.022E+11,758 516,B01,2,1,0,2,0,1,5,NULL,2.022E+11,1 025 897,758 513,D01,1,1,1,1,2001,5,2,0,-1,-1,-1,-1,2.022E+11,4,BARBUSSE (Avenue Henri),0,NULL,2,2,0,2,1,0,1,NULL,-1,1,0,1,50,
2.022E+11,23,1,2022,11:40:00,1,22,22187,2,1,8,7,BARBUSSE (Avenue Henri),"485,496,000,000","-27,726,700,000",2.022E+11,758 513,D01,2,1,0,2,0,1,5,NULL,2.022E+11,1 025 898,758 514,C01,1,1,4,1,2003,5,2,0,-1,-1,-1,-1,2.022E+11,4,BARBUSSE (Avenue Henri),0,NULL,2,2,0,2,1,0,1,NULL,-1,1,0,1,50,
2.022E+11,23,1,2022,11:40:00,1,22,22187,2,1,8,7,BARBUSSE (Avenue Henri),"485,496,000,000","-27,726,700,000",2.022E+11,758 514,C01,2,1,0,2,0,1,5,NULL,2.022E+11,1 025 898,758 514,C01,1,1,4,1,2003,5,2,0,-1,-1,-1,-1,2.022E+11,4,BARBUSSE (Avenue Henri),0,NULL,2,2,0,2,1,0,1,NULL,-1,1,0,1,50,
2.022E+11,23,1,2022,11:40:00,1,22,22187,2,1,8,7,BARBUSSE (Avenue Henri),"485,496,000,000","-27,726,700,000",2.022E+11,758 516,B01,2,1,0,2,0,1,5,NULL,2.022E+11,1 025 898,758 514,C01,1,1,4,1,2003,5,2,0,-1,-1,-1,-1,2.022E+11,4,BARBUSSE (Avenue Henri),0,NULL,2,2,0,2,1,0,1,NULL,-1,1,0,1,50,
2.022E+11,23,1,2022,11:40:00,1,22,22187,2,1,8,7,BARBUSSE (Avenue Henri),"485,496,000,000","-27,726,700,000",2.022E+11,758 513,D01,2,1,0,2,0,1,5,NULL,2.022E+11,1 025 900,758 516,B01,1,1,4,1,2001,5,2,0,-1,-1,-1,-1,2.022E+11,4,BARBUSSE (Avenue Henri),0,NULL,2,2,0,2,1,0,1,NULL,-1,1,0,1,50,
2.022E+11,23,1,2022,11:40:00,1,22,22187,2,1,8,7,BARBUSSE (Avenue Henri),"485,496,000,000","-27,726,700,000",2.022E+11,758 514,C01,2,1,0,2,0,1,5,NULL,2.022E+11,1 025 900,758 516,B01,1,1,4,1,2001,5,2,0,-1,-1,-1,-1,2.022E+11,4,BARBUSSE (Avenue Henri),0,NULL,2,2,0,2,1,0,1,NULL,-1,1,0,1,50,
2.022E+11,23,1,2022,11:40:00,1,22,22187,2,1,8,7,BARBUSSE (Avenue Henri),"485,496,000,000","-27,726,700,000",2.022E+11,758 516,B01,2,1,0,2,0,1,5,NULL,2.022E+11,1 025 900,758 516,B01,1,1,4,1,2001,5,2,0,-1,-1,-1,-1,2.022E+11,4,BARBUSSE (Avenue Henri),0,NULL,2,2,0,2,1,0,1,NULL,-1,1,0,1,50,
2.022E+11,23,1,2022,11:40:00,1,22,22187,2,1,8,7,BARBUSSE (Avenue Henri),"485,496,000,000","-27,726,700,000",2.022E+11,758 513,D01,2,1,0,2,0,1,5,NULL,2.022E+11,1 025 901,758 517,A01,1,1,1,2,1942,5,1,0,-1,-1,-1,-1,2.022E+11,4,BARBUSSE (Avenue Henri),0,NULL,2,2,0,2,1,0,1,NULL,-1,1,0,1,50,
2.022E+11,23,1,2022,11:40:00,1,22,22187,2,1,8,7,BARBUSSE (Avenue Henri),"485,496,000,000","-27,726,700,000",2.022E+11,758 514,C01,2,1,0,2,0,1,5,NULL,2.022E+11,1 025 901,758 517,A01,1,1,1,2,1942,5,1,0,-1,-1,-1,-1,2.022E+11,4,BARBUSSE (Avenue Henri),0,NULL,2,2,0,2,1,0,1,NULL,-1,1,0,1,50,
2.022E+11,23,1,2022,11:40:00,1,22,22187,2,1,8,7,BARBUSSE (Avenue Henri),"485,496,000,000","-27,726,700,000",2.022E+11,758 516,B01,2,1,0,2,0,1,5,NULL,2.022E+11,1 025 901,758 517,A01,1,1,1,2,1942,5,1,0,-1,-1,-1,-1,2.022E+11,4,BARBUSSE (Avenue Henri),0,NULL,2,2,0,2,1,0,1,NULL,-1,1,0,1,50,
2.022E+11,12,4,2022,08:32:00,1,92,92044,2,1,1,3,GABRIEL PERI(RUE) 51+ ET 48+,"488,931,860,494","22,867,143,452",2.022E+11,758 459,B01,1,1,1,0,2,1,5,NULL,2.022E+11,1 025 821,758 459,B01,1,1,4,1,1978,1,8,0,-1,0,0,-1,2.022E+11,4,NULL,0,NULL,1,1,0,1,0,0,1,NULL,-1,1,0,1,50,
2.022E+11,12,4,2022,08:32:00,1,92,92044,2,1,1,3,GABRIEL PERI(RUE) 51+ ET 48+,"488,931,860,494","22,867,143,452",2.022E+11,758 459,B01,1,1,1,0,2,1,5,NULL,2.022E+11,1 025 825,758 461,A01,1,1,1,1,1972,5,8,0,-1,0,0,-1,2.022E+11,4,NULL,0,NULL,1,1,0,1,0,0,1,NULL,-1,1,0,1,50,
2.022E+11,22,1,2022,15:00:00,1,91,91363,1,1,1,3,Route de Bel-Air,"486,613,760,000","22,051,620,000",2.022E+11,758 394,B01,1,1,0,2,1,2,5,NULL,2.022E+11,1 025 728,758 392,A01,1,1,1,2,1993,9,1,-1,-1,0,0,-1,2.022E+11,3,446,-1,NULL,2,2,0,2,11,600,3,NULL,-1,1,5,1,50,
2.022E+11,22,1,2022,15:00:00,1,91,91363,1,1,1,3,Route de Bel-Air,"486,613,760,000","22,051,620,000",2.022E+11,758 394,B01,1,1,0,2,1,2,5,NULL,2.022E+11,1 025 730,758 394,B01,1,1,4,1,1986,0,2,-1,-1,0,0,-1,2.022E+11,3,446,-1,NULL,2,2,0,2,11,600,3,NULL,-1,1,5,1,50,
2.022E+11,24,1,2022,13:55:00,1,29,29146,1,2,1,3,Route de la Trinite,"479,186,140,000","-38,157,750,000",2.022E+11,758 329,B01,1,1,0,2,6,1,5,NULL,2.022E+11,1 025 644,758 329,B01,1,1,3,1,1960,5,2,4,-1,0,0,-1,2.022E+11,3,24,0,D,2,2,0,1,4,427,1,NULL,-1,1,0,1,80,
2.022E+11,24,1,2022,13:55:00,1,29,29146,1,2,1,3,Route de la Trinite,"479,186,140,000","-38,157,750,000",2.022E+11,758 329,B01,1,1,0,2,6,1,5,NULL,2.022E+11,1 025 648,758 332,A01,1,1,1,2,1982,1,1,-1,-1,0,0,-1,2.022E+11,3,24,0,D,2,2,0,1,4,427,1,NULL,-1,1,0,1,80,
2.022E+11,18,6,2022,22:10:00,5,31,31555,2,3,1,3,LASCROSSES (BD) DU 1AU 17,"436,103,100,000","14,348,000,000",2.022E+11,758 223,B01,3,1,0,2,1,19,5,NULL,2.022E+11,1 025 510,758 223,B01,1,1,4,1,1976,0,8,0,-1,-1,-1,-1,2.022E+11,4,LASCROSSES (BD) DU 1AU 17,0,NULL,2,6,0,1,-1,-1,1,NULL,-1,1,0,1,50,
2.022E+11,18,6,2022,22:10:00,5,31,31555,2,3,1,3,LASCROSSES (BD) DU 1AU 17,"436,103,100,000","14,348,000,000",2.022E+11,758 223,B01,3,1,0,2,1,19,5,NULL,2.022E+11,1 025 511,758 224,A01,1,1,1,2,2000,5,1,8,-1,-1,-1,-1,2.022E+11,4,LASCROSSES (BD) DU 1AU 17,0,NULL,2,6,0,1,-1,-1,1,NULL,-1,1,0,1,50,
2.022E+11,17,6,2022,23:05:00,5,75,75111,2,3,1,3,AVENUE PARMENTIER,"488,611,570,000","23,778,440,000",2.022E+11,758 079,B01,1,1,0,2,3,1,5,NULL,2.022E+11,1 025 316,758 076,A01,1,1,1,1,1986,4,1,0,-1,0,0,-1,2.022E+11,4,AVENUE PARMENTIER,0,NULL,2,2,0,1,-1,-1,1,NULL,-1,1,0,1,30,
2.022E+11,17,6,2022,23:05:00,5,75,75111,2,3,1,3,AVENUE PARMENTIER,"488,611,570,000","23,778,440,000",2.022E+11,758 079,B01,1,1,0,2,3,1,5,NULL,2.022E+11,1 025 320,758 079,B01,1,1,4,2,1992,9,8,0,-1,0,0,-1,2.022E+11,4,AVENUE PARMENTIER,0,NULL,2,2,0,1,-1,-1,1,NULL,-1,1,0,1,30,
2.022E+11,8,4,2022,16:50:00,1,67,67447,2,1,1,3,PIERRE MENDES FRANCE (AVENUE),"486,085,540,000","77,640,290,000",2.022E+11,757 971,A01,1,1,0,2,3,17,5,NULL,2.022E+11,1 025 173,757 970,B01,1,1,1,1,1997,4,1,8,-1,-1,-1,-1,2.022E+11,4,PIERRE MENDES FRANCE (AVENUE),0,NULL,3,5,1,1,-1,-1,2,NULL,-1,1,0,1,50,
2.022E+11,8,4,2022,16:50:00,1,67,67447,2,1,1,3,PIERRE MENDES FRANCE (AVENUE),"486,085,540,000","77,640,290,000",2.022E+11,757 971,A01,1,1,0,2,3,17,5,NULL,2.022E+11,1 025 174,757 971,A01,1,1,4,1,1979,0,8,0,-1,-1,-1,-1,2.022E+11,4,PIERRE MENDES FRANCE (AVENUE),0,NULL,3,5,1,1,-1,-1,2,NULL,-1,1,0,1,50,
2.022E+11,11,4,2022,08:05:00,1,75,75113,2,3,1,3,RUE DU DESSOUS DES BERGES,"488,265,060,000","23,745,530,000",2.022E+11,757 826,B01,2,1,0,2,1,1,5,NULL,2.022E+11,1 024 976,757 826,B01,1,1,4,1,1982,1,2,0,-1,0,0,-1,2.022E+11,4,RUE DU DESSOUS DES BERGES,0,NULL,1,1,2,1,-1,-1,1,NULL,-1,1,0,1,30,
2.022E+11,11,4,2022,08:05:00,1,75,75113,2,3,1,3,RUE DU DESSOUS DES BERGES,"488,265,060,000","23,745,530,000",2.022E+11,757 826,B01,2,1,0,2,1,1,5,NULL,2.022E+11,1 024 978,757 828,A01,2,2,1,2,1951,5,8,0,-1,0,0,-1,2.022E+11,4,RUE DU DESSOUS DES BERGES,0,NULL,1,1,2,1,-1,-1,1,NULL,-1,1,0,1,30,
2.022E+11,11,4,2022,09:15:00,1,92,92025,2,1,1,3,EGALITE (RUE DE L'),"489,223,990,000","22,414,100,000",2.022E+11,757 734,B01,3,1,0,2,8,1,5,NULL,2.022E+11,1 024 835,757 734,B01,1,1,4,2,1974,1,8,0,-1,-1,-1,-1,2.022E+11,4,NULL,0,NULL,2,1,1,2,0,0,1,NULL,-1,1,0,1,30,
2.022E+11,11,4,2022,09:15:00,1,92,92025,2,1,1,3,EGALITE (RUE DE L'),"489,223,990,000","22,414,100,000",2.022E+11,757 734,B01,3,1,0,2,8,1,5,NULL,2.022E+11,1 024 837,757 736,A01,1,1,1,2,1989,2,1,0,-1,-1,-1,-1,2.022E+11,4,NULL,0,NULL,2,1,1,2,0,0,1,NULL,-1,1,0,1,30,
2.022E+11,23,1,2022,09:10:00,1,30,30259,2,3,1,3,D981,"441,048,000,000","41,265,680,000",2.022E+11,757 674,B01,2,1,0,0,1,2,5,NULL,2.022E+11,1 024 758,757 674,B01,1,1,3,1,1988,5,2,-1,-1,0,0,-1,2.022E+11,3,981,-1,NULL,2,2,0,2,2,550,1,NULL,-1,1,0,1,50,
2.022E+11,23,1,2022,09:10:00,1,30,30259,2,3,1,3,D981,"441,048,000,000","41,265,680,000",2.022E+11,757 674,B01,2,1,0,0,1,2,5,NULL,2.022E+11,1 024 760,757 676,A01,1,1,1,1,1974,0,1,-1,-1,0,0,-1,2.022E+11,3,981,-1,NULL,2,2,0,2,2,550,1,NULL,-1,1,0,1,50,
2.022E+11,13,4,2022,21:10:00,2,79,79063,1,1,1,2,NULL,"470,018,410,000"," -0,3768400000",2.022E+11,757 631,A01,2,1,0,0,4,1,5,NULL,2.022E+11,1 024 704,757 631,A01,1,1,3,1,1987,1,2,4,9,0,0,-1,2.022E+11,3,759,0,D,2,2,0,1,28,485,1,NULL,"5,3",1,0,1,90,
2.022E+11,13,4,2022,21:10:00,2,79,79063,1,1,1,2,NULL,"470,018,410,000"," -0,3768400000",2.022E+11,757 631,A01,2,1,0,0,4,1,5,NULL,2.022E+11,1 024 705,757 632,B01,1,1,1,1,2002,5,8,-1,-1,0,0,-1,2.022E+11,3,759,0,D,2,2,0,1,28,485,1,NULL,"5,3",1,0,1,90,
2.022E+11,23,1,2022,10:12:00,1,84,84081,2,2,1,3,23 Avenue du General Leclerc,"439,339,770,000","49,017,820,000",2.022E+11,757 616,B01,0,1,0,2,8,1,5,NULL,2.022E+11,1 024 685,757 615,A01,1,1,1,2,1984,5,1,3,-1,0,0,-1,2.022E+11,4,NULL,-1,NULL,2,2,0,1,-1,-1,1,NULL,4,1,9,1,50,
2.022E+11,23,1,2022,10:12:00,1,84,84081,2,2,1,3,23 Avenue du General Leclerc,"439,339,770,000","49,017,820,000",2.022E+11,757 616,B01,0,1,0,2,8,1,5,NULL,2.022E+11,1 024 687,757 616,B01,1,1,4,1,1968,5,2,-1,-1,0,0,-1,2.022E+11,4,NULL,-1,NULL,2,2,0,1,-1,-1,1,NULL,4,1,9,1,50,
2.022E+11,30,8,2022,09:00:00,1,38,38185,2,3,1,1,RUE DE STALINGRAD,"451,739,500,000","57,251,200,000",2.022E+11,757 210,B01,3,1,0,2,1,1,5,NULL,2.022E+11,1 024 159,757 209,A01,1,1,1,1,1980,-1,0,-1,-1,-1,-1,-1,2.022E+11,4,RUE DE STALINGRAD,0,NULL,2,4,2,1,-1,-1,1,NULL,-1,1,0,1,50,
2.022E+11,30,8,2022,09:00:00,1,38,38185,2,3,1,1,RUE DE STALINGRAD,"451,739,500,000","57,251,200,000",2.022E+11,757 210,B01,3,1,0,2,1,1,5,NULL,2.022E+11,1 024 160,757 210,B01,1,1,3,1,1960,-1,0,-1,-1,-1,-1,-1,2.022E+11,4,RUE DE STALINGRAD,0,NULL,2,4,2,1,-1,-1,1,NULL,-1,1,0,1,50,
2.022E+11,19,5,2022,18:20:00,1,14,14301,2,1,1,3,Rue du Centre,"491,761,800,000"," -0,2818300000",2.022E+11,757 144,A01,3,1,0,2,7,25,5,NULL,2.022E+11,1 024 066,757 143,B01,1,1,1,1,1983,5,1,-1,-1,0,0,-1,2.022E+11,4,CENTRE (RUE DU),0,NULL,-1,2,0,1,1,0,1,NULL,-1,1,0,1,50,
2.022E+11,19,5,2022,18:20:00,1,14,14301,2,1,1,3,Rue du Centre,"491,761,800,000"," -0,2818300000",2.022E+11,757 144,A01,3,1,0,2,7,25,5,NULL,2.022E+11,1 024 067,757 144,A01,1,1,4,1,2010,5,0,-1,-1,0,0,-1,2.022E+11,4,CENTRE (RUE DU),0,NULL,-1,2,0,1,1,0,1,NULL,-1,1,0,1,50,
2.022E+11,19,5,2022,20:15:00,1,75,75108,2,4,1,2,AVENUE DES CHAMPS ELYSEES,"488,719,096,164","23,009,232,035",2.022E+11,757 101,A01,2,1,0,2,1,2,5,NULL,2.022E+11,1 024 016,757 101,A01,1,1,4,1,1980,1,2,0,-1,0,0,-1,2.022E+11,4,AVENUE DES CHAMPS ELYSEES,0,NULL,2,8,1,1,-1,-1,1,NULL,-1,1,-1,5,30,
2.022E+11,19,5,2022,20:15:00,1,75,75108,2,4,1,2,AVENUE DES CHAMPS ELYSEES,"488,719,096,164","23,009,232,035",2.022E+11,757 102,B01,2,1,0,2,4,2,5,NULL,2.022E+11,1 024 016,757 101,A01,1,1,4,1,1980,1,2,0,-1,0,0,-1,2.022E+11,4,AVENUE DES CHAMPS ELYSEES,0,NULL,2,8,1,1,-1,-1,1,NULL,-1,1,-1,5,30,
2.022E+11,19,5,2022,20:15:00,1,75,75108,2,4,1,2,AVENUE DES CHAMPS ELYSEES,"488,719,096,164","23,009,232,035",2.022E+11,757 101,A01,2,1,0,2,1,2,5,NULL,2.022E+11,1 024 017,757 102,B01,1,1,1,1,1996,1,2,0,-1,0,0,-1,2.022E+11,4,AVENUE DES CHAMPS ELYSEES,0,NULL,2,8,1,1,-1,-1,1,NULL,-1,1,-1,5,30,
2.022E+11,19,5,2022,20:15:00,1,75,75108,2,4,1,2,AVENUE DES CHAMPS ELYSEES,"488,719,096,164","23,009,232,035",2.022E+11,757 102,B01,2,1,0,2,4,2,5,NULL,2.022E+11,1 024 017,757 102,B01,1,1,1,1,1996,1,2,0,-1,0,0,-1,2.022E+11,4,AVENUE DES CHAMPS ELYSEES,0,NULL,2,8,1,1,-1,-1,1,NULL,-1,1,-1,5,30,
2.022E+11,26,9,2022,14:55:00,1,59,59009,2,1,2,1,8 MAI 1945 RUE DU A PARTIR DU N° 60,"506,341,064,125","31,552,621,722",2.022E+11,756 977,B01,3,1,0,2,2,19,5,NULL,2.022E+11,1 023 853,756 976,A01,1,1,1,2,1943,3,1,0,-1,-1,-1,-1,2.022E+11,7,8 MAI 1945 RUE DU A PARTIR DU N° 60,0,NULL,2,2,0,1,-1,-1,1,NULL,-1,2,0,8,50,
2.022E+11,26,9,2022,14:55:00,1,59,59009,2,1,2,1,8 MAI 1945 RUE DU A PARTIR DU N° 60,"506,341,064,125","31,552,621,722",2.022E+11,756 977,B01,3,1,0,2,2,19,5,NULL,2.022E+11,1 023 854,756 977,B01,1,1,4,2,1971,5,8,0,-1,-1,-1,-1,2.022E+11,7,8 MAI 1945 RUE DU A PARTIR DU N° 60,0,NULL,2,2,0,1,-1,-1,1,NULL,-1,2,0,8,50,
2.022E+11,26,6,2022,14:15:00,1,14,14220,2,7,1,2,Avenue Lucien Barrière,"493,592,900,000","0,0707900000",2.022E+11,756 903,A01,1,1,0,2,1,1,5,NULL,2.022E+11,1 023 740,756 901,B01,1,1,1,1,1956,-1,0,-1,-1,0,0,-1,2.022E+11,4,NULL,0,NULL,1,1,0,1,0,0,1,NULL,-1,1,0,1,50,
2.022E+11,26,6,2022,14:15:00,1,14,14220,2,7,1,2,Avenue Lucien Barrière,"493,592,900,000","0,0707900000",2.022E+11,756 903,A01,1,1,0,2,1,1,5,NULL,2.022E+11,1 023 742,756 903,A01,1,1,4,1,2007,5,8,0,-1,0,0,-1,2.022E+11,4,NULL,0,NULL,1,1,0,1,0,0,1,NULL,-1,1,0,1,50,
2.022E+11,17,5,2022,13:30:00,1,67,67482,2,1,1,3,BON PASTEUR (RUE DU),"485,880,105,765","77,806,170,000",2.022E+11,756 703,A01,1,1,0,2,1,19,5,NULL,2.022E+11,1 023 468,756 703,A01,1,1,4,1,1953,0,8,0,-1,-1,-1,-1,2.022E+11,4,BON PASTEUR (RUE DU),0,NULL,2,2,3,1,-1,-1,1,NULL,-1,1,9,1,50,
2.022E+11,17,5,2022,13:30:00,1,67,67482,2,1,1,3,BON PASTEUR (RUE DU),"485,880,105,765","77,806,170,000",2.022E+11,756 703,A01,1,1,0,2,1,19,5,NULL,2.022E+11,1 023 469,756 704,B01,1,1,1,1,1999,4,2,8,-1,-1,-1,-1,2.022E+11,4,BON PASTEUR (RUE DU),0,NULL,2,2,3,1,-1,-1,1,NULL,-1,1,9,1,50,
2.022E+11,16,5,2022,16:00:00,1,45,45338,2,2,1,1,1 Rue de Gaudry,"479,954,678,056","26,951,742,321",2.022E+11,756 641,B01,3,1,0,2,1,26,5,NULL,2.022E+11,1 023 388,756 641,B01,1,1,4,2,1959,0,8,8,-1,-1,-1,-1,2.022E+11,4,GAUDRY (RUE ALBERT),0,NULL,2,2,0,1,-1,-1,1,NULL,-1,1,0,1,50,
2.022E+11,16,5,2022,16:00:00,1,45,45338,2,2,1,1,1 Rue de Gaudry,"479,954,678,056","26,951,742,321",2.022E+11,756 641,B01,3,1,0,2,1,26,5,NULL,2.022E+11,1 023 390,756 643,A01,1,1,1,-1,NULL,-1,-1,-1,-1,-1,-1,-1,2.022E+11,4,GAUDRY (RUE ALBERT),0,NULL,2,2,0,1,-1,-1,1,NULL,-1,1,0,1,50,
2.022E+11,18,5,2022,17:40:00,1,38,38185,2,1,1,4,ALFRED DE VIGNY (RUE ),"451,665,900,000","57,231,800,000",2.022E+11,756 628,B01,3,1,0,2,0,23,5,NULL,2.022E+11,1 023 368,756 626,A01,1,1,1,1,2003,0,1,0,-1,-1,-1,-1,2.022E+11,4,ALFRED DE VIGNY (RUE ),0,NULL,2,2,0,1,-1,-1,1,NULL,-1,1,5,1,50,
2.022E+11,18,5,2022,17:40:00,1,38,38185,2,1,1,4,ALFRED DE VIGNY (RUE ),"451,665,900,000","57,231,800,000",2.022E+11,756 628,B01,3,1,0,2,0,23,5,NULL,2.022E+11,1 023 370,756 628,B01,1,1,4,1,1953,0,8,0,-1,-1,-1,-1,2.022E+11,4,ALFRED DE VIGNY (RUE ),0,NULL,2,2,0,1,-1,-1,1,NULL,-1,1,5,1,50,
2.022E+11,18,5,2022,17:40:00,1,38,38185,2,1,1,4,ALFRED DE VIGNY (RUE ),"451,665,900,000","57,231,800,000",2.022E+11,756 628,B01,3,1,0,2,0,23,5,NULL,2.022E+11,1 023 372,756 630,C01,1,1,4,1,1977,0,1,0,-1,-1,-1,-1,2.022E+11,4,ALFRED DE VIGNY (RUE ),0,NULL,2,2,0,1,-1,-1,1,NULL,-1,1,5,1,50,
2.022E+11,18,5,2022,17:40:00,1,38,38185,2,1,1,4,ALFRED DE VIGNY (RUE ),"451,665,900,000","57,231,800,000",2.022E+11,756 628,B01,3,1,0,2,0,23,5,NULL,2.022E+11,1 023 373,756 631,D01,1,1,1,2,1959,0,1,0,-1,-1,-1,-1,2.022E+11,4,ALFRED DE VIGNY (RUE ),0,NULL,2,2,0,1,-1,-1,1,NULL,-1,1,5,1,50,
2.022E+11,18,5,2022,12:20:00,1,37,37214,2,1,1,3,LANDE (RUE DE LA),"474,206,593,114","0,6649685651",2.022E+11,756 620,B01,3,1,0,2,1,1,5,NULL,2.022E+11,1 023 358,756 618,A01,1,1,1,2,1954,5,1,8,-1,-1,-1,-1,2.022E+11,4,LANDE (RUE DE LA),0,NULL,2,2,1,1,-1,-1,1,NULL,-1,1,0,1,50,
2.022E+11,18,5,2022,12:20:00,1,37,37214,2,1,1,3,LANDE (RUE DE LA),"474,206,593,114","0,6649685651",2.022E+11,756 620,B01,3,1,0,2,1,1,5,NULL,2.022E+11,1 023 360,756 620,B01,1,1,4,1,2010,5,2,0,-1,-1,-1,-1,2.022E+11,4,LANDE (RUE DE LA),0,NULL,2,2,1,1,-1,-1,1,NULL,-1,1,0,1,50,