Accident_Id,jour,mois,an,hrmn,lum,dep,com,agg,int,atm,col,adr,lat,long,Num_Acc,id_vehicule,num_veh,senc,catv,obs,obsm,choc,manv,motor,occutc,Num_Acc,id_usager,id_vehicule,num_veh,place,catu,grav,sexe,an_nais,trajet,secu1,secu2,secu3,locp,actp,etatp,Num_Acc,catr,voie,v1,v2,circ,nbv,vosp,prof,pr,pr1,plan,lartpc,larrout,surf,infra,situ,vma,
2.022E+11,2,10,2022,09:30:00,1,34,34114,1,1,1,1,D32,"436,565,780,000","35,565,930,000",2.022E+11,753 256,B01,2,1,0,2,8,13,5,NULL,2.022E+11,1 018 778,753 255,A01,1,1,1,2,2001,5,0,-1,-1,0,0,-1,2.022E+11,3,D32,-1,NULL,2,2,0,1,24,600,3,NULL,-1,1,0,1,-1,
2.022E+11,2,10,2022,09:30:00,1,34,34114,1,1,1,1,D32,"436,565,780,000","35,565,930,000",2.022E+11,753 256,B01,2,1,0,2,8,13,5,NULL,2.022E+11,1 018 779,753 256,B01,1,1,4,1,1934,5,0,-1,-1,0,0,-1,2.022E+11,3,D32,-1,NULL,2,2,0,1,24,600,3,NULL,-1,1,0,1,-1,
2.022E+11,9,12,2022,00:50:00,5,35,35238,2,4,1,3,CHATEAUGIRON (DE),"481,018,200,000","-16,599,840,000",2.022E+11,753 063,B01,1,1,0,2,8,1,5,NULL,2.022E+11,1 018 521,753 063,B01,1,1,4,2,1995,5,0,-1,-1,0,0,-1,2.022E+11,4,CHATEAUGIRON (DE),0,NULL,2,2,3,2,-1,-1,2,NULL,-1,1,0,1,50,
2.022E+11,9,12,2022,00:50:00,5,35,35238,2,4,1,3,CHATEAUGIRON (DE),"481,018,200,000","-16,599,840,000",2.022E+11,753 063,B01,1,1,0,2,8,1,5,NULL,2.022E+11,1 018 522,753 064,A01,1,1,1,1,1964,5,1,-1,-1,0,0,-1,2.022E+11,4,CHATEAUGIRON (DE),0,NULL,2,2,3,2,-1,-1,2,NULL,-1,1,0,1,50,
2.022E+11,7,12,2022,14:45:00,1,31,31557,2,6,1,3,AURIOL (BD VINCENT),"435,845,700,000","13,440,700,000",2.022E+11,753 028,B01,1,1,0,2,7,26,5,NULL,2.022E+11,1 018 476,753 024,A01,1,1,1,2,1960,0,1,0,-1,0,0,-1,2.022E+11,7,AURIOL (BD VINCENT),0,NULL,1,2,0,1,6,198,1,NULL,-1,1,0,1,50,
2.022E+11,7,12,2022,14:45:00,1,31,31557,2,6,1,3,AURIOL (BD VINCENT),"435,845,700,000","13,440,700,000",2.022E+11,753 028,B01,1,1,0,2,7,26,5,NULL,2.022E+11,1 018 480,753 028,B01,1,1,4,1,1970,0,2,0,-1,0,0,-1,2.022E+11,7,AURIOL (BD VINCENT),0,NULL,1,2,0,1,6,198,1,NULL,-1,1,0,1,50,
2.022E+11,9,12,2022,11:25:00,1,75,75108,2,5,1,3,AVENUE DES CHAMPS ELYSEES,"488,731,240,000","22,970,890,000",2.022E+11,752 942,A01,2,1,0,2,1,19,5,NULL,2.022E+11,1 018 363,752 942,A01,1,1,4,1,1972,9,0,0,-1,0,0,-1,2.022E+11,4,AVENUE DES CHAMPS ELYSEES,0,NULL,2,-1,0,1,-1,-1,1,NULL,-1,1,0,1,30,
2.022E+11,9,12,2022,11:25:00,1,75,75108,2,5,1,3,AVENUE DES CHAMPS ELYSEES,"488,731,240,000","22,970,890,000",2.022E+11,752 942,A01,2,1,0,2,1,19,5,NULL,2.022E+11,1 018 364,752 943,B01,1,1,1,1,1983,9,1,0,-1,0,0,-1,2.022E+11,4,AVENUE DES CHAMPS ELYSEES,0,NULL,2,-1,0,1,-1,-1,1,NULL,-1,1,0,1,30,
2.022E+11,10,12,2022,15:15:00,1,79,79135,1,1,1,1,NULL,"467,150,690,000"," -0,2146300000",2.022E+11,752 866,B01,3,1,0,2,1,1,5,NULL,2.022E+11,1 018 265,752 865,A01,1,1,1,1,2004,4,8,-1,-1,0,0,-1,2.022E+11,4,NULL,-1,NULL,2,2,0,2,-1,-1,2,NULL,"4,2",1,0,1,80,
2.022E+11,10,12,2022,15:15:00,1,79,79135,1,1,1,1,NULL,"467,150,690,000"," -0,2146300000",2.022E+11,752 866,B01,3,1,0,2,1,1,5,NULL,2.022E+11,1 018 266,752 866,B01,1,1,3,1,1965,5,2,-1,-1,0,0,-1,2.022E+11,4,NULL,-1,NULL,2,2,0,2,-1,-1,2,NULL,"4,2",1,0,1,80,
2.022E+11,11,7,2022,07:30:00,1,62,62193,2,4,7,3,GAMBETTA (BOULEVARD),"509,463,100,000","18,417,700,000",2.022E+11,752 832,B01,2,1,0,2,7,1,5,NULL,2.022E+11,1 018 210,752 830,A01,1,1,1,1,1999,1,1,8,-1,-1,-1,-1,2.022E+11,4,GAMBETTA (BOULEVARD),0,NULL,2,2,0,1,-1,-1,1,NULL,-1,1,0,1,50,
2.022E+11,11,7,2022,07:30:00,1,62,62193,2,4,7,3,GAMBETTA (BOULEVARD),"509,463,100,000","18,417,700,000",2.022E+11,752 832,B01,2,1,0,2,7,1,5,NULL,2.022E+11,1 018 212,752 832,B01,1,1,4,1,1973,1,8,0,-1,-1,-1,-1,2.022E+11,4,GAMBETTA (BOULEVARD),0,NULL,2,2,0,1,-1,-1,1,NULL,-1,1,0,1,50,
2.022E+11,16,7,2022,16:35:00,1,37,37261,2,1,1,3,JAURES (PLACE JEAN),"473,901,494,044","0,6896603107",2.022E+11,752 803,B01,2,1,0,0,0,1,5,NULL,2.022E+11,1 018 173,752 803,B01,1,1,4,2,1971,5,8,0,-1,-1,-1,-1,2.022E+11,4,NULL,0,NULL,1,2,0,1,-1,-1,1,NULL,-1,1,0,1,50,
2.022E+11,16,7,2022,16:35:00,1,37,37261,2,1,1,3,JAURES (PLACE JEAN),"473,901,494,044","0,6896603107",2.022E+11,752 803,B01,2,1,0,0,0,1,5,NULL,2.022E+11,1 018 176,752 805,A01,1,1,1,1,1963,5,1,0,-1,-1,-1,-1,2.022E+11,4,NULL,0,NULL,1,2,0,1,-1,-1,1,NULL,-1,1,0,1,50,
2.022E+11,17,7,2022,08:35:00,1,75,75119,2,3,1,3,RUE DE CRIMEE,"488,888,360,000","23,788,760,000",2.022E+11,752 742,B01,2,1,0,2,1,19,5,NULL,2.022E+11,1 018 083,752 740,A01,1,1,1,1,1976,4,1,0,-1,0,0,-1,2.022E+11,4,RUE DE CRIMEE,0,NULL,1,4,2,1,-1,-1,1,NULL,-1,1,0,1,30,
2.022E+11,17,7,2022,08:35:00,1,75,75119,2,3,1,3,RUE DE CRIMEE,"488,888,360,000","23,788,760,000",2.022E+11,752 742,B01,2,1,0,2,1,19,5,NULL,2.022E+11,1 018 085,752 742,B01,1,1,4,1,2010,9,2,0,-1,0,0,-1,2.022E+11,4,RUE DE CRIMEE,0,NULL,1,4,2,1,-1,-1,1,NULL,-1,1,0,1,30,
2.022E+11,15,7,2022,16:00:00,1,15,15192,1,1,1,7,D67,"450,769,070,000","27,261,220,000",2.022E+11,752 627,A01,1,1,0,0,0,1,5,NULL,2.022E+11,1 017 922,752 627,A01,1,1,3,1,1963,5,6,2,-1,0,0,-1,2.022E+11,3,67,-1,NULL,2,2,0,2,5,10,2,NULL,-1,1,0,1,90,
2.022E+11,18,7,2022,11:31:00,1,60,60509,2,2,1,3,Rue Georges Decroze,"493,002,180,000","26,044,940,000",2.022E+11,752 601,B01,2,1,0,2,1,2,5,NULL,2.022E+11,1 017 883,752 599,A01,2,2,1,1,2000,3,1,-1,-1,0,0,-1,2.022E+11,3,1017,0,D,2,2,2,1,21,900,1,NULL,-1,1,0,1,50,
2.022E+11,18,7,2022,11:31:00,1,60,60509,2,2,1,3,Rue Georges Decroze,"493,002,180,000","26,044,940,000",2.022E+11,752 601,B01,2,1,0,2,1,2,5,NULL,2.022E+11,1 017 884,752 599,A01,1,1,4,2,2002,3,1,-1,-1,0,0,-1,2.022E+11,3,1017,0,D,2,2,2,1,21,900,1,NULL,-1,1,0,1,50,
2.022E+11,18,7,2022,11:31:00,1,60,60509,2,2,1,3,Rue Georges Decroze,"493,002,180,000","26,044,940,000",2.022E+11,752 601,B01,2,1,0,2,1,2,5,NULL,2.022E+11,1 017 886,752 601,B01,1,1,4,1,1972,5,2,-1,-1,0,0,-1,2.022E+11,3,1017,0,D,2,2,2,1,21,900,1,NULL,-1,1,0,1,50,
2.022E+11,6,12,2022,15:32:00,1,10,10357,2,3,1,3,GENERAL DE GAULLE (RUE DU),"482,971,000,000","41,265,800,000",2.022E+11,752 530,A01,3,1,0,2,1,19,5,NULL,2.022E+11,1 017 769,752 528,B01,1,1,1,1,1960,1,1,0,-1,-1,-1,-1,2.022E+11,3,GENERAL DE GAULLE (RUE DU),0,NULL,2,2,0,1,67,130,1,NULL,-1,1,0,1,50,
2.022E+11,6,12,2022,15:32:00,1,10,10357,2,3,1,3,GENERAL DE GAULLE (RUE DU),"482,971,000,000","41,265,800,000",2.022E+11,752 530,A01,3,1,0,2,1,19,5,NULL,2.022E+11,1 017 773,752 530,A01,1,1,4,1,2004,5,8,0,-1,-1,-1,-1,2.022E+11,3,GENERAL DE GAULLE (RUE DU),0,NULL,2,2,0,1,67,130,1,NULL,-1,1,0,1,50,
2.022E+11,12,7,2022,11:43:00,1,51,51230,2,1,1,3,Rue des Huguenots,"490,377,647,887","39,562,133,700",2.022E+11,752 460,B01,0,1,0,2,8,1,5,NULL,2.022E+11,1 017 654,752 460,B01,1,1,4,2,1988,5,0,-1,-1,0,0,-1,2.022E+11,4,HUGUENOTS (RUE DES),0,NULL,1,1,0,2,-1,-1,1,NULL,-1,1,0,1,50,
2.022E+11,12,7,2022,11:43:00,1,51,51230,2,1,1,3,Rue des Huguenots,"490,377,647,887","39,562,133,700",2.022E+11,752 460,B01,0,1,0,2,8,1,5,NULL,2.022E+11,1 017 655,752 461,A01,1,1,1,2,1993,9,1,-1,-1,-1,-1,-1,2.022E+11,4,HUGUENOTS (RUE DES),0,NULL,1,1,0,2,-1,-1,1,NULL,-1,1,0,1,50,
2.022E+11,16,7,2022,23:00:00,3,13,13047,2,1,1,1,RADOLFZELL AVENUE DE,"434,988,800,000","49,785,300,000",2.022E+11,752 350,B01,3,1,0,2,0,0,5,NULL,2.022E+11,1 017 496,752 350,B01,1,1,4,1,2003,9,8,0,-1,-1,-1,-1,2.022E+11,4,RADOLFZELL AVENUE DE,0,NULL,-1,2,0,1,0,0,2,NULL,-1,1,0,1,50,
2.022E+11,16,7,2022,23:00:00,3,13,13047,2,1,1,1,RADOLFZELL AVENUE DE,"434,988,800,000","49,785,300,000",2.022E+11,752 350,B01,3,1,0,2,0,0,5,NULL,2.022E+11,1 017 498,752 352,A01,1,1,1,1,1972,5,8,0,-1,-1,-1,-1,2.022E+11,4,RADOLFZELL AVENUE DE,0,NULL,-1,2,0,1,0,0,2,NULL,-1,1,0,1,50,
2.022E+11,26,2,2022,17:50:00,1,85,85097,1,3,7,3,RD755,"469,158,200,000","-10,470,950,000",2.022E+11,752 087,B01,1,1,0,2,6,15,5,NULL,2.022E+11,1 017 139,752 085,A01,1,1,1,1,1967,1,1,-1,-1,0,0,-1,2.022E+11,3,755,0,NULL,2,2,0,1,24,240,1,NULL,-1,1,5,1,80,
2.022E+11,26,2,2022,17:50:00,1,85,85097,1,3,7,3,RD755,"469,158,200,000","-10,470,950,000",2.022E+11,752 087,B01,1,1,0,2,6,15,5,NULL,2.022E+11,1 017 143,752 087,B01,1,1,3,1,2002,5,0,-1,-1,0,0,-1,2.022E+11,3,755,0,NULL,2,2,0,1,24,240,1,NULL,-1,1,5,1,80,
2.022E+11,25,2,2022,17:55:00,2,67,67482,2,3,1,3,LA FONTAINE (BOULEVARD),"485,899,900,000","77,090,700,000",2.022E+11,751 855,A01,1,1,0,2,1,5,5,NULL,2.022E+11,1 016 817,751 853,B01,1,1,1,2,1988,0,1,8,-1,-1,-1,-1,2.022E+11,4,LA FONTAINE (BOULEVARD),0,NULL,1,2,0,1,-1,-1,2,NULL,-1,1,9,1,50,
2.022E+11,25,2,2022,17:55:00,2,67,67482,2,3,1,3,LA FONTAINE (BOULEVARD),"485,899,900,000","77,090,700,000",2.022E+11,751 855,A01,1,1,0,2,1,5,5,NULL,2.022E+11,1 016 820,751 855,A01,1,1,3,1,1987,0,8,0,-1,-1,-1,-1,2.022E+11,4,LA FONTAINE (BOULEVARD),0,NULL,1,2,0,1,-1,-1,2,NULL,-1,1,9,1,50,
2.022E+11,18,1,2022,17:40:00,2,2,2131,2,6,1,3,NULL,"493,939,060,000","33,740,100,000",2.022E+11,751 676,A01,1,1,0,2,1,16,5,NULL,2.022E+11,1 016 574,751 676,A01,1,1,3,1,1968,5,2,9,-1,0,0,-1,2.022E+11,3,925,0,NULL,4,1,0,1,1,500,2,NULL,-1,1,5,1,50,
2.022E+11,18,1,2022,17:40:00,2,2,2131,2,6,1,3,NULL,"493,939,060,000","33,740,100,000",2.022E+11,751 676,A01,1,1,0,2,1,16,5,NULL,2.022E+11,1 016 576,751 678,B01,1,1,1,2,2001,5,1,-1,-1,0,0,-1,2.022E+11,3,925,0,NULL,4,1,0,1,1,500,2,NULL,-1,1,5,1,50,
2.022E+11,24,2,2022,18:15:00,1,42,42218,2,1,1,2,Place Jean Jaurès,"454,413,400,000","43,873,100,000",2.022E+11,751 619,B01,1,1,0,0,4,1,5,NULL,2.022E+11,1 016 507,751 619,B01,1,1,3,1,1945,5,8,0,-1,-1,-1,-1,2.022E+11,4,JAURES JEAN (PLACE),0,NULL,1,1,0,1,-1,-1,1,NULL,-1,1,0,1,30,
2.022E+11,24,2,2022,18:15:00,1,42,42218,2,1,1,2,Place Jean Jaurès,"454,413,400,000","43,873,100,000",2.022E+11,751 619,B01,1,1,0,0,4,1,5,NULL,2.022E+11,1 016 511,751 622,A01,1,1,1,1,2006,5,2,6,-1,-1,-1,-1,2.022E+11,4,JAURES JEAN (PLACE),0,NULL,1,1,0,1,-1,-1,1,NULL,-1,1,0,1,30,
2.022E+11,20,1,2022,14:45:00,1,27,27684,2,1,1,7,16 rue du jonctier,"490,059,650,000","12,209,150,000",2.022E+11,751 524,A01,2,1,14,0,7,2,5,NULL,2.022E+11,1 016 391,751 524,A01,1,1,3,1,1959,5,2,-1,-1,0,0,-1,2.022E+11,3,67,-1,NULL,2,2,0,1,1,150,3,NULL,-1,2,0,1,-1,
2.022E+11,28,2,2022,14:50:00,1,75,75119,2,1,1,3,ALLEE DARIUS MILHAUD,"488,852,770,000","23,923,400,000",2.022E+11,751 423,A01,1,1,0,2,7,23,5,NULL,2.022E+11,1 016 256,751 423,A01,1,1,4,1,2013,5,2,8,-1,0,0,-1,2.022E+11,4,ALLEE DARIUS MILHAUD,0,NULL,1,1,3,1,-1,-1,1,NULL,-1,1,6,6,10,
2.022E+11,28,2,2022,14:50:00,1,75,75119,2,1,1,3,ALLEE DARIUS MILHAUD,"488,852,770,000","23,923,400,000",2.022E+11,751 423,A01,1,1,0,2,7,23,5,NULL,2.022E+11,1 016 258,751 425,Z01,1,1,1,-1,NULL,-1,-1,-1,-1,0,0,-1,2.022E+11,4,ALLEE DARIUS MILHAUD,0,NULL,1,1,3,1,-1,-1,1,NULL,-1,1,6,6,10,
2.022E+11,1,9,2022,14:15:00,1,94,94002,2,1,1,6,Quai de la Révolution,"487,786,100,000","24,172,900,000",2.022E+11,751 405,A01,1,1,9,0,1,1,5,NULL,2.022E+11,1 016 231,751 405,A01,1,1,4,1,1943,5,8,0,-1,0,0,-1,2.022E+11,3,REVOLUTION (QU DE LA),0,NULL,2,2,1,1,0,1,1,NULL,-1,1,0,5,50,
2.022E+11,9,4,2022,11:20:00,1,7,7094,1,1,1,1,NULL,"448,760,580,000","47,763,920,000",2.022E+11,751 303,B01,3,1,0,2,1,1,5,NULL,2.022E+11,1 016 099,751 303,B01,1,1,3,1,2006,5,2,-1,-1,0,0,-1,2.022E+11,3,NULL,-1,NULL,2,1,0,2,13,330,3,NULL,4,1,0,1,80,
2.022E+11,9,4,2022,11:20:00,1,7,7094,1,1,1,1,NULL,"448,760,580,000","47,763,920,000",2.022E+11,751 303,B01,3,1,0,2,1,1,5,NULL,2.022E+11,1 016 101,751 305,A01,1,1,1,2,1984,1,8,-1,-1,0,0,-1,2.022E+11,3,NULL,-1,NULL,2,1,0,2,13,330,3,NULL,4,1,0,1,80,
2.022E+11,16,6,2022,21:05:00,2,75,75103,2,3,1,3,RUE DE TURBIGO,"488,668,660,000","23,619,380,000",2.022E+11,750 912,A01,2,1,0,2,8,1,5,NULL,2.022E+11,1 015 557,750 912,A01,1,1,4,1,1966,9,8,0,-1,0,0,-1,2.022E+11,4,RUE DE TURBIGO,0,NULL,1,2,1,1,-1,-1,1,NULL,-1,1,-1,5,30,
2.022E+11,16,6,2022,21:05:00,2,75,75103,2,3,1,3,RUE DE TURBIGO,"488,668,660,000","23,619,380,000",2.022E+11,750 913,B01,2,1,0,2,1,1,5,NULL,2.022E+11,1 015 557,750 912,A01,1,1,4,1,1966,9,8,0,-1,0,0,-1,2.022E+11,4,RUE DE TURBIGO,0,NULL,1,2,1,1,-1,-1,1,NULL,-1,1,-1,5,30,
2.022E+11,16,6,2022,21:05:00,2,75,75103,2,3,1,3,RUE DE TURBIGO,"488,668,660,000","23,619,380,000",2.022E+11,750 912,A01,2,1,0,2,8,1,5,NULL,2.022E+11,1 015 558,750 913,B01,1,1,1,1,1982,9,8,0,-1,0,0,-1,2.022E+11,4,RUE DE TURBIGO,0,NULL,1,2,1,1,-1,-1,1,NULL,-1,1,-1,5,30,
2.022E+11,16,6,2022,21:05:00,2,75,75103,2,3,1,3,RUE DE TURBIGO,"488,668,660,000","23,619,380,000",2.022E+11,750 913,B01,2,1,0,2,1,1,5,NULL,2.022E+11,1 015 558,750 913,B01,1,1,1,1,1982,9,8,0,-1,0,0,-1,2.022E+11,4,RUE DE TURBIGO,0,NULL,1,2,1,1,-1,-1,1,NULL,-1,1,-1,5,30,
2.022E+11,15,6,2022,15:40:00,1,93,93045,2,1,1,3,32 Rue des Villegranges,"488,741,800,000","24,132,900,000",2.022E+11,750 832,B01,3,1,1,0,0,1,5,NULL,2.022E+11,1 015 451,750 831,A01,1,1,1,1,1995,0,1,0,-1,-1,-1,-1,2.022E+11,4,VILLEGRANGES RUE DES,0,NULL,1,1,0,1,0,0,1,NULL,-1,1,0,1,50,
2.022E+11,15,6,2022,15:40:00,1,93,93045,2,1,1,3,32 Rue des Villegranges,"488,741,800,000","24,132,900,000",2.022E+11,750 832,B01,3,1,1,0,0,1,5,NULL,2.022E+11,1 015 452,750 832,B01,1,1,4,1,1991,0,2,0,-1,-1,-1,-1,2.022E+11,4,VILLEGRANGES RUE DES,0,NULL,1,1,0,1,0,0,1,NULL,-1,1,0,1,50,
2.022E+11,16,5,2022,08:25:00,1,44,44184,2,3,1,3,4 Rue des Frères Péreire,"472,770,000,000","-22,034,800,000",2.022E+11,750 433,B01,2,1,0,2,4,1,5,NULL,2.022E+11,1 014 944,750 433,B01,1,1,4,1,1991,1,8,0,-1,-1,-1,-1,2.022E+11,4,LÉGION D'HONNEUR (BOULEVARD DE LA),0,NULL,2,2,1,1,-1,-1,1,NULL,-1,1,0,5,30,
2.022E+11,16,5,2022,08:25:00,1,44,44184,2,3,1,3,4 Rue des Frères Péreire,"472,770,000,000","-22,034,800,000",2.022E+11,750 433,B01,2,1,0,2,4,1,5,NULL,2.022E+11,1 014 946,750 435,A01,1,1,1,2,1959,0,1,0,-1,-1,-1,-1,2.022E+11,4,LÉGION D'HONNEUR (BOULEVARD DE LA),0,NULL,2,2,1,1,-1,-1,1,NULL,-1,1,0,5,30,
2.022E+11,29,10,2022,14:45:00,1,5,5061,2,6,1,3,Avenue Bernard Givaudan,"445,394,200,000","60,635,700,000",2.022E+11,750 429,B01,3,1,0,2,7,1,5,NULL,2.022E+11,1 014 938,750 427,A01,1,1,1,1,1946,5,8,-1,-1,0,0,-1,2.022E+11,3,Bernard GIVAUDAN (Avenue) D900B,0,NULL,2,2,0,1,0,761,1,NULL,-1,1,0,1,50,
2.022E+11,29,10,2022,14:45:00,1,5,5061,2,6,1,3,Avenue Bernard Givaudan,"445,394,200,000","60,635,700,000",2.022E+11,750 429,B01,3,1,0,2,7,1,5,NULL,2.022E+11,1 014 940,750 429,B01,1,1,4,1,1967,5,2,-1,-1,0,0,-1,2.022E+11,3,Bernard GIVAUDAN (Avenue) D900B,0,NULL,2,2,0,1,0,761,1,NULL,-1,1,0,1,50,
2.022E+11,17,5,2022,09:50:00,1,33,33063,2,5,1,3,Boulevard Antoine Gautier,"448,333,500,000"," -0,5985200000",2.022E+11,750 398,B01,1,1,0,2,1,1,5,NULL,2.022E+11,1 014 901,750 396,A01,1,1,1,1,1989,0,1,-1,-1,-1,-1,-1,2.022E+11,4,GAUTIER (BD ANTOINE),0,NULL,3,6,1,1,-1,-1,1,NULL,-1,1,5,1,50,
2.022E+11,17,5,2022,09:50:00,1,33,33063,2,5,1,3,Boulevard Antoine Gautier,"448,333,500,000"," -0,5985200000",2.022E+11,750 398,B01,1,1,0,2,1,1,5,NULL,2.022E+11,1 014 903,750 398,B01,1,1,4,2,2001,2,0,-1,-1,-1,-1,-1,2.022E+11,4,GAUTIER (BD ANTOINE),0,NULL,3,6,1,1,-1,-1,1,NULL,-1,1,5,1,50,
2.022E+11,16,5,2022,21:50:00,5,93,93008,2,1,1,3,Avenue Jean Jaures,"488,999,000,000","24,415,800,000",2.022E+11,750 194,B01,2,1,0,2,6,11,5,NULL,2.022E+11,1 014 661,750 194,B01,1,1,4,1,1981,0,0,0,-1,0,0,-1,2.022E+11,3,JAURES (AVENUE JEAN),0,NULL,3,4,0,4,0,1,1,NULL,-1,1,0,1,50,
2.022E+11,16,5,2022,21:50:00,5,93,93008,2,1,1,3,Avenue Jean Jaures,"488,999,000,000","24,415,800,000",2.022E+11,750 194,B01,2,1,0,2,6,11,5,NULL,2.022E+11,1 014 662,750 195,A01,1,1,4,1,2004,5,2,6,-1,0,0,-1,2.022E+11,3,JAURES (AVENUE JEAN),0,NULL,3,4,0,4,0,1,1,NULL,-1,1,0,1,50,
2.022E+11,18,5,2022,17:05:00,1,1,1118,2,3,1,3,Grande Rue (gignez) D991 et D123,"459,684,680,000","58,099,440,000",2.022E+11,750 127,B01,1,1,0,2,1,15,5,NULL,2.022E+11,1 014 579,750 126,A01,1,1,1,2,1992,5,1,-1,-1,0,0,-1,2.022E+11,3,991,0,NULL,2,2,0,2,59,219,1,NULL,-1,1,0,1,50,
2.022E+11,18,5,2022,17:05:00,1,1,1118,2,3,1,3,Grande Rue (gignez) D991 et D123,"459,684,680,000","58,099,440,000",2.022E+11,750 127,B01,1,1,0,2,1,15,5,NULL,2.022E+11,1 014 580,750 127,B01,1,1,4,1,2010,5,2,-1,-1,0,0,-1,2.022E+11,3,991,0,NULL,2,2,0,2,59,219,1,NULL,-1,1,0,1,50,
2.022E+11,11,4,2022,08:40:00,1,56,56007,2,9,1,3,Avenue de l Océan,"476,639,600,000","-30,049,320,000",2.022E+11,750 019,B01,3,1,0,2,1,5,5,NULL,2.022E+11,1 014 436,750 018,A01,1,1,1,1,1986,1,1,-1,-1,0,0,-1,2.022E+11,4,NULL,0,NULL,2,2,0,1,-1,-1,1,NULL,7,1,9,5,50,
2.022E+11,11,4,2022,08:40:00,1,56,56007,2,9,1,3,Avenue de l Océan,"476,639,600,000","-30,049,320,000",2.022E+11,750 019,B01,3,1,0,2,1,5,5,NULL,2.022E+11,1 014 437,750 019,B01,1,1,4,1,1994,1,0,-1,-1,0,0,-1,2.022E+11,4,NULL,0,NULL,2,2,0,1,-1,-1,1,NULL,7,1,9,5,50,
2.022E+11,18,1,2022,11:35:00,1,75,75115,2,7,1,1,AVENUE DE BRETEUIL,"488,453,480,000","23,117,920,000",2.022E+11,749 060,A01,2,1,0,2,1,1,5,NULL,2.022E+11,1 013 116,749 060,A01,1,1,4,1,1994,1,2,0,-1,0,0,-1,2.022E+11,4,AVENUE DE BRETEUIL,0,NULL,1,1,0,1,-1,-1,1,NULL,-1,1,0,1,30,
2.022E+11,18,1,2022,11:35:00,1,75,75115,2,7,1,1,AVENUE DE BRETEUIL,"488,453,480,000","23,117,920,000",2.022E+11,749 060,A01,2,1,0,2,1,1,5,NULL,2.022E+11,1 013 118,749 062,B01,1,1,1,1,1965,5,1,0,-1,0,0,-1,2.022E+11,4,AVENUE DE BRETEUIL,0,NULL,1,1,0,1,-1,-1,1,NULL,-1,1,0,1,30,
2.022E+11,15,7,2022,10:44:00,1,22,22305,1,1,1,7,Rue des Rompees,"482,754,100,000","-21,627,720,000",2.022E+11,748 264,A01,3,1,0,0,0,1,5,NULL,2.022E+11,1 012 041,748 264,A01,1,1,3,1,1951,5,0,-1,-1,0,0,-1,2.022E+11,4,NULL,-1,NULL,2,2,0,2,-1,-1,1,NULL,4,1,0,1,80,
2.022E+11,24,8,2022,21:45:00,3,50,50505,1,1,1,3,Les Brousses,"486,760,710,000","-13,123,300,000",2.022E+11,747 810,B01,0,1,0,2,3,1,5,NULL,2.022E+11,1 011 439,747 810,B01,1,1,4,1,1975,-1,0,-1,-1,-1,-1,-1,2.022E+11,3,47,0,NULL,2,2,0,1,3,241,1,NULL,-1,1,0,1,80,
2.022E+11,24,8,2022,21:45:00,3,50,50505,1,1,1,3,Les Brousses,"486,760,710,000","-13,123,300,000",2.022E+11,747 810,B01,0,1,0,2,3,1,5,NULL,2.022E+11,1 011 441,747 812,A01,1,1,-1,-1,NULL,-1,-1,-1,-1,-1,-1,-1,2.022E+11,3,47,0,NULL,2,2,0,1,3,241,1,NULL,-1,1,0,1,80,
2.022E+11,12,9,2022,08:15:00,1,77,77085,2,1,7,2,D5,"488,515,600,000","27,396,600,000",2.022E+11,742 341,B01,3,1,0,2,4,2,5,NULL,2.022E+11,1 004 125,742 341,B01,1,1,4,1,1939,5,2,0,-1,-1,-1,-1,2.022E+11,3,BOULEVARD DE LA PLAINE,0,NULL,2,2,0,2,19,692,1,NULL,-1,1,0,1,50,
2.022E+11,12,9,2022,08:15:00,1,77,77085,2,1,7,2,D5,"488,515,600,000","27,396,600,000",2.022E+11,742 341,B01,3,1,0,2,4,2,5,NULL,2.022E+11,1 004 128,742 342,A01,1,1,1,1,1960,1,8,0,-1,-1,-1,-1,2.022E+11,3,BOULEVARD DE LA PLAINE,0,NULL,2,2,0,2,19,692,1,NULL,-1,1,0,1,50,
2.022E+11,30,10,2022,11:15:00,1,69,69381,2,3,1,6,Montée Saint Sébastien,"457,701,900,000","48,358,800,000",2.022E+11,740 543,A01,3,1,8,0,1,1,6,NULL,2.022E+11,1 001 683,740 543,A01,1,1,4,1,1980,0,8,-1,-1,0,0,-1,2.022E+11,4,ST SEBASTIEN                        (MO),0,NULL,1,1,2,2,-1,-1,1,NULL,-1,1,9,1,30,
2.022E+11,12,5,2022,09:40:00,1,92,92002,2,1,1,3,DIVISION LECLERC (1 A 29 -2 A 34),"487,519,844,440","23,045,203,239",2.022E+11,733 224,B01,2,1,0,2,8,1,5,NULL,2.022E+11,991 728,733 224,B01,1,1,4,2,1987,0,8,0,-1,-1,-1,-1,2.022E+11,3,920,0,NULL,2,2,2,1,0,0,1,NULL,-1,1,0,5,50,
2.022E+11,12,5,2022,09:40:00,1,92,92002,2,1,1,3,DIVISION LECLERC (1 A 29 -2 A 34),"487,519,844,440","23,045,203,239",2.022E+11,733 224,B01,2,1,0,2,8,1,5,NULL,2.022E+11,991 730,733 226,A01,1,1,1,2,1988,5,1,0,-1,-1,-1,-1,2.022E+11,3,920,0,NULL,2,2,2,1,0,0,1,NULL,-1,1,0,5,50,