Accident_Id,jour,mois,an,hrmn,lum,dep,com,agg,int,atm,col,adr,lat,long,Num_Acc,id_vehicule,num_veh,senc,catv,obs,obsm,choc,manv,motor,occutc,Num_Acc,id_usager,id_vehicule,num_veh,place,catu,grav,sexe,an_nais,trajet,secu1,secu2,secu3,locp,actp,etatp,Num_Acc,catr,voie,v1,v2,circ,nbv,vosp,prof,pr,pr1,plan,lartpc,larrout,surf,infra,situ,vma,
2.022E+11,10,5,2022,08:55:00,1,66,66136,2,2,1,3,JOFFRE (AVENUE DU MARECHAL CD 88),"427,043,900,000","28,926,900,000",2.022E+11,733 021,A01,2,1,0,2,1,15,5,NULL,2.022E+11,991 483,733 021,A01,1,1,4,1,1961,1,8,0,-1,-1,-1,-1,2.022E+11,4,JOFFRE (AVENUE DU MARECHAL CD 88),0,NULL,2,4,0,1,-1,-1,1,NULL,-1,1,0,1,30,
2.022E+11,10,5,2022,08:55:00,1,66,66136,2,2,1,3,JOFFRE (AVENUE DU MARECHAL CD 88),"427,043,900,000","28,926,900,000",2.022E+11,733 021,A01,2,1,0,2,1,15,5,NULL,2.022E+11,991 484,733 022,B01,1,1,1,1,1985,1,1,0,-1,-1,-1,-1,2.022E+11,4,JOFFRE (AVENUE DU MARECHAL CD 88),0,NULL,2,4,0,1,-1,-1,1,NULL,-1,1,0,1,30,
2.022E+11,17,8,2022,11:30:00,1,75,75118,2,2,2,3,AVENUE DE LA PORTE DE LA CHAPELLE,"488,986,890,000","23,590,110,000",2.022E+11,731 890,A01,1,1,0,2,3,13,5,NULL,2.022E+11,989 979,731 890,A01,1,1,1,1,1990,4,8,0,-1,0,0,-1,2.022E+11,4,AVENUE DE LA PORTE DE LA CHAPELLE,0,NULL,1,0,0,1,-1,-1,1,NULL,-1,2,0,1,30,
2.022E+11,17,8,2022,11:30:00,1,75,75118,2,2,2,3,AVENUE DE LA PORTE DE LA CHAPELLE,"488,986,890,000","23,590,110,000",2.022E+11,731 890,A01,1,1,0,2,3,13,5,NULL,2.022E+11,989 980,731 891,B01,5,2,4,2,1953,5,2,0,-1,0,0,-1,2.022E+11,4,AVENUE DE LA PORTE DE LA CHAPELLE,0,NULL,1,0,0,1,-1,-1,1,NULL,-1,2,0,1,30,
2.022E+11,17,8,2022,11:30:00,1,75,75118,2,2,2,3,AVENUE DE LA PORTE DE LA CHAPELLE,"488,986,890,000","23,590,110,000",2.022E+11,731 890,A01,1,1,0,2,3,13,5,NULL,2.022E+11,989 982,731 891,B01,1,1,4,1,1949,5,2,0,-1,0,0,-1,2.022E+11,4,AVENUE DE LA PORTE DE LA CHAPELLE,0,NULL,1,0,0,1,-1,-1,1,NULL,-1,2,0,1,30,
2.022E+11,26,3,2022,11:30:00,1,30,30189,1,3,1,3,Route de Saint-Gilles,"438,027,000,000","43,739,000,000",2.022E+11,730 928,A01,3,1,0,2,8,19,5,NULL,2.022E+11,988 716,730 928,A01,1,1,4,2,2002,0,8,0,-1,-1,-1,-1,2.022E+11,3,SAINT GILLES (ROUTE),0,NULL,2,2,0,1,-1,-1,1,NULL,-1,1,0,1,50,
2.022E+11,26,3,2022,11:30:00,1,30,30189,1,3,1,3,Route de Saint-Gilles,"438,027,000,000","43,739,000,000",2.022E+11,730 928,A01,3,1,0,2,8,19,5,NULL,2.022E+11,988 723,730 934,B01,1,1,1,2,1961,0,1,0,-1,-1,-1,-1,2.022E+11,3,SAINT GILLES (ROUTE),0,NULL,2,2,0,1,-1,-1,1,NULL,-1,1,0,1,50,
2.022E+11,25,11,2022,13:21:00,1,67,67218,2,8,1,3,VINCENT SCOTTO (RUE),"485,280,400,000","77,218,500,000",2.022E+11,727 806,A01,1,1,0,4,2,19,5,NULL,2.022E+11,984 620,727 806,A01,1,1,3,1,1953,0,8,8,-1,-1,-1,-1,2.022E+11,4,VINCENT SCOTTO (RUE),0,NULL,2,5,3,1,0,0,1,NULL,-1,1,4,6,50,
2.022E+11,25,11,2022,13:21:00,1,67,67218,2,8,1,3,VINCENT SCOTTO (RUE),"485,280,400,000","77,218,500,000",2.022E+11,727 806,A01,1,1,0,4,2,19,5,NULL,2.022E+11,984 629,727 811,B01,1,1,1,1,1986,4,1,8,-1,-1,-1,-1,2.022E+11,4,VINCENT SCOTTO (RUE),0,NULL,2,5,3,1,0,0,1,NULL,-1,1,4,6,50,
2.022E+11,20,9,2022,21:00:00,5,75,75114,2,2,1,3,RUE DIDOT,"488,287,380,000","23,165,820,000",2.022E+11,725 434,B01,1,1,0,2,3,1,5,NULL,2.022E+11,981 516,725 433,A01,1,1,1,1,1981,1,1,0,-1,0,0,-1,2.022E+11,4,RUE DIDOT,0,NULL,1,1,1,1,-1,-1,1,NULL,-1,1,0,1,30,
2.022E+11,20,9,2022,21:00:00,5,75,75114,2,2,1,3,RUE DIDOT,"488,287,380,000","23,165,820,000",2.022E+11,725 434,B01,1,1,0,2,3,1,5,NULL,2.022E+11,981 519,725 434,B01,1,1,4,1,1954,5,0,0,-1,0,0,-1,2.022E+11,4,RUE DIDOT,0,NULL,1,1,1,1,-1,-1,1,NULL,-1,1,0,1,30,
2.022E+11,12,8,2022,19:30:00,1,75,75107,2,1,1,2,BOULEVARD DES INVALIDES,"488,546,840,000","23,146,570,000",2.022E+11,723 230,A01,1,1,0,2,1,1,5,NULL,2.022E+11,978 595,723 230,A01,1,1,4,1,1982,5,2,0,-1,0,0,-1,2.022E+11,4,BOULEVARD DES INVALIDES,0,NULL,2,4,0,1,-1,-1,1,NULL,-1,1,-1,5,30,
2.022E+11,12,8,2022,19:30:00,1,75,75107,2,1,1,2,BOULEVARD DES INVALIDES,"488,546,840,000","23,146,570,000",2.022E+11,723 230,A01,1,1,0,2,1,1,5,NULL,2.022E+11,978 601,723 234,B01,1,1,1,1,1963,4,1,0,-1,0,0,-1,2.022E+11,4,BOULEVARD DES INVALIDES,0,NULL,2,4,0,1,-1,-1,1,NULL,-1,1,-1,5,30,
2.022E+11,7,5,2022,16:20:00,1,71,71063,1,3,1,7,Route d’Autun,"468,990,506,080","43,227,801,695",2.022E+11,721 531,A01,2,1,0,0,7,1,5,NULL,2.022E+11,976 308,721 531,A01,1,1,2,1,1956,5,2,-1,-1,0,0,-1,2.022E+11,3,120,-1,NULL,2,2,0,2,8,660,1,NULL,-1,1,0,3,80,
2.022E+11,10,7,2022,16:15:00,1,77,77219,1,1,1,2,D934,"488,399,990,000","29,644,420,000",2.022E+11,718 630,B01,2,1,0,0,8,1,5,NULL,2.022E+11,972 308,718 630,B01,1,1,3,1,1973,5,2,-1,-1,0,0,-1,2.022E+11,3,934,0,NULL,2,2,0,1,32,950,1,NULL,-1,1,0,1,80,
2.022E+11,10,7,2022,16:15:00,1,77,77219,1,1,1,2,D934,"488,399,990,000","29,644,420,000",2.022E+11,718 630,B01,2,1,0,0,8,1,5,NULL,2.022E+11,972 315,718 635,A01,1,1,1,2,1944,0,1,-1,-1,0,0,-1,2.022E+11,3,934,0,NULL,2,2,0,1,32,950,1,NULL,-1,1,0,1,80,
2.022E+11,13,2,2022,08:17:00,1,6,6122,2,6,1,6,Route de Gattières,"437,454,740,000","71,567,510,000",2.022E+11,716 654,B01,3,1,0,2,2,17,5,NULL,2.022E+11,969 584,716 652,A01,1,1,1,1,1964,5,1,-1,-1,0,0,-1,2.022E+11,7,2210,0,M,2,2,0,1,-1,-1,1,NULL,-1,1,5,1,-1,
2.022E+11,13,2,2022,08:17:00,1,6,6122,2,6,1,6,Route de Gattières,"437,454,740,000","71,567,510,000",2.022E+11,716 654,B01,3,1,0,2,2,17,5,NULL,2.022E+11,969 590,716 654,B01,1,1,3,1,1952,5,2,6,-1,0,0,-1,2.022E+11,7,2210,0,M,2,2,0,1,-1,-1,1,NULL,-1,1,5,1,-1,
2.022E+11,6,4,2022,21:40:00,3,10,10387,2,1,8,3,PIERRE BROSSOLETTE (RUE),"482,910,500,000","40,756,790,000",2.022E+11,747 370,A01,2,1,0,2,0,19,5,NULL,2.022E+11,1 010 865,747 370,A01,1,1,4,1,2002,5,8,0,-1,0,0,-1,2.022E+11,4,PIERRE BROSSOLETTE (RUE),0,NULL,2,4,0,1,-1,-1,1,NULL,-1,1,0,1,50,
2.022E+11,6,4,2022,21:40:00,3,10,10387,2,1,8,3,PIERRE BROSSOLETTE (RUE),"482,910,500,000","40,756,790,000",2.022E+11,747 370,A01,2,1,0,2,0,19,5,NULL,2.022E+11,1 010 866,747 371,B01,1,1,1,1,2002,5,1,0,-1,0,0,-1,2.022E+11,4,PIERRE BROSSOLETTE (RUE),0,NULL,2,4,0,1,-1,-1,1,NULL,-1,1,0,1,50,
2.022E+11,12,7,2022,10:20:00,1,9,9252,2,1,1,1,Départementale 16,"427,306,850,000","20,711,960,000",2.022E+11,738 139,A01,1,1,0,2,1,1,5,NULL,2.022E+11,998 326,738 139,A01,1,1,3,1,1957,5,2,-1,-1,0,0,-1,2.022E+11,3,16,-1,NULL,2,2,0,2,21,268,4,NULL,-1,1,0,1,50,
2.022E+11,12,7,2022,10:20:00,1,9,9252,2,1,1,1,Départementale 16,"427,306,850,000","20,711,960,000",2.022E+11,738 139,A01,1,1,0,2,1,1,5,NULL,2.022E+11,998 328,738 141,B01,1,1,1,1,1996,5,1,-1,-1,0,0,-1,2.022E+11,3,16,-1,NULL,2,2,0,2,21,268,4,NULL,-1,1,0,1,50,
2.022E+11,12,7,2022,10:20:00,1,9,9252,2,1,1,1,Départementale 16,"427,306,850,000","20,711,960,000",2.022E+11,738 139,A01,1,1,0,2,1,1,5,NULL,2.022E+11,998 330,738 141,B01,7,2,1,2,1997,5,1,-1,-1,0,0,-1,2.022E+11,3,16,-1,NULL,2,2,0,2,21,268,4,NULL,-1,1,0,1,50,
2.022E+11,12,7,2022,10:20:00,1,9,9252,2,1,1,1,Départementale 16,"427,306,850,000","20,711,960,000",2.022E+11,738 139,A01,1,1,0,2,1,1,5,NULL,2.022E+11,998 331,738 141,B01,9,2,1,2,1997,5,1,-1,-1,0,0,-1,2.022E+11,3,16,-1,NULL,2,2,0,2,21,268,4,NULL,-1,1,0,1,50,
2.022E+11,12,7,2022,10:20:00,1,9,9252,2,1,1,1,Départementale 16,"427,306,850,000","20,711,960,000",2.022E+11,738 139,A01,1,1,0,2,1,1,5,NULL,2.022E+11,998 332,738 141,B01,2,2,1,2,1996,5,1,-1,-1,0,0,-1,2.022E+11,3,16,-1,NULL,2,2,0,2,21,268,4,NULL,-1,1,0,1,50,
2.022E+11,2,4,2022,14:25:00,1,86,86298,1,1,1,6,11 Route des Chataigniers,"467,407,870,000","0,5235730000",2.022E+11,736 871,A01,3,1,0,5,6,1,5,NULL,2.022E+11,996 578,736 871,A01,1,1,2,1,1938,5,2,-1,-1,0,0,-1,2.022E+11,4,NULL,-1,NULL,2,2,0,1,-1,-1,1,NULL,4,1,0,1,80,
2.022E+11,9,4,2022,20:25:00,5,30,30243,2,1,1,6,ANDUZE (AVE),"440,996,000,000","40,846,900,000",2.022E+11,733 406,A01,0,1,6,0,1,1,5,NULL,2.022E+11,991 964,733 406,A01,1,1,2,1,1976,0,8,0,-1,-1,-1,-1,2.022E+11,4,ANDUZE (AVE),0,NULL,2,2,0,1,0,0,1,NULL,-1,1,0,4,50,
2.022E+11,10,7,2022,12:30:00,1,973,97302,2,1,8,1,MONT LUCAS 1 (CITE),"49,260,700,000","-523,000,100,000",2.022E+11,732 166,A01,3,1,0,2,1,5,5,NULL,2.022E+11,990 375,732 166,A01,1,1,4,1,2009,9,8,0,-1,-1,-1,-1,2.022E+11,4,MONT LUCAS 1 (CITE),0,NULL,2,2,0,1,-1,-1,1,NULL,-1,1,0,1,50,
2.022E+11,10,7,2022,12:30:00,1,973,97302,2,1,8,1,MONT LUCAS 1 (CITE),"49,260,700,000","-523,000,100,000",2.022E+11,732 166,A01,3,1,0,2,1,5,5,NULL,2.022E+11,990 377,732 168,B01,1,1,1,1,1949,9,1,8,-1,-1,-1,-1,2.022E+11,4,MONT LUCAS 1 (CITE),0,NULL,2,2,0,1,-1,-1,1,NULL,-1,1,0,1,50,
2.022E+11,30,3,2022,16:28:00,1,49,49244,2,3,8,3,Rue Jane Addams (la Pommeraye),"473,493,130,000"," -0,8666590000",2.022E+11,727 244,B01,0,1,0,2,7,19,5,NULL,2.022E+11,983 865,727 244,B01,1,1,3,2,2015,5,0,-1,-1,0,0,-1,2.022E+11,4,NULL,-1,NULL,2,2,0,1,-1,-1,1,NULL,4,1,0,1,30,
2.022E+11,30,3,2022,16:28:00,1,49,49244,2,3,8,3,Rue Jane Addams (la Pommeraye),"473,493,130,000"," -0,8666590000",2.022E+11,727 244,B01,0,1,0,2,7,19,5,NULL,2.022E+11,983 866,727 245,A01,1,1,1,1,1985,5,1,-1,-1,0,0,-1,2.022E+11,4,NULL,-1,NULL,2,2,0,1,-1,-1,1,NULL,4,1,0,1,30,
2.022E+11,17,2,2022,17:10:00,1,6,6088,2,1,1,3,Promenade des Anglais,"436,949,590,000","72,674,420,000",2.022E+11,726 953,B01,2,1,0,2,1,9,5,NULL,2.022E+11,983 478,726 953,B01,1,1,4,1,2006,0,8,0,-1,0,0,-1,2.022E+11,4,NULL,0,NULL,3,5,1,1,-1,-1,1,NULL,-1,1,0,1,50,
2.022E+11,17,2,2022,17:10:00,1,6,6088,2,1,1,3,Promenade des Anglais,"436,949,590,000","72,674,420,000",2.022E+11,726 953,B01,2,1,0,2,1,9,5,NULL,2.022E+11,983 481,726 955,A01,1,1,1,1,1980,4,1,-1,-1,0,0,-1,2.022E+11,4,NULL,0,NULL,3,5,1,1,-1,-1,1,NULL,-1,1,0,1,50,
2.022E+11,30,5,2022,21:55:00,5,7,7102,2,1,1,7,Jean CHARCOT (Rue),"449,365,670,000","48,675,410,000",2.022E+11,723 507,A01,3,1,12,0,0,1,5,NULL,2.022E+11,978 948,723 507,A01,1,1,4,2,1997,0,2,0,-1,-1,-1,-1,2.022E+11,4,Jean CHARCOT (Rue),0,NULL,2,2,0,1,-1,-1,1,NULL,-1,1,0,1,50,
2.022E+11,14,2,2022,20:40:00,5,94,94081,2,2,2,3,Rue Andre Malraux,"487,955,600,000","23,916,000,000",2.022E+11,721 911,B01,2,1,0,2,1,1,5,NULL,2.022E+11,976 801,721 903,A01,1,1,1,1,1991,4,1,0,-1,-1,-1,-1,2.022E+11,4,ANDRE MALRAUX (R),0,NULL,2,2,0,2,0,0,1,NULL,-1,2,0,1,50,
2.022E+11,14,2,2022,20:40:00,5,94,94081,2,2,2,3,Rue Andre Malraux,"487,955,600,000","23,916,000,000",2.022E+11,721 911,B01,2,1,0,2,1,1,5,NULL,2.022E+11,976 809,721 911,B01,1,1,4,1,1992,0,2,0,-1,-1,-1,-1,2.022E+11,4,ANDRE MALRAUX (R),0,NULL,2,2,0,2,0,0,1,NULL,-1,2,0,1,50,
2.022E+11,28,3,2022,11:10:00,1,42,42208,1,1,1,7,Route de Marcenod,"455,585,580,000","44,948,140,000",2.022E+11,720 207,A01,3,1,0,0,0,1,5,NULL,2.022E+11,974 500,720 207,A01,1,1,2,2,1957,5,2,-1,-1,0,0,-1,2.022E+11,7,23,0,M,-1,2,0,1,13,150,1,NULL,-1,1,0,1,70,
2.022E+11,7,4,2022,20:25:00,5,94,94075,2,2,1,3,Rue de la Bourgogne / Rue du Docteur Bertrand ,"487,221,500,000","25,290,700,000",2.022E+11,747 277,B01,1,1,0,2,7,1,5,NULL,2.022E+11,1 010 746,747 277,B01,1,1,3,1,2004,0,8,0,-1,-1,-1,-1,2.022E+11,4,BOURGOGNE (R DE),0,NULL,2,2,0,1,0,0,1,NULL,-1,1,0,1,50,
2.022E+11,7,4,2022,20:25:00,5,94,94075,2,2,1,3,Rue de la Bourgogne / Rue du Docteur Bertrand ,"487,221,500,000","25,290,700,000",2.022E+11,747 277,B01,1,1,0,2,7,1,5,NULL,2.022E+11,1 010 748,747 279,A01,1,1,1,1,2002,0,1,0,-1,-1,-1,-1,2.022E+11,4,BOURGOGNE (R DE),0,NULL,2,2,0,1,0,0,1,NULL,-1,1,0,1,50,
2.022E+11,31,10,2022,12:50:00,1,75,75108,2,2,1,3,AVENUE PIERRE 1ER DE SERBIE,"488,675,340,000","22,994,060,000",2.022E+11,743 908,B01,1,1,0,2,1,1,5,NULL,2.022E+11,1 006 237,743 908,B01,1,1,4,2,1999,9,2,0,-1,0,0,-1,2.022E+11,4,AVENUE PIERRE 1ER DE SERBIE,0,NULL,2,2,0,1,-1,-1,1,NULL,-1,1,0,1,30,
2.022E+11,31,10,2022,12:50:00,1,75,75108,2,2,1,3,AVENUE PIERRE 1ER DE SERBIE,"488,675,340,000","22,994,060,000",2.022E+11,743 908,B01,1,1,0,2,1,1,5,NULL,2.022E+11,1 006 238,743 909,A01,1,1,1,1,1964,9,1,0,-1,0,0,-1,2.022E+11,4,AVENUE PIERRE 1ER DE SERBIE,0,NULL,2,2,0,1,-1,-1,1,NULL,-1,1,0,1,30,
2.022E+11,27,10,2022,15:10:00,1,65,65344,1,1,1,1,Route Départementale 936,"431,928,110,000"," -0,0126180000",2.022E+11,740 276,A01,1,1,0,2,1,17,5,NULL,2.022E+11,1 001 322,740 275,B01,1,1,1,1,1976,5,1,-1,-1,0,0,-1,2.022E+11,3,936,-1,NULL,2,2,0,1,4,0,1,NULL,-1,1,0,1,70,
2.022E+11,27,10,2022,15:10:00,1,65,65344,1,1,1,1,Route Départementale 936,"431,928,110,000"," -0,0126180000",2.022E+11,740 276,A01,1,1,0,2,1,17,5,NULL,2.022E+11,1 001 323,740 276,A01,1,1,3,1,2009,5,0,-1,-1,0,0,-1,2.022E+11,3,936,-1,NULL,2,2,0,1,4,0,1,NULL,-1,1,0,1,70,
2.022E+11,18,8,2022,17:00:00,1,60,60559,2,2,1,3,Rue de Courlieu,"494,102,190,000","23,023,870,000",2.022E+11,733 998,A01,0,1,0,2,7,1,5,NULL,2.022E+11,992 762,733 996,B01,1,1,1,1,1963,5,1,-1,-1,0,0,-1,2.022E+11,3,NULL,-1,NULL,2,2,0,1,17,240,1,NULL,5,1,0,1,50,
2.022E+11,18,8,2022,17:00:00,1,60,60559,2,2,1,3,Rue de Courlieu,"494,102,190,000","23,023,870,000",2.022E+11,733 998,A01,0,1,0,2,7,1,5,NULL,2.022E+11,992 766,733 998,A01,1,1,3,1,2005,5,2,-1,-1,0,0,-1,2.022E+11,3,NULL,-1,NULL,2,2,0,1,17,240,1,NULL,5,1,0,1,50,
2.022E+11,31,3,2022,11:45:00,1,59,59426,2,9,8,3,PETIT MENIN (RUE DU),"507,435,200,000","31,448,400,000",2.022E+11,733 310,B01,3,1,0,2,2,25,5,NULL,2.022E+11,991 834,733 308,A01,1,1,1,2,1973,3,1,8,-1,-1,-1,-1,2.022E+11,6,PETIT MENIN (RUE DU),0,NULL,-1,-1,3,1,-1,-1,1,NULL,-1,1,0,4,30,
2.022E+11,31,3,2022,11:45:00,1,59,59426,2,9,8,3,PETIT MENIN (RUE DU),"507,435,200,000","31,448,400,000",2.022E+11,733 310,B01,3,1,0,2,2,25,5,NULL,2.022E+11,991 837,733 310,B01,1,1,4,1,1996,1,2,0,-1,-1,-1,-1,2.022E+11,6,PETIT MENIN (RUE DU),0,NULL,-1,-1,3,1,-1,-1,1,NULL,-1,1,0,4,30,
2.022E+11,21,9,2022,10:17:00,1,75,75113,2,1,1,3,QUAI PANHARD ET LEVASSOR,"488,308,880,000","23,814,550,000",2.022E+11,732 460,B01,1,1,0,2,7,19,5,NULL,2.022E+11,990 767,732 460,B01,1,1,3,1,2004,1,8,0,-1,0,0,-1,2.022E+11,4,QUAI PANHARD ET LEVASSOR,0,NULL,2,4,3,1,-1,-1,1,NULL,-1,1,-1,6,30,
2.022E+11,21,9,2022,10:17:00,1,75,75113,2,1,1,3,QUAI PANHARD ET LEVASSOR,"488,308,880,000","23,814,550,000",2.022E+11,732 460,B01,1,1,0,2,7,19,5,NULL,2.022E+11,990 768,732 461,A01,1,1,1,1,1957,4,1,8,-1,0,0,-1,2.022E+11,4,QUAI PANHARD ET LEVASSOR,0,NULL,2,4,3,1,-1,-1,1,NULL,-1,1,-1,6,30,
2.022E+11,21,9,2022,10:17:00,1,75,75113,2,1,1,3,QUAI PANHARD ET LEVASSOR,"488,308,880,000","23,814,550,000",2.022E+11,732 460,B01,1,1,0,2,7,19,5,NULL,2.022E+11,990 769,732 461,A01,2,2,1,1,1980,4,1,0,-1,-1,0,-1,2.022E+11,4,QUAI PANHARD ET LEVASSOR,0,NULL,2,4,3,1,-1,-1,1,NULL,-1,1,-1,6,30,
2.022E+11,24,9,2022,09:30:00,2,56,56101,1,9,7,5,D724,"478,707,190,000","-30,656,680,000",2.022E+11,732 397,B01,1,1,0,2,1,1,5,NULL,2.022E+11,990 684,732 396,A01,1,1,1,1,1978,0,1,-1,-1,0,0,-1,2.022E+11,3,724,0,NULL,2,2,0,2,76,122,3,NULL,-1,1,0,1,80,
2.022E+11,24,9,2022,09:30:00,2,56,56101,1,9,7,5,D724,"478,707,190,000","-30,656,680,000",2.022E+11,732 398,C01,1,1,0,2,1,1,5,NULL,2.022E+11,990 684,732 396,A01,1,1,1,1,1978,0,1,-1,-1,0,0,-1,2.022E+11,3,724,0,NULL,2,2,0,2,76,122,3,NULL,-1,1,0,1,80,
2.022E+11,24,9,2022,09:30:00,2,56,56101,1,9,7,5,D724,"478,707,190,000","-30,656,680,000",2.022E+11,732 397,B01,1,1,0,2,1,1,5,NULL,2.022E+11,990 685,732 397,B01,1,1,3,1,1955,5,2,-1,-1,0,0,-1,2.022E+11,3,724,0,NULL,2,2,0,2,76,122,3,NULL,-1,1,0,1,80,
2.022E+11,24,9,2022,09:30:00,2,56,56101,1,9,7,5,D724,"478,707,190,000","-30,656,680,000",2.022E+11,732 398,C01,1,1,0,2,1,1,5,NULL,2.022E+11,990 685,732 397,B01,1,1,3,1,1955,5,2,-1,-1,0,0,-1,2.022E+11,3,724,0,NULL,2,2,0,2,76,122,3,NULL,-1,1,0,1,80,
2.022E+11,24,9,2022,09:30:00,2,56,56101,1,9,7,5,D724,"478,707,190,000","-30,656,680,000",2.022E+11,732 397,B01,1,1,0,2,1,1,5,NULL,2.022E+11,990 686,732 398,C01,1,1,3,1,1955,5,2,-1,-1,0,0,-1,2.022E+11,3,724,0,NULL,2,2,0,2,76,122,3,NULL,-1,1,0,1,80,
2.022E+11,24,9,2022,09:30:00,2,56,56101,1,9,7,5,D724,"478,707,190,000","-30,656,680,000",2.022E+11,732 398,C01,1,1,0,2,1,1,5,NULL,2.022E+11,990 686,732 398,C01,1,1,3,1,1955,5,2,-1,-1,0,0,-1,2.022E+11,3,724,0,NULL,2,2,0,2,76,122,3,NULL,-1,1,0,1,80,
2.022E+11,5,7,2022,12:11:00,1,49,49007,2,1,1,7,EPINARD CHEMIN,"474,980,700,000"," -0,5565000000",2.022E+11,728 756,A01,1,1,0,0,0,26,5,NULL,2.022E+11,985 861,728 756,A01,1,1,4,1,1951,9,8,0,-1,-1,-1,-1,2.022E+11,4,EPINARD CHEMIN,0,NULL,2,2,0,1,1,0,1,NULL,-1,1,0,1,50,
2.022E+11,7,6,2022,15:50:00,1,91,91692,2,1,1,3,BERRY (AVENUE DU),"486,826,200,000","21,685,000,000",2.022E+11,725 004,B01,3,1,0,2,8,19,5,NULL,2.022E+11,980 963,725 004,B01,1,1,4,1,2010,0,8,0,-1,-1,-1,-1,2.022E+11,4,BERRY (AVENUE DU),0,NULL,2,2,0,1,0,0,1,NULL,-1,1,0,8,45,
2.022E+11,7,6,2022,15:50:00,1,91,91692,2,1,1,3,BERRY (AVENUE DU),"486,826,200,000","21,685,000,000",2.022E+11,725 004,B01,3,1,0,2,8,19,5,NULL,2.022E+11,980 967,725 007,A01,1,1,1,1,1996,4,1,0,-1,-1,-1,-1,2.022E+11,4,BERRY (AVENUE DU),0,NULL,2,2,0,1,0,0,1,NULL,-1,1,0,8,45,
2.022E+11,14,2,2022,14:55:00,1,27,27355,2,3,2,3,Place Charles Henry Brasier,"488,831,760,000","14,605,380,000",2.022E+11,723 972,B01,3,1,0,2,2,19,5,NULL,2.022E+11,979 572,723 972,B01,1,1,3,1,2007,0,0,-1,-1,0,0,-1,2.022E+11,3,833,0,D,2,2,0,1,0,450,1,NULL,-1,2,0,1,50,
2.022E+11,14,2,2022,14:55:00,1,27,27355,2,3,2,3,Place Charles Henry Brasier,"488,831,760,000","14,605,380,000",2.022E+11,723 972,B01,3,1,0,2,2,19,5,NULL,2.022E+11,979 583,723 981,A01,1,1,1,2,1969,0,8,-1,-1,0,0,-1,2.022E+11,3,833,0,D,2,2,0,1,0,450,1,NULL,-1,2,0,1,50,
2.022E+11,6,1,2022,19:30:00,2,75,75115,2,2,1,3,ROND POINT DU PONT MIRABEAU,"488,458,860,000","22,773,420,000",2.022E+11,722 769,A01,2,1,0,2,1,1,5,NULL,2.022E+11,977 994,722 768,B01,1,1,1,1,1972,1,1,0,-1,0,0,-1,2.022E+11,4,ROND POINT DU PONT MIRABEAU,0,NULL,-1,2,0,1,-1,-1,1,NULL,-1,1,0,1,30,
2.022E+11,6,1,2022,19:30:00,2,75,75115,2,2,1,3,ROND POINT DU PONT MIRABEAU,"488,458,860,000","22,773,420,000",2.022E+11,722 769,A01,2,1,0,2,1,1,5,NULL,2.022E+11,977 995,722 769,A01,1,1,4,1,1981,9,2,0,-1,0,0,-1,2.022E+11,4,ROND POINT DU PONT MIRABEAU,0,NULL,-1,2,0,1,-1,-1,1,NULL,-1,1,0,1,30,
2.022E+11,8,6,2022,10:40:00,1,40,40202,2,4,1,1,2 Rue de la Cité,"436,976,320,000","-10,205,850,000",2.022E+11,720 549,B01,0,1,0,2,1,1,5,NULL,2.022E+11,974 936,720 544,A01,1,1,1,2,1948,0,1,-1,-1,0,0,-1,2.022E+11,4,2,0,NULL,2,2,0,2,-1,-1,3,NULL,-1,2,0,1,50,
2.022E+11,8,6,2022,10:40:00,1,40,40202,2,4,1,1,2 Rue de la Cité,"436,976,320,000","-10,205,850,000",2.022E+11,720 549,B01,0,1,0,2,1,1,5,NULL,2.022E+11,974 944,720 549,B01,1,1,4,1,1957,5,2,6,-1,0,0,-1,2.022E+11,4,2,0,NULL,2,2,0,2,-1,-1,3,NULL,-1,2,0,1,50,
2.022E+11,3,1,2022,07:50:00,5,87,87085,2,3,2,3,GAGNANT (AVENUE JEAN),"458,332,000,000","12,689,200,000",2.022E+11,720 022,A01,1,1,0,2,1,9,5,NULL,2.022E+11,974 236,720 022,A01,1,1,4,1,1993,1,8,0,-1,-1,-1,-1,2.022E+11,4,GAGNANT (AVENUE JEAN),0,NULL,4,4,0,2,0,0,1,NULL,-1,2,0,1,50,
2.022E+11,3,1,2022,07:50:00,5,87,87085,2,3,2,3,GAGNANT (AVENUE JEAN),"458,332,000,000","12,689,200,000",2.022E+11,720 022,A01,1,1,0,2,1,9,5,NULL,2.022E+11,974 245,720 030,B01,1,1,1,1,1992,5,1,0,-1,-1,-1,-1,2.022E+11,4,GAGNANT (AVENUE JEAN),0,NULL,4,4,0,2,0,0,1,NULL,-1,2,0,1,50,
2.022E+11,11,2,2022,14:00:00,1,34,34032,2,2,1,3,MISTRAL FREDERIC (BD),"433,440,000,000","32,205,200,000",2.022E+11,719 963,B01,1,1,0,2,0,0,5,NULL,2.022E+11,974 160,719 963,B01,1,1,4,2,1999,0,2,0,-1,0,0,-1,2.022E+11,4,MISTRAL FREDERIC (BD),0,NULL,2,2,0,1,-1,-1,1,NULL,-1,1,0,1,50,