Accident_Id,jour,mois,an,hrmn,lum,dep,com,agg,int,atm,col,adr,lat,long,Num_Acc,id_vehicule,num_veh,senc,catv,obs,obsm,choc,manv,motor,occutc,Num_Acc,id_usager,id_vehicule,num_veh,place,catu,grav,sexe,an_nais,trajet,secu1,secu2,secu3,locp,actp,etatp,Num_Acc,catr,voie,v1,v2,circ,nbv,vosp,prof,pr,pr1,plan,lartpc,larrout,surf,infra,situ,vma,
2.022E+11,11,2,2022,14:00:00,1,34,34032,2,2,1,3,MISTRAL FREDERIC (BD),"433,440,000,000","32,205,200,000",2.022E+11,719 963,B01,1,1,0,2,0,0,5,NULL,2.022E+11,974 163,719 965,A01,1,1,1,-1,NULL,-1,-1,-1,-1,0,0,-1,2.022E+11,4,MISTRAL FREDERIC (BD),0,NULL,2,2,0,1,-1,-1,1,NULL,-1,1,0,1,50,
2.022E+11,25,9,2022,09:42:00,1,67,67101,1,2,1,3,Rue Leimenweg,"485,270,640,000","74,631,070,000",2.022E+11,749 612,A01,3,1,0,2,1,1,5,NULL,2.022E+11,1 013 888,749 610,B01,1,1,1,1,1980,5,1,-1,-1,0,0,-1,2.022E+11,4,NULL,0,NULL,2,1,0,2,-1,-1,1,NULL,3,1,0,5,50,
2.022E+11,25,9,2022,09:42:00,1,67,67101,1,2,1,3,Rue Leimenweg,"485,270,640,000","74,631,070,000",2.022E+11,749 612,A01,3,1,0,2,1,1,5,NULL,2.022E+11,1 013 890,749 612,A01,1,1,4,1,1959,5,2,-1,-1,0,0,-1,2.022E+11,4,NULL,0,NULL,2,1,0,2,-1,-1,1,NULL,3,1,0,5,50,
2.022E+11,14,6,2022,14:00:00,1,72,72181,2,6,1,3,FALCONET ETIENNE (RUE),"479,690,500,000","0,2149400000",2.022E+11,747 813,B01,3,1,0,2,1,1,5,NULL,2.022E+11,1 011 440,747 811,A01,1,1,1,1,1944,9,8,8,-1,-1,-1,-1,2.022E+11,4,FALCONET ETIENNE (RUE),0,NULL,2,4,1,2,0,0,1,NULL,-1,1,5,1,50,
2.022E+11,14,6,2022,14:00:00,1,72,72181,2,6,1,3,FALCONET ETIENNE (RUE),"479,690,500,000","0,2149400000",2.022E+11,747 813,B01,3,1,0,2,1,1,5,NULL,2.022E+11,1 011 442,747 813,B01,1,1,4,1,1963,9,8,8,-1,-1,-1,-1,2.022E+11,4,FALCONET ETIENNE (RUE),0,NULL,2,4,1,2,0,0,1,NULL,-1,1,5,1,50,
2.022E+11,2,11,2022,14:45:00,1,58,58196,1,1,1,7,1 rue chez moyau,"470,966,520,000","33,366,730,000",2.022E+11,746 976,A01,1,1,13,0,9,1,5,NULL,2.022E+11,1 010 334,746 976,A01,1,1,3,1,1947,5,2,-1,-1,0,0,-1,2.022E+11,3,181,0,D,2,2,0,2,1,500,1,NULL,-1,1,0,3,80,
2.022E+11,2,11,2022,14:45:00,1,58,58196,1,1,1,7,1 rue chez moyau,"470,966,520,000","33,366,730,000",2.022E+11,746 977,B01,1,1,13,0,9,1,5,NULL,2.022E+11,1 010 334,746 976,A01,1,1,3,1,1947,5,2,-1,-1,0,0,-1,2.022E+11,3,181,0,D,2,2,0,2,1,500,1,NULL,-1,1,0,3,80,
2.022E+11,2,11,2022,14:45:00,1,58,58196,1,1,1,7,1 rue chez moyau,"470,966,520,000","33,366,730,000",2.022E+11,746 976,A01,1,1,13,0,9,1,5,NULL,2.022E+11,1 010 335,746 977,B01,1,1,4,1,1947,5,2,-1,-1,0,0,-1,2.022E+11,3,181,0,D,2,2,0,2,1,500,1,NULL,-1,1,0,3,80,
2.022E+11,2,11,2022,14:45:00,1,58,58196,1,1,1,7,1 rue chez moyau,"470,966,520,000","33,366,730,000",2.022E+11,746 977,B01,1,1,13,0,9,1,5,NULL,2.022E+11,1 010 335,746 977,B01,1,1,4,1,1947,5,2,-1,-1,0,0,-1,2.022E+11,3,181,0,D,2,2,0,2,1,500,1,NULL,-1,1,0,3,80,
2.022E+11,6,12,2022,12:44:00,1,92,92012,2,1,2,7,JEAN JAURES (BOULEVARD) 217/FIN - 210/FI,"488,277,300,000","22,468,500,000",2.022E+11,745 771,A01,1,1,0,0,8,26,5,NULL,2.022E+11,1 008 744,745 771,A01,1,1,4,2,1966,0,2,0,-1,0,0,-1,2.022E+11,4,2,0,NULL,2,0,0,1,0,0,1,NULL,-1,2,0,1,30,
2.022E+11,14,5,2022,13:25:00,1,69,69244,2,6,1,3,Route de Sain Bel,"457,656,057,059","47,510,826,588",2.022E+11,739 995,B01,0,1,0,2,2,16,5,NULL,2.022E+11,1 000 884,739 995,B01,1,1,4,2,1981,3,2,-1,-1,0,0,-1,2.022E+11,7,7,-1,D,2,2,0,1,-1,-1,2,NULL,-1,1,0,1,30,
2.022E+11,14,5,2022,13:25:00,1,69,69244,2,6,1,3,Route de Sain Bel,"457,656,057,059","47,510,826,588",2.022E+11,739 995,B01,0,1,0,2,2,16,5,NULL,2.022E+11,1 000 885,739 996,A01,1,1,1,1,1975,5,1,-1,-1,0,0,-1,2.022E+11,7,7,-1,D,2,2,0,1,-1,-1,2,NULL,-1,1,0,1,30,
2.022E+11,18,8,2022,02:54:00,5,15,15014,2,1,1,3,PONETIE (RUE DE LA),"449,086,000,000","24,454,600,000",2.022E+11,734 722,A01,3,1,0,2,0,13,5,NULL,2.022E+11,993 725,734 719,B01,1,1,1,1,1991,4,1,0,-1,-1,-1,-1,2.022E+11,4,PONETIE (RUE DE LA),0,NULL,2,2,0,1,-1,-1,1,NULL,-1,1,0,1,50,
2.022E+11,18,8,2022,02:54:00,5,15,15014,2,1,1,3,PONETIE (RUE DE LA),"449,086,000,000","24,454,600,000",2.022E+11,734 722,A01,3,1,0,2,0,13,5,NULL,2.022E+11,993 729,734 722,A01,2,2,4,2,1995,0,8,0,-1,-1,-1,-1,2.022E+11,4,PONETIE (RUE DE LA),0,NULL,2,2,0,1,-1,-1,1,NULL,-1,1,0,1,50,
2.022E+11,18,8,2022,02:54:00,5,15,15014,2,1,1,3,PONETIE (RUE DE LA),"449,086,000,000","24,454,600,000",2.022E+11,734 722,A01,3,1,0,2,0,13,5,NULL,2.022E+11,993 733,734 722,A01,1,1,1,1,1994,5,8,0,-1,-1,-1,-1,2.022E+11,4,PONETIE (RUE DE LA),0,NULL,2,2,0,1,-1,-1,1,NULL,-1,1,0,1,50,
2.022E+11,2,12,2022,17:40:00,5,93,93032,2,1,2,5,Rue du Gènéral Leclerc,"488,876,000,000","25,364,400,000",2.022E+11,732 370,B01,2,1,0,2,3,17,5,NULL,2.022E+11,990 652,732 368,C01,1,1,1,1,1975,0,1,0,-1,0,0,-1,2.022E+11,3,GENERAL LECLERC   (RUE DU),0,NULL,2,2,0,1,1,1,1,NULL,-1,2,0,1,50,
2.022E+11,2,12,2022,17:40:00,5,93,93032,2,1,2,5,Rue du Gènéral Leclerc,"488,876,000,000","25,364,400,000",2.022E+11,732 370,B01,2,1,0,2,3,17,5,NULL,2.022E+11,990 654,732 370,B01,1,1,4,1,2007,0,1,0,-1,0,0,-1,2.022E+11,3,GENERAL LECLERC   (RUE DU),0,NULL,2,2,0,1,1,1,1,NULL,-1,2,0,1,50,
2.022E+11,2,12,2022,17:40:00,5,93,93032,2,1,2,5,Rue du Gènéral Leclerc,"488,876,000,000","25,364,400,000",2.022E+11,732 370,B01,2,1,0,2,3,17,5,NULL,2.022E+11,990 656,732 372,A01,1,1,1,-1,NULL,-1,-1,-1,-1,-1,-1,-1,2.022E+11,3,GENERAL LECLERC   (RUE DU),0,NULL,2,2,0,1,1,1,1,NULL,-1,2,0,1,50,
2.022E+11,3,12,2022,17:10:00,5,91,91243,2,1,1,3,Rue de la Vallée Violette,"486,225,240,000","21,594,790,000",2.022E+11,732 032,B01,0,1,0,0,8,19,5,NULL,2.022E+11,990 183,732 032,B01,1,1,4,1,2008,0,0,-1,-1,0,0,-1,2.022E+11,4,NULL,-1,NULL,2,2,0,1,-1,-1,1,NULL,5,1,0,1,50,
2.022E+11,3,12,2022,17:10:00,5,91,91243,2,1,1,3,Rue de la Vallée Violette,"486,225,240,000","21,594,790,000",2.022E+11,732 032,B01,0,1,0,0,8,19,5,NULL,2.022E+11,990 185,732 034,A01,1,1,1,2,2000,0,1,-1,-1,0,0,-1,2.022E+11,4,NULL,-1,NULL,2,2,0,1,-1,-1,1,NULL,5,1,0,1,50,
2.022E+11,18,2,2022,17:30:00,1,30,30007,2,6,1,3,Avenue Maurice Thorez,"441,380,300,000","40,803,700,000",2.022E+11,731 097,B01,1,1,0,2,7,26,5,NULL,2.022E+11,988 925,731 095,A01,1,1,1,2,1969,9,1,5,-1,-1,-1,-1,2.022E+11,4,NULL,0,NULL,2,1,0,1,0,0,1,NULL,-1,1,0,1,50,
2.022E+11,18,2,2022,17:30:00,1,30,30007,2,6,1,3,Avenue Maurice Thorez,"441,380,300,000","40,803,700,000",2.022E+11,731 097,B01,1,1,0,2,7,26,5,NULL,2.022E+11,988 927,731 097,B01,1,1,4,1,1945,5,2,4,-1,-1,-1,-1,2.022E+11,4,NULL,0,NULL,2,1,0,1,0,0,1,NULL,-1,1,0,1,50,
2.022E+11,26,10,2022,18:30:00,2,60,60255,1,1,7,2,RD 39,"496,675,580,000","29,955,340,000",2.022E+11,730 627,A01,2,1,0,2,6,1,5,NULL,2.022E+11,988 302,730 624,B01,1,1,1,1,1986,0,1,-1,-1,0,0,-1,2.022E+11,3,39,0,D,2,2,0,2,5,0,1,NULL,-1,1,0,1,80,
2.022E+11,26,10,2022,18:30:00,2,60,60255,1,1,7,2,RD 39,"496,675,580,000","29,955,340,000",2.022E+11,730 627,A01,2,1,0,2,6,1,5,NULL,2.022E+11,988 308,730 627,A01,1,1,3,1,1967,0,4,9,-1,0,0,-1,2.022E+11,3,39,0,D,2,2,0,2,5,0,1,NULL,-1,1,0,1,80,
2.022E+11,26,10,2022,19:25:00,5,91,91377,2,3,1,3,AV DU PRESIDENT J F KENNEDY,"487,382,200,000","23,001,400,000",2.022E+11,730 341,B01,2,1,0,2,1,1,5,NULL,2.022E+11,987 930,730 339,A01,1,1,1,1,1958,0,8,0,-1,-1,-1,-1,2.022E+11,4,AV DU PRESIDENT J F KENNEDY,0,NULL,2,2,1,1,0,0,3,NULL,-1,1,9,1,50,
2.022E+11,26,10,2022,19:25:00,5,91,91377,2,3,1,3,AV DU PRESIDENT J F KENNEDY,"487,382,200,000","23,001,400,000",2.022E+11,730 341,B01,2,1,0,2,1,1,5,NULL,2.022E+11,987 934,730 341,B01,1,1,3,1,1994,0,8,0,-1,-1,-1,-1,2.022E+11,4,AV DU PRESIDENT J F KENNEDY,0,NULL,2,2,1,1,0,0,3,NULL,-1,1,9,1,50,
2.022E+11,6,7,2022,17:10:00,2,38,38185,2,1,1,3,RUE ANDRÉ MAGINOT,"451,819,700,000","57,249,100,000",2.022E+11,728 581,B01,3,1,0,2,1,1,5,NULL,2.022E+11,985 627,728 580,A01,1,1,1,1,1965,5,1,0,-1,-1,-1,-1,2.022E+11,4,RUE ANDRÉ MAGINOT,0,NULL,2,2,0,1,-1,-1,1,NULL,-1,1,0,1,50,
2.022E+11,6,7,2022,17:10:00,2,38,38185,2,1,1,3,RUE ANDRÉ MAGINOT,"451,819,700,000","57,249,100,000",2.022E+11,728 581,B01,3,1,0,2,1,1,5,NULL,2.022E+11,985 628,728 581,B01,1,1,4,1,1985,5,-1,0,-1,-1,-1,-1,2.022E+11,4,RUE ANDRÉ MAGINOT,0,NULL,2,2,0,1,-1,-1,1,NULL,-1,1,0,1,50,
2.022E+11,25,10,2022,17:35:00,1,45,45169,2,3,1,3,5 Route de la Chapelle,"479,163,700,000","18,301,500,000",2.022E+11,727 254,B01,1,1,0,2,7,1,5,NULL,2.022E+11,983 875,727 251,A01,1,1,1,2,1963,9,1,8,-1,-1,-1,-1,2.022E+11,4,CHAPELLE (RUE DE LA),0,NULL,2,2,1,1,-1,-1,1,NULL,-1,1,9,5,50,
2.022E+11,25,10,2022,17:35:00,1,45,45169,2,3,1,3,5 Route de la Chapelle,"479,163,700,000","18,301,500,000",2.022E+11,727 254,B01,1,1,0,2,7,1,5,NULL,2.022E+11,983 878,727 254,B01,1,1,4,1,1949,5,8,0,-1,-1,-1,-1,2.022E+11,4,CHAPELLE (RUE DE LA),0,NULL,2,2,1,1,-1,-1,1,NULL,-1,1,9,5,50,
2.022E+11,10,5,2022,16:24:00,1,73,73059,1,1,7,5,D991 Route de Paris,"457,547,080,000","58,793,110,000",2.022E+11,726 358,C01,1,1,0,0,9,21,5,NULL,2.022E+11,982 717,726 358,C01,1,1,4,1,1969,5,2,-1,-1,-1,-1,-1,2.022E+11,3,991,-1,NULL,2,2,0,1,21,800,3,NULL,-1,1,0,1,50,
2.022E+11,10,5,2022,16:24:00,1,73,73059,1,1,7,5,D991 Route de Paris,"457,547,080,000","58,793,110,000",2.022E+11,726 360,B01,1,1,0,2,3,2,5,NULL,2.022E+11,982 717,726 358,C01,1,1,4,1,1969,5,2,-1,-1,-1,-1,-1,2.022E+11,3,991,-1,NULL,2,2,0,1,21,800,3,NULL,-1,1,0,1,50,
2.022E+11,10,5,2022,16:24:00,1,73,73059,1,1,7,5,D991 Route de Paris,"457,547,080,000","58,793,110,000",2.022E+11,726 358,C01,1,1,0,0,9,21,5,NULL,2.022E+11,982 718,726 360,B01,1,1,3,1,1968,5,2,-1,-1,0,0,-1,2.022E+11,3,991,-1,NULL,2,2,0,1,21,800,3,NULL,-1,1,0,1,50,
2.022E+11,10,5,2022,16:24:00,1,73,73059,1,1,7,5,D991 Route de Paris,"457,547,080,000","58,793,110,000",2.022E+11,726 360,B01,1,1,0,2,3,2,5,NULL,2.022E+11,982 718,726 360,B01,1,1,3,1,1968,5,2,-1,-1,0,0,-1,2.022E+11,3,991,-1,NULL,2,2,0,1,21,800,3,NULL,-1,1,0,1,50,
2.022E+11,10,5,2022,16:24:00,1,73,73059,1,1,7,5,D991 Route de Paris,"457,547,080,000","58,793,110,000",2.022E+11,726 358,C01,1,1,0,0,9,21,5,NULL,2.022E+11,982 719,726 361,A01,1,1,1,1,1944,5,8,-1,-1,0,0,-1,2.022E+11,3,991,-1,NULL,2,2,0,1,21,800,3,NULL,-1,1,0,1,50,
2.022E+11,10,5,2022,16:24:00,1,73,73059,1,1,7,5,D991 Route de Paris,"457,547,080,000","58,793,110,000",2.022E+11,726 360,B01,1,1,0,2,3,2,5,NULL,2.022E+11,982 719,726 361,A01,1,1,1,1,1944,5,8,-1,-1,0,0,-1,2.022E+11,3,991,-1,NULL,2,2,0,1,21,800,3,NULL,-1,1,0,1,50,
2.022E+11,20,9,2022,15:40:00,1,1,1273,2,1,1,3,Route de Pont d Ain,"460,705,470,000","53,745,250,000",2.022E+11,724 690,B01,1,1,0,2,1,2,5,NULL,2.022E+11,980 511,724 690,B01,1,1,4,1,1958,3,0,-1,-1,0,0,-1,2.022E+11,3,984,0,NULL,2,2,3,1,54,442,1,NULL,-1,1,0,1,70,
2.022E+11,20,9,2022,15:40:00,1,1,1273,2,1,1,3,Route de Pont d Ain,"460,705,470,000","53,745,250,000",2.022E+11,724 690,B01,1,1,0,2,1,2,5,NULL,2.022E+11,980 514,724 692,A01,1,1,1,2,1968,5,8,-1,-1,0,0,-1,2.022E+11,3,984,0,NULL,2,2,3,1,54,442,1,NULL,-1,1,0,1,70,
2.022E+11,29,9,2022,19:10:00,1,35,35238,2,2,1,3,FOUGERES (RUE DE),"481,222,900,000","-16,618,200,000",2.022E+11,749 809,B01,3,1,0,2,1,1,5,NULL,2.022E+11,1 014 157,749 809,B01,1,1,4,1,1962,1,2,-1,-1,0,0,-1,2.022E+11,4,FOUGERES (RUE DE),0,NULL,2,2,0,2,-1,-1,1,NULL,-1,1,0,1,50,
2.022E+11,29,9,2022,19:10:00,1,35,35238,2,2,1,3,FOUGERES (RUE DE),"481,222,900,000","-16,618,200,000",2.022E+11,749 809,B01,3,1,0,2,1,1,5,NULL,2.022E+11,1 014 158,749 810,A01,1,1,1,2,2000,5,1,-1,-1,0,0,-1,2.022E+11,4,FOUGERES (RUE DE),0,NULL,2,2,0,2,-1,-1,1,NULL,-1,1,0,1,50,
2.022E+11,27,2,2022,08:00:00,1,971,97101,1,1,1,6,RN11,"162,733,700,000","-615,171,800,000",2.022E+11,748 760,B01,2,1,0,2,0,1,5,NULL,2.022E+11,1 012 722,748 760,B01,1,1,3,1,1995,5,2,0,-1,-1,-1,-1,2.022E+11,2,RN11,0,NULL,1,2,0,1,-1,-1,1,NULL,-1,1,0,1,110,
2.022E+11,27,2,2022,08:00:00,1,971,97101,1,1,1,6,RN11,"162,733,700,000","-615,171,800,000",2.022E+11,748 763,A01,2,1,14,2,0,1,5,NULL,2.022E+11,1 012 722,748 760,B01,1,1,3,1,1995,5,2,0,-1,-1,-1,-1,2.022E+11,2,RN11,0,NULL,1,2,0,1,-1,-1,1,NULL,-1,1,0,1,110,
2.022E+11,27,2,2022,08:00:00,1,971,97101,1,1,1,6,RN11,"162,733,700,000","-615,171,800,000",2.022E+11,748 760,B01,2,1,0,2,0,1,5,NULL,2.022E+11,1 012 724,748 763,A01,1,1,4,1,1971,5,2,8,-1,-1,-1,-1,2.022E+11,2,RN11,0,NULL,1,2,0,1,-1,-1,1,NULL,-1,1,0,1,110,
2.022E+11,27,2,2022,08:00:00,1,971,97101,1,1,1,6,RN11,"162,733,700,000","-615,171,800,000",2.022E+11,748 763,A01,2,1,14,2,0,1,5,NULL,2.022E+11,1 012 724,748 763,A01,1,1,4,1,1971,5,2,8,-1,-1,-1,-1,2.022E+11,2,RN11,0,NULL,1,2,0,1,-1,-1,1,NULL,-1,1,0,1,110,
2.022E+11,15,7,2022,11:20:00,1,75,75104,2,3,1,6,RUE DE RIVOLI,"488,573,040,000","23,524,100,000",2.022E+11,748 509,A01,2,1,0,1,1,1,5,NULL,2.022E+11,1 012 371,748 509,A01,1,1,1,1,1943,5,8,0,-1,0,0,-1,2.022E+11,4,RUE DE RIVOLI,0,NULL,2,3,1,1,0,0,1,NULL,-1,1,-1,5,30,
2.022E+11,15,7,2022,11:20:00,1,75,75104,2,3,1,6,RUE DE RIVOLI,"488,573,040,000","23,524,100,000",2.022E+11,748 509,A01,2,1,0,1,1,1,5,NULL,2.022E+11,1 012 374,748 509,A01,10,3,3,2,1929,5,0,-1,-1,4,3,1,2.022E+11,4,RUE DE RIVOLI,0,NULL,2,3,1,1,0,0,1,NULL,-1,1,-1,5,30,
2.022E+11,2,11,2022,09:15:00,1,75,75115,2,1,1,3,RUE DE VAUGIRARD,"488,381,500,000","22,981,550,000",2.022E+11,747 065,A01,2,1,0,2,7,14,5,NULL,2.022E+11,1 010 447,747 064,Z01,1,1,1,-1,NULL,-1,-1,-1,-1,-1,-1,-1,2.022E+11,4,RUE DE VAUGIRARD,0,NULL,2,4,3,1,-1,-1,1,NULL,-1,1,0,6,30,
2.022E+11,2,11,2022,09:15:00,1,75,75115,2,1,1,3,RUE DE VAUGIRARD,"488,381,500,000","22,981,550,000",2.022E+11,747 065,A01,2,1,0,2,7,14,5,NULL,2.022E+11,1 010 448,747 065,A01,1,1,4,1,1996,1,2,0,-1,0,0,-1,2.022E+11,4,RUE DE VAUGIRARD,0,NULL,2,4,3,1,-1,-1,1,NULL,-1,1,0,6,30,
2.022E+11,15,1,2022,15:15:00,1,75,75112,2,2,1,3,COURS DE VINCENNES,"488,471,580,000","24,062,510,000",2.022E+11,742 997,A01,1,1,0,2,6,15,5,NULL,2.022E+11,1 005 034,742 996,B01,1,1,4,1,1972,1,2,6,-1,0,0,-1,2.022E+11,4,COURS DE VINCENNES,0,NULL,1,2,0,1,-1,-1,1,NULL,-1,1,0,1,50,
2.022E+11,15,1,2022,15:15:00,1,75,75112,2,2,1,3,COURS DE VINCENNES,"488,471,580,000","24,062,510,000",2.022E+11,742 997,A01,1,1,0,2,6,15,5,NULL,2.022E+11,1 005 035,742 997,A01,1,1,3,1,1952,9,2,6,-1,0,0,-1,2.022E+11,4,COURS DE VINCENNES,0,NULL,1,2,0,1,-1,-1,1,NULL,-1,1,0,1,50,
2.022E+11,7,1,2022,15:15:00,1,92,92004,2,1,1,6,CONCORDE ( RUE DE LA ),"489,125,014,419","22,906,655,073",2.022E+11,742 414,A01,1,1,9,1,1,1,5,NULL,2.022E+11,1 004 217,742 414,A01,10,3,4,2,1936,9,0,-1,-1,9,B,1,2.022E+11,4,NULL,0,NULL,2,0,0,1,0,0,1,NULL,-1,1,0,1,50,
2.022E+11,7,1,2022,15:15:00,1,92,92004,2,1,1,6,CONCORDE ( RUE DE LA ),"489,125,014,419","22,906,655,073",2.022E+11,742 414,A01,1,1,9,1,1,1,5,NULL,2.022E+11,1 004 218,742 414,A01,1,1,1,1,2006,5,2,8,-1,-1,-1,-1,2.022E+11,4,NULL,0,NULL,2,0,0,1,0,0,1,NULL,-1,1,0,1,50,
2.022E+11,24,2,2022,17:55:00,2,70,70228,1,1,1,1,Rue-en-Bethléem ( Route de FLEUREY-LES-FAVERNEY ),"477,548,190,000","60,975,840,000",2.022E+11,741 133,A01,3,1,0,2,1,13,5,NULL,2.022E+11,1 002 462,741 131,B01,1,1,1,1,1947,5,1,-1,-1,0,0,-1,2.022E+11,4,NULL,-1,NULL,2,2,0,2,-1,-1,3,NULL,4,1,0,1,80,
2.022E+11,24,2,2022,17:55:00,2,70,70228,1,1,1,1,Rue-en-Bethléem ( Route de FLEUREY-LES-FAVERNEY ),"477,548,190,000","60,975,840,000",2.022E+11,741 133,A01,3,1,0,2,1,13,5,NULL,2.022E+11,1 002 464,741 133,A01,1,1,3,1,2007,5,0,-1,-1,0,0,-1,2.022E+11,4,NULL,-1,NULL,2,2,0,2,-1,-1,3,NULL,4,1,0,1,80,
2.022E+11,27,9,2022,16:15:00,1,44,44051,2,1,1,1,36 Rue de Châteaubriant,"476,676,940,000","-16,645,200,000",2.022E+11,739 172,A01,1,1,0,2,8,21,5,NULL,2.022E+11,999 768,739 172,A01,1,1,3,1,1980,0,0,-1,-1,0,0,-1,2.022E+11,3,775,0,D,2,2,0,1,14,252,1,NULL,-1,1,0,1,50,
2.022E+11,27,9,2022,16:15:00,1,44,44051,2,1,1,1,36 Rue de Châteaubriant,"476,676,940,000","-16,645,200,000",2.022E+11,739 172,A01,1,1,0,2,8,21,5,NULL,2.022E+11,999 769,739 173,B01,1,1,1,2,2002,0,1,-1,-1,0,0,-1,2.022E+11,3,775,0,D,2,2,0,1,14,252,1,NULL,-1,1,0,1,50,
2.022E+11,10,7,2022,02:25:00,5,75,75113,2,1,1,3,BOULEVARD SAINT MARCEL,"488,374,550,000","23,543,250,000",2.022E+11,735 150,B01,1,1,0,2,4,13,5,NULL,2.022E+11,994 297,735 150,B01,1,1,3,1,2001,5,2,0,-1,0,0,-1,2.022E+11,4,BOULEVARD SAINT MARCEL,0,NULL,2,4,3,1,-1,-1,1,NULL,-1,1,-1,6,30,
2.022E+11,10,7,2022,02:25:00,5,75,75113,2,1,1,3,BOULEVARD SAINT MARCEL,"488,374,550,000","23,543,250,000",2.022E+11,735 150,B01,1,1,0,2,4,13,5,NULL,2.022E+11,994 299,735 152,A01,1,1,1,1,1978,4,1,0,-1,0,0,-1,2.022E+11,4,BOULEVARD SAINT MARCEL,0,NULL,2,4,3,1,-1,-1,1,NULL,-1,1,-1,6,30,
2.022E+11,4,7,2022,14:35:00,1,974,97411,2,1,1,2,BRASSENS (AVENUE GEORGES),"-209,013,500,000","554,800,200,000",2.022E+11,732 177,A01,1,1,0,2,0,2,5,NULL,2.022E+11,990 386,732 174,B01,1,1,1,2,1988,1,1,0,-1,0,0,-1,2.022E+11,4,BRASSENS (AVENUE GEORGES),0,NULL,2,4,0,2,0,0,1,NULL,-1,1,0,1,50,
2.022E+11,4,7,2022,14:35:00,1,974,97411,2,1,1,2,BRASSENS (AVENUE GEORGES),"-209,013,500,000","554,800,200,000",2.022E+11,732 177,A01,1,1,0,2,0,2,5,NULL,2.022E+11,990 389,732 177,A01,1,1,4,1,1998,0,8,0,-1,0,0,-1,2.022E+11,4,BRASSENS (AVENUE GEORGES),0,NULL,2,4,0,2,0,0,1,NULL,-1,1,0,1,50,
2.022E+11,17,2,2022,19:31:00,5,75,75104,2,3,1,6,RUE DE RIVOLI,"488,552,110,000","23,611,540,000",2.022E+11,731 037,A01,3,1,12,0,0,14,5,NULL,2.022E+11,988 849,731 037,A01,1,1,3,1,1956,5,8,0,-1,0,0,-1,2.022E+11,4,RUE DE RIVOLI,0,NULL,2,4,0,1,-1,-1,1,NULL,-1,1,0,1,30,
2.022E+11,10,6,2022,17:30:00,1,93,93050,2,3,1,3,Avenue Jean Jaures / Rue Francois Villon,"488,651,370,000","25,583,170,000",2.022E+11,731 039,Y01,0,1,0,0,0,0,5,NULL,2.022E+11,988 848,731 036,A01,1,1,1,1,1988,0,1,0,-1,-1,-1,-1,2.022E+11,3,JEAN JAURES (AVENUE) COTE MAISON BLANCHE,0,NULL,3,4,0,1,1,1,1,NULL,-1,1,0,1,50,
2.022E+11,10,6,2022,17:30:00,1,93,93050,2,3,1,3,Avenue Jean Jaures / Rue Francois Villon,"488,651,370,000","25,583,170,000",2.022E+11,731 039,Y01,0,1,0,0,0,0,5,NULL,2.022E+11,988 852,731 039,Y01,1,1,4,1,1964,0,0,-1,-1,-1,-1,-1,2.022E+11,3,JEAN JAURES (AVENUE) COTE MAISON BLANCHE,0,NULL,3,4,0,1,1,1,1,NULL,-1,1,0,1,50,
2.022E+11,11,5,2022,07:00:00,1,6,6161,1,4,1,3,Avenue Saint Andrieu,"436,470,250,000","71,364,230,000",2.022E+11,726 407,B01,3,1,0,2,1,1,5,NULL,2.022E+11,982 777,726 406,A01,1,1,1,2,1989,1,1,-1,-1,0,0,-1,2.022E+11,3,2,-1,D,2,2,0,2,0,10,3,NULL,-1,1,0,1,50,
2.022E+11,11,5,2022,07:00:00,1,6,6161,1,4,1,3,Avenue Saint Andrieu,"436,470,250,000","71,364,230,000",2.022E+11,726 407,B01,3,1,0,2,1,1,5,NULL,2.022E+11,982 778,726 407,B01,1,1,4,1,1959,0,0,-1,-1,0,0,-1,2.022E+11,3,2,-1,D,2,2,0,2,0,10,3,NULL,-1,1,0,1,50,
2.022E+11,28,11,2022,06:39:00,5,10,10333,2,6,1,3,ROBERT GALLEY (RUE),"482,896,600,000","40,671,100,000",2.022E+11,725 730,B01,3,1,0,2,1,1,5,NULL,2.022E+11,981 890,725 727,A01,1,1,1,1,1980,1,8,0,-1,-1,-1,-1,2.022E+11,3,ROBERT GALLEY (RUE),0,NULL,1,2,1,1,3,900,3,NULL,-1,2,5,1,50,
2.022E+11,28,11,2022,06:39:00,5,10,10333,2,6,1,3,ROBERT GALLEY (RUE),"482,896,600,000","40,671,100,000",2.022E+11,725 730,B01,3,1,0,2,1,1,5,NULL,2.022E+11,981 893,725 730,B01,1,1,4,1,1966,1,8,0,-1,-1,-1,-1,2.022E+11,3,ROBERT GALLEY (RUE),0,NULL,1,2,1,1,3,900,3,NULL,-1,2,5,1,50,
2.022E+11,28,11,2022,19:40:00,5,94,94037,2,2,2,2,Avenue Jean Jaurès,"488,142,100,000","23,498,200,000",2.022E+11,723 526,B01,2,1,16,0,4,0,5,NULL,2.022E+11,978 968,723 523,A01,1,1,1,1,2004,0,1,0,-1,-1,-1,-1,2.022E+11,3,JEAN JAURES (AV),0,NULL,2,0,0,2,0,0,1,NULL,-1,2,0,1,50,
2.022E+11,28,11,2022,19:40:00,5,94,94037,2,2,2,2,Avenue Jean Jaurès,"488,142,100,000","23,498,200,000",2.022E+11,723 526,B01,2,1,16,0,4,0,5,NULL,2.022E+11,978 971,723 526,B01,1,1,4,1,1992,0,2,8,-1,-1,-1,-1,2.022E+11,3,JEAN JAURES (AV),0,NULL,2,0,0,2,0,0,1,NULL,-1,2,0,1,50,