Accident_Id,jour,mois,an,hrmn,lum,dep,com,agg,int,atm,col,adr,lat,long,Num_Acc,id_vehicule,num_veh,senc,catv,obs,obsm,choc,manv,motor,occutc,Num_Acc,id_usager,id_vehicule,num_veh,place,catu,grav,sexe,an_nais,trajet,secu1,secu2,secu3,locp,actp,etatp,Num_Acc,catr,voie,v1,v2,circ,nbv,vosp,prof,pr,pr1,plan,lartpc,larrout,surf,infra,situ,vma,
2.022E+11,22,10,2022,11:12:00,1,35,35238,2,2,1,3,VANEAU,"481,085,800,000","-16,929,900,000",2.022E+11,719 891,B01,1,1,0,2,1,1,5,NULL,2.022E+11,974 066,719 891,B01,1,1,4,1,1959,5,8,-1,-1,0,0,-1,2.022E+11,4,VANEAU,0,NULL,2,2,2,2,-1,-1,1,NULL,-1,2,0,1,30,
2.022E+11,22,10,2022,11:12:00,1,35,35238,2,2,1,3,VANEAU,"481,085,800,000","-16,929,900,000",2.022E+11,719 891,B01,1,1,0,2,1,1,5,NULL,2.022E+11,974 078,719 899,A01,1,1,1,1,1968,5,1,-1,-1,0,0,-1,2.022E+11,4,VANEAU,0,NULL,2,2,2,2,-1,-1,1,NULL,-1,2,0,1,30,
2.022E+11,13,7,2022,19:17:00,1,87,87050,2,1,1,3,LIMOGES (AVENUE DE),"458,623,100,000","12,398,600,000",2.022E+11,749 015,A01,2,1,0,2,1,25,5,NULL,2.022E+11,1 013 057,749 014,B01,1,1,1,2,1996,5,1,0,-1,-1,-1,-1,2.022E+11,3,LIMOGES (AVENUE DE),0,NULL,2,2,0,2,0,0,1,NULL,-1,1,0,4,50,
2.022E+11,13,7,2022,19:17:00,1,87,87050,2,1,1,3,LIMOGES (AVENUE DE),"458,623,100,000","12,398,600,000",2.022E+11,749 015,A01,2,1,0,2,1,25,5,NULL,2.022E+11,1 013 058,749 015,A01,1,1,4,1,2003,5,8,0,-1,-1,-1,-1,2.022E+11,3,LIMOGES (AVENUE DE),0,NULL,2,2,0,2,0,0,1,NULL,-1,1,0,4,50,
2.022E+11,24,8,2022,05:45:00,3,94,94077,2,3,1,3,Rue Lamartine / Avenue du 8 Mai 1945,"487,288,014,069","24,061,660,204",2.022E+11,748 176,B01,1,1,0,2,1,0,5,NULL,2.022E+11,1 011 909,748 174,A01,1,1,1,1,1993,1,1,8,-1,-1,-1,-1,2.022E+11,3,LAMARTINE (R),0,NULL,2,2,1,1,0,1,1,NULL,-1,1,0,1,50,
2.022E+11,24,8,2022,05:45:00,3,94,94077,2,3,1,3,Rue Lamartine / Avenue du 8 Mai 1945,"487,288,014,069","24,061,660,204",2.022E+11,748 176,B01,1,1,0,2,1,0,5,NULL,2.022E+11,1 011 914,748 176,B01,1,1,4,1,1996,1,2,8,-1,-1,-1,-1,2.022E+11,3,LAMARTINE (R),0,NULL,2,2,1,1,0,1,1,NULL,-1,1,0,1,50,
2.022E+11,5,12,2022,18:10:00,2,37,37261,2,6,1,2,SAINT SAUVEUR (PONT),"473,735,800,000","0,6787400000",2.022E+11,742 345,B01,3,1,0,2,4,1,5,NULL,2.022E+11,1 004 129,742 344,A01,1,1,1,-1,NULL,-1,-1,-1,-1,-1,-1,-1,2.022E+11,4,NULL,0,NULL,2,2,0,1,-1,-1,2,NULL,-1,1,5,1,50,
2.022E+11,5,12,2022,18:10:00,2,37,37261,2,6,1,2,SAINT SAUVEUR (PONT),"473,735,800,000","0,6787400000",2.022E+11,742 345,B01,3,1,0,2,4,1,5,NULL,2.022E+11,1 004 130,742 345,B01,1,1,4,1,1993,5,8,0,-1,0,0,-1,2.022E+11,4,NULL,0,NULL,2,2,0,1,-1,-1,2,NULL,-1,1,5,1,50,
2.022E+11,12,7,2022,18:50:00,1,75,75114,2,3,1,6,RUE DIDOT,"488,280,020,000","23,155,030,000",2.022E+11,741 947,A01,1,1,0,1,8,1,5,NULL,2.022E+11,1 003 573,741 947,A01,1,1,1,1,1994,5,8,6,-1,0,0,-1,2.022E+11,4,RUE DIDOT,0,NULL,1,2,1,1,-1,-1,1,NULL,-1,1,-1,5,30,
2.022E+11,12,7,2022,18:50:00,1,75,75114,2,3,1,6,RUE DIDOT,"488,280,020,000","23,155,030,000",2.022E+11,741 947,A01,1,1,0,1,8,1,5,NULL,2.022E+11,1 003 574,741 947,A01,10,3,4,2,1981,5,0,-1,-1,2,3,1,2.022E+11,4,RUE DIDOT,0,NULL,1,2,1,1,-1,-1,1,NULL,-1,1,-1,5,30,
2.022E+11,25,9,2022,14:15:00,1,75,75113,2,2,1,3,BOULEVARD ARAGO,"488,349,500,000","23,449,920,000",2.022E+11,739 249,B01,2,1,0,2,1,1,5,NULL,2.022E+11,999 871,739 248,A01,1,1,1,1,1987,9,2,0,-1,0,0,-1,2.022E+11,4,BOULEVARD ARAGO,0,NULL,3,4,1,1,-1,-1,1,NULL,-1,1,5,5,30,
2.022E+11,25,9,2022,14:15:00,1,75,75113,2,2,1,3,BOULEVARD ARAGO,"488,349,500,000","23,449,920,000",2.022E+11,739 249,B01,2,1,0,2,1,1,5,NULL,2.022E+11,999 872,739 249,B01,1,1,4,2,2001,5,2,0,-1,0,0,-1,2.022E+11,4,BOULEVARD ARAGO,0,NULL,3,4,1,1,-1,-1,1,NULL,-1,1,5,5,30,
2.022E+11,3,12,2022,13:30:00,1,59,59350,2,2,1,3,SEINE RUE DE LA,"506,126,800,000","30,578,200,000",2.022E+11,738 806,B01,3,1,0,0,0,0,5,NULL,2.022E+11,999 225,738 806,B01,1,1,4,1,1976,9,8,0,-1,0,0,-1,2.022E+11,4,SEINE RUE DE LA,0,NULL,2,2,0,1,-1,-1,1,NULL,-1,1,9,6,50,
2.022E+11,3,12,2022,13:30:00,1,59,59350,2,2,1,3,SEINE RUE DE LA,"506,126,800,000","30,578,200,000",2.022E+11,738 806,B01,3,1,0,0,0,0,5,NULL,2.022E+11,999 226,738 807,A01,1,1,1,1,1965,9,1,0,-1,0,0,-1,2.022E+11,4,SEINE RUE DE LA,0,NULL,2,2,0,1,-1,-1,1,NULL,-1,1,9,6,50,
2.022E+11,11,6,2022,02:00:00,5,69,69266,2,1,1,2,Cours André Philip,"457,725,300,000","48,636,900,000",2.022E+11,737 916,B01,1,1,0,2,4,1,0,NULL,2.022E+11,998 020,737 912,A01,1,1,1,1,1982,5,1,-1,-1,0,0,-1,2.022E+11,4,ANDRE PHILIP      (Cours),0,NULL,2,2,3,1,-1,-1,1,NULL,-1,1,0,1,50,
2.022E+11,11,6,2022,02:00:00,5,69,69266,2,1,1,2,Cours André Philip,"457,725,300,000","48,636,900,000",2.022E+11,737 916,B01,1,1,0,2,4,1,0,NULL,2.022E+11,998 025,737 912,A01,2,2,4,1,1958,5,1,-1,-1,0,0,-1,2.022E+11,4,ANDRE PHILIP      (Cours),0,NULL,2,2,3,1,-1,-1,1,NULL,-1,1,0,1,50,
2.022E+11,11,6,2022,02:00:00,5,69,69266,2,1,1,2,Cours André Philip,"457,725,300,000","48,636,900,000",2.022E+11,737 916,B01,1,1,0,2,4,1,0,NULL,2.022E+11,998 029,737 912,A01,3,2,1,1,1961,5,1,-1,-1,0,0,-1,2.022E+11,4,ANDRE PHILIP      (Cours),0,NULL,2,2,3,1,-1,-1,1,NULL,-1,1,0,1,50,
2.022E+11,11,6,2022,02:00:00,5,69,69266,2,1,1,2,Cours André Philip,"457,725,300,000","48,636,900,000",2.022E+11,737 916,B01,1,1,0,2,4,1,0,NULL,2.022E+11,998 030,737 916,B01,1,1,3,1,1995,5,2,-1,-1,0,0,-1,2.022E+11,4,ANDRE PHILIP      (Cours),0,NULL,2,2,3,1,-1,-1,1,NULL,-1,1,0,1,50,
2.022E+11,12,5,2022,07:52:00,1,10,10387,2,6,1,3,Boulevard Georges Pompidou,"482,880,000,000","40,811,000,000",2.022E+11,736 391,Y01,3,1,0,2,4,16,5,NULL,2.022E+11,995 963,736 390,A01,1,1,1,2,2001,2,1,8,-1,0,0,-1,2.022E+11,4,GEORGES POMPIDOU (RUE),0,NULL,1,2,1,1,-1,-1,2,NULL,-1,1,0,1,50,
2.022E+11,12,5,2022,07:52:00,1,10,10387,2,6,1,3,Boulevard Georges Pompidou,"482,880,000,000","40,811,000,000",2.022E+11,736 391,Y01,3,1,0,2,4,16,5,NULL,2.022E+11,995 964,736 391,Y01,1,1,4,2,1989,1,8,0,-1,0,0,-1,2.022E+11,4,GEORGES POMPIDOU (RUE),0,NULL,1,2,1,1,-1,-1,2,NULL,-1,1,0,1,50,
2.022E+11,20,9,2022,18:45:00,2,93,93048,2,1,1,3,Boulevard de Chanzy,"488,585,622,550","24,308,662,985",2.022E+11,721 540,B01,2,1,0,2,8,15,5,NULL,2.022E+11,976 319,721 540,B01,1,1,4,1,1995,0,8,0,-1,0,0,-1,2.022E+11,3,CHANZY (BOULEVARD),0,NULL,2,2,2,1,98,1,1,NULL,-1,1,0,1,50,
2.022E+11,20,9,2022,18:45:00,2,93,93048,2,1,1,3,Boulevard de Chanzy,"488,585,622,550","24,308,662,985",2.022E+11,721 540,B01,2,1,0,2,8,15,5,NULL,2.022E+11,976 322,721 543,A01,1,1,1,1,1987,0,2,6,-1,0,0,-1,2.022E+11,3,CHANZY (BOULEVARD),0,NULL,2,2,2,1,98,1,1,NULL,-1,1,0,1,50,
2.022E+11,24,3,2022,09:10:00,1,75,75104,2,2,1,3,RUE DE RIVOLI,"488,562,870,000","23,566,090,000",2.022E+11,718 602,A01,1,1,0,2,7,15,5,NULL,2.022E+11,972 272,718 599,Z01,1,1,1,1,NULL,0,8,0,-1,-1,-1,-1,2.022E+11,4,RUE DE RIVOLI,0,NULL,1,3,1,1,-1,-1,1,NULL,-1,1,0,5,30,
2.022E+11,24,3,2022,09:10:00,1,75,75104,2,2,1,3,RUE DE RIVOLI,"488,562,870,000","23,566,090,000",2.022E+11,718 602,A01,1,1,0,2,7,15,5,NULL,2.022E+11,972 275,718 602,A01,1,1,4,1,1964,1,0,0,-1,0,0,-1,2.022E+11,4,RUE DE RIVOLI,0,NULL,1,3,1,1,-1,-1,1,NULL,-1,1,0,5,30,
2.022E+11,25,11,2022,22:15:00,3,75,75104,2,3,1,3,BOULEVARD HENRI IV,"488,504,470,000","23,601,140,000",2.022E+11,716 295,A01,2,1,0,2,1,5,5,NULL,2.022E+11,969 112,716 295,A01,1,1,4,1,1967,9,2,0,-1,0,0,-1,2.022E+11,4,BOULEVARD HENRI IV,0,NULL,2,4,3,1,-1,-1,1,NULL,-1,1,0,6,30,
2.022E+11,25,11,2022,22:15:00,3,75,75104,2,3,1,3,BOULEVARD HENRI IV,"488,504,470,000","23,601,140,000",2.022E+11,716 295,A01,2,1,0,2,1,5,5,NULL,2.022E+11,969 119,716 299,B01,1,1,1,1,1982,4,1,0,-1,0,0,-1,2.022E+11,4,BOULEVARD HENRI IV,0,NULL,2,4,3,1,-1,-1,1,NULL,-1,1,0,6,30,
2.022E+11,25,2,2022,23:45:00,5,75,75117,2,1,1,1,RUE DE SAUSSURE,"488,899,200,000","23,054,480,000",2.022E+11,747 814,B01,1,1,0,2,3,1,5,NULL,2.022E+11,1 011 443,747 814,B01,1,1,4,1,1986,9,2,8,-1,0,0,-1,2.022E+11,4,RUE DE SAUSSURE,0,NULL,2,2,1,1,-1,-1,1,NULL,-1,1,-1,5,30,
2.022E+11,25,2,2022,23:45:00,5,75,75117,2,1,1,1,RUE DE SAUSSURE,"488,899,200,000","23,054,480,000",2.022E+11,747 814,B01,1,1,0,2,3,1,5,NULL,2.022E+11,1 011 444,747 815,A01,1,1,4,1,1989,9,2,0,-1,0,0,-1,2.022E+11,4,RUE DE SAUSSURE,0,NULL,2,2,1,1,-1,-1,1,NULL,-1,1,-1,5,30,
2.022E+11,15,6,2022,19:11:00,1,75,75119,2,3,1,3,AVENUE JEAN JAURES,"488,851,850,000","23,793,780,000",2.022E+11,747 631,B01,1,1,0,2,8,19,5,NULL,2.022E+11,1 011 192,747 630,A01,1,1,1,1,1990,4,2,6,-1,0,0,-1,2.022E+11,4,AVENUE JEAN JAURES,0,NULL,2,4,0,1,-1,-1,1,NULL,-1,1,0,1,30,
2.022E+11,15,6,2022,19:11:00,1,75,75119,2,3,1,3,AVENUE JEAN JAURES,"488,851,850,000","23,793,780,000",2.022E+11,747 631,B01,1,1,0,2,8,19,5,NULL,2.022E+11,1 011 193,747 631,B01,1,1,4,1,1984,4,8,0,-1,0,0,-1,2.022E+11,4,AVENUE JEAN JAURES,0,NULL,2,4,0,1,-1,-1,1,NULL,-1,1,0,1,30,
2.022E+11,30,10,2022,16:00:00,1,93,93001,2,1,1,3,Avenue Jean Jaurès,"489,128,228,358","24,020,190,950",2.022E+11,743 480,B01,1,1,0,2,3,1,5,NULL,2.022E+11,1 005 673,743 480,B01,1,1,3,1,1990,0,8,0,-1,-1,-1,-1,2.022E+11,3,JEAN JAURES  (AVE)  157 A 213,0,NULL,2,2,2,1,0,1,1,NULL,-1,1,0,1,50,
2.022E+11,30,10,2022,16:00:00,1,93,93001,2,1,1,3,Avenue Jean Jaurès,"489,128,228,358","24,020,190,950",2.022E+11,743 480,B01,1,1,0,2,3,1,5,NULL,2.022E+11,1 005 674,743 481,A01,1,1,1,-1,NULL,-1,-1,-1,-1,-1,-1,-1,2.022E+11,3,JEAN JAURES  (AVE)  157 A 213,0,NULL,2,2,2,1,0,1,1,NULL,-1,1,0,1,50,
2.022E+11,12,6,2022,09:50:00,1,93,93074,1,1,1,3,Avenue du Maréchal de Lattre de Tassigny,"489,269,050,000","25,695,920,000",2.022E+11,737 598,A01,1,1,3,0,2,1,5,NULL,2.022E+11,997 607,737 596,B01,1,1,1,-1,NULL,-1,-1,-1,-1,-1,-1,-1,2.022E+11,4,LATTRE DE TASSIGNY AVENUE DU MARECHAL DE,0,NULL,2,2,0,2,0,0,1,NULL,-1,1,0,1,50,
2.022E+11,12,6,2022,09:50:00,1,93,93074,1,1,1,3,Avenue du Maréchal de Lattre de Tassigny,"489,269,050,000","25,695,920,000",2.022E+11,737 598,A01,1,1,3,0,2,1,5,NULL,2.022E+11,997 609,737 598,A01,1,1,4,1,1982,0,8,0,-1,0,0,-1,2.022E+11,4,LATTRE DE TASSIGNY AVENUE DU MARECHAL DE,0,NULL,2,2,0,2,0,0,1,NULL,-1,1,0,1,50,
2.022E+11,29,10,2022,17:50:00,1,75,75110,2,2,1,3,BOULEVARD DE MAGENTA,"488,714,960,000","23,603,500,000",2.022E+11,737 165,B01,1,1,0,2,0,1,5,NULL,2.022E+11,996 986,737 164,A01,1,1,1,1,1972,9,1,0,-1,0,0,-1,2.022E+11,4,BOULEVARD DE MAGENTA,0,NULL,2,4,1,1,-1,-1,1,NULL,-1,1,0,5,30,
2.022E+11,29,10,2022,17:50:00,1,75,75110,2,2,1,3,BOULEVARD DE MAGENTA,"488,714,960,000","23,603,500,000",2.022E+11,737 165,B01,1,1,0,2,0,1,5,NULL,2.022E+11,996 987,737 165,B01,1,1,4,1,1992,9,2,0,-1,0,0,-1,2.022E+11,4,BOULEVARD DE MAGENTA,0,NULL,2,4,1,1,-1,-1,1,NULL,-1,1,0,5,30,
2.022E+11,29,10,2022,12:00:00,1,34,34309,1,6,1,3,D21,"437,068,330,000","39,403,260,000",2.022E+11,737 027,B01,2,1,0,0,7,1,5,NULL,2.022E+11,996 794,737 026,A01,1,1,1,1,1992,4,1,-1,-1,0,0,-1,2.022E+11,3,D21,-1,NULL,2,2,0,1,13,643,2,NULL,-1,1,0,5,80,
2.022E+11,29,10,2022,12:00:00,1,34,34309,1,6,1,3,D21,"437,068,330,000","39,403,260,000",2.022E+11,737 027,B01,2,1,0,0,7,1,5,NULL,2.022E+11,996 796,737 027,B01,1,1,4,1,1940,5,2,-1,-1,0,0,-1,2.022E+11,3,D21,-1,NULL,2,2,0,1,13,643,2,NULL,-1,1,0,5,80,
2.022E+11,24,9,2022,11:15:00,1,69,69387,2,2,1,3,Avenue Félix Faure,"457,520,900,000","48,466,300,000",2.022E+11,735 924,B01,1,1,0,2,3,15,6,NULL,2.022E+11,995 341,735 924,B01,1,1,4,1,1999,5,8,-1,-1,0,0,-1,2.022E+11,4,FELIX FAURE                         (AV),0,NULL,1,2,1,1,-1,-1,1,NULL,-1,1,0,1,30,
2.022E+11,24,9,2022,11:15:00,1,69,69387,2,2,1,3,Avenue Félix Faure,"457,520,900,000","48,466,300,000",2.022E+11,735 924,B01,1,1,0,2,3,15,6,NULL,2.022E+11,995 342,735 925,A01,1,1,1,1,1993,5,1,-1,-1,0,0,-1,2.022E+11,4,FELIX FAURE                         (AV),0,NULL,1,2,1,1,-1,-1,1,NULL,-1,1,0,1,30,
2.022E+11,1,12,2022,18:00:00,5,44,44109,2,1,1,3,72ter Rue de la Contrie,"472,203,870,000","-15,976,240,000",2.022E+11,735 611,B01,1,1,0,2,8,9,5,NULL,2.022E+11,994 908,735 610,A01,1,1,1,1,2003,0,8,0,-1,-1,0,-1,2.022E+11,4,RUE DE LA CONTRIE,0,NULL,3,2,0,1,-1,-1,1,NULL,-1,1,0,1,30,
2.022E+11,1,12,2022,18:00:00,5,44,44109,2,1,1,3,72ter Rue de la Contrie,"472,203,870,000","-15,976,240,000",2.022E+11,735 611,B01,1,1,0,2,8,9,5,NULL,2.022E+11,994 909,735 611,B01,1,1,4,1,1994,1,8,0,-1,-1,0,-1,2.022E+11,4,RUE DE LA CONTRIE,0,NULL,3,2,0,1,-1,-1,1,NULL,-1,1,0,1,30,
2.022E+11,9,1,2022,18:10:00,3,33,33123,1,1,2,2,Avenue Charles de Gaulle,"450,872,690,000"," -0,4082140000",2.022E+11,729 358,B01,2,1,0,2,4,1,5,NULL,2.022E+11,986 649,729 358,B01,1,1,2,1,1977,5,0,-1,-1,0,0,-1,2.022E+11,3,249,-1,NULL,2,2,0,1,11,510,1,NULL,-1,2,0,1,80,
2.022E+11,9,1,2022,18:10:00,3,33,33123,1,1,2,2,Avenue Charles de Gaulle,"450,872,690,000"," -0,4082140000",2.022E+11,729 358,B01,2,1,0,2,4,1,5,NULL,2.022E+11,986 650,729 359,A01,1,1,1,1,1988,5,1,-1,-1,0,0,-1,2.022E+11,3,249,-1,NULL,2,2,0,1,11,510,1,NULL,-1,2,0,1,80,
2.022E+11,23,9,2022,08:20:00,1,13,13097,2,9,1,3,Route Departementale 24,"436,302,980,000","48,063,580,000",2.022E+11,728 757,B01,3,1,0,2,7,1,5,NULL,2.022E+11,985 860,728 755,A01,1,1,1,1,1955,4,1,-1,-1,0,0,-1,2.022E+11,3,24,0,NULL,2,2,0,2,-1,-1,1,NULL,-1,1,0,1,50,
2.022E+11,23,9,2022,08:20:00,1,13,13097,2,9,1,3,Route Departementale 24,"436,302,980,000","48,063,580,000",2.022E+11,728 757,B01,3,1,0,2,7,1,5,NULL,2.022E+11,985 862,728 757,B01,1,1,3,1,1993,1,0,-1,-1,0,0,-1,2.022E+11,3,24,0,NULL,2,2,0,2,-1,-1,1,NULL,-1,1,0,1,50,
2.022E+11,7,7,2022,13:30:00,1,75,75110,2,4,1,2,BOULEVARD DE MAGENTA,"488,755,510,000","23,567,150,000",2.022E+11,725 393,A01,2,1,0,2,1,1,5,NULL,2.022E+11,981 462,725 393,A01,1,1,4,1,1975,9,2,0,-1,0,0,-1,2.022E+11,4,BOULEVARD DE MAGENTA,0,NULL,1,1,1,1,-1,-1,1,NULL,-1,1,-1,5,30,
2.022E+11,7,7,2022,13:30:00,1,75,75110,2,4,1,2,BOULEVARD DE MAGENTA,"488,755,510,000","23,567,150,000",2.022E+11,725 393,A01,2,1,0,2,1,1,5,NULL,2.022E+11,981 465,725 396,B01,2,2,1,1,1984,4,8,0,-1,0,0,-1,2.022E+11,4,BOULEVARD DE MAGENTA,0,NULL,1,1,1,1,-1,-1,1,NULL,-1,1,-1,5,30,
2.022E+11,7,7,2022,13:30:00,1,75,75110,2,4,1,2,BOULEVARD DE MAGENTA,"488,755,510,000","23,567,150,000",2.022E+11,725 393,A01,2,1,0,2,1,1,5,NULL,2.022E+11,981 466,725 396,B01,1,1,1,1,1984,4,8,0,-1,0,0,-1,2.022E+11,4,BOULEVARD DE MAGENTA,0,NULL,1,1,1,1,-1,-1,1,NULL,-1,1,-1,5,30,
2.022E+11,11,7,2022,09:20:00,1,6,6033,2,6,1,7,Avenue des Cigales,"437,666,780,000","71,937,220,000",2.022E+11,723 443,A01,3,1,6,0,1,0,5,NULL,2.022E+11,978 871,723 443,A01,1,1,3,2,1989,5,0,-1,-1,0,0,-1,2.022E+11,7,NULL,-1,NULL,2,2,0,4,0,0,1,NULL,6,1,0,1,30,
2.022E+11,9,7,2022,09:15:00,1,72,72047,1,9,1,3,D283,"479,159,680,000","0,3014159000",2.022E+11,722 296,B01,2,1,0,2,3,15,5,NULL,2.022E+11,977 333,722 296,B01,1,1,4,2,1937,5,2,-1,-1,0,0,-1,2.022E+11,3,283,0,O,2,2,0,4,5,843,3,NULL,-1,1,0,1,90,
2.022E+11,9,7,2022,09:15:00,1,72,72047,1,9,1,3,D283,"479,159,680,000","0,3014159000",2.022E+11,722 296,B01,2,1,0,2,3,15,5,NULL,2.022E+11,977 335,722 298,A01,1,1,1,1,1992,5,2,9,-1,0,0,-1,2.022E+11,3,283,0,O,2,2,0,4,5,843,3,NULL,-1,1,0,1,90,
2.022E+11,6,7,2022,11:00:00,2,54,54288,1,1,1,7,D908,"487,390,759,158","58,154,368,396",2.022E+11,720 956,A01,1,1,0,0,0,0,5,NULL,2.022E+11,975 516,720 956,A01,1,1,2,1,1952,5,2,-1,-1,0,0,-1,2.022E+11,3,908,0,NULL,2,2,0,1,7,800,1,NULL,-1,1,0,3,80,
2.022E+11,26,11,2022,18:38:00,5,10,10081,2,6,1,2,PRESIDENT RENE COTY,"483,246,993,328","40,310,811,996",2.022E+11,718 482,B01,1,1,0,2,0,0,5,NULL,2.022E+11,972 101,718 477,A01,1,1,1,-1,NULL,-1,-1,-1,-1,-1,-1,-1,2.022E+11,3,PRESIDENT RENE COTY,0,NULL,1,1,0,1,57,660,2,NULL,-1,1,5,1,50,
2.022E+11,26,11,2022,18:38:00,5,10,10081,2,6,1,2,PRESIDENT RENE COTY,"483,246,993,328","40,310,811,996",2.022E+11,718 482,B01,1,1,0,2,0,0,5,NULL,2.022E+11,972 110,718 482,B01,1,1,4,1,2000,0,8,0,-1,0,0,-1,2.022E+11,3,PRESIDENT RENE COTY,0,NULL,1,1,0,1,57,660,2,NULL,-1,1,5,1,50,
2.022E+11,27,10,2022,11:00:00,1,89,89387,2,3,1,3,PEPINIERE (RUE DE LA),"482,008,400,000","32,892,100,000",2.022E+11,718 168,B01,1,1,0,2,5,15,5,NULL,2.022E+11,971 653,718 168,B01,1,1,3,2,1945,3,8,0,-1,-1,-1,-1,2.022E+11,4,PEPINIERE (RUE DE LA),0,NULL,2,2,0,1,-1,-1,1,NULL,-1,1,0,1,50,
2.022E+11,27,10,2022,11:00:00,1,89,89387,2,3,1,3,PEPINIERE (RUE DE LA),"482,008,400,000","32,892,100,000",2.022E+11,718 168,B01,1,1,0,2,5,15,5,NULL,2.022E+11,971 661,718 174,A01,1,1,1,1,2003,5,1,0,-1,-1,-1,-1,2.022E+11,4,PEPINIERE (RUE DE LA),0,NULL,2,2,0,1,-1,-1,1,NULL,-1,1,0,1,50,
2.022E+11,10,8,2022,12:00:00,1,75,75104,2,4,1,7,RUE DE RIVOLI,"488,550,510,000","23,616,540,000",2.022E+11,717 971,A01,1,1,12,0,1,14,5,NULL,2.022E+11,971 375,717 971,A01,1,1,4,1,1952,5,8,0,-1,0,0,-1,2.022E+11,4,RUE DE RIVOLI,0,NULL,3,3,1,1,-1,-1,1,NULL,-1,1,-1,5,30,
2.022E+11,18,9,2022,17:00:00,1,51,51454,2,1,1,2,avenue Brébant,"492,591,400,000","40,095,300,000",2.022E+11,716 366,A01,0,1,3,2,1,2,5,NULL,2.022E+11,969 203,716 360,B01,1,1,1,1,1969,0,1,-1,-1,-1,-1,-1,2.022E+11,4,BREBANT (AVENUE) DU 1 A 86,0,NULL,2,2,0,1,-1,-1,1,NULL,-1,1,0,1,50,
2.022E+11,18,9,2022,17:00:00,1,51,51454,2,1,1,2,avenue Brébant,"492,591,400,000","40,095,300,000",2.022E+11,716 366,A01,0,1,3,2,1,2,5,NULL,2.022E+11,969 210,716 366,A01,1,1,4,1,2007,5,2,0,-1,-1,-1,-1,2.022E+11,4,BREBANT (AVENUE) DU 1 A 86,0,NULL,2,2,0,1,-1,-1,1,NULL,-1,1,0,1,50,
2.022E+11,24,8,2022,10:35:00,1,76,76540,2,3,1,1,Rue du Mont Gargan,"494,365,700,000","11,104,700,000",2.022E+11,748 580,B01,3,1,0,2,1,1,5,NULL,2.022E+11,1 012 466,748 577,A01,1,1,1,1,1997,4,1,-1,-1,-1,-1,-1,2.022E+11,7,MONT GARGAN. RUE DU,0,NULL,2,2,0,1,0,1,1,NULL,-1,1,0,1,30,
2.022E+11,24,8,2022,10:35:00,1,76,76540,2,3,1,1,Rue du Mont Gargan,"494,365,700,000","11,104,700,000",2.022E+11,748 580,B01,3,1,0,2,1,1,5,NULL,2.022E+11,1 012 470,748 580,B01,1,1,4,1,1994,5,8,-1,-1,-1,-1,-1,2.022E+11,7,MONT GARGAN. RUE DU,0,NULL,2,2,0,1,0,1,1,NULL,-1,1,0,1,30,
2.022E+11,25,8,2022,14:55:00,1,62,62585,1,1,1,6,Route de montreuil,"505,107,300,000","18,031,180,000",2.022E+11,748 037,B01,2,1,0,2,4,1,5,NULL,2.022E+11,1 011 733,748 036,A01,1,1,1,1,1969,5,1,-1,-1,0,0,-1,2.022E+11,3,150,0, -,2,2,0,1,4,750,1,NULL,-1,1,0,1,80,
2.022E+11,25,8,2022,14:55:00,1,62,62585,1,1,1,6,Route de montreuil,"505,107,300,000","18,031,180,000",2.022E+11,748 039,C01,2,1,0,2,4,1,5,NULL,2.022E+11,1 011 733,748 036,A01,1,1,1,1,1969,5,1,-1,-1,0,0,-1,2.022E+11,3,150,0, -,2,2,0,1,4,750,1,NULL,-1,1,0,1,80,
2.022E+11,25,8,2022,14:55:00,1,62,62585,1,1,1,6,Route de montreuil,"505,107,300,000","18,031,180,000",2.022E+11,748 037,B01,2,1,0,2,4,1,5,NULL,2.022E+11,1 011 734,748 037,B01,1,1,2,2,1963,5,0,-1,-1,0,0,-1,2.022E+11,3,150,0, -,2,2,0,1,4,750,1,NULL,-1,1,0,1,80,
2.022E+11,25,8,2022,14:55:00,1,62,62585,1,1,1,6,Route de montreuil,"505,107,300,000","18,031,180,000",2.022E+11,748 039,C01,2,1,0,2,4,1,5,NULL,2.022E+11,1 011 734,748 037,B01,1,1,2,2,1963,5,0,-1,-1,0,0,-1,2.022E+11,3,150,0, -,2,2,0,1,4,750,1,NULL,-1,1,0,1,80,
2.022E+11,25,8,2022,14:55:00,1,62,62585,1,1,1,6,Route de montreuil,"505,107,300,000","18,031,180,000",2.022E+11,748 037,B01,2,1,0,2,4,1,5,NULL,2.022E+11,1 011 736,748 039,C01,1,1,3,1,2016,5,0,-1,-1,0,0,-1,2.022E+11,3,150,0, -,2,2,0,1,4,750,1,NULL,-1,1,0,1,80,
2.022E+11,25,8,2022,14:55:00,1,62,62585,1,1,1,6,Route de montreuil,"505,107,300,000","18,031,180,000",2.022E+11,748 039,C01,2,1,0,2,4,1,5,NULL,2.022E+11,1 011 736,748 039,C01,1,1,3,1,2016,5,0,-1,-1,0,0,-1,2.022E+11,3,150,0, -,2,2,0,1,4,750,1,NULL,-1,1,0,1,80,