Accident_Id,jour,mois,an,hrmn,lum,dep,com,agg,int,atm,col,adr,lat,long,Num_Acc,id_vehicule,num_veh,senc,catv,obs,obsm,choc,manv,motor,occutc,Num_Acc,id_usager,id_vehicule,num_veh,place,catu,grav,sexe,an_nais,trajet,secu1,secu2,secu3,locp,actp,etatp,Num_Acc,catr,voie,v1,v2,circ,nbv,vosp,prof,pr,pr1,plan,lartpc,larrout,surf,infra,situ,vma,
2.022E+11,6,4,2022,21:00:00,5,26,26113,2,1,2,1,Boulevard du Marechal Leclerc,"447,499,830,000","53,737,680,000",2.022E+11,740 616,B01,1,1,0,2,1,1,5,NULL,2.022E+11,1 001 779,740 616,B01,1,1,4,1,1985,5,0,-1,-1,0,0,-1,2.022E+11,3,238,-1,NULL,2,2,0,1,54,814,1,NULL,-1,2,0,1,50,
2.022E+11,6,4,2022,21:00:00,5,26,26113,2,1,2,1,Boulevard du Marechal Leclerc,"447,499,830,000","53,737,680,000",2.022E+11,740 616,B01,1,1,0,2,1,1,5,NULL,2.022E+11,1 001 780,740 617,A01,1,1,1,2,1996,5,1,-1,-1,0,0,-1,2.022E+11,3,238,-1,NULL,2,2,0,1,54,814,1,NULL,-1,2,0,1,50,
2.022E+11,13,5,2022,19:00:00,1,75,75120,2,5,1,6,BOULEVARD DE MENILMONTANT,"488,629,514,449","23,874,865,472",2.022E+11,739 769,A01,2,1,0,1,1,1,5,NULL,2.022E+11,1 000 572,739 769,A01,10,3,4,2,1958,9,0,-1,-1,4,3,1,2.022E+11,4,BOULEVARD DE MENILMONTANT,0,NULL,3,2,1,1,-1,0,1,NULL,-1,1,-1,5,30,
2.022E+11,13,5,2022,19:00:00,1,75,75120,2,5,1,6,BOULEVARD DE MENILMONTANT,"488,629,514,449","23,874,865,472",2.022E+11,739 769,A01,2,1,0,1,1,1,5,NULL,2.022E+11,1 000 573,739 769,A01,1,1,1,1,1992,9,2,0,-1,0,0,-1,2.022E+11,4,BOULEVARD DE MENILMONTANT,0,NULL,3,2,1,1,-1,0,1,NULL,-1,1,-1,5,30,
2.022E+11,14,1,2022,09:45:00,1,50,50612,1,1,7,2,D911,"486,828,010,000","-14,163,570,000",2.022E+11,739 663,B01,2,1,0,2,4,2,5,NULL,2.022E+11,1 000 432,739 663,B01,1,1,4,1,1948,3,4,-1,-1,0,0,-1,2.022E+11,3,911,0,D,2,2,0,2,47,348,2,NULL,-1,1,0,1,80,
2.022E+11,14,1,2022,09:45:00,1,50,50612,1,1,7,2,D911,"486,828,010,000","-14,163,570,000",2.022E+11,739 663,B01,2,1,0,2,4,2,5,NULL,2.022E+11,1 000 433,739 664,A01,1,1,1,1,1970,4,1,-1,-1,0,0,-1,2.022E+11,3,911,0,D,2,2,0,2,47,348,2,NULL,-1,1,0,1,80,
2.022E+11,11,7,2022,08:25:00,1,49,49214,2,1,1,6,Avenue du Président Kennedy,"475,389,450,000"," -0,6163230000",2.022E+11,738 315,A01,1,1,7,0,1,1,5,NULL,2.022E+11,998 553,738 315,A01,1,1,4,1,1950,5,0,-1,-1,0,0,-1,2.022E+11,3,768,0,D,2,2,0,1,2,150,1,NULL,-1,1,0,4,50,
2.022E+11,11,5,2022,08:10:00,1,64,64024,2,2,1,3,Avenue Eugène Bernain,"434,840,400,000","-15,114,000,000",2.022E+11,733 019,B01,3,1,0,2,1,1,5,NULL,2.022E+11,991 481,733 019,B01,1,1,4,2,1972,1,2,0,-1,-1,-1,-1,2.022E+11,4,BERNAIN (AVENUE EUGENE),0,NULL,2,2,0,1,0,0,1,NULL,-1,1,0,1,50,
2.022E+11,11,5,2022,08:10:00,1,64,64024,2,2,1,3,Avenue Eugène Bernain,"434,840,400,000","-15,114,000,000",2.022E+11,733 019,B01,3,1,0,2,1,1,5,NULL,2.022E+11,991 482,733 020,A01,1,1,1,2,2003,2,1,0,-1,-1,-1,-1,2.022E+11,4,BERNAIN (AVENUE EUGENE),0,NULL,2,2,0,1,0,0,1,NULL,-1,1,0,1,50,
2.022E+11,10,5,2022,08:20:00,1,26,26058,2,6,1,3,DE BROGLIE RUE LOUIS,"449,658,700,000","48,839,800,000",2.022E+11,729 525,A01,0,1,0,2,4,2,5,NULL,2.022E+11,986 871,729 524,Z01,1,1,-1,-1,NULL,-1,-1,-1,-1,0,0,-1,2.022E+11,4,DE BROGLIE RUE LOUIS,0,NULL,-1,2,0,1,-1,-1,2,NULL,-1,1,5,1,50,
2.022E+11,10,5,2022,08:20:00,1,26,26058,2,6,1,3,DE BROGLIE RUE LOUIS,"449,658,700,000","48,839,800,000",2.022E+11,729 525,A01,0,1,0,2,4,2,5,NULL,2.022E+11,986 872,729 525,A01,1,1,4,1,1941,5,2,8,-1,0,0,-1,2.022E+11,4,DE BROGLIE RUE LOUIS,0,NULL,-1,2,0,1,-1,-1,2,NULL,-1,1,5,1,50,
2.022E+11,29,11,2022,18:15:00,5,75,75101,2,2,1,7,RUE DES CAPUCINES,"488,683,560,000","23,303,040,000",2.022E+11,728 967,A01,1,1,0,2,0,21,5,NULL,2.022E+11,986 138,728 965,B01,1,1,1,1,1972,4,1,0,-1,-1,-1,-1,2.022E+11,4,RUE DES CAPUCINES,0,NULL,1,1,0,1,-1,-1,1,NULL,-1,1,0,1,30,
2.022E+11,29,11,2022,18:15:00,5,75,75101,2,2,1,7,RUE DES CAPUCINES,"488,683,560,000","23,303,040,000",2.022E+11,728 967,A01,1,1,0,2,0,21,5,NULL,2.022E+11,986 140,728 967,A01,1,1,4,1,1977,9,2,0,-1,-1,-1,-1,2.022E+11,4,RUE DES CAPUCINES,0,NULL,1,1,0,1,-1,-1,1,NULL,-1,1,0,1,30,
2.022E+11,9,6,2022,17:35:00,1,94,94071,2,9,1,6,Rue des Fontaines,"487,715,569,012","25,184,091,926",2.022E+11,727 435,A01,3,1,0,0,0,0,5,NULL,2.022E+11,984 118,727 435,A01,1,1,3,1,2008,0,8,0,-1,0,0,-1,2.022E+11,6,FONTAINES (R DES),0,NULL,-1,0,0,1,0,0,1,NULL,-1,1,0,8,1,
2.022E+11,6,1,2022,12:00:00,1,91,91161,1,9,1,3,RTE DE MASSY,"487,132,820,000","23,022,440,000",2.022E+11,726 003,B01,1,1,0,2,5,19,5,NULL,2.022E+11,982 247,726 002,A01,1,1,1,1,1946,0,8,0,-1,-1,-1,-1,2.022E+11,3,RTE DE MASSY,0,NULL,1,2,0,1,-1,-1,3,NULL,-1,1,0,5,50,
2.022E+11,6,1,2022,12:00:00,1,91,91161,1,9,1,3,RTE DE MASSY,"487,132,820,000","23,022,440,000",2.022E+11,726 003,B01,1,1,0,2,5,19,5,NULL,2.022E+11,982 248,726 003,B01,1,1,4,1,1945,0,8,0,-1,-1,-1,-1,2.022E+11,3,RTE DE MASSY,0,NULL,1,2,0,1,-1,-1,3,NULL,-1,1,0,5,50,
2.022E+11,7,1,2022,20:20:00,3,57,57616,2,1,2,3,TERRES ROUGES (RUE DES ),"491,279,500,000","61,967,700,000",2.022E+11,725 963,A01,1,1,0,2,3,1,5,NULL,2.022E+11,982 194,725 963,A01,1,1,3,1,1997,0,8,0,-1,-1,-1,-1,2.022E+11,4,TERRES ROUGES (RUE DES ),0,NULL,2,2,0,2,0,0,3,NULL,-1,2,0,1,50,
2.022E+11,7,1,2022,20:20:00,3,57,57616,2,1,2,3,TERRES ROUGES (RUE DES ),"491,279,500,000","61,967,700,000",2.022E+11,725 963,A01,1,1,0,2,3,1,5,NULL,2.022E+11,982 195,725 964,B01,1,1,1,2,1959,3,1,0,-1,-1,-1,-1,2.022E+11,4,TERRES ROUGES (RUE DES ),0,NULL,2,2,0,2,0,0,3,NULL,-1,2,0,1,50,
2.022E+11,7,7,2022,16:30:00,1,75,75116,2,1,1,3,ROUTE DE SEVRES A NEUILLY,"488,618,220,000","22,373,400,000",2.022E+11,725 643,B01,3,1,0,2,1,1,5,NULL,2.022E+11,981 782,725 641,A01,1,1,1,1,1987,4,1,0,-1,0,0,-1,2.022E+11,4,ROUTE DE SEVRES A NEUILLY,0,NULL,2,2,1,1,-1,-1,1,NULL,-1,1,-1,5,30,
2.022E+11,7,7,2022,16:30:00,1,75,75116,2,1,1,3,ROUTE DE SEVRES A NEUILLY,"488,618,220,000","22,373,400,000",2.022E+11,725 643,B01,3,1,0,2,1,1,5,NULL,2.022E+11,981 784,725 643,B01,1,1,4,1,1970,5,2,0,-1,0,0,-1,2.022E+11,4,ROUTE DE SEVRES A NEUILLY,0,NULL,2,2,1,1,-1,-1,1,NULL,-1,1,-1,5,30,
2.022E+11,8,7,2022,14:25:00,1,92,92062,2,1,1,3,DE DION BOUTON (QUAI) DU 29 AU 65,"488,795,353,727","22,437,796,891",2.022E+11,724 545,B01,1,1,0,0,2,1,5,NULL,2.022E+11,980 315,724 545,B01,1,1,4,1,1984,9,2,0,-1,-1,-1,-1,2.022E+11,3,7,0,NULL,1,2,0,1,0,0,1,NULL,-1,1,0,1,50,
2.022E+11,8,7,2022,14:25:00,1,92,92062,2,1,1,3,DE DION BOUTON (QUAI) DU 29 AU 65,"488,795,353,727","22,437,796,891",2.022E+11,724 545,B01,1,1,0,0,2,1,5,NULL,2.022E+11,980 319,724 549,A01,1,1,1,1,1986,9,1,0,-1,-1,-1,-1,2.022E+11,3,7,0,NULL,1,2,0,1,0,0,1,NULL,-1,1,0,1,50,
2.022E+11,15,2,2022,17:45:00,1,75,75111,2,3,2,3,BOULEVARD DE MENILMONTANT,"488,598,290,000","23,887,520,000",2.022E+11,721 991,A01,2,1,0,2,3,1,5,NULL,2.022E+11,976 920,721 988,B01,1,1,1,1,1994,1,1,0,-1,0,0,-1,2.022E+11,4,BOULEVARD DE MENILMONTANT,0,NULL,2,4,1,1,-1,-1,1,NULL,-1,2,-1,5,30,
2.022E+11,15,2,2022,17:45:00,1,75,75111,2,3,2,3,BOULEVARD DE MENILMONTANT,"488,598,290,000","23,887,520,000",2.022E+11,721 991,A01,2,1,0,2,3,1,5,NULL,2.022E+11,976 924,721 991,A01,1,1,4,1,1974,1,2,0,-1,0,0,-1,2.022E+11,4,BOULEVARD DE MENILMONTANT,0,NULL,2,4,1,1,-1,-1,1,NULL,-1,2,-1,5,30,
2.022E+11,20,9,2022,07:45:00,1,9,9225,2,1,1,2,PAIX AVENUE DE LA,"431,111,970,000","16,189,040,000",2.022E+11,721 946,B01,2,1,0,2,1,1,5,NULL,2.022E+11,976 856,721 946,B01,1,1,4,1,2009,2,8,0,-1,-1,-1,-1,2.022E+11,4,PAIX AVENUE DE LA,0,NULL,2,2,0,1,-1,-1,1,NULL,-1,1,0,1,50,
2.022E+11,20,9,2022,07:45:00,1,9,9225,2,1,1,2,PAIX AVENUE DE LA,"431,111,970,000","16,189,040,000",2.022E+11,721 946,B01,2,1,0,2,1,1,5,NULL,2.022E+11,976 861,721 948,A01,1,1,1,2,1980,1,8,0,-1,-1,-1,-1,2.022E+11,4,PAIX AVENUE DE LA,0,NULL,2,2,0,1,-1,-1,1,NULL,-1,1,0,1,50,
2.022E+11,26,3,2022,09:30:00,1,29,29158,1,1,1,3,D53 - Kerigou,"478,182,340,000","-43,075,200,000",2.022E+11,720 171,B01,1,1,0,2,8,1,5,NULL,2.022E+11,974 440,720 164,A01,1,1,1,1,2002,1,8,-1,-1,0,0,-1,2.022E+11,3,53,-1,NULL,2,2,0,1,4,577,1,NULL,-1,1,0,1,-1,
2.022E+11,26,3,2022,09:30:00,1,29,29158,1,1,1,3,D53 - Kerigou,"478,182,340,000","-43,075,200,000",2.022E+11,720 171,B01,1,1,0,2,8,1,5,NULL,2.022E+11,974 451,720 171,B01,1,1,4,1,1961,0,8,-1,-1,0,0,-1,2.022E+11,3,53,-1,NULL,2,2,0,1,4,577,1,NULL,-1,1,0,1,-1,
2.022E+11,26,3,2022,06:30:00,1,33,33522,2,1,1,6,Cours de la Libération,"448,015,003,964"," -0,5943946965",2.022E+11,719 211,B01,2,1,2,0,0,0,5,NULL,2.022E+11,973 107,719 206,A01,1,1,1,1,1995,1,1,-1,-1,-1,-1,-1,2.022E+11,4,CRS DE LA LIBERATION,0,NULL,3,2,1,1,-1,-1,3,NULL,-1,1,0,5,30,
2.022E+11,26,3,2022,06:30:00,1,33,33522,2,1,1,6,Cours de la Libération,"448,015,003,964"," -0,5943946965",2.022E+11,719 211,B01,2,1,2,0,0,0,5,NULL,2.022E+11,973 111,719 206,A01,2,2,4,1,1993,0,1,-1,-1,-1,-1,-1,2.022E+11,4,CRS DE LA LIBERATION,0,NULL,3,2,1,1,-1,-1,3,NULL,-1,1,0,5,30,
2.022E+11,26,3,2022,06:30:00,1,33,33522,2,1,1,6,Cours de la Libération,"448,015,003,964"," -0,5943946965",2.022E+11,719 211,B01,2,1,2,0,0,0,5,NULL,2.022E+11,973 113,719 211,B01,1,1,4,1,1995,5,0,-1,-1,0,0,-1,2.022E+11,4,CRS DE LA LIBERATION,0,NULL,3,2,1,1,-1,-1,3,NULL,-1,1,0,5,30,
2.022E+11,11,8,2022,10:25:00,1,32,32344,1,1,1,3,Route de Balembitz,"436,231,271,497"," -0,0702685118",2.022E+11,717 479,A01,3,1,0,2,1,13,5,NULL,2.022E+11,970 682,717 479,A01,1,1,3,1,1950,5,2,-1,-1,0,0,-1,2.022E+11,4,5,-1,NULL,-1,2,0,2,-1,-1,3,NULL,-1,1,0,1,80,
2.022E+11,11,8,2022,10:25:00,1,32,32344,1,1,1,3,Route de Balembitz,"436,231,271,497"," -0,0702685118",2.022E+11,717 479,A01,3,1,0,2,1,13,5,NULL,2.022E+11,970 689,717 483,B01,1,1,1,2,1992,5,1,-1,-1,0,0,-1,2.022E+11,4,5,-1,NULL,-1,2,0,2,-1,-1,3,NULL,-1,1,0,1,80,
2.022E+11,18,1,2022,15:55:00,1,77,77221,1,1,1,3,D217B,"488,521,800,000","27,255,600,000",2.022E+11,749 321,B01,-1,1,0,2,8,2,5,NULL,2.022E+11,1 013 473,749 321,B01,1,1,4,1,1946,5,2,0,-1,-1,-1,-1,2.022E+11,3,DEUX CHATEAUX (AVENUE DES ),0,NULL,2,2,0,1,11,468,1,NULL,-1,1,0,1,80,
2.022E+11,18,1,2022,15:55:00,1,77,77221,1,1,1,3,D217B,"488,521,800,000","27,255,600,000",2.022E+11,749 321,B01,-1,1,0,2,8,2,5,NULL,2.022E+11,1 013 475,749 322,A01,1,1,1,1,1995,4,1,0,-1,-1,-1,-1,2.022E+11,3,DEUX CHATEAUX (AVENUE DES ),0,NULL,2,2,0,1,11,468,1,NULL,-1,1,0,1,80,
2.022E+11,7,12,2022,17:57:00,5,35,35228,2,3,8,3,rue de Dinard,"485,814,910,000","-20,585,690,000",2.022E+11,749 066,B01,1,1,0,2,3,1,5,NULL,2.022E+11,1 013 119,749 063,A01,1,1,1,1,1962,0,1,-1,-1,0,0,-1,2.022E+11,4,NULL,-1,NULL,2,2,0,1,-1,-1,1,NULL,-1,2,0,1,50,
2.022E+11,7,12,2022,17:57:00,5,35,35228,2,3,8,3,rue de Dinard,"485,814,910,000","-20,585,690,000",2.022E+11,749 066,B01,1,1,0,2,3,1,5,NULL,2.022E+11,1 013 122,749 066,B01,1,1,4,1,2007,5,0,-1,-1,0,0,-1,2.022E+11,4,NULL,-1,NULL,2,2,0,1,-1,-1,1,NULL,-1,2,0,1,50,
2.022E+11,14,7,2022,09:30:00,1,83,83107,1,3,1,5,Route de Roquebrune sur Argens (Pont),"434,121,090,000","66,969,610,000",2.022E+11,745 641,B01,1,1,0,2,1,21,5,NULL,2.022E+11,1 008 559,745 639,A01,1,1,1,1,1953,5,1,-1,-1,0,0,-1,2.022E+11,3,7,-1,NULL,2,2,2,1,8,900,1,NULL,7,1,0,1,80,
2.022E+11,14,7,2022,09:30:00,1,83,83107,1,3,1,5,Route de Roquebrune sur Argens (Pont),"434,121,090,000","66,969,610,000",2.022E+11,745 641,B01,1,1,0,2,1,21,5,NULL,2.022E+11,1 008 561,745 641,B01,1,1,3,1,1945,5,2,6,-1,0,0,-1,2.022E+11,3,7,-1,NULL,2,2,2,1,8,900,1,NULL,7,1,0,1,80,
2.022E+11,14,7,2022,09:30:00,1,83,83107,1,3,1,5,Route de Roquebrune sur Argens (Pont),"434,121,090,000","66,969,610,000",2.022E+11,745 641,B01,1,1,0,2,1,21,5,NULL,2.022E+11,1 008 564,745 643,C01,1,1,1,1,2000,5,1,-1,-1,0,0,-1,2.022E+11,3,7,-1,NULL,2,2,2,1,8,900,1,NULL,7,1,0,1,80,
2.022E+11,27,9,2022,08:10:00,1,29,29293,2,6,1,3,Route de Melgven ,"478,571,290,000","-38,508,370,000",2.022E+11,742 868,B01,1,1,0,2,2,1,5,NULL,2.022E+11,1 004 841,742 866,A01,1,1,1,2,1969,1,1,-1,-1,0,0,-1,2.022E+11,4,NULL,-1,NULL,2,1,0,1,-1,-1,2,NULL,-1,1,0,1,30,
2.022E+11,27,9,2022,08:10:00,1,29,29293,2,6,1,3,Route de Melgven ,"478,571,290,000","-38,508,370,000",2.022E+11,742 868,B01,1,1,0,2,2,1,5,NULL,2.022E+11,1 004 843,742 868,B01,1,1,4,2,1975,1,0,-1,-1,0,0,-1,2.022E+11,4,NULL,-1,NULL,2,1,0,1,-1,-1,2,NULL,-1,1,0,1,30,
2.022E+11,22,2,2022,23:20:00,5,75,75115,2,2,2,3,QUAI ANDRE CITROEN,"488,459,110,000","22,773,160,000",2.022E+11,738 543,B01,1,1,0,2,4,13,5,NULL,2.022E+11,998 864,738 538,A01,1,1,1,2,1999,5,1,0,-1,0,0,-1,2.022E+11,4,QUAI ANDRE CITROEN,0,NULL,2,4,0,1,-1,-1,1,NULL,-1,2,0,1,30,
2.022E+11,22,2,2022,23:20:00,5,75,75115,2,2,2,3,QUAI ANDRE CITROEN,"488,459,110,000","22,773,160,000",2.022E+11,738 543,B01,1,1,0,2,4,13,5,NULL,2.022E+11,998 870,738 543,B01,1,1,4,1,1990,9,2,0,-1,0,0,-1,2.022E+11,4,QUAI ANDRE CITROEN,0,NULL,2,4,0,1,-1,-1,1,NULL,-1,2,0,1,30,
2.022E+11,12,7,2022,17:45:00,1,27,27003,2,5,1,3,Rue du Moulin Potel,"491,686,920,000","11,820,390,000",2.022E+11,737 980,B01,1,1,0,2,1,1,5,NULL,2.022E+11,998 116,737 980,B01,1,1,4,1,2007,5,0,-1,-1,0,0,-1,2.022E+11,4,NULL,-1,NULL,2,2,0,1,-1,-1,3,NULL,5,1,0,1,50,
2.022E+11,12,7,2022,17:45:00,1,27,27003,2,5,1,3,Rue du Moulin Potel,"491,686,920,000","11,820,390,000",2.022E+11,737 980,B01,1,1,0,2,1,1,5,NULL,2.022E+11,998 117,737 982,A01,1,1,1,1,2000,1,1,-1,-1,0,0,-1,2.022E+11,4,NULL,-1,NULL,2,2,0,1,-1,-1,3,NULL,5,1,0,1,50,
2.022E+11,10,6,2022,13:00:00,1,76,76484,2,2,1,1,Avenue du Général de Gaulle,"493,428,330,000","10,903,600,000",2.022E+11,731 680,B01,3,1,0,2,3,13,5,NULL,2.022E+11,989 703,731 680,B01,1,1,4,1,1969,5,8,-1,-1,-1,-1,-1,2.022E+11,7,GAULLE. AVENUE DU GENERAL DE,0,NULL,2,2,0,1,10,850,1,NULL,-1,1,-1,1,50,
2.022E+11,10,6,2022,13:00:00,1,76,76484,2,2,1,1,Avenue du Général de Gaulle,"493,428,330,000","10,903,600,000",2.022E+11,731 680,B01,3,1,0,2,3,13,5,NULL,2.022E+11,989 706,731 682,A01,1,1,1,1,1965,5,1,-1,-1,-1,-1,-1,2.022E+11,7,GAULLE. AVENUE DU GENERAL DE,0,NULL,2,2,0,1,10,850,1,NULL,-1,1,-1,1,50,
2.022E+11,28,10,2022,09:50:00,1,76,76243,1,1,1,3,Rue des Prairies,"495,321,720,000","13,613,820,000",2.022E+11,730 894,B01,1,1,0,2,8,1,5,NULL,2.022E+11,988 671,730 892,A01,1,1,1,1,1929,3,8,-1,-1,0,0,-1,2.022E+11,3,93,-1,NULL,2,2,0,2,4,700,3,NULL,-1,1,0,1,80,
2.022E+11,28,10,2022,09:50:00,1,76,76243,1,1,1,3,Rue des Prairies,"495,321,720,000","13,613,820,000",2.022E+11,730 894,B01,1,1,0,2,8,1,5,NULL,2.022E+11,988 674,730 894,B01,1,1,3,1,1961,5,2,-1,-1,0,0,-1,2.022E+11,3,93,-1,NULL,2,2,0,2,4,700,3,NULL,-1,1,0,1,80,
2.022E+11,10,8,2022,22:00:00,5,34,34172,2,4,1,3,1975 Avenue Albert Einstein,"436,113,637,153","39,202,986,253",2.022E+11,720 733,A01,2,1,0,2,3,5,5,NULL,2.022E+11,975 198,720 724,B01,1,1,1,1,1958,0,1,0,-1,0,0,-1,2.022E+11,4,EINSTEIN (AVENUE ALBERT,0,NULL,1,1,1,2,-1,-1,1,NULL,-1,1,0,1,50,
2.022E+11,10,8,2022,22:00:00,5,34,34172,2,4,1,3,1975 Avenue Albert Einstein,"436,113,637,153","39,202,986,253",2.022E+11,720 733,A01,2,1,0,2,3,5,5,NULL,2.022E+11,975 212,720 733,A01,1,1,3,1,1998,0,8,0,-1,0,0,-1,2.022E+11,4,EINSTEIN (AVENUE ALBERT,0,NULL,1,1,1,2,-1,-1,1,NULL,-1,1,0,1,50,
2.022E+11,28,3,2022,17:00:00,1,45,45252,2,3,1,3,Rue Rene Cassin,"481,878,100,000","22,452,450,000",2.022E+11,719 862,B01,1,1,0,2,1,0,5,NULL,2.022E+11,974 013,719 856,A01,2,2,1,1,1978,4,1,-1,-1,0,0,-1,2.022E+11,4,NULL,0,NULL,2,2,0,1,-1,-1,1,NULL,4,1,0,1,50,
2.022E+11,28,3,2022,17:00:00,1,45,45252,2,3,1,3,Rue Rene Cassin,"481,878,100,000","22,452,450,000",2.022E+11,719 862,B01,1,1,0,2,1,0,5,NULL,2.022E+11,974 016,719 856,A01,1,1,1,1,1984,4,8,-1,-1,0,0,-1,2.022E+11,4,NULL,0,NULL,2,2,0,1,-1,-1,1,NULL,4,1,0,1,50,
2.022E+11,28,3,2022,17:00:00,1,45,45252,2,3,1,3,Rue Rene Cassin,"481,878,100,000","22,452,450,000",2.022E+11,719 862,B01,1,1,0,2,1,0,5,NULL,2.022E+11,974 020,719 862,B01,1,1,3,2,1947,3,0,-1,-1,0,0,-1,2.022E+11,4,NULL,0,NULL,2,2,0,1,-1,-1,1,NULL,4,1,0,1,50,
2.022E+11,26,11,2022,15:15:00,1,34,34172,1,1,1,3,56 Route de Lavérune,"436,016,600,000","38,521,750,000",2.022E+11,715 987,B01,2,1,0,2,1,1,5,NULL,2.022E+11,968 703,715 983,A01,1,1,1,1,1965,5,1,-1,-1,0,0,-1,2.022E+11,4,5,0,NULL,2,2,0,3,-1,-1,1,NULL,-1,1,8,1,70,
2.022E+11,26,11,2022,15:15:00,1,34,34172,1,1,1,3,56 Route de Lavérune,"436,016,600,000","38,521,750,000",2.022E+11,715 987,B01,2,1,0,2,1,1,5,NULL,2.022E+11,968 708,715 987,B01,1,1,4,1,1943,5,0,-1,-1,0,0,-1,2.022E+11,4,5,0,NULL,2,2,0,3,-1,-1,1,NULL,-1,1,8,1,70,
2.022E+11,5,4,2022,12:00:00,1,38,38524,1,2,1,3,Intersection Route du Gros Chêne - Chemin de Malissol,"450,839,940,000","57,046,990,000",2.022E+11,750 009,B01,3,1,0,2,3,1,5,NULL,2.022E+11,1 014 426,750 009,B01,1,1,3,1,1965,5,2,-1,-1,0,0,-1,2.022E+11,4,chem,0,NULL,-1,2,0,1,-1,-1,1,NULL,-1,1,0,1,80,
2.022E+11,5,4,2022,12:00:00,1,38,38524,1,2,1,3,Intersection Route du Gros Chêne - Chemin de Malissol,"450,839,940,000","57,046,990,000",2.022E+11,750 009,B01,3,1,0,2,3,1,5,NULL,2.022E+11,1 014 427,750 010,A01,1,1,1,1,1951,0,8,-1,-1,0,0,-1,2.022E+11,4,chem,0,NULL,-1,2,0,1,-1,-1,1,NULL,-1,1,0,1,80,
2.022E+11,3,9,2022,18:25:00,1,973,97302,2,1,1,3,MONTABO (ROUTE DE) 1,"49,331,008,118","-522,904,841,602",2.022E+11,746 425,B01,1,1,0,2,1,1,5,NULL,2.022E+11,1 009 596,746 425,B01,1,1,4,1,2006,0,2,4,-1,-1,-1,-1,2.022E+11,3,MONTABO (ROUTE DE) 1,0,NULL,2,2,0,1,3,950,1,NULL,-1,1,0,1,50,
2.022E+11,3,9,2022,18:25:00,1,973,97302,2,1,1,3,MONTABO (ROUTE DE) 1,"49,331,008,118","-522,904,841,602",2.022E+11,746 425,B01,1,1,0,2,1,1,5,NULL,2.022E+11,1 009 597,746 426,A01,1,1,1,1,1973,0,1,0,-1,-1,-1,-1,2.022E+11,3,MONTABO (ROUTE DE) 1,0,NULL,2,2,0,1,3,950,1,NULL,-1,1,0,1,50,
2.022E+11,15,5,2022,11:40:00,1,92,92040,2,2,1,3,RESISTANCE (PLACE DE LA),"488,217,985,925","22,502,837,777",2.022E+11,743 416,B01,3,1,0,0,0,0,5,NULL,2.022E+11,1 005 590,743 416,B01,1,1,4,1,1978,0,8,0,-1,-1,-1,-1,2.022E+11,3,7,0,NULL,3,5,0,1,0,0,1,NULL,-1,1,0,1,50,
2.022E+11,15,5,2022,11:40:00,1,92,92040,2,2,1,3,RESISTANCE (PLACE DE LA),"488,217,985,925","22,502,837,777",2.022E+11,743 416,B01,3,1,0,0,0,0,5,NULL,2.022E+11,1 005 591,743 417,A01,1,1,1,2,1977,9,1,0,-1,-1,-1,-1,2.022E+11,3,7,0,NULL,3,5,0,1,0,0,1,NULL,-1,1,0,1,50,
2.022E+11,26,9,2022,08:45:00,1,60,60360,2,4,1,6,Ruelle Niville,"493,268,700,000","24,663,980,000",2.022E+11,738 904,B01,0,1,0,2,8,0,5,NULL,2.022E+11,999 364,738 902,A01,1,1,1,1,1993,0,1,-1,-1,0,0,-1,2.022E+11,4,NULL,-1,NULL,1,2,0,1,-1,-1,1,NULL,4,1,9,1,30,
2.022E+11,26,9,2022,08:45:00,1,60,60360,2,4,1,6,Ruelle Niville,"493,268,700,000","24,663,980,000",2.022E+11,738 904,B01,0,1,0,2,8,0,5,NULL,2.022E+11,999 365,738 904,B01,1,1,4,1,2008,0,0,-1,-1,0,0,-1,2.022E+11,4,NULL,-1,NULL,1,2,0,1,-1,-1,1,NULL,4,1,9,1,30,
2.022E+11,3,4,2022,17:05:00,1,75,75117,2,3,1,3,BOULEVARD DES BATIGNOLLES,"488,827,860,000","23,232,410,000",2.022E+11,737 417,A01,1,1,0,2,0,1,5,NULL,2.022E+11,997 339,737 417,A01,1,1,4,1,2003,5,8,0,-1,0,0,-1,2.022E+11,4,BOULEVARD DES BATIGNOLLES,0,NULL,1,1,0,1,-1,-1,1,NULL,-1,1,0,1,30,
2.022E+11,3,4,2022,17:05:00,1,75,75117,2,3,1,3,BOULEVARD DES BATIGNOLLES,"488,827,860,000","23,232,410,000",2.022E+11,737 417,A01,1,1,0,2,0,1,5,NULL,2.022E+11,997 341,737 418,B01,1,1,1,1,1954,5,1,0,-1,0,0,-1,2.022E+11,4,BOULEVARD DES BATIGNOLLES,0,NULL,1,1,0,1,-1,-1,1,NULL,-1,1,0,1,30,
2.022E+11,11,1,2022,09:45:00,1,64,64260,2,2,1,3,Rue des Néfliers,"433,725,900,000","-17,710,900,000",2.022E+11,736 028,B01,1,1,0,2,7,1,5,NULL,2.022E+11,995 488,736 028,B01,1,1,4,1,1955,0,2,0,-1,0,0,-1,2.022E+11,4,NEFLIERS (RUE DES),0,NULL,2,2,0,1,0,0,1,NULL,-1,1,0,1,50,