Accident_Id,jour,mois,an,hrmn,lum,dep,com,agg,int,atm,col,adr,lat,long,Num_Acc,id_vehicule,num_veh,senc,catv,obs,obsm,choc,manv,motor,occutc,Num_Acc,id_usager,id_vehicule,num_veh,place,catu,grav,sexe,an_nais,trajet,secu1,secu2,secu3,locp,actp,etatp,Num_Acc,catr,voie,v1,v2,circ,nbv,vosp,prof,pr,pr1,plan,lartpc,larrout,surf,infra,situ,vma,
2.022E+11,11,1,2022,09:45:00,1,64,64260,2,2,1,3,Rue des Néfliers,"433,725,900,000","-17,710,900,000",2.022E+11,736 028,B01,1,1,0,2,7,1,5,NULL,2.022E+11,995 489,736 029,A01,1,1,1,2,1989,0,1,0,-1,-1,-1,-1,2.022E+11,4,NEFLIERS (RUE DES),0,NULL,2,2,0,1,0,0,1,NULL,-1,1,0,1,50,
2.022E+11,14,8,2022,02:30:00,5,67,67482,2,3,1,3,SCHIRMECK (ROUTE DE),"485,655,700,000","77,073,600,000",2.022E+11,734 886,B01,2,1,0,2,8,19,5,NULL,2.022E+11,993 934,734 886,B01,1,1,3,1,2005,5,8,0,-1,-1,-1,-1,2.022E+11,7,SCHIRMECK (ROUTE DE),0,NULL,2,3,1,1,53,900,1,NULL,-1,1,0,1,50,
2.022E+11,14,8,2022,02:30:00,5,67,67482,2,3,1,3,SCHIRMECK (ROUTE DE),"485,655,700,000","77,073,600,000",2.022E+11,734 886,B01,2,1,0,2,8,19,5,NULL,2.022E+11,993 941,734 890,A01,1,1,1,1,1998,0,1,8,-1,-1,-1,-1,2.022E+11,7,SCHIRMECK (ROUTE DE),0,NULL,2,3,1,1,53,900,1,NULL,-1,1,0,1,50,
2.022E+11,21,2,2022,20:00:00,5,75,75108,2,7,2,3,PLACE DE LA CONCORDE,"488,666,650,000","23,220,150,000",2.022E+11,734 475,A01,2,1,0,2,8,1,5,NULL,2.022E+11,993 412,734 472,B01,1,1,1,1,1974,9,2,6,-1,0,0,-1,2.022E+11,4,PLACE DE LA CONCORDE,0,NULL,1,0,0,1,-1,-1,1,NULL,-1,2,0,1,30,
2.022E+11,21,2,2022,20:00:00,5,75,75108,2,7,2,3,PLACE DE LA CONCORDE,"488,666,650,000","23,220,150,000",2.022E+11,734 475,A01,2,1,0,2,8,1,5,NULL,2.022E+11,993 416,734 475,A01,1,1,4,1,2004,5,8,0,-1,0,0,-1,2.022E+11,4,PLACE DE LA CONCORDE,0,NULL,1,0,0,1,-1,-1,1,NULL,-1,2,0,1,30,
2.022E+11,13,6,2022,11:35:00,1,74,74010,2,1,1,3,BROGNY (AVENUE DE) (SECTEUR 110),"459,061,000,000","61,261,300,000",2.022E+11,731 531,B01,1,1,0,2,0,1,5,NULL,2.022E+11,989 521,731 531,B01,1,1,3,2,1969,0,2,8,-1,-1,-1,-1,2.022E+11,4,BROGNY (AVENUE DE) (SECTEUR 110),0,NULL,2,3,0,1,-1,-1,1,NULL,-1,1,0,1,30,
2.022E+11,13,6,2022,11:35:00,1,74,74010,2,1,1,3,BROGNY (AVENUE DE) (SECTEUR 110),"459,061,000,000","61,261,300,000",2.022E+11,731 531,B01,1,1,0,2,0,1,5,NULL,2.022E+11,989 523,731 532,A01,1,1,1,2,1985,0,8,0,-1,-1,-1,-1,2.022E+11,4,BROGNY (AVENUE DE) (SECTEUR 110),0,NULL,2,3,0,1,-1,-1,1,NULL,-1,1,0,1,30,
2.022E+11,8,6,2022,18:45:00,1,13,13208,2,5,1,3,JULES CANTINI (AVENUE),"432,830,700,000","53,890,800,000",2.022E+11,727 961,B01,3,1,0,2,0,2,5,NULL,2.022E+11,984 816,727 961,B01,1,1,4,1,1975,1,8,0,-1,-1,-1,-1,2.022E+11,4,JULES CANTINI (AVENUE),0,NULL,1,2,0,1,0,0,1,NULL,-1,1,8,1,50,
2.022E+11,8,6,2022,18:45:00,1,13,13208,2,5,1,3,JULES CANTINI (AVENUE),"432,830,700,000","53,890,800,000",2.022E+11,727 961,B01,3,1,0,2,0,2,5,NULL,2.022E+11,984 824,727 966,A01,1,1,1,1,1998,5,8,0,-1,-1,-1,-1,2.022E+11,4,JULES CANTINI (AVENUE),0,NULL,1,2,0,1,0,0,1,NULL,-1,1,8,1,50,
2.022E+11,9,5,2022,19:05:00,5,974,97411,2,1,1,2,BOIS DE NEFLES (ROUTE DE),"-209,012,400,000","554,764,500,000",2.022E+11,726 202,B01,1,1,0,2,4,1,5,NULL,2.022E+11,982 531,726 201,A01,1,1,4,1,1968,0,8,0,-1,0,0,-1,2.022E+11,3,BOIS DE NEFLES (ROUTE DE),0,NULL,2,2,0,2,0,0,1,NULL,-1,1,0,1,50,
2.022E+11,9,5,2022,19:05:00,5,974,97411,2,1,1,2,BOIS DE NEFLES (ROUTE DE),"-209,012,400,000","554,764,500,000",2.022E+11,726 202,B01,1,1,0,2,4,1,5,NULL,2.022E+11,982 532,726 202,B01,1,1,4,1,1990,1,2,8,-1,0,0,-1,2.022E+11,3,BOIS DE NEFLES (ROUTE DE),0,NULL,2,2,0,2,0,0,1,NULL,-1,1,0,1,50,
2.022E+11,7,1,2022,09:04:00,1,10,10387,2,9,2,1,CHARMILLES (MAIL DES),"482,966,000,000","40,860,000,000",2.022E+11,725 927,B01,3,1,0,2,7,13,5,NULL,2.022E+11,982 148,725 926,A01,1,1,1,1,1949,9,1,0,0,0,0,-1,2.022E+11,4,CHARMILLES (MAIL DES),0,NULL,1,2,0,1,-1,-1,1,NULL,-1,2,0,1,50,
2.022E+11,7,1,2022,09:04:00,1,10,10387,2,9,2,1,CHARMILLES (MAIL DES),"482,966,000,000","40,860,000,000",2.022E+11,725 927,B01,3,1,0,2,7,13,5,NULL,2.022E+11,982 149,725 927,B01,1,1,4,2,1969,0,1,0,-1,-1,-1,-1,2.022E+11,4,CHARMILLES (MAIL DES),0,NULL,1,2,0,1,-1,-1,1,NULL,-1,2,0,1,50,
2.022E+11,7,6,2022,20:35:00,1,91,91692,2,6,1,3,MORVAN (RUE DU),"486,824,230,000","21,695,340,000",2.022E+11,725 020,B01,1,1,1,0,8,0,5,NULL,2.022E+11,980 983,725 020,B01,1,1,3,1,1950,5,8,0,-1,-1,-1,-1,2.022E+11,4,MORVAN (RUE DU),0,NULL,1,1,0,1,0,0,2,NULL,-1,1,5,1,50,
2.022E+11,7,6,2022,20:35:00,1,91,91692,2,6,1,3,MORVAN (RUE DU),"486,824,230,000","21,695,340,000",2.022E+11,725 020,B01,1,1,1,0,8,0,5,NULL,2.022E+11,981 002,725 034,A01,1,1,4,2,1986,0,1,8,-1,-1,-1,-1,2.022E+11,4,MORVAN (RUE DU),0,NULL,1,1,0,1,0,0,2,NULL,-1,1,5,1,50,
2.022E+11,10,7,2022,09:50:00,1,68,68253,2,6,1,3,Rue du Général de Gaulle,"477,830,800,000","75,025,030,000",2.022E+11,723 567,B01,1,1,0,0,2,1,5,NULL,2.022E+11,979 021,723 567,B01,1,1,3,1,1945,5,2,-1,-1,0,0,-1,2.022E+11,3,468,-1,NULL,2,2,0,1,17,200,3,NULL,-1,1,0,1,-1,
2.022E+11,10,7,2022,09:50:00,1,68,68253,2,6,1,3,Rue du Général de Gaulle,"477,830,800,000","75,025,030,000",2.022E+11,723 567,B01,1,1,0,0,2,1,5,NULL,2.022E+11,979 033,723 576,A01,1,1,1,2,1961,5,1,-1,-1,0,0,-1,2.022E+11,3,468,-1,NULL,2,2,0,1,17,200,3,NULL,-1,1,0,1,-1,
2.022E+11,5,1,2022,17:45:00,2,67,67482,2,3,1,3,PORTE DE L HOPITAL (RUE DE LA),"485,757,800,000","77,504,600,000",2.022E+11,723 029,B01,2,1,0,2,1,1,5,NULL,2.022E+11,978 322,723 024,A01,1,1,1,1,1962,1,1,8,-1,-1,-1,-1,2.022E+11,4,PORTE DE L HOPITAL (RUE DE LA),0,NULL,3,4,1,1,-1,-1,3,NULL,-1,1,0,1,30,
2.022E+11,5,1,2022,17:45:00,2,67,67482,2,3,1,3,PORTE DE L HOPITAL (RUE DE LA),"485,757,800,000","77,504,600,000",2.022E+11,723 029,B01,2,1,0,2,1,1,5,NULL,2.022E+11,978 327,723 029,B01,1,1,4,1,1995,1,8,0,-1,-1,-1,-1,2.022E+11,4,PORTE DE L HOPITAL (RUE DE LA),0,NULL,3,4,1,1,-1,-1,3,NULL,-1,1,0,1,30,
2.022E+11,14,10,2022,19:15:00,2,67,67482,2,1,1,3,POLYGONE (ROUTE DU),"485,657,100,000","77,592,200,000",2.022E+11,718 384,A01,1,1,0,2,1,1,5,NULL,2.022E+11,971 956,718 382,B01,1,1,4,1,1948,0,0,-1,-1,-1,-1,-1,2.022E+11,4,POLYGONE (ROUTE DU),0,NULL,2,3,0,1,-1,-1,1,NULL,-1,1,0,1,30,
2.022E+11,14,10,2022,19:15:00,2,67,67482,2,1,1,3,POLYGONE (ROUTE DU),"485,657,100,000","77,592,200,000",2.022E+11,718 384,A01,1,1,0,2,1,1,5,NULL,2.022E+11,971 959,718 384,A01,1,1,1,1,1940,0,1,8,-1,-1,-1,-1,2.022E+11,4,POLYGONE (ROUTE DU),0,NULL,2,3,0,1,-1,-1,1,NULL,-1,1,0,1,30,
2.022E+11,20,10,2022,11:55:00,1,71,71153,2,1,1,3,CHANZY (RUE DE),"467,968,700,000","44,413,800,000",2.022E+11,716 482,B01,3,1,0,2,8,15,5,NULL,2.022E+11,969 355,716 482,B01,1,1,4,1,1976,4,2,0,-1,-1,-1,-1,2.022E+11,4,CHANZY (RUE DE),0,NULL,2,2,0,1,-1,-1,1,NULL,-1,1,0,1,50,
2.022E+11,20,10,2022,11:55:00,1,71,71153,2,1,1,3,CHANZY (RUE DE),"467,968,700,000","44,413,800,000",2.022E+11,716 482,B01,3,1,0,2,8,15,5,NULL,2.022E+11,969 365,716 489,A01,1,1,1,1,1967,4,1,0,-1,-1,-1,-1,2.022E+11,4,CHANZY (RUE DE),0,NULL,2,2,0,1,-1,-1,1,NULL,-1,1,0,1,50,
2.022E+11,4,11,2022,07:50:00,1,25,25453,2,2,2,3,39 grande rue,"472,184,420,000","65,428,780,000",2.022E+11,747 242,B01,1,1,0,2,7,1,5,NULL,2.022E+11,1 010 701,747 242,B01,1,1,4,1,2004,0,0,-1,-1,0,0,-1,2.022E+11,3,31,0,D,2,2,0,1,14,0,1,NULL,-1,2,0,1,50,
2.022E+11,4,11,2022,07:50:00,1,25,25453,2,2,2,3,39 grande rue,"472,184,420,000","65,428,780,000",2.022E+11,747 242,B01,1,1,0,2,7,1,5,NULL,2.022E+11,1 010 702,747 243,A01,1,1,1,2,1999,5,1,-1,-1,0,0,-1,2.022E+11,3,31,0,D,2,2,0,1,14,0,1,NULL,-1,2,0,1,50,
2.022E+11,5,9,2022,08:50:00,1,64,64024,2,1,1,3,BELIN (RUE DU BOIS),"434,932,000,000","-15,250,600,000",2.022E+11,745 392,B01,2,1,0,2,3,1,5,NULL,2.022E+11,1 008 225,745 392,B01,1,1,4,1,1958,0,2,0,-1,-1,-1,-1,2.022E+11,4,BELIN (RUE DU BOIS),0,NULL,2,2,0,1,0,0,1,NULL,-1,1,0,1,50,
2.022E+11,5,9,2022,08:50:00,1,64,64024,2,1,1,3,BELIN (RUE DU BOIS),"434,932,000,000","-15,250,600,000",2.022E+11,745 392,B01,2,1,0,2,3,1,5,NULL,2.022E+11,1 008 226,745 393,A01,1,1,1,2,1980,1,1,0,-1,-1,-1,-1,2.022E+11,4,BELIN (RUE DU BOIS),0,NULL,2,2,0,1,0,0,1,NULL,-1,1,0,1,50,
2.022E+11,14,7,2022,19:10:00,1,75,75120,2,1,1,3,AVENUE GAMBETTA,"488,634,540,000","23,898,020,000",2.022E+11,745 322,Z01,2,1,0,0,2,14,5,NULL,2.022E+11,1 008 128,745 322,Z01,1,1,1,1,NULL,9,8,0,-1,-1,-1,-1,2.022E+11,4,AVENUE GAMBETTA,0,NULL,1,1,1,2,-1,-1,1,NULL,-1,1,0,1,30,
2.022E+11,14,7,2022,19:10:00,1,75,75120,2,1,1,3,AVENUE GAMBETTA,"488,634,540,000","23,898,020,000",2.022E+11,745 323,A01,2,1,0,2,1,1,5,NULL,2.022E+11,1 008 128,745 322,Z01,1,1,1,1,NULL,9,8,0,-1,-1,-1,-1,2.022E+11,4,AVENUE GAMBETTA,0,NULL,1,1,1,2,-1,-1,1,NULL,-1,1,0,1,30,
2.022E+11,14,7,2022,19:10:00,1,75,75120,2,1,1,3,AVENUE GAMBETTA,"488,634,540,000","23,898,020,000",2.022E+11,745 322,Z01,2,1,0,0,2,14,5,NULL,2.022E+11,1 008 129,745 323,A01,1,1,4,2,2003,5,0,0,-1,0,0,-1,2.022E+11,4,AVENUE GAMBETTA,0,NULL,1,1,1,2,-1,-1,1,NULL,-1,1,0,1,30,
2.022E+11,14,7,2022,19:10:00,1,75,75120,2,1,1,3,AVENUE GAMBETTA,"488,634,540,000","23,898,020,000",2.022E+11,745 323,A01,2,1,0,2,1,1,5,NULL,2.022E+11,1 008 129,745 323,A01,1,1,4,2,2003,5,0,0,-1,0,0,-1,2.022E+11,4,AVENUE GAMBETTA,0,NULL,1,1,1,2,-1,-1,1,NULL,-1,1,0,1,30,
2.022E+11,22,8,2022,11:50:00,1,65,65468,1,1,1,7,D228,"432,522,470,000","0,4531280000",2.022E+11,741 841,A01,1,1,0,0,1,1,5,NULL,2.022E+11,1 003 444,741 841,A01,1,1,3,2,2009,5,2,-1,-1,0,0,-1,2.022E+11,3,226,-1,NULL,2,2,0,4,1,740,1,NULL,-1,1,0,1,80,
2.022E+11,12,6,2022,09:15:00,1,91,91552,2,9,1,3,RUE SALVADOR ALLENDE,"485,929,200,000","22,615,880,000",2.022E+11,737 935,B01,3,1,0,2,1,2,5,NULL,2.022E+11,998 053,737 932,A01,1,1,1,1,1950,5,1,0,-1,-1,-1,-1,2.022E+11,3,RUE SALVADOR ALLENDE,0,NULL,-1,2,1,1,0,0,3,NULL,-1,1,0,1,30,
2.022E+11,12,6,2022,09:15:00,1,91,91552,2,9,1,3,RUE SALVADOR ALLENDE,"485,929,200,000","22,615,880,000",2.022E+11,737 935,B01,3,1,0,2,1,2,5,NULL,2.022E+11,998 057,737 935,B01,2,1,4,1,1955,5,2,0,-1,-1,-1,-1,2.022E+11,3,RUE SALVADOR ALLENDE,0,NULL,-1,2,1,1,0,0,3,NULL,-1,1,0,1,30,
2.022E+11,12,1,2022,14:05:00,1,75,75116,2,2,1,3,RUE DU RANELAGH,"488,537,150,000","22,774,130,000",2.022E+11,736 101,B01,2,1,0,2,1,1,5,NULL,2.022E+11,995 584,736 100,A01,1,1,1,2,1962,9,1,0,-1,0,0,-1,2.022E+11,4,RUE DU RANELAGH,0,NULL,1,2,0,2,-1,-1,1,NULL,-1,1,0,1,30,
2.022E+11,12,1,2022,14:05:00,1,75,75116,2,2,1,3,RUE DU RANELAGH,"488,537,150,000","22,774,130,000",2.022E+11,736 101,B01,2,1,0,2,1,1,5,NULL,2.022E+11,995 585,736 101,B01,1,1,4,2,2001,9,2,0,-1,0,0,-1,2.022E+11,4,RUE DU RANELAGH,0,NULL,1,2,0,2,-1,-1,1,NULL,-1,1,0,1,30,
2.022E+11,20,2,2022,10:00:00,1,93,93051,2,1,1,3,DEUX PONTS (QUAI),"488,532,300,000","25,327,200,000",2.022E+11,733 525,A01,3,1,0,2,2,1,5,NULL,2.022E+11,992 105,733 525,A01,1,1,4,1,1973,5,2,6,-1,-1,-1,-1,2.022E+11,4,DEUX PONTS (QUAI),0,NULL,2,1,1,1,0,0,1,NULL,-1,1,0,5,50,
2.022E+11,20,2,2022,10:00:00,1,93,93051,2,1,1,3,DEUX PONTS (QUAI),"488,532,300,000","25,327,200,000",2.022E+11,733 525,A01,3,1,0,2,2,1,5,NULL,2.022E+11,992 107,733 527,B01,1,1,1,1,1987,5,8,0,-1,-1,-1,-1,2.022E+11,4,DEUX PONTS (QUAI),0,NULL,2,1,1,1,0,0,1,NULL,-1,1,0,5,50,
2.022E+11,10,5,2022,18:25:00,1,67,67482,2,3,1,3,RACINE (AVENUE),"485,989,000,000","76,948,000,000",2.022E+11,733 031,A01,1,1,0,2,3,19,5,NULL,2.022E+11,991 494,733 031,A01,1,1,4,1,1984,5,8,8,-1,-1,-1,-1,2.022E+11,4,RACINE (AVENUE),0,NULL,2,2,1,1,-1,-1,1,NULL,-1,1,0,5,50,
2.022E+11,10,5,2022,18:25:00,1,67,67482,2,3,1,3,RACINE (AVENUE),"485,989,000,000","76,948,000,000",2.022E+11,733 031,A01,1,1,0,2,3,19,5,NULL,2.022E+11,991 495,733 032,B01,1,1,1,1,1987,0,1,8,-1,-1,-1,-1,2.022E+11,4,RACINE (AVENUE),0,NULL,2,2,1,1,-1,-1,1,NULL,-1,1,0,5,50,
2.022E+11,1,12,2022,02:13:00,5,75,75110,2,5,1,3,BOULEVARD DE MAGENTA,"488,804,960,000","23,523,040,000",2.022E+11,731 610,B01,2,1,0,2,3,1,5,NULL,2.022E+11,989 610,731 607,A01,1,1,1,1,1998,5,1,0,-1,0,0,-1,2.022E+11,4,BOULEVARD DE MAGENTA,0,NULL,3,6,1,2,-1,-1,1,NULL,-1,1,0,5,30,
2.022E+11,1,12,2022,02:13:00,5,75,75110,2,5,1,3,BOULEVARD DE MAGENTA,"488,804,960,000","23,523,040,000",2.022E+11,731 610,B01,2,1,0,2,3,1,5,NULL,2.022E+11,989 613,731 610,B01,1,1,4,1,1990,5,8,0,-1,0,0,-1,2.022E+11,4,BOULEVARD DE MAGENTA,0,NULL,3,6,1,2,-1,-1,1,NULL,-1,1,0,5,30,
2.022E+11,26,10,2022,09:40:00,1,75,75111,2,2,1,3,RUE LEON FROT,"488,551,130,000","23,871,360,000",2.022E+11,730 018,A01,2,1,0,2,8,1,5,NULL,2.022E+11,987 516,730 018,A01,1,1,4,2,1996,9,8,0,-1,0,0,-1,2.022E+11,4,RUE LEON FROT,0,NULL,1,1,0,1,-1,-1,1,NULL,-1,1,0,1,30,
2.022E+11,26,10,2022,09:40:00,1,75,75111,2,2,1,3,RUE LEON FROT,"488,551,130,000","23,871,360,000",2.022E+11,730 018,A01,2,1,0,2,8,1,5,NULL,2.022E+11,987 519,730 019,B01,1,1,1,1,1994,1,2,6,-1,0,0,-1,2.022E+11,4,RUE LEON FROT,0,NULL,1,1,0,1,-1,-1,1,NULL,-1,1,0,1,30,
2.022E+11,25,10,2022,18:00:00,1,974,97407,2,1,1,6,JACQUES DUCLOS (RUE) - RIVIERE DES GAL  ,"-209,409,500,000","552,947,400,000",2.022E+11,727 685,B01,0,1,1,2,1,2,5,NULL,2.022E+11,984 443,727 682,A01,1,1,1,1,1959,5,8,0,-1,0,0,-1,2.022E+11,4,JACQUES DUCLOS (RUE) - RIVIERE DES GAL  ,0,NULL,2,2,0,1,0,0,1,NULL,-1,1,0,1,50,
2.022E+11,25,10,2022,18:00:00,1,974,97407,2,1,1,6,JACQUES DUCLOS (RUE) - RIVIERE DES GAL  ,"-209,409,500,000","552,947,400,000",2.022E+11,727 685,B01,0,1,1,2,1,2,5,NULL,2.022E+11,984 447,727 685,B01,1,1,4,1,2002,5,8,0,-1,0,0,-1,2.022E+11,4,JACQUES DUCLOS (RUE) - RIVIERE DES GAL  ,0,NULL,2,2,0,1,0,0,1,NULL,-1,1,0,1,50,
2.022E+11,5,1,2022,17:25:00,2,92,92063,2,3,1,3,DIX-HUIT JUIN 1940 (AVENUE DU) EST,"488,673,315,673","21,982,285,380",2.022E+11,725 875,B01,1,1,0,2,4,1,5,NULL,2.022E+11,982 070,725 874,A01,1,1,1,1,1981,0,1,8,-1,-1,-1,-1,2.022E+11,3,39,0,NULL,2,3,0,2,0,0,1,NULL,-1,1,0,1,50,
2.022E+11,5,1,2022,17:25:00,2,92,92063,2,3,1,3,DIX-HUIT JUIN 1940 (AVENUE DU) EST,"488,673,315,673","21,982,285,380",2.022E+11,725 875,B01,1,1,0,2,4,1,5,NULL,2.022E+11,982 071,725 875,B01,1,1,4,1,2005,0,8,0,-1,-1,-1,-1,2.022E+11,3,39,0,NULL,2,3,0,2,0,0,1,NULL,-1,1,0,1,50,
2.022E+11,22,10,2022,20:40:00,5,33,33075,2,1,1,3,Boulevard Jacques Chaban-Delmas,"448,771,600,000"," -0,5780200000",2.022E+11,719 855,B01,1,1,0,2,8,1,5,NULL,2.022E+11,974 000,719 845,A01,5,2,1,2,2001,5,1,-1,-1,0,0,-1,2.022E+11,4,AVE J. CHABAN DELMAS,0,NULL,-1,2,1,1,-1,-1,1,NULL,-1,1,0,1,50,
2.022E+11,22,10,2022,20:40:00,5,33,33075,2,1,1,3,Boulevard Jacques Chaban-Delmas,"448,771,600,000"," -0,5780200000",2.022E+11,719 855,B01,1,1,0,2,8,1,5,NULL,2.022E+11,974 005,719 845,A01,1,1,1,1,2001,0,1,-1,-1,0,0,-1,2.022E+11,4,AVE J. CHABAN DELMAS,0,NULL,-1,2,1,1,-1,-1,1,NULL,-1,1,0,1,50,
2.022E+11,22,10,2022,20:40:00,5,33,33075,2,1,1,3,Boulevard Jacques Chaban-Delmas,"448,771,600,000"," -0,5780200000",2.022E+11,719 855,B01,1,1,0,2,8,1,5,NULL,2.022E+11,974 008,719 845,A01,4,2,1,2,2000,5,1,-1,-1,-1,-1,-1,2.022E+11,4,AVE J. CHABAN DELMAS,0,NULL,-1,2,1,1,-1,-1,1,NULL,-1,1,0,1,50,
2.022E+11,22,10,2022,20:40:00,5,33,33075,2,1,1,3,Boulevard Jacques Chaban-Delmas,"448,771,600,000"," -0,5780200000",2.022E+11,719 855,B01,1,1,0,2,8,1,5,NULL,2.022E+11,974 015,719 855,B01,1,1,3,1,1996,5,0,-1,-1,-1,-1,-1,2.022E+11,4,AVE J. CHABAN DELMAS,0,NULL,-1,2,1,1,-1,-1,1,NULL,-1,1,0,1,50,
2.022E+11,6,5,2022,18:46:00,1,92,92007,2,1,1,2,PASTEUR (AVENUE LOUIS) AUTRES NUMEROS,"488,023,992,259","23,189,453,781",2.022E+11,718 521,B01,3,1,0,0,0,0,5,NULL,2.022E+11,972 160,718 517,A01,1,1,1,1,1955,5,8,0,-1,-1,-1,-1,2.022E+11,3,77,0,NULL,-1,2,0,1,0,0,1,NULL,-1,1,0,1,50,
2.022E+11,6,5,2022,18:46:00,1,92,92007,2,1,1,2,PASTEUR (AVENUE LOUIS) AUTRES NUMEROS,"488,023,992,259","23,189,453,781",2.022E+11,718 521,B01,3,1,0,0,0,0,5,NULL,2.022E+11,972 162,718 521,B01,1,1,3,1,1948,5,8,0,-1,-1,-1,-1,2.022E+11,3,77,0,NULL,-1,2,0,1,0,0,1,NULL,-1,1,0,1,50,
2.022E+11,28,4,2022,18:00:00,1,74,74049,1,9,1,1,D186,"460,543,809,526","64,515,593,283",2.022E+11,716 886,B01,2,1,0,2,1,1,5,NULL,2.022E+11,969 888,716 882,A01,1,1,1,1,1992,1,1,-1,-1,0,0,-1,2.022E+11,3,186,0,D,2,2,0,2,5,260,3,NULL,-1,1,0,1,80,
2.022E+11,28,4,2022,18:00:00,1,74,74049,1,9,1,1,D186,"460,543,809,526","64,515,593,283",2.022E+11,716 886,B01,2,1,0,2,1,1,5,NULL,2.022E+11,969 896,716 886,B01,1,1,3,1,1990,0,0,-1,-1,0,0,-1,2.022E+11,3,186,0,D,2,2,0,2,5,260,3,NULL,-1,1,0,1,80,
2.022E+11,13,2,2022,10:22:00,1,6,6128,1,3,1,3,Chemin des Blaquieres,"436,843,760,000","71,293,650,000",2.022E+11,716 668,B01,3,1,0,2,1,1,5,NULL,2.022E+11,969 610,716 668,B01,1,1,4,1,1962,5,2,-1,-1,0,0,-1,2.022E+11,3,336,0,M,2,2,0,2,4,98,1,NULL,-1,1,0,1,70,
2.022E+11,13,2,2022,10:22:00,1,6,6128,1,3,1,3,Chemin des Blaquieres,"436,843,760,000","71,293,650,000",2.022E+11,716 668,B01,3,1,0,2,1,1,5,NULL,2.022E+11,969 617,716 672,A01,1,1,1,1,1946,5,1,-1,-1,0,0,-1,2.022E+11,3,336,0,M,2,2,0,2,4,98,1,NULL,-1,1,0,1,70,
2.022E+11,17,9,2022,11:20:00,1,92,92048,2,1,1,7,VAUGIRARD (ROUTE DE),"488,210,172,309","22,353,591,621",2.022E+11,809 470,A01,1,1,0,0,0,25,5,NULL,2.022E+11,1 093 725,809 470,A01,1,1,4,1,1985,5,2,8,-1,-1,-1,-1,2.022E+11,3,7,0,NULL,2,0,1,1,0,0,1,NULL,-1,1,0,5,25,
2.022E+11,22,3,2022,07:30:00,1,75,75105,2,5,1,3,AVENUE DES GOBELINS,"488,384,715,071","23,507,671,058",2.022E+11,807 314,B01,2,1,0,2,8,1,5,NULL,2.022E+11,1 090 841,807 314,B01,1,1,3,2,1978,1,2,0,-1,0,0,-1,2.022E+11,4,AVENUE DES GOBELINS,0,NULL,2,4,1,1,-1,-1,1,NULL,-1,1,-1,5,30,
2.022E+11,22,3,2022,07:30:00,1,75,75105,2,5,1,3,AVENUE DES GOBELINS,"488,384,715,071","23,507,671,058",2.022E+11,807 314,B01,2,1,0,2,8,1,5,NULL,2.022E+11,1 090 847,807 317,A01,1,1,1,1,2002,4,1,0,-1,-1,-1,-1,2.022E+11,4,AVENUE DES GOBELINS,0,NULL,2,4,1,1,-1,-1,1,NULL,-1,1,-1,5,30,
2.022E+11,3,7,2022,11:30:00,1,60,60138,2,2,1,3,Rue des Otages,"492,201,930,000","26,111,630,000",2.022E+11,805 726,B01,3,1,0,2,1,26,5,NULL,2.022E+11,1 088 713,805 726,B01,1,1,3,1,1977,5,2,-1,-1,0,0,-1,2.022E+11,4,NULL,-1,NULL,2,2,0,1,-1,-1,1,NULL,5,1,0,1,50,
2.022E+11,3,7,2022,11:30:00,1,60,60138,2,2,1,3,Rue des Otages,"492,201,930,000","26,111,630,000",2.022E+11,805 726,B01,3,1,0,2,1,26,5,NULL,2.022E+11,1 088 714,805 727,A01,1,1,1,2,1990,3,1,-1,-1,0,0,-1,2.022E+11,4,NULL,-1,NULL,2,2,0,1,-1,-1,1,NULL,5,1,0,1,50,
2.022E+11,24,11,2022,09:15:00,1,83,83035,1,6,1,3,D2,"432,570,030,000","57,509,060,000",2.022E+11,804 975,B01,1,1,0,2,7,1,5,NULL,2.022E+11,1 087 697,804 975,B01,1,1,3,1,1973,5,2,-1,-1,0,0,-1,2.022E+11,3,N8,-1,NULL,2,2,0,1,19,979,3,NULL,-1,1,5,1,50,
2.022E+11,24,11,2022,09:15:00,1,83,83035,1,6,1,3,D2,"432,570,030,000","57,509,060,000",2.022E+11,804 975,B01,1,1,0,2,7,1,5,NULL,2.022E+11,1 087 698,804 976,A01,1,1,1,2,1983,1,1,-1,-1,0,0,-1,2.022E+11,3,N8,-1,NULL,2,2,0,1,19,979,3,NULL,-1,1,5,1,50,
2.022E+11,15,10,2022,16:08:00,1,69,69383,2,2,1,3,Cours Gambetta,"457,539,700,000","48,468,400,000",2.022E+11,802 726,Y01,1,1,0,2,8,1,5,NULL,2.022E+11,1 084 717,802 723,A01,1,1,1,1,1991,0,1,-1,-1,-1,-1,-1,2.022E+11,4,GAMBETTA                            (CO),0,NULL,2,2,3,1,-1,-1,1,NULL,-1,1,0,1,50,
2.022E+11,15,10,2022,16:08:00,1,69,69383,2,2,1,3,Cours Gambetta,"457,539,700,000","48,468,400,000",2.022E+11,802 726,Y01,1,1,0,2,8,1,5,NULL,2.022E+11,1 084 721,802 726,Y01,1,1,3,1,1961,0,8,-1,-1,0,0,-1,2.022E+11,4,GAMBETTA                            (CO),0,NULL,2,2,3,1,-1,-1,1,NULL,-1,1,0,1,50,
2.022E+11,3,8,2022,12:30:00,1,33,33529,1,1,1,7,CAZAUX (BD DE),"445,977,500,000","-11,300,500,000",2.022E+11,801 563,A01,1,1,16,0,9,1,5,NULL,2.022E+11,1 083 182,801 563,A01,1,1,4,1,1971,0,0,-1,-1,-1,-1,-1,2.022E+11,3,CAZAUX (BD DE),0,NULL,2,2,1,1,4,200,1,NULL,-1,1,0,5,80,