Accident_Id,jour,mois,an,hrmn,lum,dep,com,agg,int,atm,col,adr,lat,long,Num_Acc,id_vehicule,num_veh,senc,catv,obs,obsm,choc,manv,motor,occutc,Num_Acc,id_usager,id_vehicule,num_veh,place,catu,grav,sexe,an_nais,trajet,secu1,secu2,secu3,locp,actp,etatp,Num_Acc,catr,voie,v1,v2,circ,nbv,vosp,prof,pr,pr1,plan,lartpc,larrout,surf,infra,situ,vma,
2.022E+11,22,11,2022,17:55:00,5,75,75102,2,5,1,2,RUE DU QUATRE SEPTEMBRE,"488,689,120,000","23,400,810,000",2.022E+11,801 453,A01,2,1,0,2,8,2,5,NULL,2.022E+11,1 083 041,801 451,B01,1,1,1,1,1979,4,1,8,-1,0,0,-1,2.022E+11,4,RUE DU QUATRE SEPTEMBRE,0,NULL,1,3,0,1,-1,-1,1,NULL,-1,1,0,1,30,
2.022E+11,22,11,2022,17:55:00,5,75,75102,2,5,1,2,RUE DU QUATRE SEPTEMBRE,"488,689,120,000","23,400,810,000",2.022E+11,801 453,A01,2,1,0,2,8,2,5,NULL,2.022E+11,1 083 044,801 453,A01,1,1,4,1,2000,4,0,0,-1,0,0,-1,2.022E+11,4,RUE DU QUATRE SEPTEMBRE,0,NULL,1,3,0,1,-1,-1,1,NULL,-1,1,0,1,30,
2.022E+11,27,4,2022,23:18:00,5,75,75113,2,1,1,3,AVENUE DE CHOISY,"488,269,650,000","23,593,280,000",2.022E+11,797 612,B01,2,1,0,2,1,1,5,NULL,2.022E+11,1 078 030,797 612,B01,1,1,4,1,1992,5,2,0,-1,0,0,-1,2.022E+11,4,AVENUE DE CHOISY,0,NULL,2,3,0,1,-1,-1,1,NULL,-1,1,0,1,30,
2.022E+11,27,4,2022,23:18:00,5,75,75113,2,1,1,3,AVENUE DE CHOISY,"488,269,650,000","23,593,280,000",2.022E+11,797 612,B01,2,1,0,2,1,1,5,NULL,2.022E+11,1 078 032,797 614,A01,1,1,1,1,1996,5,1,0,-1,0,0,-1,2.022E+11,4,AVENUE DE CHOISY,0,NULL,2,3,0,1,-1,-1,1,NULL,-1,1,0,1,30,
2.022E+11,8,10,2022,10:34:00,1,14,14118,2,9,1,3,Rue d’Authie,"491,895,170,000"," -0,3955150000",2.022E+11,796 287,B01,3,1,0,2,1,1,5,NULL,2.022E+11,1 076 242,796 286,A01,1,1,1,1,1955,5,1,-1,-1,0,0,-1,2.022E+11,4,AUTHIE (N°106 PAIRS - 115 IMPAIRS),0,NULL,-1,2,0,1,-1,-1,1,NULL,-1,1,5,1,50,
2.022E+11,8,10,2022,10:34:00,1,14,14118,2,9,1,3,Rue d’Authie,"491,895,170,000"," -0,3955150000",2.022E+11,796 287,B01,3,1,0,2,1,1,5,NULL,2.022E+11,1 076 243,796 287,B01,1,1,4,1,1962,5,8,-1,-1,0,0,-1,2.022E+11,4,AUTHIE (N°106 PAIRS - 115 IMPAIRS),0,NULL,-1,2,0,1,-1,-1,1,NULL,-1,1,5,1,50,
2.022E+11,19,11,2022,12:55:00,1,974,97407,2,1,1,3,20 DECEMBRE 1948(AVENUE DU),"-209,368,600,000","553,004,600,000",2.022E+11,794 757,B01,3,1,0,0,0,0,5,NULL,2.022E+11,1 074 221,794 757,B01,1,1,3,1,2014,5,8,8,-1,0,0,-1,2.022E+11,4,20 DECEMBRE 1948(AVENUE DU),0,NULL,2,2,0,1,0,0,1,NULL,-1,1,0,1,30,
2.022E+11,19,11,2022,12:55:00,1,974,97407,2,1,1,3,20 DECEMBRE 1948(AVENUE DU),"-209,368,600,000","553,004,600,000",2.022E+11,794 757,B01,3,1,0,0,0,0,5,NULL,2.022E+11,1 074 223,794 758,A01,1,1,1,1,1997,0,1,0,-1,0,0,-1,2.022E+11,4,20 DECEMBRE 1948(AVENUE DU),0,NULL,2,2,0,1,0,0,1,NULL,-1,1,0,1,30,
2.022E+11,30,5,2022,17:00:00,1,37,37214,2,6,1,3,BORDIERS (RUE DES),"474,189,991,871","0,6737011671",2.022E+11,794 474,B01,1,1,0,2,7,1,5,NULL,2.022E+11,1 073 850,794 474,B01,1,1,4,1,1966,1,2,0,-1,-1,-1,-1,2.022E+11,4,BORDIERS (RUE DES),0,NULL,2,2,0,1,-1,-1,1,NULL,-1,1,0,1,50,
2.022E+11,30,5,2022,17:00:00,1,37,37214,2,6,1,3,BORDIERS (RUE DES),"474,189,991,871","0,6737011671",2.022E+11,794 474,B01,1,1,0,2,7,1,5,NULL,2.022E+11,1 073 853,794 477,A01,1,1,1,1,1970,1,1,0,-1,-1,-1,-1,2.022E+11,4,BORDIERS (RUE DES),0,NULL,2,2,0,1,-1,-1,1,NULL,-1,1,0,1,50,
2.022E+11,31,5,2022,15:10:00,1,57,57474,2,1,1,3,Rue de Boussange,"492,598,860,000","61,582,660,000",2.022E+11,791 283,B01,2,1,0,2,6,2,5,NULL,2.022E+11,1 069 595,791 283,B01,1,1,3,2,1957,5,0,-1,-1,0,0,-1,2.022E+11,3,8,-1,NULL,2,2,0,1,4,850,1,NULL,-1,1,0,1,30,
2.022E+11,31,5,2022,15:10:00,1,57,57474,2,1,1,3,Rue de Boussange,"492,598,860,000","61,582,660,000",2.022E+11,791 283,B01,2,1,0,2,6,2,5,NULL,2.022E+11,1 069 596,791 284,A01,1,1,1,1,1969,4,6,4,2,0,0,-1,2.022E+11,3,8,-1,NULL,2,2,0,1,4,850,1,NULL,-1,1,0,1,30,
2.022E+11,15,3,2022,04:05:00,5,72,72181,2,2,2,3,NATIONALE (RUE),"479,991,500,433","0,1995420454",2.022E+11,790 207,A01,3,1,0,2,1,1,5,NULL,2.022E+11,1 068 146,790 205,B01,1,1,1,1,1980,4,1,8,-1,0,0,-1,2.022E+11,4,NATIONALE (RUE),0,NULL,-1,2,0,1,0,0,1,NULL,-1,2,0,1,30,
2.022E+11,15,3,2022,04:05:00,5,72,72181,2,2,2,3,NATIONALE (RUE),"479,991,500,433","0,1995420454",2.022E+11,790 207,A01,3,1,0,2,1,1,5,NULL,2.022E+11,1 068 147,790 205,B01,4,2,1,1,1996,4,1,8,-1,0,0,-1,2.022E+11,4,NATIONALE (RUE),0,NULL,-1,2,0,1,0,0,1,NULL,-1,2,0,1,30,
2.022E+11,15,3,2022,04:05:00,5,72,72181,2,2,2,3,NATIONALE (RUE),"479,991,500,433","0,1995420454",2.022E+11,790 207,A01,3,1,0,2,1,1,5,NULL,2.022E+11,1 068 148,790 205,B01,2,2,1,1,1976,4,1,8,-1,0,0,-1,2.022E+11,4,NATIONALE (RUE),0,NULL,-1,2,0,1,0,0,1,NULL,-1,2,0,1,30,
2.022E+11,15,3,2022,04:05:00,5,72,72181,2,2,2,3,NATIONALE (RUE),"479,991,500,433","0,1995420454",2.022E+11,790 207,A01,3,1,0,2,1,1,5,NULL,2.022E+11,1 068 150,790 207,A01,1,1,4,1,1999,9,8,0,-1,0,0,-1,2.022E+11,4,NATIONALE (RUE),0,NULL,-1,2,0,1,0,0,1,NULL,-1,2,0,1,30,
2.022E+11,27,5,2022,15:00:00,1,37,37189,1,1,1,6,D104,"468,381,706,454","0,9224116802",2.022E+11,784 308,A01,2,1,0,0,2,1,5,NULL,2.022E+11,1 060 237,784 308,A01,1,1,4,2,1949,5,2,-1,-1,0,0,-1,2.022E+11,3,104,-1,NULL,2,2,0,1,14,3,1,NULL,-1,1,0,1,80,
2.022E+11,29,7,2022,10:20:00,1,82,82019,1,1,1,2,Route des deux mers,"440,948,820,000","10,527,240,000",2.022E+11,784 133,B01,1,1,0,2,4,2,5,NULL,2.022E+11,1 059 980,784 131,A01,1,1,1,1,1988,5,0,-1,-1,0,0,-1,2.022E+11,3,813,0,D,2,2,0,1,38,102,1,NULL,-1,1,0,1,80,
2.022E+11,29,7,2022,10:20:00,1,82,82019,1,1,1,2,Route des deux mers,"440,948,820,000","10,527,240,000",2.022E+11,784 133,B01,1,1,0,2,4,2,5,NULL,2.022E+11,1 059 984,784 133,B01,1,1,2,2,1980,5,2,-1,-1,0,0,-1,2.022E+11,3,813,0,D,2,2,0,1,38,102,1,NULL,-1,1,0,1,80,
2.022E+11,18,4,2022,16:55:00,1,74,74209,1,6,1,3,ROUTE DÉPARTEMENTALE 12,"461,345,080,000","63,934,050,000",2.022E+11,779 343,B01,1,1,0,2,7,1,5,NULL,2.022E+11,1 053 633,779 342,A01,1,1,1,1,1939,5,1,-1,-1,0,0,-1,2.022E+11,3,9,-1,NULL,2,2,0,1,3,800,2,NULL,-1,1,5,1,50,
2.022E+11,18,4,2022,16:55:00,1,74,74209,1,6,1,3,ROUTE DÉPARTEMENTALE 12,"461,345,080,000","63,934,050,000",2.022E+11,779 343,B01,1,1,0,2,7,1,5,NULL,2.022E+11,1 053 634,779 343,B01,1,1,4,1,1995,5,2,-1,-1,0,0,-1,2.022E+11,3,9,-1,NULL,2,2,0,1,3,800,2,NULL,-1,1,5,1,50,
2.022E+11,13,11,2022,14:20:00,1,75,75116,2,1,1,6,ROUTE DE LA LONGUE QUEUE,"488,718,880,000","22,524,210,000",2.022E+11,777 853,A01,0,1,0,1,1,1,5,NULL,2.022E+11,1 051 682,777 853,A01,1,1,4,1,1958,5,2,0,-1,0,0,-1,2.022E+11,4,ROUTE DE LA LONGUE QUEUE,0,NULL,2,1,1,1,-1,-1,1,NULL,-1,1,0,1,30,
2.022E+11,13,11,2022,14:20:00,1,75,75116,2,1,1,6,ROUTE DE LA LONGUE QUEUE,"488,718,880,000","22,524,210,000",2.022E+11,777 853,A01,0,1,0,1,1,1,5,NULL,2.022E+11,1 051 684,777 853,A01,10,3,4,2,2014,5,0,-1,-1,8,5,3,2.022E+11,4,ROUTE DE LA LONGUE QUEUE,0,NULL,2,1,1,1,-1,-1,1,NULL,-1,1,0,1,30,
2.022E+11,18,5,2022,16:55:00,1,78,78062,2,4,1,7,D119,"488,506,430,000","18,949,650,000",2.022E+11,777 139,A01,2,1,0,0,0,1,5,NULL,2.022E+11,1 050 699,777 139,A01,1,1,3,1,1983,1,0,-1,-1,0,0,-1,2.022E+11,3,119,0,NULL,2,2,0,2,12,480,1,NULL,-1,1,0,1,70,
2.022E+11,25,7,2022,08:30:00,1,30,30192,1,1,1,3,NULL,"438,822,000,000","40,497,800,000",2.022E+11,777 129,B01,1,1,0,2,3,2,5,NULL,2.022E+11,1 050 686,777 128,A01,1,1,1,1,1993,4,1,-1,-1,0,0,-1,2.022E+11,3,999,0,D,2,2,0,2,-1,-1,3,NULL,-1,1,0,3,90,
2.022E+11,25,7,2022,08:30:00,1,30,30192,1,1,1,3,NULL,"438,822,000,000","40,497,800,000",2.022E+11,777 129,B01,1,1,0,2,3,2,5,NULL,2.022E+11,1 050 687,777 129,B01,1,1,3,1,1972,5,2,-1,-1,0,0,-1,2.022E+11,3,999,0,D,2,2,0,2,-1,-1,3,NULL,-1,1,0,3,90,
2.022E+11,12,6,2022,08:35:00,1,77,77468,2,1,7,2,D128,"488,448,500,000","26,481,900,000",2.022E+11,765 002,B01,1,1,15,2,4,2,5,NULL,2.022E+11,1 034 418,765 000,A01,1,1,1,1,1993,5,1,8,-1,-1,-1,-1,2.022E+11,3,GEORGES BRASSENS (AVENUE),0,NULL,3,4,0,1,0,227,1,NULL,-1,1,0,1,50,
2.022E+11,12,6,2022,08:35:00,1,77,77468,2,1,7,2,D128,"488,448,500,000","26,481,900,000",2.022E+11,765 002,B01,1,1,15,2,4,2,5,NULL,2.022E+11,1 034 420,765 002,B01,1,1,2,1,1976,5,2,8,-1,-1,-1,-1,2.022E+11,3,GEORGES BRASSENS (AVENUE),0,NULL,3,4,0,1,0,227,1,NULL,-1,1,0,1,50,
2.022E+11,20,5,2022,17:00:00,1,69,69383,2,2,1,3,Rue François Gillet,"457,597,300,000","48,741,100,000",2.022E+11,763 897,A01,2,1,0,2,1,9,5,NULL,2.022E+11,1 032 963,763 896,B01,1,1,1,1,1964,0,1,-1,-1,-1,-1,-1,2.022E+11,4,FRANCOIS GILLET                     (R ),0,NULL,2,2,0,1,-1,-1,1,NULL,-1,1,0,1,30,
2.022E+11,20,5,2022,17:00:00,1,69,69383,2,2,1,3,Rue François Gillet,"457,597,300,000","48,741,100,000",2.022E+11,763 897,A01,2,1,0,2,1,9,5,NULL,2.022E+11,1 032 965,763 897,A01,1,1,4,2,1975,1,8,-1,-1,-1,-1,-1,2.022E+11,4,FRANCOIS GILLET                     (R ),0,NULL,2,2,0,1,-1,-1,1,NULL,-1,1,0,1,30,
2.022E+11,3,3,2022,17:50:00,1,75,75112,2,2,1,3,AVENUE LEDRU ROLLIN,"488,468,480,000","23,694,110,000",2.022E+11,762 364,A01,1,1,0,2,6,1,5,NULL,2.022E+11,1 030 958,762 364,A01,1,1,4,1,1992,1,8,0,-1,0,0,-1,2.022E+11,4,AVENUE LEDRU ROLLIN,0,NULL,2,2,1,1,-1,-1,1,NULL,-1,1,5,5,30,
2.022E+11,3,3,2022,17:50:00,1,75,75112,2,2,1,3,AVENUE LEDRU ROLLIN,"488,468,480,000","23,694,110,000",2.022E+11,762 365,B01,1,1,0,2,8,1,5,NULL,2.022E+11,1 030 958,762 364,A01,1,1,4,1,1992,1,8,0,-1,0,0,-1,2.022E+11,4,AVENUE LEDRU ROLLIN,0,NULL,2,2,1,1,-1,-1,1,NULL,-1,1,5,5,30,
2.022E+11,3,3,2022,17:50:00,1,75,75112,2,2,1,3,AVENUE LEDRU ROLLIN,"488,468,480,000","23,694,110,000",2.022E+11,762 364,A01,1,1,0,2,6,1,5,NULL,2.022E+11,1 030 959,762 365,B01,1,1,1,1,1991,1,2,0,-1,0,0,-1,2.022E+11,4,AVENUE LEDRU ROLLIN,0,NULL,2,2,1,1,-1,-1,1,NULL,-1,1,5,5,30,
2.022E+11,3,3,2022,17:50:00,1,75,75112,2,2,1,3,AVENUE LEDRU ROLLIN,"488,468,480,000","23,694,110,000",2.022E+11,762 365,B01,1,1,0,2,8,1,5,NULL,2.022E+11,1 030 959,762 365,B01,1,1,1,1,1991,1,2,0,-1,0,0,-1,2.022E+11,4,AVENUE LEDRU ROLLIN,0,NULL,2,2,1,1,-1,-1,1,NULL,-1,1,5,5,30,
2.022E+11,29,8,2022,17:20:00,1,67,67482,2,3,1,3,PAUL ELUARD (RUE),"485,887,200,000","76,972,300,000",2.022E+11,762 328,B01,2,1,0,2,2,19,5,NULL,2.022E+11,1 030 913,762 326,A01,1,1,1,1,1946,0,1,8,-1,-1,-1,-1,2.022E+11,4,PAUL ELUARD (RUE),0,NULL,1,2,0,1,-1,-1,1,NULL,-1,1,0,1,50,
2.022E+11,29,8,2022,17:20:00,1,67,67482,2,3,1,3,PAUL ELUARD (RUE),"485,887,200,000","76,972,300,000",2.022E+11,762 328,B01,2,1,0,2,2,19,5,NULL,2.022E+11,1 030 915,762 328,B01,1,1,4,1,2005,0,8,0,-1,-1,-1,-1,2.022E+11,4,PAUL ELUARD (RUE),0,NULL,1,2,0,1,-1,-1,1,NULL,-1,1,0,1,50,
2.022E+11,2,6,2022,16:35:00,1,61,61002,1,1,1,2,Fligny,"486,964,350,000","0,1240900000",2.022E+11,761 892,B01,3,1,0,9,1,2,5,NULL,2.022E+11,1 030 360,761 892,B01,1,1,1,1,1954,5,0,-1,-1,0,0,-1,2.022E+11,3,116,-1,NULL,-1,2,0,1,1,271,1,NULL,-1,1,0,3,90,
2.022E+11,2,6,2022,16:35:00,1,61,61002,1,1,1,2,Fligny,"486,964,350,000","0,1240900000",2.022E+11,761 893,A01,3,1,0,9,1,2,5,NULL,2.022E+11,1 030 360,761 892,B01,1,1,1,1,1954,5,0,-1,-1,0,0,-1,2.022E+11,3,116,-1,NULL,-1,2,0,1,1,271,1,NULL,-1,1,0,3,90,
2.022E+11,2,6,2022,16:35:00,1,61,61002,1,1,1,2,Fligny,"486,964,350,000","0,1240900000",2.022E+11,761 892,B01,3,1,0,9,1,2,5,NULL,2.022E+11,1 030 361,761 893,A01,1,1,3,1,1953,5,0,-1,-1,0,0,-1,2.022E+11,3,116,-1,NULL,-1,2,0,1,1,271,1,NULL,-1,1,0,3,90,
2.022E+11,2,6,2022,16:35:00,1,61,61002,1,1,1,2,Fligny,"486,964,350,000","0,1240900000",2.022E+11,761 893,A01,3,1,0,9,1,2,5,NULL,2.022E+11,1 030 361,761 893,A01,1,1,3,1,1953,5,0,-1,-1,0,0,-1,2.022E+11,3,116,-1,NULL,-1,2,0,1,1,271,1,NULL,-1,1,0,3,90,
2.022E+11,19,6,2022,08:05:00,1,34,34282,2,6,1,3,Avenue des Cevennes,"436,258,030,000","36,700,240,000",2.022E+11,761 119,B01,1,1,0,2,0,9,5,NULL,2.022E+11,1 029 317,761 117,A01,1,1,1,2,1969,9,1,-1,-1,0,0,-1,2.022E+11,3,619,-1,D,2,2,0,1,7,500,1,NULL,-1,1,0,1,50,
2.022E+11,19,6,2022,08:05:00,1,34,34282,2,6,1,3,Avenue des Cevennes,"436,258,030,000","36,700,240,000",2.022E+11,761 119,B01,1,1,0,2,0,9,5,NULL,2.022E+11,1 029 318,761 119,B01,1,1,3,2,1956,9,2,-1,-1,0,0,-1,2.022E+11,3,619,-1,D,2,2,0,1,7,500,1,NULL,-1,1,0,1,50,
2.022E+11,19,7,2022,12:20:00,1,54,54395,2,3,1,2,LIBERATION (AVENUE DE LA),"486,960,400,000","61,417,300,000",2.022E+11,759 673,A01,2,1,0,2,1,1,5,NULL,2.022E+11,1 027 437,759 671,B01,1,1,1,2,1995,0,1,0,-1,0,0,-1,2.022E+11,4,LIBERATION (AVENUE DE LA),0,NULL,2,3,0,2,-1,-1,3,NULL,-1,1,0,1,50,
2.022E+11,19,7,2022,12:20:00,1,54,54395,2,3,1,2,LIBERATION (AVENUE DE LA),"486,960,400,000","61,417,300,000",2.022E+11,759 673,A01,2,1,0,2,1,1,5,NULL,2.022E+11,1 027 440,759 673,A01,1,1,4,2,1995,0,8,0,-1,-1,-1,-1,2.022E+11,4,LIBERATION (AVENUE DE LA),0,NULL,2,3,0,2,-1,-1,3,NULL,-1,1,0,1,50,
2.022E+11,18,7,2022,20:17:00,1,63,63113,2,2,1,6,LAFAYETTE (BD),"457,667,700,000","31,069,700,000",2.022E+11,759 500,B01,0,1,0,2,1,1,5,NULL,2.022E+11,1 027 208,759 500,B01,1,1,3,2,1998,5,0,-1,-1,0,0,-1,2.022E+11,7,LAFAYETTE (BD),0,NULL,2,4,0,1,-1,-1,1,NULL,-1,1,0,1,50,
2.022E+11,18,7,2022,20:17:00,1,63,63113,2,2,1,6,LAFAYETTE (BD),"457,667,700,000","31,069,700,000",2.022E+11,759 500,B01,0,1,0,2,1,1,5,NULL,2.022E+11,1 027 213,759 503,A01,1,1,1,-1,NULL,-1,-1,-1,-1,0,0,-1,2.022E+11,7,LAFAYETTE (BD),0,NULL,2,4,0,1,-1,-1,1,NULL,-1,1,0,1,50,
2.022E+11,28,8,2022,17:00:00,1,69,69389,2,9,1,3,Rue Mouillard,"457,848,500,000","48,058,800,000",2.022E+11,758 742,B01,2,1,0,2,8,15,0,NULL,2.022E+11,1 026 206,758 742,B01,1,1,4,1,2010,0,8,-1,-1,0,0,-1,2.022E+11,4,MOUILLARD                           (R ),0,NULL,2,2,0,1,-1,-1,1,NULL,-1,1,0,1,50,
2.022E+11,28,8,2022,17:00:00,1,69,69389,2,9,1,3,Rue Mouillard,"457,848,500,000","48,058,800,000",2.022E+11,758 742,B01,2,1,0,2,8,15,0,NULL,2.022E+11,1 026 207,758 743,A01,1,1,4,1,1993,5,2,6,-1,0,0,-1,2.022E+11,4,MOUILLARD                           (R ),0,NULL,2,2,0,1,-1,-1,1,NULL,-1,1,0,1,50,
2.022E+11,4,11,2022,19:00:00,5,974,97416,2,7,1,3,HUBERT DE LISLE(BOULEVARD),"-213,391,400,000","554,589,800,000",2.022E+11,753 864,A01,2,1,0,2,0,0,5,NULL,2.022E+11,1 019 564,753 864,A01,1,1,4,2,2000,0,2,8,-1,0,0,-1,2.022E+11,4,HUBERT DE LISLE(BOULEVARD),0,NULL,1,2,1,1,0,0,1,NULL,-1,1,0,1,50,
2.022E+11,4,11,2022,19:00:00,5,974,97416,2,7,1,3,HUBERT DE LISLE(BOULEVARD),"-213,391,400,000","554,589,800,000",2.022E+11,753 864,A01,2,1,0,2,0,0,5,NULL,2.022E+11,1 019 565,753 865,B01,1,1,1,1,1996,0,1,0,-1,0,0,-1,2.022E+11,4,HUBERT DE LISLE(BOULEVARD),0,NULL,1,2,1,1,0,0,1,NULL,-1,1,0,1,50,
2.022E+11,1,3,2022,00:40:00,5,75,75111,2,2,1,3,BOULEVARD RICHARD LENOIR,"488,577,740,625","23,709,064,722",2.022E+11,752 409,A01,1,1,0,2,1,1,5,NULL,2.022E+11,1 017 568,752 406,B01,2,2,1,2,1991,9,1,8,-1,0,0,-1,2.022E+11,4,BOULEVARD RICHARD LENOIR,0,NULL,3,2,0,1,-1,-1,1,NULL,-1,1,5,1,30,
2.022E+11,1,3,2022,00:40:00,5,75,75111,2,2,1,3,BOULEVARD RICHARD LENOIR,"488,577,740,625","23,709,064,722",2.022E+11,752 409,A01,1,1,0,2,1,1,5,NULL,2.022E+11,1 017 569,752 406,B01,1,1,1,2,1994,9,1,0,-1,0,0,-1,2.022E+11,4,BOULEVARD RICHARD LENOIR,0,NULL,3,2,0,1,-1,-1,1,NULL,-1,1,5,1,30,
2.022E+11,1,3,2022,00:40:00,5,75,75111,2,2,1,3,BOULEVARD RICHARD LENOIR,"488,577,740,625","23,709,064,722",2.022E+11,752 409,A01,1,1,0,2,1,1,5,NULL,2.022E+11,1 017 573,752 409,A01,1,1,4,2,1994,9,2,8,-1,0,0,-1,2.022E+11,4,BOULEVARD RICHARD LENOIR,0,NULL,3,2,0,1,-1,-1,1,NULL,-1,1,5,1,30,
2.022E+11,15,6,2022,17:30:00,1,90,90081,2,1,1,3,Rue de la Côte,"475,064,210,000","71,182,720,000",2.022E+11,744 727,B01,3,1,0,2,1,16,5,NULL,2.022E+11,1 007 307,744 724,A01,1,1,1,1,1988,4,1,-1,-1,0,0,-1,2.022E+11,9,NULL,-1,NULL,1,2,0,2,-1,-1,1,NULL,4,1,0,1,50,
2.022E+11,15,6,2022,17:30:00,1,90,90081,2,1,1,3,Rue de la Côte,"475,064,210,000","71,182,720,000",2.022E+11,744 727,B01,3,1,0,2,1,16,5,NULL,2.022E+11,1 007 310,744 727,B01,1,1,4,1,2008,5,0,-1,-1,0,0,-1,2.022E+11,9,NULL,-1,NULL,1,2,0,2,-1,-1,1,NULL,4,1,0,1,50,
2.022E+11,5,4,2022,11:44:00,1,56,56178,2,1,1,2,Rue Albert de Mun,"480,541,890,000","-29,598,820,000",2.022E+11,743 850,C01,3,1,0,2,1,2,5,NULL,2.022E+11,1 006 157,743 848,A01,1,1,1,1,1966,4,1,-1,-1,0,0,-1,2.022E+11,4,NULL,-1,A,2,2,2,1,-1,-1,1,NULL,-1,1,0,5,50,
2.022E+11,5,4,2022,11:44:00,1,56,56178,2,1,1,2,Rue Albert de Mun,"480,541,890,000","-29,598,820,000",2.022E+11,743 850,C01,3,1,0,2,1,2,5,NULL,2.022E+11,1 006 159,743 850,C01,1,1,3,1,1956,3,0,2,-1,0,0,-1,2.022E+11,4,NULL,-1,A,2,2,2,1,-1,-1,1,NULL,-1,1,0,5,50,
2.022E+11,25,10,2022,18:00:00,2,75,75116,2,5,1,3,PLACE CLEMENT ADER,"488,513,480,000","22,784,900,000",2.022E+11,740 366,B01,3,1,0,2,1,19,5,NULL,2.022E+11,1 001 437,740 366,B01,1,1,1,1,2009,2,8,0,-1,0,0,-1,2.022E+11,4,PLACE CLEMENT ADER,0,NULL,4,0,0,1,-1,-1,1,NULL,-1,1,0,1,30,
2.022E+11,25,10,2022,18:00:00,2,75,75116,2,5,1,3,PLACE CLEMENT ADER,"488,513,480,000","22,784,900,000",2.022E+11,740 366,B01,3,1,0,2,1,19,5,NULL,2.022E+11,1 001 439,740 368,A01,1,1,4,1,1992,9,2,6,-1,0,0,-1,2.022E+11,4,PLACE CLEMENT ADER,0,NULL,4,0,0,1,-1,-1,1,NULL,-1,1,0,1,30,
2.022E+11,25,10,2022,18:00:00,2,75,75116,2,5,1,3,PLACE CLEMENT ADER,"488,513,480,000","22,784,900,000",2.022E+11,740 366,B01,3,1,0,2,1,19,5,NULL,2.022E+11,1 001 440,740 368,A01,5,2,1,2,1993,9,2,6,-1,0,0,-1,2.022E+11,4,PLACE CLEMENT ADER,0,NULL,4,0,0,1,-1,-1,1,NULL,-1,1,0,1,30,
2.022E+11,13,5,2022,12:41:00,1,75,75114,2,2,1,3,AVENUE DE L OBSERVATOIRE,"488,396,242,918","23,367,391,527",2.022E+11,739 756,B01,1,1,0,2,7,1,5,NULL,2.022E+11,1 000 555,739 756,B01,1,1,4,2,1996,5,2,0,-1,0,0,-1,2.022E+11,4,AVENUE DE L OBSERVATOIRE,0,NULL,2,6,0,1,-1,-1,1,NULL,-1,1,0,1,30,
2.022E+11,13,5,2022,12:41:00,1,75,75114,2,2,1,3,AVENUE DE L OBSERVATOIRE,"488,396,242,918","23,367,391,527",2.022E+11,739 756,B01,1,1,0,2,7,1,5,NULL,2.022E+11,1 000 556,739 757,A01,1,1,1,1,1968,4,1,0,-1,0,0,-1,2.022E+11,4,AVENUE DE L OBSERVATOIRE,0,NULL,2,6,0,1,-1,-1,1,NULL,-1,1,0,1,30,
2.022E+11,22,9,2022,17:50:00,1,67,67482,2,1,1,3,GARE (PLACE DE LA),"485,864,000,000","77,432,700,000",2.022E+11,732 563,A01,1,1,0,2,1,1,5,NULL,2.022E+11,990 893,732 563,A01,1,1,4,1,1994,0,8,0,-1,-1,-1,-1,2.022E+11,4,GARE (PLACE DE LA),0,NULL,2,2,0,1,-1,-1,3,NULL,-1,1,9,1,50,
2.022E+11,22,9,2022,17:50:00,1,67,67482,2,1,1,3,GARE (PLACE DE LA),"485,864,000,000","77,432,700,000",2.022E+11,732 563,A01,1,1,0,2,1,1,5,NULL,2.022E+11,990 894,732 564,B01,1,1,1,1,1954,4,1,8,-1,-1,-1,-1,2.022E+11,4,GARE (PLACE DE LA),0,NULL,2,2,0,1,-1,-1,3,NULL,-1,1,9,1,50,
2.022E+11,1,3,2022,16:00:00,1,84,84064,1,3,1,2,Route Nationale 7,"442,908,720,000","46,925,280,000",2.022E+11,732 308,A01,3,1,0,0,8,13,5,NULL,2.022E+11,990 570,732 308,A01,1,1,3,1,1940,5,0,-1,-1,0,0,-1,2.022E+11,2,7,0,NULL,2,3,0,1,-1,-1,1,NULL,-1,1,5,1,80,
2.022E+11,1,3,2022,16:00:00,1,84,84064,1,3,1,2,Route Nationale 7,"442,908,720,000","46,925,280,000",2.022E+11,732 308,A01,3,1,0,0,8,13,5,NULL,2.022E+11,990 572,732 310,B01,1,1,1,1,1975,5,1,-1,-1,0,0,-1,2.022E+11,2,7,0,NULL,2,3,0,1,-1,-1,1,NULL,-1,1,5,1,80,
2.022E+11,11,5,2022,04:45:00,5,75,75111,2,1,1,6,AVENUE PHILIPPE AUGUSTE,"488,571,770,000","23,904,560,000",2.022E+11,730 086,A01,1,1,1,0,2,14,5,NULL,2.022E+11,987 606,730 086,A01,1,1,4,2,1973,9,2,0,-1,0,0,-1,2.022E+11,4,AVENUE PHILIPPE AUGUSTE,0,NULL,2,2,0,1,-1,-1,1,NULL,-1,1,0,1,30,
2.022E+11,14,8,2022,11:00:00,1,17,17094,2,1,1,1,Avenue d Angoulins,"460,879,550,000","-10,964,980,000",2.022E+11,728 521,A01,1,1,0,2,1,1,5,NULL,2.022E+11,985 552,728 521,A01,1,1,4,1,1986,5,2,-1,-1,0,0,-1,2.022E+11,3,D202,-1,NULL,2,2,1,1,11,700,3,NULL,-1,1,0,5,-1,