Accident_Id,jour,mois,an,hrmn,lum,dep,com,agg,int,atm,col,adr,lat,long,Num_Acc,id_vehicule,num_veh,senc,catv,obs,obsm,choc,manv,motor,occutc,Num_Acc,id_usager,id_vehicule,num_veh,place,catu,grav,sexe,an_nais,trajet,secu1,secu2,secu3,locp,actp,etatp,Num_Acc,catr,voie,v1,v2,circ,nbv,vosp,prof,pr,pr1,plan,lartpc,larrout,surf,infra,situ,vma,
2.022E+11,6,4,2022,18:59:00,1,92,92020,2,1,1,7,DIVISION LECLERC AVENUE DE LA,"487,992,915,777","22,849,269,211",2.022E+11,743 877,A01,1,1,0,0,0,0,5,NULL,2.022E+11,1 006 201,743 877,A01,1,1,4,1,1987,0,8,0,-1,-1,-1,-1,2.022E+11,4,NULL,0,NULL,2,2,0,2,48,798,1,NULL,-1,1,0,1,50,
2.022E+11,14,1,2022,17:30:00,5,69,69383,2,4,1,3,219 Avenue Lacassagne,"457,454,900,000","48,887,100,000",2.022E+11,742 758,B01,2,1,0,2,1,9,5,NULL,2.022E+11,1 004 673,742 756,A01,1,1,1,1,1959,0,1,-1,-1,-1,-1,-1,2.022E+11,4,LACASSAGNE                          (AV),0,NULL,1,1,2,1,-1,-1,1,NULL,-1,1,-1,1,30,
2.022E+11,14,1,2022,17:30:00,5,69,69383,2,4,1,3,219 Avenue Lacassagne,"457,454,900,000","48,887,100,000",2.022E+11,742 758,B01,2,1,0,2,1,9,5,NULL,2.022E+11,1 004 674,742 758,B01,1,1,4,1,1978,1,2,-1,-1,-1,-1,-1,2.022E+11,4,LACASSAGNE                          (AV),0,NULL,1,1,2,1,-1,-1,1,NULL,-1,1,-1,1,30,
2.022E+11,3,4,2022,21:10:00,5,48,48095,2,2,1,3,CHARLES DE GAULLE (PLACE),"445,179,200,000","35,015,100,000",2.022E+11,740 419,B01,2,1,0,2,7,26,5,NULL,2.022E+11,1 001 499,740 419,B01,1,1,3,1,2005,5,0,0,-1,-1,-1,-1,2.022E+11,2,SOUBEYRAN (BOULEVARD DU),0,NULL,1,1,0,1,51,395,1,NULL,-1,1,0,1,50,
2.022E+11,3,4,2022,21:10:00,5,48,48095,2,2,1,3,CHARLES DE GAULLE (PLACE),"445,179,200,000","35,015,100,000",2.022E+11,740 419,B01,2,1,0,2,7,26,5,NULL,2.022E+11,1 001 501,740 421,A01,1,1,1,1,1995,0,1,0,-1,-1,-1,-1,2.022E+11,2,SOUBEYRAN (BOULEVARD DU),0,NULL,1,1,0,1,51,395,1,NULL,-1,1,0,1,50,
2.022E+11,9,6,2022,17:05:00,1,75,75112,2,4,1,6,RUE DU FAUBOURG SAINT ANTOINE,"488,533,040,000","23,703,070,000",2.022E+11,727 628,Z01,1,1,0,1,1,1,5,NULL,2.022E+11,984 370,727 628,Z01,1,1,1,-1,NULL,-1,-1,-1,-1,-1,-1,-1,2.022E+11,4,RUE DU FAUBOURG SAINT ANTOINE,0,NULL,2,2,0,1,-1,-1,1,NULL,-1,1,0,1,30,
2.022E+11,9,6,2022,17:05:00,1,75,75112,2,4,1,6,RUE DU FAUBOURG SAINT ANTOINE,"488,533,040,000","23,703,070,000",2.022E+11,727 628,Z01,1,1,0,1,1,1,5,NULL,2.022E+11,984 372,727 628,Z01,10,3,4,2,1938,5,0,-1,-1,4,3,1,2.022E+11,4,RUE DU FAUBOURG SAINT ANTOINE,0,NULL,2,2,0,1,-1,-1,1,NULL,-1,1,0,1,30,
2.022E+11,10,7,2022,00:45:00,5,92,92026,2,6,1,3,EUROPE ( ROND POINT DE L' ),"489,051,866,170","22,560,440,898",2.022E+11,724 334,B01,3,1,0,2,8,15,5,NULL,2.022E+11,980 026,724 329,A01,1,1,1,2,1966,5,1,0,-1,-1,-1,-1,2.022E+11,3,EUROPE ( ROND POINT DE L' ),0,NULL,1,2,2,1,0,0,2,NULL,-1,1,0,5,50,
2.022E+11,10,7,2022,00:45:00,5,92,92026,2,6,1,3,EUROPE ( ROND POINT DE L' ),"489,051,866,170","22,560,440,898",2.022E+11,724 334,B01,3,1,0,2,8,15,5,NULL,2.022E+11,980 032,724 334,B01,1,1,4,1,1997,0,2,0,-1,-1,-1,-1,2.022E+11,3,EUROPE ( ROND POINT DE L' ),0,NULL,1,2,2,1,0,0,2,NULL,-1,1,0,5,50,
2.022E+11,28,3,2022,08:50:00,1,95,95555,2,1,1,2,RD 109,"489,670,500,000","22,835,300,000",2.022E+11,724 009,B01,1,1,0,2,4,26,5,NULL,2.022E+11,979 619,724 009,B01,1,1,4,1,1979,1,2,0,-1,-1,0,-1,2.022E+11,3,PARMENTIER (RUE),0,NULL,2,2,0,1,1,250,1,NULL,-1,1,0,1,50,
2.022E+11,28,3,2022,08:50:00,1,95,95555,2,1,1,2,RD 109,"489,670,500,000","22,835,300,000",2.022E+11,724 009,B01,1,1,0,2,4,26,5,NULL,2.022E+11,979 622,724 011,A01,1,1,1,1,1998,1,1,-1,-1,-1,0,-1,2.022E+11,3,PARMENTIER (RUE),0,NULL,2,2,0,1,1,250,1,NULL,-1,1,0,1,50,
2.022E+11,15,2,2022,17:04:00,1,64,64102,2,3,1,3,JEAN JAURES (BOULEVARD),"434,933,052,635","-14,616,671,205",2.022E+11,722 266,B01,3,1,0,2,3,1,5,NULL,2.022E+11,977 296,722 266,B01,1,1,4,2,2011,9,8,0,-1,-1,-1,-1,2.022E+11,4,JEAN JAURES (BOULEVARD),0,NULL,2,2,0,1,0,0,1,NULL,-1,1,0,8,50,
2.022E+11,15,2,2022,17:04:00,1,64,64102,2,3,1,3,JEAN JAURES (BOULEVARD),"434,933,052,635","-14,616,671,205",2.022E+11,722 266,B01,3,1,0,2,3,1,5,NULL,2.022E+11,977 298,722 268,A01,1,1,1,1,1982,0,1,0,-1,-1,-1,-1,2.022E+11,4,JEAN JAURES (BOULEVARD),0,NULL,2,2,0,1,0,0,1,NULL,-1,1,0,8,50,
2.022E+11,12,2,2022,12:10:00,1,35,35210,1,1,1,5,Lieu-dit Le BEUCHAIS,"481,358,220,000","-18,030,350,000",2.022E+11,716 825,C01,1,1,0,2,1,1,5,NULL,2.022E+11,969 813,716 825,C01,1,1,3,1,1981,5,2,-1,-1,0,0,-1,2.022E+11,7,287,-1,NULL,2,2,0,1,21,300,4,NULL,-1,1,0,1,70,
2.022E+11,12,2,2022,12:10:00,1,35,35210,1,1,1,5,Lieu-dit Le BEUCHAIS,"481,358,220,000","-18,030,350,000",2.022E+11,716 825,C01,1,1,0,2,1,1,5,NULL,2.022E+11,969 820,716 831,B01,1,1,1,1,1986,5,8,-1,-1,0,0,-1,2.022E+11,7,287,-1,NULL,2,2,0,1,21,300,4,NULL,-1,1,0,1,70,
2.022E+11,12,2,2022,12:10:00,1,35,35210,1,1,1,5,Lieu-dit Le BEUCHAIS,"481,358,220,000","-18,030,350,000",2.022E+11,716 825,C01,1,1,0,2,1,1,5,NULL,2.022E+11,969 828,716 835,A01,1,1,1,1,1960,0,8,-1,-1,0,0,-1,2.022E+11,7,287,-1,NULL,2,2,0,1,21,300,4,NULL,-1,1,0,1,70,
2.022E+11,14,2,2022,10:40:00,1,95,95523,2,6,1,7,RD 913,"490,803,643,156","16,272,962,093",2.022E+11,716 708,A01,1,1,0,0,0,1,5,NULL,2.022E+11,969 667,716 708,A01,1,1,4,1,1961,5,2,-1,-1,0,0,-1,2.022E+11,3,913,-1,NULL,2,2,0,1,25,870,2,NULL,-1,1,0,1,50,
2.022E+11,26,11,2022,18:45:00,3,987,98729,1,1,1,3,RT 91 PK 7+950 AFAREAITU,"-175,770,000,000","-1,502,020,000,000",2.022E+11,810 739,A01,2,1,0,2,3,19,5,NULL,2.022E+11,1 095 389,810 736,B01,1,1,1,1,1964,5,1,-1,-1,0,0,-1,2.022E+11,2,91,-1,NULL,2,2,2,1,7,950,1,NULL,-1,1,0,1,60,
2.022E+11,26,11,2022,18:45:00,3,987,98729,1,1,1,3,RT 91 PK 7+950 AFAREAITU,"-175,770,000,000","-1,502,020,000,000",2.022E+11,810 739,A01,2,1,0,2,3,19,5,NULL,2.022E+11,1 095 394,810 739,A01,1,1,3,1,1964,5,0,-1,-1,0,0,-1,2.022E+11,2,91,-1,NULL,2,2,2,1,7,950,1,NULL,-1,1,0,1,60,
2.022E+11,20,3,2022,11:10:00,1,17,17039,1,1,1,3,D134,"455,253,970,000"," -0,5476430000",2.022E+11,808 021,B01,1,1,0,2,8,13,5,NULL,2.022E+11,1 091 770,808 019,A01,1,1,1,1,1957,5,2,6,-1,0,0,-1,2.022E+11,3,134,-1,D,2,2,0,4,44,449,1,NULL,-1,1,0,1,80,
2.022E+11,20,3,2022,11:10:00,1,17,17039,1,1,1,3,D134,"455,253,970,000"," -0,5476430000",2.022E+11,808 021,B01,1,1,0,2,8,13,5,NULL,2.022E+11,1 091 773,808 021,B01,1,1,3,1,1970,5,2,-1,-1,0,0,-1,2.022E+11,3,134,-1,D,2,2,0,4,44,449,1,NULL,-1,1,0,1,80,
2.022E+11,16,11,2022,19:45:00,1,63,63113,2,1,1,6,COUBERTIN (RUE PIERRE DE),"457,686,700,000","30,840,600,000",2.022E+11,807 589,A01,1,1,0,1,1,1,5,NULL,2.022E+11,1 091 207,807 589,A01,10,3,4,2,1955,0,0,-1,-1,1,5,1,2.022E+11,4,COUBERTIN (RUE PIERRE DE),0,NULL,2,2,0,1,-1,-1,1,NULL,-1,1,0,1,50,
2.022E+11,16,11,2022,19:45:00,1,63,63113,2,1,1,6,COUBERTIN (RUE PIERRE DE),"457,686,700,000","30,840,600,000",2.022E+11,807 589,A01,1,1,0,1,1,1,5,NULL,2.022E+11,1 091 208,807 589,A01,1,1,1,1,1987,4,8,-1,-1,0,0,-1,2.022E+11,4,COUBERTIN (RUE PIERRE DE),0,NULL,2,2,0,1,-1,-1,1,NULL,-1,1,0,1,50,
2.022E+11,21,3,2022,17:00:00,1,75,75114,2,5,1,2,RUE D ALESIA,"488,305,100,000","23,192,910,000",2.022E+11,807 229,B01,2,1,0,2,4,15,5,NULL,2.022E+11,1 090 712,807 229,B01,1,1,4,1,1995,1,8,0,-1,0,0,-1,2.022E+11,4,RUE D ALESIA,0,NULL,2,2,3,1,-1,-1,1,NULL,-1,1,0,6,30,
2.022E+11,21,3,2022,17:00:00,1,75,75114,2,5,1,2,RUE D ALESIA,"488,305,100,000","23,192,910,000",2.022E+11,807 229,B01,2,1,0,2,4,15,5,NULL,2.022E+11,1 090 714,807 231,A01,1,1,4,1,1999,5,2,6,-1,0,0,-1,2.022E+11,4,RUE D ALESIA,0,NULL,2,2,3,1,-1,-1,1,NULL,-1,1,0,6,30,
2.022E+11,28,4,2022,23:55:00,5,69,69383,2,3,1,3,Avenue Maréchal de Saxe,"457,599,683,921","48,457,109,928",2.022E+11,800 044,A01,1,1,0,2,7,18,5,NULL,2.022E+11,1 081 188,800 044,A01,1,1,3,2,1987,5,8,-1,-1,-1,-1,-1,2.022E+11,4,MARECHAL DE SAXE                    (AV),0,NULL,1,1,3,1,-1,-1,1,NULL,-1,1,0,6,30,
2.022E+11,28,4,2022,23:55:00,5,69,69383,2,3,1,3,Avenue Maréchal de Saxe,"457,599,683,921","48,457,109,928",2.022E+11,800 044,A01,1,1,0,2,7,18,5,NULL,2.022E+11,1 081 192,800 048,B01,1,1,1,1,1975,4,1,-1,-1,-1,-1,-1,2.022E+11,4,MARECHAL DE SAXE                    (AV),0,NULL,1,1,3,1,-1,-1,1,NULL,-1,1,0,6,30,
2.022E+11,25,10,2022,12:40:00,1,38,38062,1,1,1,1,D1090,"454,221,600,000","59,898,230,000",2.022E+11,796 981,B01,1,1,0,2,1,10,5,NULL,2.022E+11,1 077 196,796 981,B01,1,1,3,1,1950,5,2,-1,-1,0,0,-1,2.022E+11,3,1090,-1,D,2,2,0,1,35,117,1,NULL,-1,1,0,1,70,
2.022E+11,25,10,2022,12:40:00,1,38,38062,1,1,1,1,D1090,"454,221,600,000","59,898,230,000",2.022E+11,796 981,B01,1,1,0,2,1,10,5,NULL,2.022E+11,1 077 198,796 984,A01,1,1,1,1,1940,5,1,-1,-1,0,0,-1,2.022E+11,3,1090,-1,D,2,2,0,1,35,117,1,NULL,-1,1,0,1,70,
2.022E+11,9,2,2022,16:50:00,1,40,40282,1,6,1,3,D933s,"437,473,430,000"," -0,5619230000",2.022E+11,796 056,B01,1,1,0,2,1,2,5,NULL,2.022E+11,1 075 929,796 054,A01,1,1,1,1,1970,4,1,-1,-1,0,0,-1,2.022E+11,3,933,0,S,3,4,0,1,17,680,3,NULL,-1,1,0,1,90,
2.022E+11,9,2,2022,16:50:00,1,40,40282,1,6,1,3,D933s,"437,473,430,000"," -0,5619230000",2.022E+11,796 056,B01,1,1,0,2,1,2,5,NULL,2.022E+11,1 075 932,796 056,B01,1,1,3,1,1947,5,2,-1,-1,0,0,-1,2.022E+11,3,933,0,S,3,4,0,1,17,680,3,NULL,-1,1,0,1,90,
2.022E+11,11,10,2022,08:40:00,1,38,38124,1,1,1,3,D1075,"455,965,110,000","55,358,430,000",2.022E+11,785 025,B01,1,1,0,2,8,13,5,NULL,2.022E+11,1 061 157,785 025,B01,1,1,2,1,1951,5,0,-1,-1,0,0,-1,2.022E+11,3,D1075,-1,NULL,2,2,0,1,34,900,1,NULL,-1,1,0,1,90,
2.022E+11,11,10,2022,08:40:00,1,38,38124,1,1,1,3,D1075,"455,965,110,000","55,358,430,000",2.022E+11,785 025,B01,1,1,0,2,8,13,5,NULL,2.022E+11,1 061 158,785 026,A01,1,1,1,1,1965,4,1,-1,-1,0,0,-1,2.022E+11,3,D1075,-1,NULL,2,2,0,1,34,900,1,NULL,-1,1,0,1,90,
2.022E+11,24,5,2022,08:30:00,1,80,80021,2,1,1,3,DEFENSE PASSIVE (AVENUE DE LA),"499,073,200,000","23,202,000,000",2.022E+11,776 965,B01,0,1,0,2,8,0,5,NULL,2.022E+11,1 050 486,776 964,A01,1,1,1,2,1979,2,1,-1,-1,0,0,-1,2.022E+11,4,DEFENSE PASSIVE (AVENUE DE LA),0,NULL,2,3,2,1,-1,-1,1,NULL,-1,1,0,1,50,
2.022E+11,24,5,2022,08:30:00,1,80,80021,2,1,1,3,DEFENSE PASSIVE (AVENUE DE LA),"499,073,200,000","23,202,000,000",2.022E+11,776 965,B01,0,1,0,2,8,0,5,NULL,2.022E+11,1 050 487,776 965,B01,1,1,3,2,1964,1,2,-1,-1,0,0,-1,2.022E+11,4,DEFENSE PASSIVE (AVENUE DE LA),0,NULL,2,3,2,1,-1,-1,1,NULL,-1,1,0,1,50,
2.022E+11,13,4,2022,18:35:00,1,92,92002,2,3,1,3,CHEMIN DE FER (RUE DU),"487,438,599,577","23,030,322,343",2.022E+11,768 309,B01,1,1,0,2,3,21,5,NULL,2.022E+11,1 038 811,768 309,B01,1,1,4,1,2002,5,8,0,-1,-1,-1,-1,2.022E+11,3,920,0,NULL,2,5,1,2,0,0,1,NULL,-1,1,0,1,50,
2.022E+11,13,4,2022,18:35:00,1,92,92002,2,3,1,3,CHEMIN DE FER (RUE DU),"487,438,599,577","23,030,322,343",2.022E+11,768 309,B01,1,1,0,2,3,21,5,NULL,2.022E+11,1 038 814,768 311,A01,1,1,1,2,1992,1,1,0,-1,-1,-1,-1,2.022E+11,3,920,0,NULL,2,5,1,2,0,0,1,NULL,-1,1,0,1,50,
2.022E+11,24,1,2022,16:15:00,1,57,57757,2,1,1,1,ROBERT SCHUMANN (BOULEVARD),"493,500,000,000","61,740,000,000",2.022E+11,767 941,B01,1,1,0,2,8,1,0,NULL,2.022E+11,1 038 308,767 940,A01,1,1,1,1,2001,2,1,0,-1,-1,-1,-1,2.022E+11,4,ROBERT SCHUMANN (BOULEVARD),0,NULL,3,4,1,2,0,0,1,NULL,-1,1,0,5,50,
2.022E+11,24,1,2022,16:15:00,1,57,57757,2,1,1,1,ROBERT SCHUMANN (BOULEVARD),"493,500,000,000","61,740,000,000",2.022E+11,767 941,B01,1,1,0,2,8,1,0,NULL,2.022E+11,1 038 309,767 940,A01,2,2,1,1,2001,2,1,0,-1,-1,-1,-1,2.022E+11,4,ROBERT SCHUMANN (BOULEVARD),0,NULL,3,4,1,2,0,0,1,NULL,-1,1,0,5,50,
2.022E+11,24,1,2022,16:15:00,1,57,57757,2,1,1,1,ROBERT SCHUMANN (BOULEVARD),"493,500,000,000","61,740,000,000",2.022E+11,767 941,B01,1,1,0,2,8,1,0,NULL,2.022E+11,1 038 310,767 940,A01,3,2,1,1,2002,2,1,0,-1,-1,-1,-1,2.022E+11,4,ROBERT SCHUMANN (BOULEVARD),0,NULL,3,4,1,2,0,0,1,NULL,-1,1,0,5,50,
2.022E+11,24,1,2022,16:15:00,1,57,57757,2,1,1,1,ROBERT SCHUMANN (BOULEVARD),"493,500,000,000","61,740,000,000",2.022E+11,767 941,B01,1,1,0,2,8,1,0,NULL,2.022E+11,1 038 311,767 941,B01,1,1,3,1,1963,0,8,0,-1,-1,-1,-1,2.022E+11,4,ROBERT SCHUMANN (BOULEVARD),0,NULL,3,4,1,2,0,0,1,NULL,-1,1,0,5,50,
2.022E+11,22,5,2022,17:15:00,1,14,14118,2,3,1,3,7 Rue de Malon,"492,102,880,000"," -0,3778440000",2.022E+11,767 488,B01,2,1,0,2,8,2,5,NULL,2.022E+11,1 037 728,767 488,B01,1,1,3,1,2001,0,8,-1,-1,0,0,-1,2.022E+11,3,MALON (RUE DE),0,NULL,2,3,2,2,2,306,1,NULL,-1,1,0,1,50,
2.022E+11,22,5,2022,17:15:00,1,14,14118,2,3,1,3,7 Rue de Malon,"492,102,880,000"," -0,3778440000",2.022E+11,767 488,B01,2,1,0,2,8,2,5,NULL,2.022E+11,1 037 737,767 494,A01,1,1,1,1,1989,5,1,-1,-1,0,0,-1,2.022E+11,3,MALON (RUE DE),0,NULL,2,3,2,2,2,306,1,NULL,-1,1,0,1,50,
2.022E+11,31,5,2022,17:10:00,1,91,91228,2,3,1,3,BD CHAMPS ELYSEES,"486,249,400,000","24,236,400,000",2.022E+11,763 044,B01,1,1,0,2,8,19,5,NULL,2.022E+11,1 031 875,763 044,B01,1,1,4,1,2006,9,2,8,-1,-1,-1,-1,2.022E+11,3,BD CHAMPS ELYSEES,0,NULL,2,4,0,1,-1,-1,1,NULL,-1,1,0,1,50,
2.022E+11,31,5,2022,17:10:00,1,91,91228,2,3,1,3,BD CHAMPS ELYSEES,"486,249,400,000","24,236,400,000",2.022E+11,763 044,B01,1,1,0,2,8,19,5,NULL,2.022E+11,1 031 876,763 045,A01,1,1,1,2,1999,9,1,8,-1,-1,-1,-1,2.022E+11,3,BD CHAMPS ELYSEES,0,NULL,2,4,0,1,-1,-1,1,NULL,-1,1,0,1,50,
2.022E+11,24,1,2022,14:36:00,1,94,94068,2,1,1,2,2 Quai Beaubourg,"488,152,583,489","24,736,737,013",2.022E+11,761 757,A01,1,1,0,2,1,2,5,NULL,2.022E+11,1 030 186,761 757,A01,1,1,4,1,1984,5,2,0,-1,-1,-1,-1,2.022E+11,4,BEAUBOURG (QU),0,NULL,2,2,0,1,0,0,1,NULL,-1,1,0,1,30,
2.022E+11,24,1,2022,14:36:00,1,94,94068,2,1,1,2,2 Quai Beaubourg,"488,152,583,489","24,736,737,013",2.022E+11,761 757,A01,1,1,0,2,1,2,5,NULL,2.022E+11,1 030 187,761 758,B01,1,1,1,1,1954,3,1,0,-1,-1,-1,-1,2.022E+11,4,BEAUBOURG (QU),0,NULL,2,2,0,1,0,0,1,NULL,-1,1,0,1,30,
2.022E+11,3,3,2022,10:10:00,1,6,6088,2,2,1,3,BOTTERO (RUE),"436,966,500,000","72,550,700,000",2.022E+11,758 993,A01,1,1,0,2,1,5,5,NULL,2.022E+11,1 026 528,758 993,A01,1,1,4,2,2005,5,8,0,-1,0,0,-1,2.022E+11,4,NULL,0,NULL,1,1,1,1,-1,-1,1,NULL,-1,1,0,1,50,
2.022E+11,3,3,2022,10:10:00,1,6,6088,2,2,1,3,BOTTERO (RUE),"436,966,500,000","72,550,700,000",2.022E+11,758 993,A01,1,1,0,2,1,5,5,NULL,2.022E+11,1 026 530,758 995,B01,1,1,1,1,1989,1,1,-1,-1,0,0,-1,2.022E+11,4,NULL,0,NULL,1,1,1,1,-1,-1,1,NULL,-1,1,0,1,50,
2.022E+11,28,8,2022,10:30:00,1,56,56175,1,4,1,2,D17,"477,231,950,000","-29,131,900,000",2.022E+11,758 622,B01,2,1,0,2,4,15,5,NULL,2.022E+11,1 026 053,758 622,B01,1,1,3,1,1976,5,2,-1,-1,0,0,-1,2.022E+11,3,17,0,D,2,2,0,1,8,945,1,NULL,-1,1,0,1,80,
2.022E+11,28,8,2022,10:30:00,1,56,56175,1,4,1,2,D17,"477,231,950,000","-29,131,900,000",2.022E+11,758 622,B01,2,1,0,2,4,15,5,NULL,2.022E+11,1 026 054,758 623,A01,1,1,1,1,1997,5,1,-1,-1,0,0,-1,2.022E+11,3,17,0,D,2,2,0,1,8,945,1,NULL,-1,1,0,1,80,
2.022E+11,7,12,2022,08:20:00,2,78,78517,2,1,5,3,DEMANGE (RUE PAUL),"486,520,900,000","18,491,900,000",2.022E+11,756 012,B01,1,1,0,2,8,19,5,NULL,2.022E+11,1 022 517,756 012,B01,1,1,3,1,2010,5,2,8,-1,-1,-1,-1,2.022E+11,4,DEMANGE (RUE PAUL),0,NULL,2,2,1,1,-1,-1,1,NULL,-1,1,-1,1,50,
2.022E+11,7,12,2022,08:20:00,2,78,78517,2,1,5,3,DEMANGE (RUE PAUL),"486,520,900,000","18,491,900,000",2.022E+11,756 012,B01,1,1,0,2,8,19,5,NULL,2.022E+11,1 022 518,756 013,A01,1,1,1,1,1993,1,1,8,-1,-1,-1,-1,2.022E+11,4,DEMANGE (RUE PAUL),0,NULL,2,2,1,1,-1,-1,1,NULL,-1,1,-1,1,50,
2.022E+11,19,1,2022,13:40:00,1,67,67482,2,3,1,3,LIVIO (RUE),"485,523,700,000","77,400,300,000",2.022E+11,754 421,B01,2,1,0,2,0,1,5,NULL,2.022E+11,1 020 364,754 421,B01,1,1,4,2,1957,0,8,0,-1,-1,-1,-1,2.022E+11,4,LIVIO (RUE),0,NULL,2,2,0,1,-1,-1,1,NULL,-1,1,0,1,50,
2.022E+11,19,1,2022,13:40:00,1,67,67482,2,3,1,3,LIVIO (RUE),"485,523,700,000","77,400,300,000",2.022E+11,754 421,B01,2,1,0,2,0,1,5,NULL,2.022E+11,1 020 366,754 422,A01,1,1,1,2,1943,1,1,0,-1,-1,-1,-1,2.022E+11,4,LIVIO (RUE),0,NULL,2,2,0,1,-1,-1,1,NULL,-1,1,0,1,50,
2.022E+11,29,9,2022,20:10:00,5,92,92075,2,2,1,3,LYCEE (BOULEVARD DU),"488,237,900,000","22,831,100,000",2.022E+11,753 016,A01,2,1,0,2,2,1,5,NULL,2.022E+11,1 018 454,753 014,B01,1,1,1,1,1989,9,1,0,-1,-1,-1,-1,2.022E+11,3,50,0,NULL,2,4,0,1,0,0,1,NULL,-1,1,0,1,50,
2.022E+11,29,9,2022,20:10:00,5,92,92075,2,2,1,3,LYCEE (BOULEVARD DU),"488,237,900,000","22,831,100,000",2.022E+11,753 016,A01,2,1,0,2,2,1,5,NULL,2.022E+11,1 018 455,753 016,A01,1,1,4,1,1993,9,8,0,-1,-1,-1,-1,2.022E+11,3,50,0,NULL,2,4,0,1,0,0,1,NULL,-1,1,0,1,50,
2.022E+11,2,11,2022,15:55:00,1,13,13028,1,9,1,3,N 559,"431,893,310,248","56,465,641,026",2.022E+11,750 450,A01,1,1,1,0,2,1,5,NULL,2.022E+11,1 014 963,750 449,B01,1,1,1,1,1964,5,8,0,-1,-1,-1,-1,2.022E+11,3,CD 559,0,NULL,1,4,0,2,0,0,1,NULL,-1,1,0,1,50,
2.022E+11,2,11,2022,15:55:00,1,13,13028,1,9,1,3,N 559,"431,893,310,248","56,465,641,026",2.022E+11,750 450,A01,1,1,1,0,2,1,5,NULL,2.022E+11,1 014 964,750 450,A01,1,1,3,1,1960,5,2,0,-1,0,0,-1,2.022E+11,3,CD 559,0,NULL,1,4,0,2,0,0,1,NULL,-1,1,0,1,50,
2.022E+11,29,9,2022,19:16:00,5,75,75107,2,1,1,2,QUAI BRANLY,"488,603,880,000","22,951,090,000",2.022E+11,749 758,B01,2,1,0,2,4,2,5,NULL,2.022E+11,1 014 096,749 758,B01,1,1,4,2,1992,1,2,0,-1,0,0,-1,2.022E+11,4,QUAI BRANLY,0,NULL,3,4,0,1,-1,-1,1,NULL,-1,1,0,1,30,
2.022E+11,29,9,2022,19:16:00,5,75,75107,2,1,1,2,QUAI BRANLY,"488,603,880,000","22,951,090,000",2.022E+11,749 758,B01,2,1,0,2,4,2,5,NULL,2.022E+11,1 014 097,749 759,A01,1,1,1,1,1979,5,2,6,-1,0,0,-1,2.022E+11,4,QUAI BRANLY,0,NULL,3,4,0,1,-1,-1,1,NULL,-1,1,0,1,30,
2.022E+11,26,8,2022,07:45:00,1,85,85222,2,6,1,3,RD38B,"467,012,930,000","-19,341,190,000",2.022E+11,748 877,B01,2,1,0,2,7,1,5,NULL,2.022E+11,1 012 869,748 876,A01,1,1,1,1,1962,4,1,-1,-1,0,0,-1,2.022E+11,3,NULL,2,NULL,1,1,0,1,4,100,2,NULL,-1,1,5,1,80,
2.022E+11,26,8,2022,07:45:00,1,85,85222,2,6,1,3,RD38B,"467,012,930,000","-19,341,190,000",2.022E+11,748 877,B01,2,1,0,2,7,1,5,NULL,2.022E+11,1 012 870,748 877,B01,1,1,3,1,1941,5,2,-1,-1,0,0,-1,2.022E+11,3,NULL,2,NULL,1,1,0,1,4,100,2,NULL,-1,1,5,1,80,
2.022E+11,24,8,2022,20:05:00,1,89,89056,1,3,1,1,D233,"479,929,010,000","34,846,720,000",2.022E+11,747 834,A01,1,1,0,2,1,9,5,NULL,2.022E+11,1 011 464,747 831,B01,2,2,1,1,1975,5,1,-1,-1,0,0,-1,2.022E+11,3,233,0,NULL,2,2,0,1,4,785,1,NULL,"5,75",1,0,1,80,
2.022E+11,24,8,2022,20:05:00,1,89,89056,1,3,1,1,D233,"479,929,010,000","34,846,720,000",2.022E+11,747 834,A01,1,1,0,2,1,9,5,NULL,2.022E+11,1 011 465,747 831,B01,1,1,1,2,1997,5,1,-1,-1,0,0,-1,2.022E+11,3,233,0,NULL,2,2,0,1,4,785,1,NULL,"5,75",1,0,1,80,
2.022E+11,24,8,2022,20:05:00,1,89,89056,1,3,1,1,D233,"479,929,010,000","34,846,720,000",2.022E+11,747 834,A01,1,1,0,2,1,9,5,NULL,2.022E+11,1 011 469,747 834,A01,1,1,4,1,2012,5,0,-1,-1,0,0,-1,2.022E+11,3,233,0,NULL,2,2,0,1,4,785,1,NULL,"5,75",1,0,1,80,
2.022E+11,15,5,2022,18:03:00,1,78,78551,1,1,1,3,RD 157,"489,122,770,000","20,987,700,000",2.022E+11,746 611,B01,1,1,0,2,8,1,5,NULL,2.022E+11,1 009 839,746 610,A01,1,1,1,1,1943,9,1,0,-1,-1,-1,-1,2.022E+11,3,RD 157,0,NULL,2,2,0,1,0,952,1,NULL,-1,1,0,1,50,
2.022E+11,15,5,2022,18:03:00,1,78,78551,1,1,1,3,RD 157,"489,122,770,000","20,987,700,000",2.022E+11,746 611,B01,1,1,0,2,8,1,5,NULL,2.022E+11,1 009 840,746 611,B01,1,1,4,1,1994,5,2,0,-1,-1,-1,-1,2.022E+11,3,RD 157,0,NULL,2,2,0,1,0,952,1,NULL,-1,1,0,1,50,
2.022E+11,17,8,2022,17:35:00,1,50,50165,2,1,1,2,COUTANCES (ROUTE DE),"488,460,340,000","-15,820,320,000",2.022E+11,743 707,B01,2,1,0,2,1,0,5,NULL,2.022E+11,1 005 967,743 707,B01,1,1,4,1,1979,0,0,-1,-1,-1,-1,-1,2.022E+11,3,COUTANCES (ROUTE DE),0,NULL,-1,2,0,1,1,907,1,NULL,-1,1,0,1,30,