Accident_Id,jour,mois,an,hrmn,lum,dep,com,agg,int,atm,col,adr,lat,long,Num_Acc,id_vehicule,num_veh,senc,catv,obs,obsm,choc,manv,motor,occutc,Num_Acc,id_usager,id_vehicule,num_veh,place,catu,grav,sexe,an_nais,trajet,secu1,secu2,secu3,locp,actp,etatp,Num_Acc,catr,voie,v1,v2,circ,nbv,vosp,prof,pr,pr1,plan,lartpc,larrout,surf,infra,situ,vma,
2.022E+11,17,8,2022,17:35:00,1,50,50165,2,1,1,2,COUTANCES (ROUTE DE),"488,460,340,000","-15,820,320,000",2.022E+11,743 707,B01,2,1,0,2,1,0,5,NULL,2.022E+11,1 005 968,743 708,A01,1,1,1,2,1988,4,1,-1,-1,-1,-1,-1,2.022E+11,3,COUTANCES (ROUTE DE),0,NULL,-1,2,0,1,1,907,1,NULL,-1,1,0,1,30,
2.022E+11,22,2,2022,08:25:00,1,44,44109,2,1,1,6,2 Boulevard Vincent Gâche,"472,069,230,000","-15,401,120,000",2.022E+11,737 928,B01,0,1,0,0,0,1,5,NULL,2.022E+11,998 042,737 926,A01,1,1,1,1,1989,4,1,0,-1,-1,-1,-1,2.022E+11,4,BOULEVARD VINCENT GACHE,0,NULL,3,2,2,1,-1,-1,1,NULL,-1,1,0,1,30,
2.022E+11,22,2,2022,08:25:00,1,44,44109,2,1,1,6,2 Boulevard Vincent Gâche,"472,069,230,000","-15,401,120,000",2.022E+11,737 928,B01,0,1,0,0,0,1,5,NULL,2.022E+11,998 046,737 928,B01,1,1,3,2,1966,0,2,0,-1,-1,-1,-1,2.022E+11,4,BOULEVARD VINCENT GACHE,0,NULL,3,2,2,1,-1,-1,1,NULL,-1,1,0,1,30,
2.022E+11,5,8,2022,10:23:00,1,38,38155,2,1,1,7,Rue de Verdun,"454,332,890,000","57,509,510,000",2.022E+11,735 069,A01,2,1,0,0,0,1,5,NULL,2.022E+11,994 188,735 069,A01,1,1,4,2,1966,5,2,6,9,0,0,-1,2.022E+11,3,49,0,NULL,2,2,0,1,20,742,1,NULL,-1,1,0,1,50,
2.022E+11,23,9,2022,15:35:00,1,44,44109,2,1,1,3,Place Victor Mangin,"472,009,150,000","-15,443,990,000",2.022E+11,732 526,A01,1,1,0,4,8,1,5,NULL,2.022E+11,990 851,732 525,B01,1,1,1,1,1997,4,8,0,-1,-1,0,-1,2.022E+11,4,MANGIN ( PLACE VICTOR ),0,NULL,2,2,1,1,-1,-1,1,NULL,-1,1,0,5,30,
2.022E+11,23,9,2022,15:35:00,1,44,44109,2,1,1,3,Place Victor Mangin,"472,009,150,000","-15,443,990,000",2.022E+11,732 526,A01,1,1,0,4,8,1,5,NULL,2.022E+11,990 852,732 526,A01,1,1,4,1,1994,0,2,0,-1,-1,0,-1,2.022E+11,4,MANGIN ( PLACE VICTOR ),0,NULL,2,2,1,1,-1,-1,1,NULL,-1,1,0,5,30,
2.022E+11,30,3,2022,02:40:00,5,75,75108,2,2,1,3,RUE DES MATHURINS,"488,731,368,492","23,267,415,433",2.022E+11,729 741,A01,3,1,0,2,1,1,5,NULL,2.022E+11,987 155,729 739,B01,1,1,1,1,1987,4,1,0,-1,0,0,-1,2.022E+11,4,RUE DES MATHURINS,0,NULL,1,1,0,1,-1,-1,1,NULL,-1,1,0,1,50,
2.022E+11,30,3,2022,02:40:00,5,75,75108,2,2,1,3,RUE DES MATHURINS,"488,731,368,492","23,267,415,433",2.022E+11,729 741,A01,3,1,0,2,1,1,5,NULL,2.022E+11,987 157,729 741,A01,1,1,4,1,1987,9,2,0,-1,0,0,-1,2.022E+11,4,RUE DES MATHURINS,0,NULL,1,1,0,1,-1,-1,1,NULL,-1,1,0,1,50,
2.022E+11,21,9,2022,18:20:00,1,33,33075,2,1,1,2,Boulevard Jacques Chaban-Delmas,"448,771,399,760"," -0,5779650807",2.022E+11,725 690,B01,3,1,0,2,5,1,5,NULL,2.022E+11,981 842,725 690,B01,1,1,4,2,1966,1,0,-1,-1,0,0,-1,2.022E+11,4,AVE J. CHABAN DELMAS,0,NULL,-1,2,0,1,-1,-1,1,NULL,-1,1,0,1,50,
2.022E+11,21,9,2022,18:20:00,1,33,33075,2,1,1,2,Boulevard Jacques Chaban-Delmas,"448,771,399,760"," -0,5779650807",2.022E+11,725 690,B01,3,1,0,2,5,1,5,NULL,2.022E+11,981 844,725 692,A01,1,1,1,1,1966,0,1,-1,-1,0,0,-1,2.022E+11,4,AVE J. CHABAN DELMAS,0,NULL,-1,2,0,1,-1,-1,1,NULL,-1,1,0,1,50,
2.022E+11,21,9,2022,09:15:00,1,75,75115,2,1,1,6,BOULEVARD LEFEBVRE,"488,301,220,000","22,950,230,000",2.022E+11,725 443,A01,2,1,12,0,7,21,5,NULL,2.022E+11,981 529,725 443,A01,1,1,4,2,1991,1,8,0,-1,0,0,-1,2.022E+11,4,BOULEVARD LEFEBVRE,0,NULL,1,2,1,1,-1,-1,1,NULL,-1,1,0,1,50,
2.022E+11,23,10,2022,09:15:00,1,75,75107,2,1,2,7,PORT DU GROS CAILLOU,"488,629,180,000","23,063,440,000",2.022E+11,722 889,A01,3,1,14,0,7,14,5,NULL,2.022E+11,978 154,722 889,A01,1,1,4,2,1980,1,8,0,-1,0,0,-1,2.022E+11,4,PORT DU GROS CAILLOU,0,NULL,1,1,0,2,-1,-1,1,NULL,-1,2,6,1,30,
2.022E+11,18,3,2022,04:38:00,3,68,68260,1,1,2,3,D430,"478,784,980,000","72,749,340,000",2.022E+11,722 870,A01,1,1,0,0,3,0,5,NULL,2.022E+11,978 132,722 870,A01,1,1,2,1,1966,1,0,-1,-1,0,0,-1,2.022E+11,3,430,0,NULL,3,4,0,1,40,500,1,NULL,-1,2,0,1,110,
2.022E+11,18,3,2022,04:38:00,3,68,68260,1,1,2,3,D430,"478,784,980,000","72,749,340,000",2.022E+11,722 870,A01,1,1,0,0,3,0,5,NULL,2.022E+11,978 134,722 872,B01,1,1,1,-1,NULL,-1,-1,-1,-1,-1,-1,-1,2.022E+11,3,430,0,NULL,3,4,0,1,40,500,1,NULL,-1,2,0,1,110,
2.022E+11,1,6,2022,10:25:00,1,69,69291,2,2,1,3,Chemin du Petit Chantoire,"456,431,370,000","48,750,490,000",2.022E+11,720 581,A01,3,1,0,2,7,26,5,NULL,2.022E+11,974 985,720 576,B01,1,1,1,1,1952,5,1,-1,-1,0,0,-1,2.022E+11,4,NULL,-1,NULL,2,1,0,2,-1,-1,1,NULL,3,1,0,1,50,
2.022E+11,1,6,2022,10:25:00,1,69,69291,2,2,1,3,Chemin du Petit Chantoire,"456,431,370,000","48,750,490,000",2.022E+11,720 581,A01,3,1,0,2,7,26,5,NULL,2.022E+11,974 992,720 581,A01,1,1,3,1,1990,5,2,-1,-1,0,0,-1,2.022E+11,4,NULL,-1,NULL,2,1,0,2,-1,-1,1,NULL,3,1,0,1,50,
2.022E+11,20,10,2022,17:38:00,1,78,78440,2,1,1,3,avenue de la République,"489,861,130,000","19,151,250,000",2.022E+11,716 658,B01,2,1,0,2,1,1,5,NULL,2.022E+11,969 588,716 653,A01,1,1,1,2,1997,9,1,0,-1,-1,-1,-1,2.022E+11,4,avenue de la République,0,NULL,2,2,0,2,-1,-1,1,NULL,-1,1,0,5,50,
2.022E+11,20,10,2022,17:38:00,1,78,78440,2,1,1,3,avenue de la République,"489,861,130,000","19,151,250,000",2.022E+11,716 658,B01,2,1,0,2,1,1,5,NULL,2.022E+11,969 593,716 658,B01,1,1,4,1,1998,9,2,0,-1,-1,-1,-1,2.022E+11,4,avenue de la République,0,NULL,2,2,0,2,-1,-1,1,NULL,-1,1,0,5,50,
2.022E+11,20,10,2022,08:00:00,1,35,35281,2,1,2,3,MERMOZ (BOULEVARD JEAN),"480,912,200,000","-17,045,800,000",2.022E+11,715 920,B01,3,1,0,2,1,1,5,NULL,2.022E+11,968 614,715 915,A01,1,1,1,1,1972,1,8,-1,-1,-1,-1,-1,2.022E+11,4,MERMOZ (BOULEVARD JEAN),0,NULL,3,4,1,1,-1,-1,3,NULL,-1,2,0,1,50,
2.022E+11,20,10,2022,08:00:00,1,35,35281,2,1,2,3,MERMOZ (BOULEVARD JEAN),"480,912,200,000","-17,045,800,000",2.022E+11,715 920,B01,3,1,0,2,1,1,5,NULL,2.022E+11,968 620,715 920,B01,1,1,4,1,1991,1,8,-1,-1,-1,-1,-1,2.022E+11,4,MERMOZ (BOULEVARD JEAN),0,NULL,3,4,1,1,-1,-1,3,NULL,-1,2,0,1,50,
2.022E+11,23,3,2022,18:50:00,1,75,75107,2,5,1,2,RUE SAINT DOMINIQUE,"488,576,660,000","23,002,450,000",2.022E+11,810 373,B01,1,1,0,2,1,1,5,NULL,2.022E+11,1 094 926,810 373,B01,1,1,4,2,2005,2,0,0,-1,0,0,-1,2.022E+11,4,RUE SAINT DOMINIQUE,0,NULL,1,1,0,1,-1,-1,1,NULL,-1,1,0,1,30,
2.022E+11,23,3,2022,18:50:00,1,75,75107,2,5,1,2,RUE SAINT DOMINIQUE,"488,576,660,000","23,002,450,000",2.022E+11,810 373,B01,1,1,0,2,1,1,5,NULL,2.022E+11,1 094 928,810 375,A01,1,1,1,1,1998,4,1,0,-1,0,0,-1,2.022E+11,4,RUE SAINT DOMINIQUE,0,NULL,1,1,0,1,-1,-1,1,NULL,-1,1,0,1,30,
2.022E+11,18,10,2022,07:15:00,3,13,13071,1,4,1,3,ROUTE NATIONALE 113 - AGAVON,"434,162,700,000","52,782,600,000",2.022E+11,809 494,Y01,0,1,0,2,1,26,5,NULL,2.022E+11,1 093 754,809 493,A01,1,1,1,1,1965,4,1,0,-1,-1,-1,-1,2.022E+11,3,ROUTE NATIONALE 113 - AGAVON,0,NULL,2,2,0,1,1,0,3,NULL,-1,1,5,1,70,
2.022E+11,18,10,2022,07:15:00,3,13,13071,1,4,1,3,ROUTE NATIONALE 113 - AGAVON,"434,162,700,000","52,782,600,000",2.022E+11,809 494,Y01,0,1,0,2,1,26,5,NULL,2.022E+11,1 093 755,809 494,Y01,1,1,3,1,1973,1,2,8,-1,-1,-1,-1,2.022E+11,3,ROUTE NATIONALE 113 - AGAVON,0,NULL,2,2,0,1,1,0,3,NULL,-1,1,5,1,70,
2.022E+11,23,11,2022,18:20:00,3,16,16135,1,4,1,2,D6,"456,501,480,000","0,5318280000",2.022E+11,807 861,B01,2,1,0,2,6,15,5,NULL,2.022E+11,1 091 566,807 861,B01,1,1,3,1,1970,1,0,-1,-1,0,0,-1,2.022E+11,3,6,0,D,2,2,0,1,3,900,1,NULL,6,2,0,1,80,
2.022E+11,23,11,2022,18:20:00,3,16,16135,1,4,1,2,D6,"456,501,480,000","0,5318280000",2.022E+11,807 861,B01,2,1,0,2,6,15,5,NULL,2.022E+11,1 091 568,807 863,A01,1,1,1,2,1957,3,1,-1,-1,0,0,-1,2.022E+11,3,6,0,D,2,2,0,1,3,900,1,NULL,6,2,0,1,80,
2.022E+11,11,9,2022,16:30:00,1,83,83129,2,1,7,3,SOLVIOU (CORNICHE DE),"431,054,590,000","58,136,080,000",2.022E+11,806 419,B01,1,1,0,2,0,0,5,NULL,2.022E+11,1 089 607,806 417,A01,1,1,1,1,1990,1,1,-1,-1,-1,-1,-1,2.022E+11,7,SOLVIOU (CORNICHE DE),0,NULL,3,2,0,4,0,30,1,NULL,-1,1,9,1,50,
2.022E+11,11,9,2022,16:30:00,1,83,83129,2,1,7,3,SOLVIOU (CORNICHE DE),"431,054,590,000","58,136,080,000",2.022E+11,806 419,B01,1,1,0,2,0,0,5,NULL,2.022E+11,1 089 609,806 419,B01,1,1,3,1,1964,0,2,0,-1,-1,-1,-1,2.022E+11,7,SOLVIOU (CORNICHE DE),0,NULL,3,2,0,4,0,30,1,NULL,-1,1,9,1,50,
2.022E+11,4,8,2022,11:30:00,1,34,34259,2,6,1,3,rue du réservoir,"436,146,810,000","37,760,300,000",2.022E+11,801 833,B01,3,1,0,2,7,1,5,NULL,2.022E+11,1 083 527,801 833,B01,1,1,3,1,1964,5,2,-1,-1,0,0,-1,2.022E+11,4,NULL,-1,NULL,2,1,0,4,-1,-1,3,NULL,3,1,0,1,50,
2.022E+11,4,8,2022,11:30:00,1,34,34259,2,6,1,3,rue du réservoir,"436,146,810,000","37,760,300,000",2.022E+11,801 833,B01,3,1,0,2,7,1,5,NULL,2.022E+11,1 083 528,801 834,A01,1,1,1,2,1969,5,1,-1,-1,0,0,-1,2.022E+11,4,NULL,-1,NULL,2,1,0,4,-1,-1,3,NULL,3,1,0,1,50,
2.022E+11,29,4,2022,17:15:00,1,92,92046,2,9,1,3,DE STALINGRAD,"488,149,538,689","22,862,657,458",2.022E+11,800 553,B01,2,1,0,2,8,26,5,NULL,2.022E+11,1 081 865,800 553,B01,1,1,4,1,2004,5,8,0,-1,-1,-1,-1,2.022E+11,3,62,0,NULL,3,2,1,1,0,0,1,NULL,-1,1,0,5,50,
2.022E+11,29,4,2022,17:15:00,1,92,92046,2,9,1,3,DE STALINGRAD,"488,149,538,689","22,862,657,458",2.022E+11,800 553,B01,2,1,0,2,8,26,5,NULL,2.022E+11,1 081 867,800 553,B01,2,2,1,1,2004,5,8,0,-1,-1,-1,-1,2.022E+11,3,62,0,NULL,3,2,1,1,0,0,1,NULL,-1,1,0,5,50,
2.022E+11,29,4,2022,17:15:00,1,92,92046,2,9,1,3,DE STALINGRAD,"488,149,538,689","22,862,657,458",2.022E+11,800 553,B01,2,1,0,2,8,26,5,NULL,2.022E+11,1 081 869,800 556,A01,1,1,1,1,1941,1,1,0,-1,-1,-1,-1,2.022E+11,3,62,0,NULL,3,2,1,1,0,0,1,NULL,-1,1,0,5,50,
2.022E+11,12,9,2022,22:00:00,5,75,75115,2,4,1,1,RUE BRANCION,"488,296,790,000","23,017,620,000",2.022E+11,799 796,A01,2,1,0,2,1,1,5,NULL,2.022E+11,1 080 869,799 795,Z01,1,1,1,-1,NULL,-1,-1,-1,-1,-1,-1,-1,2.022E+11,4,RUE BRANCION,0,NULL,2,2,2,1,-1,-1,1,NULL,-1,1,-1,5,30,
2.022E+11,12,9,2022,22:00:00,5,75,75115,2,4,1,1,RUE BRANCION,"488,296,790,000","23,017,620,000",2.022E+11,799 796,A01,2,1,0,2,1,1,5,NULL,2.022E+11,1 080 870,799 796,A01,1,1,4,1,1991,9,8,0,-1,0,0,-1,2.022E+11,4,RUE BRANCION,0,NULL,2,2,2,1,-1,-1,1,NULL,-1,1,-1,5,30,
2.022E+11,21,11,2022,18:50:00,5,75,75117,2,1,2,6,BOULEVARD BERTHIER,"488,887,030,000","23,013,270,000",2.022E+11,798 266,A01,2,1,0,1,1,1,5,NULL,2.022E+11,1 078 881,798 266,A01,1,1,1,1,1979,1,2,0,-1,0,0,-1,2.022E+11,4,BOULEVARD BERTHIER,0,NULL,2,4,1,1,-1,-1,1,NULL,-1,2,0,5,50,
2.022E+11,21,11,2022,18:50:00,5,75,75117,2,1,2,6,BOULEVARD BERTHIER,"488,887,030,000","23,013,270,000",2.022E+11,798 266,A01,2,1,0,1,1,1,5,NULL,2.022E+11,1 078 883,798 266,A01,10,3,4,2,2007,5,0,-1,-1,1,A,1,2.022E+11,4,BOULEVARD BERTHIER,0,NULL,2,4,1,1,-1,-1,1,NULL,-1,2,0,5,50,
2.022E+11,14,10,2022,14:30:00,1,9,9225,1,1,1,3,BELPECH ROUTE DE,"431,171,420,000","16,349,210,000",2.022E+11,796 250,A01,1,1,0,2,8,2,5,NULL,2.022E+11,1 076 196,796 250,A01,1,1,3,1,1972,1,2,8,-1,-1,-1,-1,2.022E+11,3,BELPECH ROUTE DE,0,NULL,2,2,0,1,18,414,1,NULL,-1,1,0,1,80,
2.022E+11,14,10,2022,14:30:00,1,9,9225,1,1,1,3,BELPECH ROUTE DE,"431,171,420,000","16,349,210,000",2.022E+11,796 250,A01,1,1,0,2,8,2,5,NULL,2.022E+11,1 076 198,796 252,B01,1,1,1,2,2004,1,8,0,-1,-1,-1,-1,2.022E+11,3,BELPECH ROUTE DE,0,NULL,2,2,0,1,18,414,1,NULL,-1,1,0,1,80,
2.022E+11,14,10,2022,14:30:00,1,9,9225,1,1,1,3,BELPECH ROUTE DE,"431,171,420,000","16,349,210,000",2.022E+11,796 250,A01,1,1,0,2,8,2,5,NULL,2.022E+11,1 076 199,796 252,B01,2,2,1,2,2000,1,8,0,-1,-1,-1,-1,2.022E+11,3,BELPECH ROUTE DE,0,NULL,2,2,0,1,18,414,1,NULL,-1,1,0,1,80,
2.022E+11,14,10,2022,14:30:00,1,9,9225,1,1,1,3,BELPECH ROUTE DE,"431,171,420,000","16,349,210,000",2.022E+11,796 250,A01,1,1,0,2,8,2,5,NULL,2.022E+11,1 076 201,796 252,B01,3,2,1,2,2001,2,8,0,-1,-1,-1,-1,2.022E+11,3,BELPECH ROUTE DE,0,NULL,2,2,0,1,18,414,1,NULL,-1,1,0,1,80,
2.022E+11,29,6,2022,09:30:00,1,75,75109,2,7,1,3,BOULEVARD HAUSSMANN,"488,731,430,000","23,313,230,000",2.022E+11,792 173,B01,1,1,0,2,8,1,5,NULL,2.022E+11,1 070 832,792 173,B01,1,1,4,2,1994,1,8,0,-1,0,0,-1,2.022E+11,4,BOULEVARD HAUSSMANN,0,NULL,1,3,0,1,-1,-1,1,NULL,-1,1,0,1,30,
2.022E+11,29,6,2022,09:30:00,1,75,75109,2,7,1,3,BOULEVARD HAUSSMANN,"488,731,430,000","23,313,230,000",2.022E+11,792 173,B01,1,1,0,2,8,1,5,NULL,2.022E+11,1 070 834,792 175,A01,1,1,1,1,1993,4,1,0,-1,0,0,-1,2.022E+11,4,BOULEVARD HAUSSMANN,0,NULL,1,3,0,1,-1,-1,1,NULL,-1,1,0,1,30,
2.022E+11,24,12,2022,19:00:00,5,51,51649,2,1,2,3,Rue Saint-Abdon,"487,293,990,000","45,860,540,000",2.022E+11,789 868,B01,2,1,0,2,3,19,5,NULL,2.022E+11,1 067 725,789 868,B01,1,1,4,1,2007,5,0,-1,-1,0,0,-1,2.022E+11,2,4,0,N,4,4,0,1,84,1300,1,NULL,-1,2,0,1,50,
2.022E+11,24,12,2022,19:00:00,5,51,51649,2,1,2,3,Rue Saint-Abdon,"487,293,990,000","45,860,540,000",2.022E+11,789 868,B01,2,1,0,2,3,19,5,NULL,2.022E+11,1 067 730,789 872,A01,2,1,1,1,1967,5,8,-1,-1,0,0,-1,2.022E+11,2,4,0,N,4,4,0,1,84,1300,1,NULL,-1,2,0,1,50,
2.022E+11,30,7,2022,11:22:00,1,74,74041,1,1,1,5,NULL,"463,067,564,590","66,774,203,538",2.022E+11,788 360,C01,1,1,0,0,8,1,5,NULL,2.022E+11,1 065 666,788 360,C01,1,1,3,1,1952,0,2,-1,-1,0,0,-1,2.022E+11,3,22,0,D,2,2,0,2,32,640,1,NULL,-1,1,0,3,80,
2.022E+11,30,7,2022,11:22:00,1,74,74041,1,1,1,5,NULL,"463,067,564,590","66,774,203,538",2.022E+11,788 361,B01,1,1,0,0,8,1,5,NULL,2.022E+11,1 065 666,788 360,C01,1,1,3,1,1952,0,2,-1,-1,0,0,-1,2.022E+11,3,22,0,D,2,2,0,2,32,640,1,NULL,-1,1,0,3,80,
2.022E+11,30,7,2022,11:22:00,1,74,74041,1,1,1,5,NULL,"463,067,564,590","66,774,203,538",2.022E+11,788 360,C01,1,1,0,0,8,1,5,NULL,2.022E+11,1 065 667,788 361,B01,1,1,4,1,2000,5,2,-1,-1,0,0,-1,2.022E+11,3,22,0,D,2,2,0,2,32,640,1,NULL,-1,1,0,3,80,
2.022E+11,30,7,2022,11:22:00,1,74,74041,1,1,1,5,NULL,"463,067,564,590","66,774,203,538",2.022E+11,788 361,B01,1,1,0,0,8,1,5,NULL,2.022E+11,1 065 667,788 361,B01,1,1,4,1,2000,5,2,-1,-1,0,0,-1,2.022E+11,3,22,0,D,2,2,0,2,32,640,1,NULL,-1,1,0,3,80,
2.022E+11,30,7,2022,11:22:00,1,74,74041,1,1,1,5,NULL,"463,067,564,590","66,774,203,538",2.022E+11,788 360,C01,1,1,0,0,8,1,5,NULL,2.022E+11,1 065 668,788 362,A01,1,1,1,1,1949,0,1,-1,-1,0,0,-1,2.022E+11,3,22,0,D,2,2,0,2,32,640,1,NULL,-1,1,0,3,80,
2.022E+11,30,7,2022,11:22:00,1,74,74041,1,1,1,5,NULL,"463,067,564,590","66,774,203,538",2.022E+11,788 361,B01,1,1,0,0,8,1,5,NULL,2.022E+11,1 065 668,788 362,A01,1,1,1,1,1949,0,1,-1,-1,0,0,-1,2.022E+11,3,22,0,D,2,2,0,2,32,640,1,NULL,-1,1,0,3,80,
2.022E+11,26,5,2022,04:00:00,5,75,75107,2,1,1,7,QUAI D ORSAY,"488,629,070,000","23,175,060,000",2.022E+11,780 509,A01,2,1,0,0,0,1,5,NULL,2.022E+11,1 055 231,780 509,A01,1,1,4,2,1999,5,2,0,-1,0,0,-1,2.022E+11,4,QUAI D ORSAY,0,NULL,2,4,1,1,-1,-1,1,NULL,-1,1,-1,5,30,
2.022E+11,27,7,2022,19:00:00,1,15,15163,1,3,7,1,Lieu-Dit les Bessades,"448,407,390,000","23,902,720,000",2.022E+11,780 400,B01,1,1,0,2,3,1,5,NULL,2.022E+11,1 055 081,780 400,B01,1,1,3,1,1985,5,2,-1,-1,0,0,-1,2.022E+11,3,617,-1,NULL,2,2,0,1,29,670,1,NULL,-1,1,0,1,90,
2.022E+11,27,7,2022,19:00:00,1,15,15163,1,3,7,1,Lieu-Dit les Bessades,"448,407,390,000","23,902,720,000",2.022E+11,780 400,B01,1,1,0,2,3,1,5,NULL,2.022E+11,1 055 082,780 401,A01,1,1,1,1,1991,1,1,-1,-1,0,0,-1,2.022E+11,3,617,-1,NULL,2,2,0,1,29,670,1,NULL,-1,1,0,1,90,
2.022E+11,26,7,2022,09:25:00,1,29,29174,2,6,1,3,Rue René le Berre,"479,023,841,107","-42,796,218,395",2.022E+11,777 152,B01,1,1,0,2,7,1,5,NULL,2.022E+11,1 050 715,777 151,A01,1,1,1,1,1946,3,1,-1,-1,0,0,-1,2.022E+11,3,2,0,D,2,2,0,2,20,630,1,NULL,-1,1,0,1,50,
2.022E+11,26,7,2022,09:25:00,1,29,29174,2,6,1,3,Rue René le Berre,"479,023,841,107","-42,796,218,395",2.022E+11,777 152,B01,1,1,0,2,7,1,5,NULL,2.022E+11,1 050 716,777 152,B01,1,1,4,1,1956,3,2,-1,-1,0,0,-1,2.022E+11,3,2,0,D,2,2,0,2,20,630,1,NULL,-1,1,0,1,50,
2.022E+11,24,7,2022,16:14:00,1,32,32013,2,1,1,7,MASSENA (RUE),"436,490,000,000","0,5906000000",2.022E+11,773 498,A01,3,1,0,0,0,1,5,NULL,2.022E+11,1 045 746,773 498,A01,1,1,3,1,1954,0,8,0,-1,-1,-1,-1,2.022E+11,4,MASSENA (RUE),0,NULL,-1,2,0,1,-1,-1,1,NULL,-1,1,0,4,50,
2.022E+11,14,11,2022,08:20:00,2,85,85003,2,6,2,1,RD978,"467,509,091,000","-16,239,729,000",2.022E+11,772 980,A01,1,1,0,2,7,19,5,NULL,2.022E+11,1 045 034,772 978,B01,1,1,1,1,1997,1,1,-1,-1,0,0,-1,2.022E+11,3,NULL,-1,NULL,2,2,0,1,14,831,1,NULL,5,2,0,1,50,
2.022E+11,14,11,2022,08:20:00,2,85,85003,2,6,2,1,RD978,"467,509,091,000","-16,239,729,000",2.022E+11,772 980,A01,1,1,0,2,7,19,5,NULL,2.022E+11,1 045 036,772 980,A01,1,1,4,1,2008,2,0,-1,-1,0,0,-1,2.022E+11,3,NULL,-1,NULL,2,2,0,1,14,831,1,NULL,5,2,0,1,50,
2.022E+11,28,9,2022,14:50:00,1,59,59009,2,9,1,3,JAURES JEAN RUE    N°76 AU 128,"506,543,230,713","31,309,881,806",2.022E+11,764 184,B01,1,1,0,2,1,26,5,NULL,2.022E+11,1 033 336,764 184,B01,1,1,4,1,1991,1,0,0,-1,-1,-1,-1,2.022E+11,7,JAURES JEAN RUE    N°76 AU 128,0,NULL,1,6,2,1,-1,-1,1,NULL,-1,1,0,1,50,
2.022E+11,28,9,2022,14:50:00,1,59,59009,2,9,1,3,JAURES JEAN RUE    N°76 AU 128,"506,543,230,713","31,309,881,806",2.022E+11,764 184,B01,1,1,0,2,1,26,5,NULL,2.022E+11,1 033 340,764 186,A01,1,1,1,1,1963,1,8,0,-1,-1,-1,-1,2.022E+11,7,JAURES JEAN RUE    N°76 AU 128,0,NULL,1,6,2,1,-1,-1,1,NULL,-1,1,0,1,50,
2.022E+11,12,8,2022,14:35:00,1,15,15014,2,6,1,3,LESCUDILLIERS (BOULEVARD DE),"449,156,800,000","24,295,100,000",2.022E+11,758 707,B01,0,1,0,0,2,1,5,NULL,2.022E+11,1 026 160,758 707,B01,1,1,4,1,1952,5,2,-1,-1,-1,-1,-1,2.022E+11,4,LESCUDILLIERS (BOULEVARD DE),0,NULL,-1,2,0,1,-1,-1,3,NULL,-1,1,0,1,50,
2.022E+11,12,8,2022,14:35:00,1,15,15014,2,6,1,3,LESCUDILLIERS (BOULEVARD DE),"449,156,800,000","24,295,100,000",2.022E+11,758 707,B01,0,1,0,0,2,1,5,NULL,2.022E+11,1 026 161,758 708,A01,1,1,1,2,1973,3,1,0,-1,-1,-1,-1,2.022E+11,4,LESCUDILLIERS (BOULEVARD DE),0,NULL,-1,2,0,1,-1,-1,3,NULL,-1,1,0,1,50,
2.022E+11,2,11,2022,09:45:00,1,42,42185,1,1,1,2,828 Route de Cuzieu,"455,935,980,000","42,539,190,000",2.022E+11,753 959,B01,2,1,0,0,4,1,5,NULL,2.022E+11,1 019 736,753 959,B01,1,1,4,1,1972,5,2,9,-1,0,0,-1,2.022E+11,3,16,0,NULL,2,2,0,1,13,530,3,NULL,-1,1,0,1,80,
2.022E+11,2,11,2022,09:45:00,1,42,42185,1,1,1,2,828 Route de Cuzieu,"455,935,980,000","42,539,190,000",2.022E+11,753 959,B01,2,1,0,0,4,1,5,NULL,2.022E+11,1 019 737,753 960,A01,1,1,1,1,1985,0,1,-1,-1,0,0,-1,2.022E+11,3,16,0,NULL,2,2,0,1,13,530,3,NULL,-1,1,0,1,80,
2.022E+11,14,5,2022,22:30:00,5,72,72181,2,1,1,6,GAY LUSSAC (RUE),"479,817,000,000","0,2224200000",2.022E+11,753 417,A01,1,1,1,0,2,1,5,NULL,2.022E+11,1 018 989,753 417,A01,1,1,4,1,1979,0,8,0,-1,-1,-1,-1,2.022E+11,4,GAY LUSSAC (RUE),0,NULL,2,2,0,1,0,0,1,NULL,-1,1,0,1,50,
2.022E+11,16,6,2022,23:35:00,5,69,69259,2,1,1,3,Avenue Jean Cagne,"456,960,673,238","48,717,655,416",2.022E+11,747 902,B01,3,1,0,2,7,19,5,NULL,2.022E+11,1 011 559,747 902,B01,1,1,4,1,1986,5,2,-1,-1,-1,-1,-1,2.022E+11,4,JEAN CAGNE                          (AV),0,NULL,2,2,1,1,-1,-1,1,NULL,-1,1,0,1,50,
2.022E+11,16,6,2022,23:35:00,5,69,69259,2,1,1,3,Avenue Jean Cagne,"456,960,673,238","48,717,655,416",2.022E+11,747 902,B01,3,1,0,2,7,19,5,NULL,2.022E+11,1 011 561,747 903,A01,1,1,1,1,2003,0,1,-1,-1,-1,-1,-1,2.022E+11,4,JEAN CAGNE                          (AV),0,NULL,2,2,1,1,-1,-1,1,NULL,-1,1,0,1,50,