Accident_Id,jour,mois,an,hrmn,lum,dep,com,agg,int,atm,col,adr,lat,long,Num_Acc,id_vehicule,num_veh,senc,catv,obs,obsm,choc,manv,motor,occutc,Num_Acc,id_usager,id_vehicule,num_veh,place,catu,grav,sexe,an_nais,trajet,secu1,secu2,secu3,locp,actp,etatp,Num_Acc,catr,voie,v1,v2,circ,nbv,vosp,prof,pr,pr1,plan,lartpc,larrout,surf,infra,situ,vma,
2.022E+11,14,6,2022,16:50:00,1,92,92026,2,6,1,2,SAINT DENIS BD (120 A 174 / 199 A 315),"489,025,830,000","22,745,970,000",2.022E+11,741 525,V01,1,1,0,2,4,1,5,NULL,2.022E+11,1 002 996,741 529,A01,1,1,1,2,1950,2,1,0,-1,-1,-1,-1,2.022E+11,3,9,0,NULL,2,2,1,1,0,0,3,NULL,-1,1,5,5,50,
2.022E+11,22,2,2022,16:30:00,1,49,49007,2,6,1,2,CROIX PELETTE,"474,721,200,000"," -0,5854800000",2.022E+11,740 838,A01,2,1,0,2,1,1,5,NULL,2.022E+11,1 002 084,740 837,B01,1,1,1,1,1968,4,8,0,-1,-1,-1,-1,2.022E+11,4,CROIX PELETTE,0,NULL,3,4,0,1,1,0,1,NULL,-1,1,0,1,30,
2.022E+11,22,2,2022,16:30:00,1,49,49007,2,6,1,2,CROIX PELETTE,"474,721,200,000"," -0,5854800000",2.022E+11,740 838,A01,2,1,0,2,1,1,5,NULL,2.022E+11,1 002 086,740 838,A01,1,1,4,1,1998,0,8,0,-1,-1,-1,-1,2.022E+11,4,CROIX PELETTE,0,NULL,3,4,0,1,1,0,1,NULL,-1,1,0,1,30,
2.022E+11,29,10,2022,14:47:00,1,73,73050,1,1,1,2,D1504,"456,754,220,000","58,530,520,000",2.022E+11,736 881,B01,3,1,0,2,4,2,5,NULL,2.022E+11,996 588,736 879,A01,1,1,1,2,1991,9,1,-1,-1,0,0,-1,2.022E+11,3,1504,0,D,2,2,2,2,13,195,2,NULL,-1,1,-1,5,70,
2.022E+11,29,10,2022,14:47:00,1,73,73050,1,1,1,2,D1504,"456,754,220,000","58,530,520,000",2.022E+11,736 881,B01,3,1,0,2,4,2,5,NULL,2.022E+11,996 591,736 881,B01,1,1,3,1,1972,5,2,-1,-1,0,0,-1,2.022E+11,3,1504,0,D,2,2,2,2,13,195,2,NULL,-1,1,-1,5,70,
2.022E+11,24,9,2022,15:42:00,1,68,68224,2,4,1,3,KINGERSHEIM (RUE DE),"477,729,500,000","73,272,700,000",2.022E+11,735 901,B01,1,1,0,2,1,5,5,NULL,2.022E+11,995 300,735 900,A01,1,1,1,1,1989,1,1,0,-1,0,0,-1,2.022E+11,3,KINGERSHEIM (RUE DE),0,NULL,2,2,1,1,11,800,1,NULL,-1,1,0,5,50,
2.022E+11,24,9,2022,15:42:00,1,68,68224,2,4,1,3,KINGERSHEIM (RUE DE),"477,729,500,000","73,272,700,000",2.022E+11,735 901,B01,1,1,0,2,1,5,5,NULL,2.022E+11,995 301,735 901,B01,1,1,3,1,1940,3,8,0,-1,0,0,-1,2.022E+11,3,KINGERSHEIM (RUE DE),0,NULL,2,2,1,1,11,800,1,NULL,-1,1,0,5,50,
2.022E+11,12,7,2022,10:30:00,1,5,5156,1,3,1,3,Impasse du Pied de Chanchore,"445,415,909,741","64,976,057,410",2.022E+11,734 815,B01,2,1,0,2,1,17,5,NULL,2.022E+11,993 843,734 812,A01,2,2,1,1,1996,4,1,-1,-1,0,0,-1,2.022E+11,3,40,0,D,1,2,0,4,1,500,2,NULL,-1,1,0,1,80,
2.022E+11,12,7,2022,10:30:00,1,5,5156,1,3,1,3,Impasse du Pied de Chanchore,"445,415,909,741","64,976,057,410",2.022E+11,734 815,B01,2,1,0,2,1,17,5,NULL,2.022E+11,993 845,734 812,A01,1,1,1,2,1968,4,1,-1,-1,0,0,-1,2.022E+11,3,40,0,D,1,2,0,4,1,500,2,NULL,-1,1,0,1,80,
2.022E+11,12,7,2022,10:30:00,1,5,5156,1,3,1,3,Impasse du Pied de Chanchore,"445,415,909,741","64,976,057,410",2.022E+11,734 815,B01,2,1,0,2,1,17,5,NULL,2.022E+11,993 847,734 815,B01,1,1,3,1,2005,5,2,-1,-1,0,0,-1,2.022E+11,3,40,0,D,1,2,0,4,1,500,2,NULL,-1,1,0,1,80,
2.022E+11,11,5,2022,07:45:00,1,75,75113,2,3,1,3,BOULEVARD MASSENA,"488,234,020,000","23,750,210,000",2.022E+11,730 101,A01,2,1,0,2,1,1,5,NULL,2.022E+11,987 619,730 098,B01,1,1,1,1,1984,4,1,0,-1,0,0,-1,2.022E+11,4,BOULEVARD MASSENA,0,NULL,3,2,1,2,-1,-1,1,NULL,-1,1,-1,5,30,
2.022E+11,11,5,2022,07:45:00,1,75,75113,2,3,1,3,BOULEVARD MASSENA,"488,234,020,000","23,750,210,000",2.022E+11,730 101,A01,2,1,0,2,1,1,5,NULL,2.022E+11,987 623,730 101,A01,1,1,4,1,2002,2,2,0,-1,0,0,-1,2.022E+11,4,BOULEVARD MASSENA,0,NULL,3,2,1,2,-1,-1,1,NULL,-1,1,-1,5,30,
2.022E+11,20,6,2022,13:25:00,1,59,59636,2,6,1,3,"Abbé Pierre, rue","506,887,900,000","30,650,800,000",2.022E+11,728 961,B01,3,1,0,2,0,1,5,NULL,2.022E+11,986 133,728 961,B01,1,1,4,1,2005,2,8,0,-1,-1,-1,-1,2.022E+11,7,"Abbé Pierre, rue",0,NULL,3,2,0,1,-1,-1,3,NULL,-1,1,5,1,50,
2.022E+11,20,6,2022,13:25:00,1,59,59636,2,6,1,3,"Abbé Pierre, rue","506,887,900,000","30,650,800,000",2.022E+11,728 961,B01,3,1,0,2,0,1,5,NULL,2.022E+11,986 136,728 963,A01,1,1,1,2,1954,3,1,8,-1,-1,-1,-1,2.022E+11,7,"Abbé Pierre, rue",0,NULL,3,2,0,1,-1,-1,3,NULL,-1,1,5,1,50,
2.022E+11,29,3,2022,12:02:00,1,75,75118,2,2,1,3,AVENUE DE SAINT OUEN,"488,955,574,624","23,283,049,464",2.022E+11,726 507,A01,1,1,0,2,8,15,5,NULL,2.022E+11,982 894,726 504,Z01,1,1,1,1,NULL,0,8,0,-1,0,0,-1,2.022E+11,4,AVENUE DE SAINT OUEN,0,NULL,2,4,3,1,-1,-1,1,NULL,-1,1,-1,6,30,
2.022E+11,29,3,2022,12:02:00,1,75,75118,2,2,1,3,AVENUE DE SAINT OUEN,"488,955,574,624","23,283,049,464",2.022E+11,726 507,A01,1,1,0,2,8,15,5,NULL,2.022E+11,982 896,726 507,A01,1,1,4,2,1988,5,2,0,-1,0,0,-1,2.022E+11,4,AVENUE DE SAINT OUEN,0,NULL,2,4,3,1,-1,-1,1,NULL,-1,1,-1,6,30,
2.022E+11,7,1,2022,11:45:00,1,974,97411,2,9,1,5,GIMART (AVENUE STANISLAS),"-208,918,800,000","554,754,700,000",2.022E+11,726 023,B01,3,1,0,2,1,26,5,NULL,2.022E+11,982 272,726 022,C01,1,1,1,2,1998,1,1,0,-1,0,0,-1,2.022E+11,4,GIMART (AVENUE STANISLAS),0,NULL,-1,2,0,2,0,0,1,NULL,-1,1,0,1,30,
2.022E+11,7,1,2022,11:45:00,1,974,97411,2,9,1,5,GIMART (AVENUE STANISLAS),"-208,918,800,000","554,754,700,000",2.022E+11,726 023,B01,3,1,0,2,1,26,5,NULL,2.022E+11,982 273,726 023,B01,1,1,4,1,2005,5,8,0,-1,0,0,-1,2.022E+11,4,GIMART (AVENUE STANISLAS),0,NULL,-1,2,0,2,0,0,1,NULL,-1,1,0,1,30,
2.022E+11,7,1,2022,11:45:00,1,974,97411,2,9,1,5,GIMART (AVENUE STANISLAS),"-208,918,800,000","554,754,700,000",2.022E+11,726 023,B01,3,1,0,2,1,26,5,NULL,2.022E+11,982 274,726 024,A01,1,1,1,2,1971,4,1,0,-1,0,0,-1,2.022E+11,4,GIMART (AVENUE STANISLAS),0,NULL,-1,2,0,2,0,0,1,NULL,-1,1,0,1,30,
2.022E+11,24,10,2022,17:30:00,1,76,76540,2,2,1,3,Boulevard des Belges,"494,441,100,000","10,854,700,000",2.022E+11,725 113,B01,1,1,0,0,1,1,5,NULL,2.022E+11,981 093,725 113,B01,1,1,4,2,1952,0,2,-1,-1,-1,-1,-1,2.022E+11,7,BELGES. BOULEVARD DES,0,NULL,2,4,3,2,0,0,1,NULL,-1,1,-1,6,50,
2.022E+11,24,10,2022,17:30:00,1,76,76540,2,2,1,3,Boulevard des Belges,"494,441,100,000","10,854,700,000",2.022E+11,725 113,B01,1,1,0,0,1,1,5,NULL,2.022E+11,981 098,725 116,A01,1,1,1,2,1963,0,1,0,-1,-1,-1,-1,2.022E+11,7,BELGES. BOULEVARD DES,0,NULL,2,4,3,2,0,0,1,NULL,-1,1,-1,6,50,
2.022E+11,22,9,2022,13:00:00,1,65,65031,2,1,1,3,D929,"429,110,050,000","0,3604460000",2.022E+11,724 776,B01,1,1,0,2,8,1,5,NULL,2.022E+11,980 626,724 773,A01,1,1,1,1,1966,4,1,-1,-1,0,0,-1,2.022E+11,3,929,-1,D,2,2,0,1,51,400,2,NULL,-1,1,0,1,50,
2.022E+11,22,9,2022,13:00:00,1,65,65031,2,1,1,3,D929,"429,110,050,000","0,3604460000",2.022E+11,724 776,B01,1,1,0,2,8,1,5,NULL,2.022E+11,980 631,724 776,B01,1,1,4,1,1943,5,2,-1,-1,0,0,-1,2.022E+11,3,929,-1,D,2,2,0,1,51,400,2,NULL,-1,1,0,1,50,
2.022E+11,20,9,2022,10:40:00,1,92,92040,2,2,8,3,GUYNEMER,"488,310,700,000","22,788,400,000",2.022E+11,721 484,A01,3,1,1,2,1,21,5,NULL,2.022E+11,976 235,721 480,B01,1,1,1,1,1992,1,1,0,-1,-1,-1,-1,2.022E+11,3,76,0,NULL,1,3,0,1,0,0,1,NULL,-1,1,0,1,30,
2.022E+11,20,9,2022,10:40:00,1,92,92040,2,2,8,3,GUYNEMER,"488,310,700,000","22,788,400,000",2.022E+11,721 484,A01,3,1,1,2,1,21,5,NULL,2.022E+11,976 244,721 484,A01,1,1,4,2,2004,1,8,0,-1,-1,-1,-1,2.022E+11,3,76,0,NULL,1,3,0,1,0,0,1,NULL,-1,1,0,1,30,
2.022E+11,26,3,2022,12:55:00,1,59,59350,2,1,1,3,BATELIERS RUE DES,"506,457,300,000","30,631,200,000",2.022E+11,721 111,A01,3,1,0,2,8,0,5,NULL,2.022E+11,975 720,721 111,A01,1,1,3,2,1971,9,8,0,-1,-1,-1,-1,2.022E+11,4,BATELIERS RUE DES,0,NULL,1,1,0,2,-1,-1,1,NULL,-1,1,0,1,50,
2.022E+11,26,3,2022,12:55:00,1,59,59350,2,1,1,3,BATELIERS RUE DES,"506,457,300,000","30,631,200,000",2.022E+11,721 111,A01,3,1,0,2,8,0,5,NULL,2.022E+11,975 724,721 113,Z01,1,1,1,-1,NULL,-1,-1,-1,-1,-1,-1,-1,2.022E+11,4,BATELIERS RUE DES,0,NULL,1,1,0,2,-1,-1,1,NULL,-1,1,0,1,50,
2.022E+11,25,3,2022,08:50:00,1,49,49080,2,3,1,3,Rue Chantelune,"476,615,430,000"," -0,5720700000",2.022E+11,811 040,A01,3,1,0,2,3,16,5,NULL,2.022E+11,1 095 800,811 040,A01,1,1,4,1,2010,2,0,-1,-1,0,0,-1,2.022E+11,4,NULL,-1,NULL,2,2,0,1,-1,-1,2,NULL,4,1,0,1,50,
2.022E+11,25,3,2022,08:50:00,1,49,49080,2,3,1,3,Rue Chantelune,"476,615,430,000"," -0,5720700000",2.022E+11,811 040,A01,3,1,0,2,3,16,5,NULL,2.022E+11,1 095 803,811 041,B01,1,1,1,1,1969,4,1,-1,-1,0,0,-1,2.022E+11,4,NULL,-1,NULL,2,2,0,1,-1,-1,2,NULL,4,1,0,1,50,
2.022E+11,17,3,2022,17:00:00,1,67,67482,2,3,1,3,PALERME (RUE DE),"485,756,300,000","77,637,000,000",2.022E+11,807 802,B01,2,1,0,2,1,1,5,NULL,2.022E+11,1 091 487,807 799,A01,1,1,1,1,1965,5,1,8,-1,-1,-1,-1,2.022E+11,4,NULL,0,NULL,2,2,1,1,-1,-1,1,NULL,-1,1,0,1,50,
2.022E+11,17,3,2022,17:00:00,1,67,67482,2,3,1,3,PALERME (RUE DE),"485,756,300,000","77,637,000,000",2.022E+11,807 802,B01,2,1,0,2,1,1,5,NULL,2.022E+11,1 091 492,807 802,B01,1,1,4,1,1962,5,8,0,-1,-1,-1,-1,2.022E+11,4,NULL,0,NULL,2,2,1,1,-1,-1,1,NULL,-1,1,0,1,50,
2.022E+11,17,10,2022,11:48:00,1,54,54312,2,1,1,6,1 Rue Saint-denis,"489,332,210,000","61,033,610,000",2.022E+11,802 971,A01,1,1,8,0,1,13,5,NULL,2.022E+11,1 085 046,802 971,A01,1,1,2,1,1968,5,2,-1,-1,0,0,-1,2.022E+11,3,910,-1,A,2,2,0,1,2,100,1,NULL,-1,1,0,4,30,
2.022E+11,3,7,2022,11:45:00,1,85,85190,2,6,1,3,D753,"469,401,100,000","-15,100,400,000",2.022E+11,802 478,B01,2,1,0,2,0,1,5,NULL,2.022E+11,1 084 379,802 478,B01,1,1,3,1,1953,5,0,-1,-1,0,0,-1,2.022E+11,3,753,-1,NULL,1,2,0,1,30,1590,1,NULL,-1,1,0,1,-1,
2.022E+11,3,7,2022,11:45:00,1,85,85190,2,6,1,3,D753,"469,401,100,000","-15,100,400,000",2.022E+11,802 478,B01,2,1,0,2,0,1,5,NULL,2.022E+11,1 084 380,802 479,A01,1,1,1,2,2003,1,1,-1,-1,0,0,-1,2.022E+11,3,753,-1,NULL,1,2,0,1,30,1590,1,NULL,-1,1,0,1,-1,
2.022E+11,12,10,2022,12:00:00,1,75,75111,2,1,1,5,RUE DE MALTE,"488,677,800,000","23,658,730,000",2.022E+11,792 097,C01,2,1,0,2,7,1,5,NULL,2.022E+11,1 070 733,792 097,C01,1,1,4,2,1965,9,2,0,-1,0,0,-1,2.022E+11,4,RUE DE MALTE,0,NULL,1,2,1,1,-1,-1,1,NULL,-1,1,0,5,30,
2.022E+11,12,10,2022,12:00:00,1,75,75111,2,1,1,5,RUE DE MALTE,"488,677,800,000","23,658,730,000",2.022E+11,792 099,B01,1,1,0,2,7,1,5,NULL,2.022E+11,1 070 733,792 097,C01,1,1,4,2,1965,9,2,0,-1,0,0,-1,2.022E+11,4,RUE DE MALTE,0,NULL,1,2,1,1,-1,-1,1,NULL,-1,1,0,5,30,
2.022E+11,12,10,2022,12:00:00,1,75,75111,2,1,1,5,RUE DE MALTE,"488,677,800,000","23,658,730,000",2.022E+11,792 097,C01,2,1,0,2,7,1,5,NULL,2.022E+11,1 070 735,792 099,B01,1,1,4,1,1969,9,8,0,-1,0,0,-1,2.022E+11,4,RUE DE MALTE,0,NULL,1,2,1,1,-1,-1,1,NULL,-1,1,0,5,30,
2.022E+11,12,10,2022,12:00:00,1,75,75111,2,1,1,5,RUE DE MALTE,"488,677,800,000","23,658,730,000",2.022E+11,792 099,B01,1,1,0,2,7,1,5,NULL,2.022E+11,1 070 735,792 099,B01,1,1,4,1,1969,9,8,0,-1,0,0,-1,2.022E+11,4,RUE DE MALTE,0,NULL,1,2,1,1,-1,-1,1,NULL,-1,1,0,5,30,
2.022E+11,12,10,2022,12:00:00,1,75,75111,2,1,1,5,RUE DE MALTE,"488,677,800,000","23,658,730,000",2.022E+11,792 097,C01,2,1,0,2,7,1,5,NULL,2.022E+11,1 070 737,792 100,A01,1,1,1,1,1999,1,8,0,-1,0,0,-1,2.022E+11,4,RUE DE MALTE,0,NULL,1,2,1,1,-1,-1,1,NULL,-1,1,0,5,30,
2.022E+11,12,10,2022,12:00:00,1,75,75111,2,1,1,5,RUE DE MALTE,"488,677,800,000","23,658,730,000",2.022E+11,792 099,B01,1,1,0,2,7,1,5,NULL,2.022E+11,1 070 737,792 100,A01,1,1,1,1,1999,1,8,0,-1,0,0,-1,2.022E+11,4,RUE DE MALTE,0,NULL,1,2,1,1,-1,-1,1,NULL,-1,1,0,5,30,
2.022E+11,8,9,2022,17:15:00,1,75,75114,2,1,1,6,RUE DU MONTPARNASSE,"488,416,870,000","23,252,350,000",2.022E+11,789 946,A01,2,1,0,1,3,1,5,NULL,2.022E+11,1 067 825,789 946,A01,10,3,4,1,2011,9,0,-1,-1,2,3,1,2.022E+11,4,RUE DU MONTPARNASSE,0,NULL,1,3,0,1,-1,-1,1,NULL,-1,1,0,1,30,
2.022E+11,8,9,2022,17:15:00,1,75,75114,2,1,1,6,RUE DU MONTPARNASSE,"488,416,870,000","23,252,350,000",2.022E+11,789 946,A01,2,1,0,1,3,1,5,NULL,2.022E+11,1 067 826,789 946,A01,1,1,1,1,2004,9,8,0,-1,0,0,-1,2.022E+11,4,RUE DU MONTPARNASSE,0,NULL,1,3,0,1,-1,-1,1,NULL,-1,1,0,1,30,
2.022E+11,9,9,2022,22:20:00,5,75,75101,2,1,2,7,BOULEVARD DE SEBASTOPOL,"488,631,460,000","23,508,050,000",2.022E+11,789 924,A01,2,1,0,0,7,1,5,NULL,2.022E+11,1 067 796,789 924,A01,1,1,4,1,2002,9,2,0,-1,0,0,-1,2.022E+11,4,BOULEVARD DE SEBASTOPOL,0,NULL,2,5,1,1,-1,-1,1,NULL,-1,2,-1,5,30,
2.022E+11,5,2,2022,13:28:00,1,93,93051,2,1,1,3,GENERAL DE GAULLE (AVENUE),"488,460,800,000","25,587,700,000",2.022E+11,789 336,B01,1,1,0,2,7,17,5,NULL,2.022E+11,1 066 987,789 335,A01,1,1,1,1,1987,0,8,0,-1,-1,-1,-1,2.022E+11,4,GENERAL DE GAULLE (AVENUE),0,NULL,2,2,0,1,0,0,1,NULL,-1,1,0,1,50,
2.022E+11,5,2,2022,13:28:00,1,93,93051,2,1,1,3,GENERAL DE GAULLE (AVENUE),"488,460,800,000","25,587,700,000",2.022E+11,789 336,B01,1,1,0,2,7,17,5,NULL,2.022E+11,1 066 988,789 336,B01,1,1,4,1,2004,5,2,6,-1,-1,-1,-1,2.022E+11,4,GENERAL DE GAULLE (AVENUE),0,NULL,2,2,0,1,0,0,1,NULL,-1,1,0,1,50,
2.022E+11,15,6,2022,22:15:00,3,34,34194,1,1,1,1,Route de Pezenas,"435,359,768,891","34,550,525,048",2.022E+11,785 632,B01,0,1,0,2,1,1,5,NULL,2.022E+11,1 061 965,785 630,A01,1,1,1,1,1984,5,1,-1,-1,0,0,-1,2.022E+11,3,609,0,D,2,2,0,1,54,707,1,NULL,-1,1,0,1,80,
2.022E+11,15,6,2022,22:15:00,3,34,34194,1,1,1,1,Route de Pezenas,"435,359,768,891","34,550,525,048",2.022E+11,785 632,B01,0,1,0,2,1,1,5,NULL,2.022E+11,1 061 966,785 632,B01,1,1,4,1,2006,5,0,-1,-1,0,0,-1,2.022E+11,3,609,0,D,2,2,0,1,54,707,1,NULL,-1,1,0,1,80,
2.022E+11,23,4,2022,22:30:00,3,76,76210,1,1,1,3,Route de Saint Nicolas,"498,630,520,000","11,988,830,000",2.022E+11,782 422,B01,1,1,0,2,3,2,5,NULL,2.022E+11,1 057 750,782 422,B01,1,1,3,2,2006,5,0,-1,-1,0,0,-1,2.022E+11,3,114,0,A,-1,2,0,2,1,920,1,NULL,-1,1,0,1,80,
2.022E+11,23,4,2022,22:30:00,3,76,76210,1,1,1,3,Route de Saint Nicolas,"498,630,520,000","11,988,830,000",2.022E+11,782 422,B01,1,1,0,2,3,2,5,NULL,2.022E+11,1 057 752,782 423,A01,1,1,1,1,2004,5,2,6,-1,0,0,-1,2.022E+11,3,114,0,A,-1,2,0,2,1,920,1,NULL,-1,1,0,1,80,
2.022E+11,7,10,2022,12:45:00,1,27,27701,2,2,1,3,ARONDE (VOIE DE L'),"492,710,500,000","12,076,600,000",2.022E+11,778 179,A01,1,1,0,2,1,1,5,NULL,2.022E+11,1 052 094,778 179,A01,1,1,4,1,2005,2,8,0,-1,0,0,-1,2.022E+11,4,ARONDE (VOIE DE L'),0,NULL,1,1,0,1,-1,-1,1,NULL,-1,1,0,1,50,
2.022E+11,7,10,2022,12:45:00,1,27,27701,2,2,1,3,ARONDE (VOIE DE L'),"492,710,500,000","12,076,600,000",2.022E+11,778 179,A01,1,1,0,2,1,1,5,NULL,2.022E+11,1 052 095,778 180,B01,2,2,1,1,1994,1,1,0,-1,0,0,-1,2.022E+11,4,ARONDE (VOIE DE L'),0,NULL,1,1,0,1,-1,-1,1,NULL,-1,1,0,1,50,
2.022E+11,7,10,2022,12:45:00,1,27,27701,2,2,1,3,ARONDE (VOIE DE L'),"492,710,500,000","12,076,600,000",2.022E+11,778 179,A01,1,1,0,2,1,1,5,NULL,2.022E+11,1 052 096,778 180,B01,1,1,1,2,1969,1,1,0,-1,0,0,-1,2.022E+11,4,ARONDE (VOIE DE L'),0,NULL,1,1,0,1,-1,-1,1,NULL,-1,1,0,1,50,
2.022E+11,17,4,2022,20:00:00,2,75,75116,2,7,1,3,AVENUE DE VERSAILLES,"488,474,140,000","22,737,960,000",2.022E+11,775 588,A01,2,1,0,2,3,15,5,NULL,2.022E+11,1 048 619,775 588,A01,1,1,4,2,2002,9,0,0,-1,0,0,-1,2.022E+11,4,AVENUE DE VERSAILLES,0,NULL,2,4,0,1,-1,-1,1,NULL,-1,1,0,1,30,
2.022E+11,17,4,2022,20:00:00,2,75,75116,2,7,1,3,AVENUE DE VERSAILLES,"488,474,140,000","22,737,960,000",2.022E+11,775 588,A01,2,1,0,2,3,15,5,NULL,2.022E+11,1 048 621,775 591,B01,1,1,1,1,1941,5,1,0,-1,0,0,-1,2.022E+11,4,AVENUE DE VERSAILLES,0,NULL,2,4,0,1,-1,-1,1,NULL,-1,1,0,1,30,
2.022E+11,22,7,2022,18:15:00,1,69,69386,2,2,1,3,Rue de Créqui,"457,727,800,000","48,453,100,000",2.022E+11,769 768,Y01,3,1,0,2,0,0,5,NULL,2.022E+11,1 040 698,769 766,A01,1,1,1,2,1996,0,1,-1,-1,-1,-1,-1,2.022E+11,4,CREQUI (DE)                         (R ),0,NULL,1,1,0,1,-1,-1,1,NULL,-1,1,9,1,50,
2.022E+11,22,7,2022,18:15:00,1,69,69386,2,2,1,3,Rue de Créqui,"457,727,800,000","48,453,100,000",2.022E+11,769 768,Y01,3,1,0,2,0,0,5,NULL,2.022E+11,1 040 701,769 768,Y01,1,1,4,1,1967,0,8,-1,-1,-1,-1,-1,2.022E+11,4,CREQUI (DE)                         (R ),0,NULL,1,1,0,1,-1,-1,1,NULL,-1,1,9,1,50,
2.022E+11,29,9,2022,13:40:00,1,17,17415,1,1,1,4,PORT D'ENVAUX RUE DE,"457,664,100,000"," -0,6439000000",2.022E+11,764 026,B01,3,1,0,2,0,0,5,NULL,2.022E+11,1 033 121,764 025,A01,1,1,1,1,2004,5,1,0,-1,-1,-1,-1,2.022E+11,4,PORT D'ENVAUX RUE DE,0,NULL,2,2,0,2,-1,-1,1,NULL,-1,1,0,1,70,
2.022E+11,29,9,2022,13:40:00,1,17,17415,1,1,1,4,PORT D'ENVAUX RUE DE,"457,664,100,000"," -0,6439000000",2.022E+11,764 028,C01,3,1,0,2,0,0,5,NULL,2.022E+11,1 033 121,764 025,A01,1,1,1,1,2004,5,1,0,-1,-1,-1,-1,2.022E+11,4,PORT D'ENVAUX RUE DE,0,NULL,2,2,0,2,-1,-1,1,NULL,-1,1,0,1,70,
2.022E+11,29,9,2022,13:40:00,1,17,17415,1,1,1,4,PORT D'ENVAUX RUE DE,"457,664,100,000"," -0,6439000000",2.022E+11,764 030,D01,3,1,0,2,0,0,5,NULL,2.022E+11,1 033 121,764 025,A01,1,1,1,1,2004,5,1,0,-1,-1,-1,-1,2.022E+11,4,PORT D'ENVAUX RUE DE,0,NULL,2,2,0,2,-1,-1,1,NULL,-1,1,0,1,70,
2.022E+11,29,9,2022,13:40:00,1,17,17415,1,1,1,4,PORT D'ENVAUX RUE DE,"457,664,100,000"," -0,6439000000",2.022E+11,764 031,E01,3,1,0,2,0,0,5,NULL,2.022E+11,1 033 121,764 025,A01,1,1,1,1,2004,5,1,0,-1,-1,-1,-1,2.022E+11,4,PORT D'ENVAUX RUE DE,0,NULL,2,2,0,2,-1,-1,1,NULL,-1,1,0,1,70,
2.022E+11,29,9,2022,13:40:00,1,17,17415,1,1,1,4,PORT D'ENVAUX RUE DE,"457,664,100,000"," -0,6439000000",2.022E+11,764 026,B01,3,1,0,2,0,0,5,NULL,2.022E+11,1 033 122,764 026,B01,1,1,2,1,1949,5,2,0,-1,-1,-1,-1,2.022E+11,4,PORT D'ENVAUX RUE DE,0,NULL,2,2,0,2,-1,-1,1,NULL,-1,1,0,1,70,
2.022E+11,29,9,2022,13:40:00,1,17,17415,1,1,1,4,PORT D'ENVAUX RUE DE,"457,664,100,000"," -0,6439000000",2.022E+11,764 028,C01,3,1,0,2,0,0,5,NULL,2.022E+11,1 033 122,764 026,B01,1,1,2,1,1949,5,2,0,-1,-1,-1,-1,2.022E+11,4,PORT D'ENVAUX RUE DE,0,NULL,2,2,0,2,-1,-1,1,NULL,-1,1,0,1,70,
2.022E+11,29,9,2022,13:40:00,1,17,17415,1,1,1,4,PORT D'ENVAUX RUE DE,"457,664,100,000"," -0,6439000000",2.022E+11,764 030,D01,3,1,0,2,0,0,5,NULL,2.022E+11,1 033 122,764 026,B01,1,1,2,1,1949,5,2,0,-1,-1,-1,-1,2.022E+11,4,PORT D'ENVAUX RUE DE,0,NULL,2,2,0,2,-1,-1,1,NULL,-1,1,0,1,70,
2.022E+11,29,9,2022,13:40:00,1,17,17415,1,1,1,4,PORT D'ENVAUX RUE DE,"457,664,100,000"," -0,6439000000",2.022E+11,764 031,E01,3,1,0,2,0,0,5,NULL,2.022E+11,1 033 122,764 026,B01,1,1,2,1,1949,5,2,0,-1,-1,-1,-1,2.022E+11,4,PORT D'ENVAUX RUE DE,0,NULL,2,2,0,2,-1,-1,1,NULL,-1,1,0,1,70,
2.022E+11,29,9,2022,13:40:00,1,17,17415,1,1,1,4,PORT D'ENVAUX RUE DE,"457,664,100,000"," -0,6439000000",2.022E+11,764 026,B01,3,1,0,2,0,0,5,NULL,2.022E+11,1 033 126,764 028,C01,1,1,4,1,1948,5,2,0,-1,-1,-1,-1,2.022E+11,4,PORT D'ENVAUX RUE DE,0,NULL,2,2,0,2,-1,-1,1,NULL,-1,1,0,1,70,
2.022E+11,29,9,2022,13:40:00,1,17,17415,1,1,1,4,PORT D'ENVAUX RUE DE,"457,664,100,000"," -0,6439000000",2.022E+11,764 028,C01,3,1,0,2,0,0,5,NULL,2.022E+11,1 033 126,764 028,C01,1,1,4,1,1948,5,2,0,-1,-1,-1,-1,2.022E+11,4,PORT D'ENVAUX RUE DE,0,NULL,2,2,0,2,-1,-1,1,NULL,-1,1,0,1,70,
2.022E+11,29,9,2022,13:40:00,1,17,17415,1,1,1,4,PORT D'ENVAUX RUE DE,"457,664,100,000"," -0,6439000000",2.022E+11,764 030,D01,3,1,0,2,0,0,5,NULL,2.022E+11,1 033 126,764 028,C01,1,1,4,1,1948,5,2,0,-1,-1,-1,-1,2.022E+11,4,PORT D'ENVAUX RUE DE,0,NULL,2,2,0,2,-1,-1,1,NULL,-1,1,0,1,70,
2.022E+11,29,9,2022,13:40:00,1,17,17415,1,1,1,4,PORT D'ENVAUX RUE DE,"457,664,100,000"," -0,6439000000",2.022E+11,764 031,E01,3,1,0,2,0,0,5,NULL,2.022E+11,1 033 126,764 028,C01,1,1,4,1,1948,5,2,0,-1,-1,-1,-1,2.022E+11,4,PORT D'ENVAUX RUE DE,0,NULL,2,2,0,2,-1,-1,1,NULL,-1,1,0,1,70,
2.022E+11,29,9,2022,13:40:00,1,17,17415,1,1,1,4,PORT D'ENVAUX RUE DE,"457,664,100,000"," -0,6439000000",2.022E+11,764 026,B01,3,1,0,2,0,0,5,NULL,2.022E+11,1 033 130,764 030,D01,1,1,4,1,1952,5,2,0,-1,-1,-1,-1,2.022E+11,4,PORT D'ENVAUX RUE DE,0,NULL,2,2,0,2,-1,-1,1,NULL,-1,1,0,1,70,