Accident_Id,jour,mois,an,hrmn,lum,dep,com,agg,int,atm,col,adr,lat,long,Num_Acc,id_vehicule,num_veh,senc,catv,obs,obsm,choc,manv,motor,occutc,Num_Acc,id_usager,id_vehicule,num_veh,place,catu,grav,sexe,an_nais,trajet,secu1,secu2,secu3,locp,actp,etatp,Num_Acc,catr,voie,v1,v2,circ,nbv,vosp,prof,pr,pr1,plan,lartpc,larrout,surf,infra,situ,vma,
2.022E+11,4,2,2022,02:00:00,5,67,67447,2,3,1,3,BISCHWILLER (ROUTE DE),"486,114,281,238","77,510,046,959",2.022E+11,792 770,A01,1,1,0,2,6,15,5,NULL,2.022E+11,1 071 634,792 770,A01,1,1,4,1,2001,0,8,8,-1,-1,-1,-1,2.022E+11,7,BISCHWILLER (ROUTE DE),0,NULL,2,2,0,1,-1,-1,1,NULL,-1,1,0,1,50,
2.022E+11,29,6,2022,17:15:00,1,60,60584,2,1,1,7,Rue d Hardilliere,"492,223,760,000","24,151,250,000",2.022E+11,791 922,A01,3,1,0,0,0,0,5,NULL,2.022E+11,1 070 514,791 922,A01,1,1,2,1,1944,5,2,-1,-1,0,0,-1,2.022E+11,3,12,0,D,2,2,0,2,32,200,1,NULL,-1,1,0,4,50,
2.022E+11,7,9,2022,21:15:00,3,37,37179,1,1,2,2,D910,"474,741,130,000","0,7570370000",2.022E+11,786 156,B01,1,1,0,0,4,2,5,NULL,2.022E+11,1 062 706,786 156,B01,1,1,3,2,1987,1,0,-1,-1,0,0,-1,2.022E+11,7,910,-1,NULL,2,2,0,1,23,100,1,NULL,-1,2,2,1,90,
2.022E+11,7,9,2022,21:15:00,3,37,37179,1,1,2,2,D910,"474,741,130,000","0,7570370000",2.022E+11,786 156,B01,1,1,0,0,4,2,5,NULL,2.022E+11,1 062 707,786 157,A01,1,1,1,1,2000,4,1,-1,-1,0,0,-1,2.022E+11,7,910,-1,NULL,2,2,0,1,23,100,1,NULL,-1,2,2,1,90,
2.022E+11,11,4,2022,16:24:00,1,4,4076,2,1,1,6,RD 911,"439,476,630,000","68,112,980,000",2.022E+11,779 097,A01,1,1,6,0,1,1,5,NULL,2.022E+11,1 053 316,779 097,A01,1,1,3,1,1991,5,2,-1,-1,0,0,-1,2.022E+11,3,911,0,NULL,2,2,0,2,0,400,2,NULL,-1,1,0,1,50,
2.022E+11,12,11,2022,10:00:00,1,29,29135,2,6,1,3,Rue de Kerillis,"478,323,383,687","-41,795,113,385",2.022E+11,778 010,A01,1,1,0,2,5,1,5,NULL,2.022E+11,1 051 884,778 010,A01,1,1,3,1,1942,5,2,-1,-1,0,0,-1,2.022E+11,3,2,-1,NULL,1,1,0,1,31,1118,2,NULL,-1,1,5,1,50,
2.022E+11,12,11,2022,10:00:00,1,29,29135,2,6,1,3,Rue de Kerillis,"478,323,383,687","-41,795,113,385",2.022E+11,778 010,A01,1,1,0,2,5,1,5,NULL,2.022E+11,1 051 885,778 011,B01,1,1,1,2,1985,9,1,-1,-1,0,0,-1,2.022E+11,3,2,-1,NULL,1,1,0,1,31,1118,2,NULL,-1,1,5,1,50,
2.022E+11,6,3,2022,08:50:00,1,43,43157,2,1,1,6,Route de Montredon,"450,555,206,050","39,026,355,743",2.022E+11,772 971,A01,2,1,0,0,0,26,5,NULL,2.022E+11,1 045 020,772 971,A01,1,1,3,1,1950,5,8,-1,-1,-1,-1,-1,2.022E+11,3,MONTREDON (ROUTE DE),0,NULL,2,2,0,1,2,755,1,NULL,-1,7,0,1,50,
2.022E+11,26,7,2022,12:10:00,1,14,14047,2,6,1,3,D5A,"492,755,330,000"," -0,7160800000",2.022E+11,771 273,B01,1,1,0,2,1,1,5,NULL,2.022E+11,1 042 729,771 269,A01,1,1,1,2,1961,5,1,-1,-1,0,0,-1,2.022E+11,3,NULL,-1,NULL,2,2,1,1,1,190,1,NULL,4,1,0,1,50,
2.022E+11,26,7,2022,12:10:00,1,14,14047,2,6,1,3,D5A,"492,755,330,000"," -0,7160800000",2.022E+11,771 273,B01,1,1,0,2,1,1,5,NULL,2.022E+11,1 042 733,771 273,B01,1,1,4,1,1949,5,2,-1,-1,0,0,-1,2.022E+11,3,NULL,-1,NULL,2,2,1,1,1,190,1,NULL,4,1,0,1,50,
2.022E+11,13,12,2022,18:50:00,5,75,75112,2,3,1,3,AVENUE DAUMESNIL,"488,404,560,000","23,920,200,000",2.022E+11,769 846,A01,1,1,0,2,1,1,5,NULL,2.022E+11,1 040 799,769 846,A01,1,1,4,1,1977,9,0,8,-1,0,0,-1,2.022E+11,4,AVENUE DAUMESNIL,0,NULL,2,4,1,3,-1,-1,1,NULL,-1,1,0,5,30,
2.022E+11,13,12,2022,18:50:00,5,75,75112,2,3,1,3,AVENUE DAUMESNIL,"488,404,560,000","23,920,200,000",2.022E+11,769 846,A01,1,1,0,2,1,1,5,NULL,2.022E+11,1 040 801,769 847,Z01,3,2,1,2,1948,9,8,0,-1,-1,-1,-1,2.022E+11,4,AVENUE DAUMESNIL,0,NULL,2,4,1,3,-1,-1,1,NULL,-1,1,0,5,30,
2.022E+11,13,12,2022,18:50:00,5,75,75112,2,3,1,3,AVENUE DAUMESNIL,"488,404,560,000","23,920,200,000",2.022E+11,769 846,A01,1,1,0,2,1,1,5,NULL,2.022E+11,1 040 802,769 847,Z01,1,1,1,-1,NULL,-1,-1,-1,-1,-1,-1,-1,2.022E+11,4,AVENUE DAUMESNIL,0,NULL,2,4,1,3,-1,-1,1,NULL,-1,1,0,5,30,
2.022E+11,8,3,2022,17:20:00,1,92,92050,2,2,1,6,VENETS RUE DES,"488,893,446,491","22,041,379,809",2.022E+11,769 581,Y01,2,1,0,2,8,1,5,NULL,2.022E+11,1 040 443,769 578,A01,10,3,4,1,1964,1,0,-1,-1,1,9,1,2.022E+11,3,131,0,NULL,3,6,0,1,0,0,1,NULL,-1,1,5,1,50,
2.022E+11,8,3,2022,17:20:00,1,92,92050,2,2,1,6,VENETS RUE DES,"488,893,446,491","22,041,379,809",2.022E+11,769 581,Y01,2,1,0,2,8,1,5,NULL,2.022E+11,1 040 444,769 578,A01,1,1,1,1,1984,1,1,0,-1,-1,-1,-1,2.022E+11,3,131,0,NULL,3,6,0,1,0,0,1,NULL,-1,1,5,1,50,
2.022E+11,8,3,2022,17:20:00,1,92,92050,2,2,1,6,VENETS RUE DES,"488,893,446,491","22,041,379,809",2.022E+11,769 581,Y01,2,1,0,2,8,1,5,NULL,2.022E+11,1 040 445,769 579,B01,4,2,1,2,2011,5,1,0,-1,-1,-1,-1,2.022E+11,3,131,0,NULL,3,6,0,1,0,0,1,NULL,-1,1,5,1,50,
2.022E+11,8,3,2022,17:20:00,1,92,92050,2,2,1,6,VENETS RUE DES,"488,893,446,491","22,041,379,809",2.022E+11,769 581,Y01,2,1,0,2,8,1,5,NULL,2.022E+11,1 040 446,769 579,B01,3,2,1,1,2013,5,1,0,-1,-1,-1,-1,2.022E+11,3,131,0,NULL,3,6,0,1,0,0,1,NULL,-1,1,5,1,50,
2.022E+11,8,3,2022,17:20:00,1,92,92050,2,2,1,6,VENETS RUE DES,"488,893,446,491","22,041,379,809",2.022E+11,769 581,Y01,2,1,0,2,8,1,5,NULL,2.022E+11,1 040 447,769 579,B01,1,1,1,2,1981,5,1,0,-1,-1,-1,-1,2.022E+11,3,131,0,NULL,3,6,0,1,0,0,1,NULL,-1,1,5,1,50,
2.022E+11,8,3,2022,17:20:00,1,92,92050,2,2,1,6,VENETS RUE DES,"488,893,446,491","22,041,379,809",2.022E+11,769 581,Y01,2,1,0,2,8,1,5,NULL,2.022E+11,1 040 448,769 580,C01,1,1,1,1,1960,4,1,0,-1,-1,-1,-1,2.022E+11,3,131,0,NULL,3,6,0,1,0,0,1,NULL,-1,1,5,1,50,
2.022E+11,8,3,2022,17:20:00,1,92,92050,2,2,1,6,VENETS RUE DES,"488,893,446,491","22,041,379,809",2.022E+11,769 581,Y01,2,1,0,2,8,1,5,NULL,2.022E+11,1 040 449,769 581,Y01,1,1,1,2,1964,0,2,0,0,-1,-1,-1,2.022E+11,3,131,0,NULL,3,6,0,1,0,0,1,NULL,-1,1,5,1,50,
2.022E+11,5,3,2022,13:15:00,1,67,67482,2,1,1,6,VIEUX MARCHE AUX POISSONS (RUE DU),"485,810,600,000","77,489,700,000",2.022E+11,769 406,A01,1,1,0,1,0,13,5,NULL,2.022E+11,1 040 218,769 406,A01,10,3,4,1,1955,0,0,-1,-1,3,3,2,2.022E+11,4,VIEUX MARCHE AUX POISSONS (RUE DU),0,NULL,2,2,1,2,0,0,1,NULL,-1,1,9,1,30,
2.022E+11,5,3,2022,13:15:00,1,67,67482,2,1,1,6,VIEUX MARCHE AUX POISSONS (RUE DU),"485,810,600,000","77,489,700,000",2.022E+11,769 406,A01,1,1,0,1,0,13,5,NULL,2.022E+11,1 040 219,769 406,A01,1,1,4,1,1992,0,8,8,-1,-1,-1,-1,2.022E+11,4,VIEUX MARCHE AUX POISSONS (RUE DU),0,NULL,2,2,1,2,0,0,1,NULL,-1,1,9,1,30,
2.022E+11,1,9,2022,07:55:00,1,45,45147,2,1,1,2,246bis Rue du Faubourg Bannier,"479,225,935,526","18,976,741,433",2.022E+11,769 066,A01,0,1,0,2,1,2,5,NULL,2.022E+11,1 039 783,769 065,B01,1,1,1,1,1972,1,1,0,-1,-1,-1,-1,2.022E+11,4,BANNIER (RUE DU FAUBOURG BANNIER),0,NULL,2,2,0,1,-1,-1,1,NULL,-1,1,0,1,50,
2.022E+11,1,9,2022,07:55:00,1,45,45147,2,1,1,2,246bis Rue du Faubourg Bannier,"479,225,935,526","18,976,741,433",2.022E+11,769 066,A01,0,1,0,2,1,2,5,NULL,2.022E+11,1 039 784,769 066,A01,1,1,3,1,2001,1,2,0,-1,-1,-1,-1,2.022E+11,4,BANNIER (RUE DU FAUBOURG BANNIER),0,NULL,2,2,0,1,-1,-1,1,NULL,-1,1,0,1,50,
2.022E+11,1,9,2022,16:25:00,1,92,92012,2,9,1,3,GENERAL LECLERC (AVENUE DU) 35/FIN - 60/,"488,301,703,801","22,326,959,967",2.022E+11,768 931,B01,3,1,0,2,8,19,5,NULL,2.022E+11,1 039 607,768 928,A01,1,1,1,1,1956,0,1,8,-1,-1,-1,-1,2.022E+11,3,910,0,NULL,3,3,0,1,0,0,1,NULL,-1,1,0,1,50,
2.022E+11,1,9,2022,16:25:00,1,92,92012,2,9,1,3,GENERAL LECLERC (AVENUE DU) 35/FIN - 60/,"488,301,703,801","22,326,959,967",2.022E+11,768 931,B01,3,1,0,2,8,19,5,NULL,2.022E+11,1 039 611,768 931,B01,1,1,4,1,2005,0,0,-1,-1,0,0,-1,2.022E+11,3,910,0,NULL,3,3,0,1,0,0,1,NULL,-1,1,0,1,50,
2.022E+11,6,10,2022,11:50:00,1,71,71230,2,2,1,3,Rue du 8 Mai 1945,"466,034,500,000","40,553,820,000",2.022E+11,767 855,A01,2,1,0,2,1,1,5,NULL,2.022E+11,1 038 188,767 852,B01,1,1,1,1,1968,1,1,-1,-1,0,0,-1,2.022E+11,3,25,0,NULL,2,2,0,1,24,600,1,NULL,-1,1,0,1,50,
2.022E+11,6,10,2022,11:50:00,1,71,71230,2,2,1,3,Rue du 8 Mai 1945,"466,034,500,000","40,553,820,000",2.022E+11,767 855,A01,2,1,0,2,1,1,5,NULL,2.022E+11,1 038 191,767 855,A01,1,1,4,1,2011,2,2,-1,-1,0,0,-1,2.022E+11,3,25,0,NULL,2,2,0,1,24,600,1,NULL,-1,1,0,1,50,
2.022E+11,22,7,2022,12:50:00,1,75,75111,2,3,2,3,RUE JEAN PIERRE TIMBAUD,"488,684,070,000","23,795,460,000",2.022E+11,766 841,A01,2,1,0,2,7,1,5,NULL,2.022E+11,1 036 889,766 841,A01,1,1,4,2,1988,5,2,0,-1,0,0,-1,2.022E+11,4,RUE JEAN PIERRE TIMBAUD,0,NULL,1,1,2,2,-1,-1,1,NULL,-1,2,0,1,30,
2.022E+11,22,7,2022,12:50:00,1,75,75111,2,3,2,3,RUE JEAN PIERRE TIMBAUD,"488,684,070,000","23,795,460,000",2.022E+11,766 841,A01,2,1,0,2,7,1,5,NULL,2.022E+11,1 036 891,766 843,Z01,1,1,1,-1,NULL,-1,-1,-1,-1,-1,-1,-1,2.022E+11,4,RUE JEAN PIERRE TIMBAUD,0,NULL,1,1,2,2,-1,-1,1,NULL,-1,2,0,1,30,
2.022E+11,6,3,2022,17:50:00,1,91,91434,2,1,7,2,ESCADRILLE NORMANDIE NIEMEN (AVENUE DE L,"486,470,500,000","23,446,800,000",2.022E+11,766 070,B01,3,1,0,9,4,0,5,NULL,2.022E+11,1 035 816,766 070,B01,1,1,4,1,1999,0,8,0,-1,-1,-1,-1,2.022E+11,4,ESCADRILLE NORMANDIE NIEMEN (AVENUE DE L,0,NULL,2,2,0,1,0,0,1,NULL,-1,1,0,1,50,
2.022E+11,6,3,2022,17:50:00,1,91,91434,2,1,7,2,ESCADRILLE NORMANDIE NIEMEN (AVENUE DE L,"486,470,500,000","23,446,800,000",2.022E+11,766 070,B01,3,1,0,9,4,0,5,NULL,2.022E+11,1 035 817,766 071,A01,1,1,1,1,1972,0,1,0,-1,-1,-1,-1,2.022E+11,4,ESCADRILLE NORMANDIE NIEMEN (AVENUE DE L,0,NULL,2,2,0,1,0,0,1,NULL,-1,1,0,1,50,
2.022E+11,14,4,2022,12:00:00,1,59,59152,2,3,7,3,FLANDRE (RUE DE),"507,549,000,000","30,064,400,000",2.022E+11,765 257,B01,3,1,0,2,8,1,5,NULL,2.022E+11,1 034 735,765 257,B01,1,1,4,2,1960,3,8,0,-1,-1,-1,-1,2.022E+11,4,FLANDRE (RUE DE),0,NULL,2,2,0,1,-1,-1,1,NULL,-1,1,0,1,50,
2.022E+11,14,4,2022,12:00:00,1,59,59152,2,3,7,3,FLANDRE (RUE DE),"507,549,000,000","30,064,400,000",2.022E+11,765 257,B01,3,1,0,2,8,1,5,NULL,2.022E+11,1 034 736,765 258,A01,1,1,1,1,1971,1,8,8,-1,-1,-1,-1,2.022E+11,4,FLANDRE (RUE DE),0,NULL,2,2,0,1,-1,-1,1,NULL,-1,1,0,1,50,
2.022E+11,16,4,2022,13:25:00,1,73,73043,2,3,1,3,D991B Route de la Chambotte,"457,566,550,000","59,286,260,000",2.022E+11,764 855,B01,1,1,0,2,8,1,5,NULL,2.022E+11,1 034 236,764 853,A01,1,1,1,2,1995,1,1,-1,-1,0,0,-1,2.022E+11,3,991,-1,B,2,2,0,1,11,435,1,NULL,-1,1,0,1,50,
2.022E+11,16,4,2022,13:25:00,1,73,73043,2,3,1,3,D991B Route de la Chambotte,"457,566,550,000","59,286,260,000",2.022E+11,764 855,B01,1,1,0,2,8,1,5,NULL,2.022E+11,1 034 240,764 855,B01,1,1,3,2,1992,5,2,-1,-1,0,0,-1,2.022E+11,3,991,-1,B,2,2,0,1,11,435,1,NULL,-1,1,0,1,50,
2.022E+11,21,5,2022,00:10:00,5,59,59350,2,9,1,6,BASSEE RUE DE LA,"506,270,967,573","30,391,681,194",2.022E+11,763 705,B01,2,1,0,2,1,1,5,NULL,2.022E+11,1 032 726,763 705,B01,1,1,3,1,1991,5,8,0,-1,-1,-1,-1,2.022E+11,4,BASSEE RUE DE LA,0,NULL,2,2,0,1,-1,-1,1,NULL,-1,1,0,1,50,
2.022E+11,21,5,2022,00:10:00,5,59,59350,2,9,1,6,BASSEE RUE DE LA,"506,270,967,573","30,391,681,194",2.022E+11,763 705,B01,2,1,0,2,1,1,5,NULL,2.022E+11,1 032 727,763 706,A01,1,1,1,1,2002,5,8,0,-1,-1,-1,-1,2.022E+11,4,BASSEE RUE DE LA,0,NULL,2,2,0,1,-1,-1,1,NULL,-1,1,0,1,50,
2.022E+11,11,12,2022,19:30:00,5,75,75105,2,1,1,3,QUAI DE LA TOURNELLE,"488,502,140,000","23,541,980,000",2.022E+11,762 811,A01,1,1,0,2,1,13,5,NULL,2.022E+11,1 031 549,762 810,B01,1,1,1,1,2001,9,1,8,-1,0,0,-1,2.022E+11,4,QUAI DE LA TOURNELLE,0,NULL,1,3,1,1,-1,-1,1,NULL,-1,1,0,5,30,
2.022E+11,11,12,2022,19:30:00,5,75,75105,2,1,1,3,QUAI DE LA TOURNELLE,"488,502,140,000","23,541,980,000",2.022E+11,762 811,A01,1,1,0,2,1,13,5,NULL,2.022E+11,1 031 550,762 811,A01,1,1,4,1,1974,5,8,0,-1,0,0,-1,2.022E+11,4,QUAI DE LA TOURNELLE,0,NULL,1,3,1,1,-1,-1,1,NULL,-1,1,0,5,30,
2.022E+11,4,3,2022,08:10:00,1,51,51454,2,3,1,1,Rue Carnot,"492,547,597,037","40,320,910,513",2.022E+11,762 463,B01,1,1,0,2,1,5,5,NULL,2.022E+11,1 031 083,762 462,A01,1,1,1,1,1973,1,1,-1,-1,-1,-1,-1,2.022E+11,4,CARNOT (RUE),0,NULL,2,2,0,1,-1,-1,1,NULL,-1,1,0,1,50,
2.022E+11,4,3,2022,08:10:00,1,51,51454,2,3,1,1,Rue Carnot,"492,547,597,037","40,320,910,513",2.022E+11,762 463,B01,1,1,0,2,1,5,5,NULL,2.022E+11,1 031 084,762 463,B01,1,1,4,1,1989,1,8,-1,-1,-1,-1,-1,2.022E+11,4,CARNOT (RUE),0,NULL,2,2,0,1,-1,-1,1,NULL,-1,1,0,1,50,
2.022E+11,13,4,2022,16:00:00,1,16,16174,1,1,1,6,Route des Marcasses,"456,928,370,000"," -0,2295440000",2.022E+11,761 442,A01,1,1,0,1,1,17,5,NULL,2.022E+11,1 029 765,761 442,A01,10,3,4,2,1943,5,0,-1,-1,1,1,2,2.022E+11,3,D158,0,A,2,2,0,1,5,655,1,NULL,5,1,0,1,50,
2.022E+11,13,4,2022,16:00:00,1,16,16174,1,1,1,6,Route des Marcasses,"456,928,370,000"," -0,2295440000",2.022E+11,761 442,A01,1,1,0,1,1,17,5,NULL,2.022E+11,1 029 766,761 442,A01,1,1,4,1,1971,5,2,-1,-1,0,0,-1,2.022E+11,3,D158,0,A,2,2,0,1,5,655,1,NULL,5,1,0,1,50,
2.022E+11,12,4,2022,16:15:00,1,18,18242,2,3,1,3,78 Rue Fernand Duruisseau,"468,332,310,000","29,167,410,000",2.022E+11,754 898,A01,1,1,0,2,1,16,5,NULL,2.022E+11,1 020 981,754 893,B01,1,1,1,2,1989,0,1,-1,-1,0,0,-1,2.022E+11,3,NULL,-1,NULL,1,1,0,2,48,280,1,NULL,3,1,0,1,50,
2.022E+11,12,4,2022,16:15:00,1,18,18242,2,3,1,3,78 Rue Fernand Duruisseau,"468,332,310,000","29,167,410,000",2.022E+11,754 898,A01,1,1,0,2,1,16,5,NULL,2.022E+11,1 020 986,754 898,A01,1,1,4,1,2009,5,0,-1,-1,0,0,-1,2.022E+11,3,NULL,-1,NULL,1,1,0,2,48,280,1,NULL,3,1,0,1,50,
2.022E+11,16,5,2022,12:15:00,1,75,75112,2,5,1,3,AVENUE DE SAINT MANDE,"488,446,780,000","24,057,490,000",2.022E+11,746 804,B01,1,1,0,2,3,1,5,NULL,2.022E+11,1 010 089,746 804,B01,1,1,4,2,1960,9,2,0,-1,0,0,-1,2.022E+11,4,AVENUE DE SAINT MANDE,0,NULL,2,4,0,1,-1,-1,1,NULL,-1,1,0,1,30,
2.022E+11,16,5,2022,12:15:00,1,75,75112,2,5,1,3,AVENUE DE SAINT MANDE,"488,446,780,000","24,057,490,000",2.022E+11,746 804,B01,1,1,0,2,3,1,5,NULL,2.022E+11,1 010 090,746 805,A01,1,1,1,2,1988,9,1,0,-1,0,0,-1,2.022E+11,4,AVENUE DE SAINT MANDE,0,NULL,2,4,0,1,-1,-1,1,NULL,-1,1,0,1,30,
2.022E+11,28,9,2022,09:00:00,1,75,75113,2,1,1,6,RUE DE TOLBIAC,"488,262,490,000","23,431,380,000",2.022E+11,746 258,A01,1,1,0,1,1,7,5,NULL,2.022E+11,1 009 382,746 258,A01,10,3,4,2,1946,5,0,-1,-1,2,3,1,2.022E+11,4,RUE DE TOLBIAC,0,NULL,2,3,3,1,-1,-1,1,NULL,-1,2,0,6,30,
2.022E+11,28,9,2022,09:00:00,1,75,75113,2,1,1,6,RUE DE TOLBIAC,"488,262,490,000","23,431,380,000",2.022E+11,746 258,A01,1,1,0,1,1,7,5,NULL,2.022E+11,1 009 383,746 258,A01,1,1,4,2,1973,1,2,8,-1,0,0,-1,2.022E+11,4,RUE DE TOLBIAC,0,NULL,2,3,3,1,-1,-1,1,NULL,-1,2,0,6,30,
2.022E+11,14,5,2022,12:40:00,1,33,33522,2,1,1,3,Rue Dourout,"448,087,600,000"," -0,5829800000",2.022E+11,743 203,B01,2,1,0,2,1,1,5,NULL,2.022E+11,1 005 307,743 202,A01,1,1,1,1,1995,5,1,-1,-1,-1,-1,-1,2.022E+11,4,RUE DOUROUT,0,NULL,1,1,2,1,-1,-1,1,NULL,-1,1,0,1,30,
2.022E+11,14,5,2022,12:40:00,1,33,33522,2,1,1,3,Rue Dourout,"448,087,600,000"," -0,5829800000",2.022E+11,743 203,B01,2,1,0,2,1,1,5,NULL,2.022E+11,1 005 308,743 203,B01,1,1,4,2,1975,4,2,-1,-1,-1,-1,-1,2.022E+11,4,RUE DOUROUT,0,NULL,1,1,2,1,-1,-1,1,NULL,-1,1,0,1,30,
2.022E+11,24,3,2022,17:30:00,1,89,89346,2,3,1,3,LINDRY ( RUE DE ),"478,000,000,000","35,019,800,000",2.022E+11,740 470,B01,2,1,0,2,8,0,5,NULL,2.022E+11,1 001 568,740 470,B01,1,1,3,1,1991,5,2,0,-1,-1,-1,-1,2.022E+11,3,LINDRY ( RUE DE ),0,NULL,2,2,0,1,0,820,1,NULL,"5,7",1,0,1,50,
2.022E+11,24,3,2022,17:30:00,1,89,89346,2,3,1,3,LINDRY ( RUE DE ),"478,000,000,000","35,019,800,000",2.022E+11,740 470,B01,2,1,0,2,8,0,5,NULL,2.022E+11,1 001 571,740 472,A01,1,1,1,2,2001,1,1,8,-1,-1,-1,-1,2.022E+11,3,LINDRY ( RUE DE ),0,NULL,2,2,0,1,0,820,1,NULL,"5,7",1,0,1,50,
2.022E+11,21,2,2022,16:50:00,1,69,69388,2,2,2,3,Rue Saint Mathieu,"457,414,461,571","48,686,426,602",2.022E+11,734 980,B01,2,1,0,2,1,1,5,NULL,2.022E+11,994 062,734 977,A01,1,1,1,1,1987,3,1,-1,-1,-1,-1,-1,2.022E+11,4,ST MATHIEU                          (R ),0,NULL,1,1,0,1,-1,-1,1,NULL,-1,2,0,1,50,
2.022E+11,21,2,2022,16:50:00,1,69,69388,2,2,2,3,Rue Saint Mathieu,"457,414,461,571","48,686,426,602",2.022E+11,734 980,B01,2,1,0,2,1,1,5,NULL,2.022E+11,994 068,734 980,B01,1,1,4,1,1994,9,2,-1,-1,-1,-1,-1,2.022E+11,4,ST MATHIEU                          (R ),0,NULL,1,1,0,1,-1,-1,1,NULL,-1,2,0,1,50,
2.022E+11,21,2,2022,19:50:00,5,75,75106,2,2,2,3,RUE BONAPARTE,"488,526,470,000","23,331,640,000",2.022E+11,734 633,A01,2,1,0,2,0,1,5,NULL,2.022E+11,993 617,734 633,A01,1,1,4,1,2001,5,8,0,-1,0,0,-1,2.022E+11,4,RUE BONAPARTE,0,NULL,1,0,0,1,-1,-1,1,NULL,-1,2,0,1,30,
2.022E+11,21,2,2022,19:50:00,5,75,75106,2,2,2,3,RUE BONAPARTE,"488,526,470,000","23,331,640,000",2.022E+11,734 633,A01,2,1,0,2,0,1,5,NULL,2.022E+11,993 620,734 636,B01,1,1,1,1,1980,4,1,0,-1,0,0,-1,2.022E+11,4,RUE BONAPARTE,0,NULL,1,0,0,1,-1,-1,1,NULL,-1,2,0,1,30,
2.022E+11,18,2,2022,19:30:00,5,69,69389,2,1,6,1,Pont Georges Clémenceau,"457,748,568,141","48,093,511,322",2.022E+11,731 241,A01,3,1,0,2,1,8,5,NULL,2.022E+11,989 130,731 240,B01,1,1,1,1,1969,4,1,-1,-1,-1,-1,-1,2.022E+11,4,GEORGES CLEMENCEAU                  (PT),0,NULL,2,4,3,1,-1,-1,1,NULL,-1,1,2,1,50,
2.022E+11,18,2,2022,19:30:00,5,69,69389,2,1,6,1,Pont Georges Clémenceau,"457,748,568,141","48,093,511,322",2.022E+11,731 241,A01,3,1,0,2,1,8,5,NULL,2.022E+11,989 131,731 241,A01,1,1,3,1,1998,4,2,-1,-1,-1,-1,-1,2.022E+11,4,GEORGES CLEMENCEAU                  (PT),0,NULL,2,4,3,1,-1,-1,1,NULL,-1,1,2,1,50,
2.022E+11,15,8,2022,11:55:00,1,75,75110,2,2,1,2,BOULEVARD DE LA VILLETTE,"488,736,390,000","23,750,160,000",2.022E+11,728 644,B01,2,1,0,2,1,1,5,NULL,2.022E+11,985 698,728 644,B01,1,1,4,1,1986,5,8,0,-1,0,0,-1,2.022E+11,4,BOULEVARD DE LA VILLETTE,0,NULL,1,2,1,1,-1,-1,1,NULL,-1,1,0,1,30,
2.022E+11,15,8,2022,11:55:00,1,75,75110,2,2,1,2,BOULEVARD DE LA VILLETTE,"488,736,390,000","23,750,160,000",2.022E+11,728 644,B01,2,1,0,2,1,1,5,NULL,2.022E+11,985 700,728 646,A01,1,1,1,1,1957,9,8,0,-1,0,0,-1,2.022E+11,4,BOULEVARD DE LA VILLETTE,0,NULL,1,2,1,1,-1,-1,1,NULL,-1,1,0,1,30,
2.022E+11,6,7,2022,18:20:00,1,33,33063,2,2,1,3,Quai Louis XVIII,"448,482,136,869"," -0,5709242821",2.022E+11,728 384,B01,3,1,0,2,8,19,5,NULL,2.022E+11,985 362,728 381,A01,1,1,4,1,1999,0,2,6,-1,-1,-1,-1,2.022E+11,4,QUAI LOUIS XVIII,0,NULL,1,1,0,1,-1,-1,1,NULL,-1,1,5,1,50,
2.022E+11,6,7,2022,18:20:00,1,33,33063,2,2,1,3,Quai Louis XVIII,"448,482,136,869"," -0,5709242821",2.022E+11,728 384,B01,3,1,0,2,8,19,5,NULL,2.022E+11,985 367,728 384,B01,1,1,4,1,1979,0,0,-1,-1,-1,-1,-1,2.022E+11,4,QUAI LOUIS XVIII,0,NULL,1,1,0,1,-1,-1,1,NULL,-1,1,5,1,50,
2.022E+11,18,2,2022,22:15:00,5,75,75108,2,3,1,3,BOULEVARD HAUSSMANN,"488,752,970,000","23,158,010,000",2.022E+11,728 309,A01,2,1,0,2,2,1,5,NULL,2.022E+11,985 272,728 309,A01,1,1,3,1,1984,9,2,0,-1,0,0,-1,2.022E+11,4,BOULEVARD HAUSSMANN,0,NULL,2,8,0,1,-1,-1,3,NULL,-1,1,0,1,30,
2.022E+11,18,2,2022,22:15:00,5,75,75108,2,3,1,3,BOULEVARD HAUSSMANN,"488,752,970,000","23,158,010,000",2.022E+11,728 309,A01,2,1,0,2,2,1,5,NULL,2.022E+11,985 277,728 316,B01,1,1,1,1,1965,4,1,0,-1,0,0,-1,2.022E+11,4,BOULEVARD HAUSSMANN,0,NULL,2,8,0,1,-1,-1,3,NULL,-1,1,0,1,30,
2.022E+11,25,10,2022,10:10:00,1,64,64348,2,6,1,3,PASSEE,"433,220,700,000"," -0,4013500000",2.022E+11,727 409,A01,2,1,0,2,1,19,5,NULL,2.022E+11,984 082,727 406,B01,1,1,1,1,1938,0,1,8,-1,-1,-1,-1,2.022E+11,4,MOULIN DU,0,NULL,2,0,1,1,-1,-1,1,NULL,-1,1,0,1,50,
2.022E+11,25,10,2022,10:10:00,1,64,64348,2,6,1,3,PASSEE,"433,220,700,000"," -0,4013500000",2.022E+11,727 409,A01,2,1,0,2,1,19,5,NULL,2.022E+11,984 086,727 409,A01,1,1,4,1,1936,0,8,0,-1,-1,-1,-1,2.022E+11,4,MOULIN DU,0,NULL,2,0,1,1,-1,-1,1,NULL,-1,1,0,1,50,