Accident_Id,jour,mois,an,hrmn,lum,dep,com,agg,int,atm,col,adr,lat,long,Num_Acc,id_vehicule,num_veh,senc,catv,obs,obsm,choc,manv,motor,occutc,Num_Acc,id_usager,id_vehicule,num_veh,place,catu,grav,sexe,an_nais,trajet,secu1,secu2,secu3,locp,actp,etatp,Num_Acc,catr,voie,v1,v2,circ,nbv,vosp,prof,pr,pr1,plan,lartpc,larrout,surf,infra,situ,vma,
2.022E+11,16,5,2022,12:00:00,1,92,92044,2,2,1,3,ARISTIDE BRIAND(RUE)1A49 ET 2A52,"488,904,154,917","22,836,472,392",2.022E+11,724 986,A01,1,1,0,2,7,1,5,NULL,2.022E+11,980 942,724 986,A01,1,1,4,1,2001,0,8,0,-1,0,0,-1,2.022E+11,4,NULL,0,NULL,1,2,3,1,0,0,1,NULL,-1,1,0,1,50,
2.022E+11,16,5,2022,12:00:00,1,92,92044,2,2,1,3,ARISTIDE BRIAND(RUE)1A49 ET 2A52,"488,904,154,917","22,836,472,392",2.022E+11,724 986,A01,1,1,0,2,7,1,5,NULL,2.022E+11,980 950,724 991,B01,1,1,1,1,1980,0,8,0,-1,0,0,-1,2.022E+11,4,NULL,0,NULL,1,2,3,1,0,0,1,NULL,-1,1,0,1,50,
2.022E+11,8,5,2022,15:00:00,1,75,75111,2,2,1,3,BOULEVARD RICHARD LENOIR,"488,580,360,000","23,716,740,000",2.022E+11,722 666,B01,1,1,0,2,6,16,5,NULL,2.022E+11,977 863,722 666,B01,1,1,4,1,2003,9,2,0,-1,0,0,-1,2.022E+11,4,BOULEVARD RICHARD LENOIR,0,NULL,3,2,0,1,-1,-1,1,NULL,-1,1,0,1,30,
2.022E+11,8,5,2022,15:00:00,1,75,75111,2,2,1,3,BOULEVARD RICHARD LENOIR,"488,580,360,000","23,716,740,000",2.022E+11,722 666,B01,1,1,0,2,6,16,5,NULL,2.022E+11,977 865,722 669,A01,1,1,4,1,2003,9,2,6,-1,0,0,-1,2.022E+11,4,BOULEVARD RICHARD LENOIR,0,NULL,3,2,0,1,-1,-1,1,NULL,-1,1,0,1,30,
2.022E+11,27,3,2022,11:15:00,1,2A,2A004,2,6,1,2,ILES SANGUINAIRES ROUTE DES,"419,087,400,000","87,087,300,000",2.022E+11,722 592,B01,1,1,0,2,4,1,5,NULL,2.022E+11,977 753,722 589,A01,1,1,1,2,1959,0,1,8,-1,-1,-1,-1,2.022E+11,3,ILES SANGUINAIRES ROUTE DES,0,NULL,2,2,0,1,8,20,1,NULL,-1,1,0,1,50,
2.022E+11,27,3,2022,11:15:00,1,2A,2A004,2,6,1,2,ILES SANGUINAIRES ROUTE DES,"419,087,400,000","87,087,300,000",2.022E+11,722 592,B01,1,1,0,2,4,1,5,NULL,2.022E+11,977 758,722 592,B01,1,1,4,1,1951,5,2,8,-1,-1,-1,-1,2.022E+11,3,ILES SANGUINAIRES ROUTE DES,0,NULL,2,2,0,1,8,20,1,NULL,-1,1,0,1,50,
2.022E+11,21,4,2022,08:58:00,1,93,93055,2,1,1,1,Avenue Jean Lolive,"488,906,540,000","24,003,020,000",2.022E+11,810 706,B01,1,1,0,2,1,1,5,NULL,2.022E+11,1 095 351,810 706,B01,1,1,4,2,1999,1,8,0,-1,0,0,-1,2.022E+11,3,JEAN LOLIVE (AVENUE)(1/55 2/60),0,NULL,2,2,1,1,0,1,1,NULL,-1,1,6,5,50,
2.022E+11,21,4,2022,08:58:00,1,93,93055,2,1,1,1,Avenue Jean Lolive,"488,906,540,000","24,003,020,000",2.022E+11,810 706,B01,1,1,0,2,1,1,5,NULL,2.022E+11,1 095 354,810 707,A01,1,1,1,1,1956,3,1,0,-1,0,0,-1,2.022E+11,3,JEAN LOLIVE (AVENUE)(1/55 2/60),0,NULL,2,2,1,1,0,1,1,NULL,-1,1,6,5,50,
2.022E+11,11,2,2022,14:35:00,1,5,5176,1,1,1,7,D942,"444,964,300,000","61,485,490,000",2.022E+11,802 213,A01,2,1,0,0,1,1,5,NULL,2.022E+11,1 084 040,802 213,A01,1,1,3,1,1958,1,2,-1,-1,0,0,-1,2.022E+11,3,942,0,D,2,2,0,1,45,44,1,NULL,-1,1,0,1,90,
2.022E+11,13,9,2022,14:08:00,1,94,94022,2,3,1,2,Rue Jules Ferry / Avenue Rondu,"487,586,643,968","24,135,918,447",2.022E+11,799 749,B01,3,1,0,2,4,23,5,NULL,2.022E+11,1 080 813,799 749,B01,2,1,4,1,1989,0,8,0,-1,-1,-1,-1,2.022E+11,4,JULES FERRY (R),0,NULL,2,2,0,1,0,1,1,NULL,-1,1,0,1,50,
2.022E+11,13,9,2022,14:08:00,1,94,94022,2,3,1,2,Rue Jules Ferry / Avenue Rondu,"487,586,643,968","24,135,918,447",2.022E+11,799 749,B01,3,1,0,2,4,23,5,NULL,2.022E+11,1 080 815,799 751,A01,1,1,1,2,1990,5,1,0,-1,-1,-1,-1,2.022E+11,4,JULES FERRY (R),0,NULL,2,2,0,1,0,1,1,NULL,-1,1,0,1,50,
2.022E+11,1,7,2022,23:18:00,5,51,51454,2,4,1,3,boulevard Carteret,"492,585,700,000","40,486,800,000",2.022E+11,799 275,B01,2,1,0,2,7,1,5,NULL,2.022E+11,1 080 185,799 274,A01,1,1,1,2,1952,5,1,-1,-1,-1,-1,-1,2.022E+11,4,CARTERET(BOULEVARD),0,NULL,2,2,1,1,-1,-1,2,NULL,-1,1,0,1,50,
2.022E+11,1,7,2022,23:18:00,5,51,51454,2,4,1,3,boulevard Carteret,"492,585,700,000","40,486,800,000",2.022E+11,799 275,B01,2,1,0,2,7,1,5,NULL,2.022E+11,1 080 186,799 275,B01,1,1,4,2,1996,0,2,4,-1,-1,-1,-1,2.022E+11,4,CARTERET(BOULEVARD),0,NULL,2,2,1,1,-1,-1,2,NULL,-1,1,0,1,50,
2.022E+11,18,3,2022,08:00:00,1,6,6027,2,1,1,3,CANNES AVENUE DE (RN7),"436,505,480,000","71,412,200,000",2.022E+11,797 114,B01,3,1,0,2,8,25,5,NULL,2.022E+11,1 077 373,797 111,A01,1,1,1,1,1966,1,1,-1,-1,0,0,-1,2.022E+11,7,NULL,0,NULL,2,2,1,2,-1,-1,1,NULL,-1,1,0,1,50,
2.022E+11,18,3,2022,08:00:00,1,6,6027,2,1,1,3,CANNES AVENUE DE (RN7),"436,505,480,000","71,412,200,000",2.022E+11,797 114,B01,3,1,0,2,8,25,5,NULL,2.022E+11,1 077 380,797 114,B01,1,1,2,1,2000,1,8,0,-1,0,0,-1,2.022E+11,7,NULL,0,NULL,2,2,1,2,-1,-1,1,NULL,-1,1,0,1,50,
2.022E+11,11,9,2022,10:45:00,1,63,63084,1,1,1,2,RD 2089,"457,026,800,000","30,444,410,000",2.022E+11,792 995,B01,1,1,0,0,4,1,5,NULL,2.022E+11,1 071 915,792 994,A01,1,1,1,1,1991,5,2,6,-1,0,0,-1,2.022E+11,3,2089,-1,NULL,2,2,0,2,69,800,3,NULL,-1,1,0,1,-1,
2.022E+11,11,9,2022,10:45:00,1,63,63084,1,1,1,2,RD 2089,"457,026,800,000","30,444,410,000",2.022E+11,792 995,B01,1,1,0,0,4,1,5,NULL,2.022E+11,1 071 916,792 995,B01,1,1,3,1,1957,5,2,-1,-1,0,0,-1,2.022E+11,3,2089,-1,NULL,2,2,0,2,69,800,3,NULL,-1,1,0,1,-1,
2.022E+11,22,12,2022,10:35:00,1,971,97105,2,6,1,3,GASTON FEUILLARD(AVENUE),"159,987,268,300","-617,207,756,639",2.022E+11,790 909,B01,2,1,0,2,1,0,5,NULL,2.022E+11,1 069 048,790 909,B01,1,1,4,1,2005,0,8,0,-1,0,0,-1,2.022E+11,2,GASTON FEUILLARD(AVENUE),0,NULL,2,2,0,1,-1,-1,1,NULL,-1,1,5,1,50,
2.022E+11,22,12,2022,10:35:00,1,971,97105,2,6,1,3,GASTON FEUILLARD(AVENUE),"159,987,268,300","-617,207,756,639",2.022E+11,790 909,B01,2,1,0,2,1,0,5,NULL,2.022E+11,1 069 054,790 914,A01,1,1,1,2,1981,0,1,0,-1,0,0,-1,2.022E+11,2,GASTON FEUILLARD(AVENUE),0,NULL,2,2,0,1,-1,-1,1,NULL,-1,1,5,1,50,
2.022E+11,15,3,2022,17:25:00,1,94,94068,2,9,1,2,Boulevard de Créteil,"487,992,200,000","24,712,200,000",2.022E+11,790 684,B01,2,1,0,2,4,1,5,NULL,2.022E+11,1 068 773,790 684,B01,1,1,4,2,1997,1,0,0,-1,-1,-1,-1,2.022E+11,3,CRETEIL (BD DE),0,NULL,2,3,2,2,0,0,3,NULL,-1,1,0,1,30,
2.022E+11,15,3,2022,17:25:00,1,94,94068,2,9,1,2,Boulevard de Créteil,"487,992,200,000","24,712,200,000",2.022E+11,790 684,B01,2,1,0,2,4,1,5,NULL,2.022E+11,1 068 776,790 686,A01,1,1,4,2,1996,1,1,0,-1,-1,-1,-1,2.022E+11,3,CRETEIL (BD DE),0,NULL,2,3,2,2,0,0,3,NULL,-1,1,0,1,30,
2.022E+11,21,4,2022,22:23:00,5,75,75106,2,3,1,1,QUAI DE CONTI,"488,561,330,682","23,403,940,007",2.022E+11,782 595,A01,2,1,0,2,1,5,5,NULL,2.022E+11,1 057 972,782 595,A01,1,1,3,1,1993,9,2,0,-1,0,0,-1,2.022E+11,4,QUAI DE CONTI,0,NULL,2,5,0,1,-1,-1,1,NULL,-1,1,0,1,30,
2.022E+11,21,4,2022,22:23:00,5,75,75106,2,3,1,1,QUAI DE CONTI,"488,561,330,682","23,403,940,007",2.022E+11,782 595,A01,2,1,0,2,1,5,5,NULL,2.022E+11,1 057 975,782 597,B01,1,1,1,1,1988,4,1,0,-1,0,0,-1,2.022E+11,4,QUAI DE CONTI,0,NULL,2,5,0,1,-1,-1,1,NULL,-1,1,0,1,30,
2.022E+11,27,6,2022,14:55:00,1,55,55146,1,1,8,6,D123,"493,125,890,000","52,524,950,000",2.022E+11,782 375,B01,1,1,0,2,8,2,5,NULL,2.022E+11,1 057 675,782 373,A01,1,1,1,1,1989,4,1,-1,-1,0,0,-1,2.022E+11,3,123,-1,NULL,2,2,0,1,10,550,1,NULL,-1,1,0,1,80,
2.022E+11,27,6,2022,14:55:00,1,55,55146,1,1,8,6,D123,"493,125,890,000","52,524,950,000",2.022E+11,782 375,B01,1,1,0,2,8,2,5,NULL,2.022E+11,1 057 676,782 375,B01,1,1,4,1,1950,5,2,-1,-1,0,0,-1,2.022E+11,3,123,-1,NULL,2,2,0,1,10,550,1,NULL,-1,1,0,1,80,
2.022E+11,27,7,2022,08:53:00,1,92,92012,2,1,1,3,REINE (ROUTE DE LA) 1/37- 6/80,"488,394,169,219","22,430,745,363",2.022E+11,780 522,A01,2,1,1,2,1,1,5,NULL,2.022E+11,1 055 247,780 520,Y01,1,1,4,2,1982,1,8,0,-1,-1,-1,-1,2.022E+11,3,907,0,NULL,2,2,1,1,0,0,1,NULL,-1,1,0,1,50,
2.022E+11,27,7,2022,08:53:00,1,92,92012,2,1,1,3,REINE (ROUTE DE LA) 1/37- 6/80,"488,394,169,219","22,430,745,363",2.022E+11,780 522,A01,2,1,1,2,1,1,5,NULL,2.022E+11,1 055 249,780 522,A01,1,1,4,2,1991,1,8,0,-1,-1,-1,-1,2.022E+11,3,907,0,NULL,2,2,1,1,0,0,1,NULL,-1,1,0,1,50,
2.022E+11,6,10,2022,09:00:00,1,69,69382,2,1,1,3,Quai Docteur Gailleton,"457,529,000,000","48,334,000,000",2.022E+11,774 831,B01,1,1,0,2,7,1,0,NULL,2.022E+11,1 047 602,774 830,A01,1,1,1,2,1999,0,1,-1,-1,0,0,-1,2.022E+11,4,DOCTEUR GAILLETON (DU)              (QU),0,NULL,2,6,3,1,-1,-1,1,NULL,-1,1,0,1,50,
2.022E+11,6,10,2022,09:00:00,1,69,69382,2,1,1,3,Quai Docteur Gailleton,"457,529,000,000","48,334,000,000",2.022E+11,774 831,B01,1,1,0,2,7,1,0,NULL,2.022E+11,1 047 603,774 830,A01,2,2,1,1,1996,0,1,-1,-1,0,0,-1,2.022E+11,4,DOCTEUR GAILLETON (DU)              (QU),0,NULL,2,6,3,1,-1,-1,1,NULL,-1,1,0,1,50,
2.022E+11,6,10,2022,09:00:00,1,69,69382,2,1,1,3,Quai Docteur Gailleton,"457,529,000,000","48,334,000,000",2.022E+11,774 831,B01,1,1,0,2,7,1,0,NULL,2.022E+11,1 047 604,774 831,B01,1,1,4,1,1967,0,8,-1,-1,0,0,-1,2.022E+11,4,DOCTEUR GAILLETON (DU)              (QU),0,NULL,2,6,3,1,-1,-1,1,NULL,-1,1,0,1,50,
2.022E+11,15,12,2022,14:48:00,1,75,75101,2,7,1,6,RUE DE RIVOLI,"488,637,520,000","23,320,900,000",2.022E+11,769 832,A01,1,1,12,0,1,13,5,NULL,2.022E+11,1 040 778,769 832,A01,1,1,4,2,1994,5,8,0,-1,0,0,-1,2.022E+11,4,RUE DE RIVOLI,0,NULL,1,3,1,1,-1,-1,1,NULL,-1,1,0,5,30,
2.022E+11,22,5,2022,04:00:00,5,33,33063,2,1,1,3,Cours d'Alsace et Lorraine,"448,375,924,439"," -0,5730566382",2.022E+11,769 826,B01,2,1,0,2,8,2,0,NULL,2.022E+11,1 040 767,769 823,A01,1,1,1,1,2000,5,2,-1,-1,-1,-1,-1,2.022E+11,4,CRS D'ALSACE ET LORRAINE,0,NULL,1,3,3,1,-1,-1,1,NULL,-1,1,9,1,30,
2.022E+11,22,5,2022,04:00:00,5,33,33063,2,1,1,3,Cours d'Alsace et Lorraine,"448,375,924,439"," -0,5730566382",2.022E+11,769 826,B01,2,1,0,2,8,2,0,NULL,2.022E+11,1 040 768,769 823,A01,2,2,1,2,2002,5,2,-1,-1,-1,-1,-1,2.022E+11,4,CRS D'ALSACE ET LORRAINE,0,NULL,1,3,3,1,-1,-1,1,NULL,-1,1,9,1,30,
2.022E+11,22,5,2022,04:00:00,5,33,33063,2,1,1,3,Cours d'Alsace et Lorraine,"448,375,924,439"," -0,5730566382",2.022E+11,769 826,B01,2,1,0,2,8,2,0,NULL,2.022E+11,1 040 771,769 826,B01,1,1,4,2,1994,9,0,-1,-1,-1,-1,-1,2.022E+11,4,CRS D'ALSACE ET LORRAINE,0,NULL,1,3,3,1,-1,-1,1,NULL,-1,1,9,1,30,
2.022E+11,10,11,2022,19:00:00,5,75,75114,2,3,1,3,RUE D ALESIA,"488,315,510,000","23,153,200,000",2.022E+11,767 422,A01,1,1,0,2,6,15,5,NULL,2.022E+11,1 037 641,767 421,B01,1,1,4,1,1992,4,2,6,-1,0,0,-1,2.022E+11,4,RUE D ALESIA,0,NULL,1,2,1,1,-1,-1,1,NULL,-1,1,0,1,30,
2.022E+11,10,11,2022,19:00:00,5,75,75114,2,3,1,3,RUE D ALESIA,"488,315,510,000","23,153,200,000",2.022E+11,767 422,A01,1,1,0,2,6,15,5,NULL,2.022E+11,1 037 642,767 422,A01,1,1,1,1,2004,5,8,0,-1,0,0,-1,2.022E+11,4,RUE D ALESIA,0,NULL,1,2,1,1,-1,-1,1,NULL,-1,1,0,1,30,
2.022E+11,18,7,2022,13:00:00,1,67,67447,2,3,1,3,ERSTEIN (RUE D ),"486,106,200,000","77,339,100,000",2.022E+11,759 539,B01,0,1,0,2,1,1,5,NULL,2.022E+11,1 027 267,759 539,B01,1,1,3,1,1982,0,8,0,-1,-1,-1,-1,2.022E+11,7,BRUMATH (ROUTE DE),0,NULL,2,2,0,1,2,0,1,NULL,-1,1,0,1,40,
2.022E+11,18,7,2022,13:00:00,1,67,67447,2,3,1,3,ERSTEIN (RUE D ),"486,106,200,000","77,339,100,000",2.022E+11,759 539,B01,0,1,0,2,1,1,5,NULL,2.022E+11,1 027 269,759 541,A01,1,1,1,1,1973,4,1,8,-1,-1,-1,-1,2.022E+11,7,BRUMATH (ROUTE DE),0,NULL,2,2,0,1,2,0,1,NULL,-1,1,0,1,40,
2.022E+11,9,12,2022,16:00:00,1,27,27165,1,1,1,2,D840,"489,420,650,000","0,9449530000",2.022E+11,756 084,B01,2,1,0,0,4,1,5,NULL,2.022E+11,1 022 602,756 083,A01,1,1,1,1,1984,5,2,6,-1,0,0,-1,2.022E+11,3,840,-1,D,2,2,0,1,23,500,1,NULL,-1,1,0,1,80,
2.022E+11,9,12,2022,16:00:00,1,27,27165,1,1,1,2,D840,"489,420,650,000","0,9449530000",2.022E+11,756 084,B01,2,1,0,0,4,1,5,NULL,2.022E+11,1 022 604,756 084,B01,1,1,3,1,1965,5,2,4,6,0,0,-1,2.022E+11,3,840,-1,D,2,2,0,1,23,500,1,NULL,-1,1,0,1,80,
2.022E+11,20,1,2022,15:18:00,1,973,97302,2,1,1,3,MADELEINE (ROUTE DE LA),"49,228,628,079","-523,236,536,980",2.022E+11,754 501,B01,1,1,0,2,8,2,5,NULL,2.022E+11,1 020 468,754 500,Z01,1,1,1,1,1960,0,8,0,-1,-1,-1,-1,2.022E+11,3,MADELEINE (ROUTE DE LA),0,NULL,2,1,0,1,1,850,1,NULL,-1,1,0,1,50,
2.022E+11,20,1,2022,15:18:00,1,973,97302,2,1,1,3,MADELEINE (ROUTE DE LA),"49,228,628,079","-523,236,536,980",2.022E+11,754 501,B01,1,1,0,2,8,2,5,NULL,2.022E+11,1 020 469,754 501,B01,1,1,4,1,1963,0,-1,0,-1,-1,-1,-1,2.022E+11,3,MADELEINE (ROUTE DE LA),0,NULL,2,1,0,1,1,850,1,NULL,-1,1,0,1,50,
2.022E+11,11,4,2022,07:50:00,2,67,67196,2,3,1,3,1 Rue de bindernheim,"482,905,670,000","75,683,140,000",2.022E+11,754 367,A01,2,1,0,0,8,1,5,NULL,2.022E+11,1 020 292,754 367,A01,1,1,3,1,1998,1,0,-1,-1,0,0,-1,2.022E+11,3,211,0,NULL,2,2,0,1,3,950,3,NULL,-1,1,0,1,50,
2.022E+11,11,4,2022,07:50:00,2,67,67196,2,3,1,3,1 Rue de bindernheim,"482,905,670,000","75,683,140,000",2.022E+11,754 367,A01,2,1,0,0,8,1,5,NULL,2.022E+11,1 020 295,754 370,B01,1,1,1,1,1984,1,1,-1,-1,0,0,-1,2.022E+11,3,211,0,NULL,2,2,0,1,3,950,3,NULL,-1,1,0,1,50,
2.022E+11,9,12,2022,00:50:00,5,75,75111,2,2,1,3,BOULEVARD VOLTAIRE,"488,490,930,000","23,947,330,000",2.022E+11,752 945,A01,3,1,0,2,1,1,5,NULL,2.022E+11,1 018 367,752 945,A01,1,1,4,2,2002,5,8,0,-1,0,0,-1,2.022E+11,4,BOULEVARD VOLTAIRE,0,NULL,2,2,0,1,-1,-1,1,NULL,-1,1,0,1,30,
2.022E+11,9,12,2022,00:50:00,5,75,75111,2,2,1,3,BOULEVARD VOLTAIRE,"488,490,930,000","23,947,330,000",2.022E+11,752 945,A01,3,1,0,2,1,1,5,NULL,2.022E+11,1 018 368,752 946,B01,1,1,1,1,1970,5,1,0,-1,0,0,-1,2.022E+11,4,BOULEVARD VOLTAIRE,0,NULL,2,2,0,1,-1,-1,1,NULL,-1,1,0,1,30,
2.022E+11,16,5,2022,19:15:00,1,92,92002,2,6,1,3,GENERAL DE GAULLE (PLACE DU),"487,638,052,076","23,088,805,228",2.022E+11,750 159,B01,3,1,0,2,1,19,5,NULL,2.022E+11,1 014 620,750 159,B01,1,1,4,1,1993,1,8,0,-1,-1,-1,-1,2.022E+11,3,920,0,NULL,-1,3,0,1,0,0,1,NULL,-1,1,5,8,50,
2.022E+11,16,5,2022,19:15:00,1,92,92002,2,6,1,3,GENERAL DE GAULLE (PLACE DU),"487,638,052,076","23,088,805,228",2.022E+11,750 159,B01,3,1,0,2,1,19,5,NULL,2.022E+11,1 014 621,750 160,A01,1,1,1,1,1997,5,1,0,-1,-1,-1,-1,2.022E+11,3,920,0,NULL,-1,3,0,1,0,0,1,NULL,-1,1,5,8,50,
2.022E+11,23,8,2022,07:10:00,1,59,59350,2,1,1,2,4ème avenue Port Fluvial,"506,376,280,000","29,759,890,000",2.022E+11,748 511,B01,3,1,0,2,4,1,5,NULL,2.022E+11,1 012 372,748 510,A01,1,1,1,2,1997,1,1,0,-1,-1,-1,-1,2.022E+11,4,4ème avenue Port Fluvial,0,NULL,3,2,0,1,-1,-1,1,NULL,-1,1,0,1,50,
2.022E+11,23,8,2022,07:10:00,1,59,59350,2,1,1,2,4ème avenue Port Fluvial,"506,376,280,000","29,759,890,000",2.022E+11,748 511,B01,3,1,0,2,4,1,5,NULL,2.022E+11,1 012 376,748 511,B01,1,1,4,1,1963,1,8,0,-1,-1,-1,-1,2.022E+11,4,4ème avenue Port Fluvial,0,NULL,3,2,0,1,-1,-1,1,NULL,-1,1,0,1,50,
2.022E+11,5,4,2022,12:20:00,1,22,22359,1,1,2,3,Kéranfloc'h,"485,721,704,422","-33,935,739,398",2.022E+11,747 168,B01,1,1,0,0,6,26,5,NULL,2.022E+11,1 010 591,747 168,B01,1,1,4,1,1960,5,2,-1,-1,0,0,-1,2.022E+11,3,33,0,D,2,2,0,2,6,1612,1,NULL,-1,2,0,1,80,
2.022E+11,5,4,2022,12:20:00,1,22,22359,1,1,2,3,Kéranfloc'h,"485,721,704,422","-33,935,739,398",2.022E+11,747 168,B01,1,1,0,0,6,26,5,NULL,2.022E+11,1 010 593,747 170,A01,1,1,1,1,1955,9,1,-1,-1,0,0,-1,2.022E+11,3,33,0,D,2,2,0,2,6,1612,1,NULL,-1,2,0,1,80,
2.022E+11,27,9,2022,10:10:00,1,75,75114,2,2,1,3,RUE D ALESIA,"488,278,280,000","23,303,380,000",2.022E+11,742 987,B01,1,1,0,2,3,13,5,NULL,2.022E+11,1 005 021,742 986,A01,1,1,1,1,1983,4,1,0,-1,0,0,-1,2.022E+11,4,RUE D ALESIA,0,NULL,2,4,3,1,-1,-1,1,NULL,-1,2,-1,6,30,
2.022E+11,27,9,2022,10:10:00,1,75,75114,2,2,1,3,RUE D ALESIA,"488,278,280,000","23,303,380,000",2.022E+11,742 987,B01,1,1,0,2,3,13,5,NULL,2.022E+11,1 005 022,742 987,B01,1,1,4,2,2006,2,2,0,-1,0,0,-1,2.022E+11,4,RUE D ALESIA,0,NULL,2,4,3,1,-1,-1,1,NULL,-1,2,-1,6,30,
2.022E+11,29,10,2022,14:55:00,1,85,85047,2,6,1,2,Rue des marzelles,"468,419,250,000","-18,746,480,000",2.022E+11,740 663,B01,3,1,0,0,4,16,5,NULL,2.022E+11,1 001 853,740 663,B01,1,1,3,2,2009,5,0,-1,-1,0,0,-1,2.022E+11,4,NULL,-1,NULL,-1,2,0,4,-1,-1,3,NULL,"5,5",1,5,1,-1,
2.022E+11,29,10,2022,14:55:00,1,85,85047,2,6,1,2,Rue des marzelles,"468,419,250,000","-18,746,480,000",2.022E+11,740 663,B01,3,1,0,0,4,16,5,NULL,2.022E+11,1 001 855,740 664,A01,1,1,1,2,1939,5,1,-1,-1,0,0,-1,2.022E+11,4,NULL,-1,NULL,-1,2,0,4,-1,-1,3,NULL,"5,5",1,5,1,-1,
2.022E+11,25,9,2022,11:35:00,1,29,29151,2,4,1,1,12 Cours Beaumont,"485,879,110,000","-38,370,840,000",2.022E+11,739 323,B01,2,1,0,2,1,1,5,NULL,2.022E+11,999 975,739 322,A01,1,1,1,1,1940,0,1,-1,-1,-1,-1,-1,2.022E+11,4,BEAUMONT (COURS),0,NULL,2,2,0,4,-1,-1,1,NULL,-1,1,5,1,30,
2.022E+11,25,9,2022,11:35:00,1,29,29151,2,4,1,1,12 Cours Beaumont,"485,879,110,000","-38,370,840,000",2.022E+11,739 323,B01,2,1,0,2,1,1,5,NULL,2.022E+11,999 976,739 323,B01,1,1,4,1,1947,0,2,-1,-1,-1,-1,-1,2.022E+11,4,BEAUMONT (COURS),0,NULL,2,2,0,4,-1,-1,1,NULL,-1,1,5,1,30,
2.022E+11,22,9,2022,08:50:00,1,59,59350,2,2,1,3,FAIDHERBE RUE,"506,368,725,568","30,674,090,981",2.022E+11,732 016,B01,3,1,0,2,1,1,5,NULL,2.022E+11,990 153,732 015,A01,1,1,1,1,1989,0,1,0,-1,-1,-1,-1,2.022E+11,4,FAIDHERBE RUE,0,NULL,1,2,2,1,-1,-1,1,NULL,-1,1,0,1,30,
2.022E+11,22,9,2022,08:50:00,1,59,59350,2,2,1,3,FAIDHERBE RUE,"506,368,725,568","30,674,090,981",2.022E+11,732 016,B01,3,1,0,2,1,1,5,NULL,2.022E+11,990 157,732 016,B01,1,1,4,1,1991,0,2,8,-1,-1,-1,-1,2.022E+11,4,FAIDHERBE RUE,0,NULL,1,2,2,1,-1,-1,1,NULL,-1,1,0,1,30,
2.022E+11,8,6,2022,17:00:00,1,67,67482,2,3,1,3,MARCHE GARE (RUE DU),"485,964,800,000","77,387,500,000",2.022E+11,728 477,B01,2,1,0,2,0,19,5,NULL,2.022E+11,985 484,728 471,A01,1,1,1,1,1930,0,1,0,-1,-1,-1,-1,2.022E+11,4,MARCHE GARE (RUE DU),0,NULL,3,4,0,1,-1,-1,3,NULL,-1,1,0,1,50,
2.022E+11,8,6,2022,17:00:00,1,67,67482,2,3,1,3,MARCHE GARE (RUE DU),"485,964,800,000","77,387,500,000",2.022E+11,728 477,B01,2,1,0,2,0,19,5,NULL,2.022E+11,985 493,728 477,B01,1,1,4,1,1997,0,8,8,-1,-1,-1,-1,2.022E+11,4,MARCHE GARE (RUE DU),0,NULL,3,4,0,1,-1,-1,3,NULL,-1,1,0,1,50,
2.022E+11,25,10,2022,17:25:00,1,57,57261,2,3,1,3,rue du moulin,"490,622,640,000","72,112,990,000",2.022E+11,726 667,B01,3,1,0,2,7,16,5,NULL,2.022E+11,983 098,726 666,A01,1,1,1,1,1974,5,1,-1,-1,0,0,-1,2.022E+11,4,NULL,-1,NULL,2,1,0,1,-1,-1,1,NULL,3,1,0,1,50,
2.022E+11,25,10,2022,17:25:00,1,57,57261,2,3,1,3,rue du moulin,"490,622,640,000","72,112,990,000",2.022E+11,726 667,B01,3,1,0,2,7,16,5,NULL,2.022E+11,983 100,726 667,B01,1,1,3,1,2013,5,2,-1,-1,0,0,-1,2.022E+11,4,NULL,-1,NULL,2,1,0,1,-1,-1,1,NULL,3,1,0,1,50,
2.022E+11,28,3,2022,16:39:00,1,49,49007,2,2,1,3,Rue des Ponts de Cé,"474,529,500,000"," -0,5387100000",2.022E+11,726 641,B01,1,1,0,2,1,19,5,NULL,2.022E+11,983 069,726 640,A01,1,1,1,2,1958,5,8,0,-1,-1,-1,-1,2.022E+11,4,PONTS DE CE,0,NULL,2,2,0,1,-1,-1,1,NULL,-1,1,0,1,30,
2.022E+11,28,3,2022,16:39:00,1,49,49007,2,2,1,3,Rue des Ponts de Cé,"474,529,500,000"," -0,5387100000",2.022E+11,726 641,B01,1,1,0,2,1,19,5,NULL,2.022E+11,983 070,726 641,B01,1,1,4,1,1978,5,8,0,-1,-1,-1,-1,2.022E+11,4,PONTS DE CE,0,NULL,2,2,0,1,-1,-1,1,NULL,-1,1,0,1,30,
2.022E+11,7,1,2022,14:30:00,1,92,92040,2,3,1,3,ILES (BOULEVARD DES),"488,231,265,881","22,492,838,502",2.022E+11,725 871,B01,1,1,0,2,8,26,5,NULL,2.022E+11,982 066,725 870,A01,1,1,1,1,2001,0,1,0,-1,-1,-1,-1,2.022E+11,3,101,0,NULL,1,3,0,1,0,0,1,NULL,-1,1,0,1,30,
2.022E+11,7,1,2022,14:30:00,1,92,92040,2,3,1,3,ILES (BOULEVARD DES),"488,231,265,881","22,492,838,502",2.022E+11,725 871,B01,1,1,0,2,8,26,5,NULL,2.022E+11,982 067,725 871,B01,1,1,4,1,1983,1,2,0,-1,-1,-1,-1,2.022E+11,3,101,0,NULL,1,3,0,1,0,0,1,NULL,-1,1,0,1,30,