Accident_Id,jour,mois,an,hrmn,lum,dep,com,agg,int,atm,col,adr,lat,long,Num_Acc,id_vehicule,num_veh,senc,catv,obs,obsm,choc,manv,motor,occutc,Num_Acc,id_usager,id_vehicule,num_veh,place,catu,grav,sexe,an_nais,trajet,secu1,secu2,secu3,locp,actp,etatp,Num_Acc,catr,voie,v1,v2,circ,nbv,vosp,prof,pr,pr1,plan,lartpc,larrout,surf,infra,situ,vma,
2.022E+11,26,11,2022,11:20:00,1,76,76447,2,1,1,6, ECARTS (CHEM DES ),"495,649,200,000","0,1994700000",2.022E+11,724 536,A01,1,1,0,2,0,1,5,NULL,2.022E+11,980 302,724 536,A01,1,1,1,1,1972,0,8,-1,-1,0,0,-1,2.022E+11,4, ECARTS (CHEM DES ),0,NULL,-1,1,0,1,0,0,1,NULL,-1,1,0,1,50,
2.022E+11,26,11,2022,11:20:00,1,76,76447,2,1,1,6, ECARTS (CHEM DES ),"495,649,200,000","0,1994700000",2.022E+11,724 540,B01,1,1,0,2,0,1,5,NULL,2.022E+11,980 302,724 536,A01,1,1,1,1,1972,0,8,-1,-1,0,0,-1,2.022E+11,4, ECARTS (CHEM DES ),0,NULL,-1,1,0,1,0,0,1,NULL,-1,1,0,1,50,
2.022E+11,26,11,2022,11:20:00,1,76,76447,2,1,1,6, ECARTS (CHEM DES ),"495,649,200,000","0,1994700000",2.022E+11,724 536,A01,1,1,0,2,0,1,5,NULL,2.022E+11,980 308,724 540,B01,1,1,3,1,1960,0,8,-1,-1,0,0,-1,2.022E+11,4, ECARTS (CHEM DES ),0,NULL,-1,1,0,1,0,0,1,NULL,-1,1,0,1,50,
2.022E+11,26,11,2022,11:20:00,1,76,76447,2,1,1,6, ECARTS (CHEM DES ),"495,649,200,000","0,1994700000",2.022E+11,724 540,B01,1,1,0,2,0,1,5,NULL,2.022E+11,980 308,724 540,B01,1,1,3,1,1960,0,8,-1,-1,0,0,-1,2.022E+11,4, ECARTS (CHEM DES ),0,NULL,-1,1,0,1,0,0,1,NULL,-1,1,0,1,50,
2.022E+11,8,5,2022,21:28:00,1,17,17300,2,9,1,1,CREPEAU   AVENUE MICHEL,"461,535,940,000","-11,550,260,000",2.022E+11,723 754,A01,3,1,0,2,1,16,5,NULL,2.022E+11,979 287,723 754,A01,1,1,4,1,1970,0,8,0,-1,-1,-1,-1,2.022E+11,4,CREPEAU   AVENUE MICHEL,0,NULL,-1,2,1,1,-1,-1,1,NULL,-1,1,0,1,50,
2.022E+11,8,5,2022,21:28:00,1,17,17300,2,9,1,1,CREPEAU   AVENUE MICHEL,"461,535,940,000","-11,550,260,000",2.022E+11,723 754,A01,3,1,0,2,1,16,5,NULL,2.022E+11,979 293,723 759,B01,1,1,1,1,1993,0,2,8,-1,-1,-1,-1,2.022E+11,4,CREPEAU   AVENUE MICHEL,0,NULL,-1,2,1,1,-1,-1,1,NULL,-1,1,0,1,50,
2.022E+11,10,8,2022,09:49:00,1,31,31555,2,6,1,3,BOULINGRIN (ROND POINT DU) DU 5AU 9,"435,948,630,000","14,533,170,000",2.022E+11,720 709,B01,1,1,0,2,3,0,5,NULL,2.022E+11,975 180,720 709,B01,1,1,4,1,1947,0,0,0,-1,-1,-1,-1,2.022E+11,4,BOULINGRIN (ROND POINT DU) DU 5AU 9,0,NULL,1,3,1,1,-1,-1,2,NULL,-1,1,0,1,50,
2.022E+11,10,8,2022,09:49:00,1,31,31555,2,6,1,3,BOULINGRIN (ROND POINT DU) DU 5AU 9,"435,948,630,000","14,533,170,000",2.022E+11,720 709,B01,1,1,0,2,3,0,5,NULL,2.022E+11,975 185,720 714,A01,1,1,1,1,1989,1,1,0,-1,-1,-1,-1,2.022E+11,4,BOULINGRIN (ROND POINT DU) DU 5AU 9,0,NULL,1,3,1,1,-1,-1,2,NULL,-1,1,0,1,50,
2.022E+11,3,5,2022,12:05:00,1,80,80021,2,2,1,3,RESISTANCE (RUE DE LA),"498,980,400,000","22,952,000,000",2.022E+11,719 825,B01,0,1,0,2,5,19,5,NULL,2.022E+11,973 969,719 825,B01,1,1,4,2,1963,9,8,0,-1,-1,-1,-1,2.022E+11,4,RESISTANCE (RUE DE LA),0,NULL,2,6,0,1,-1,-1,1,NULL,-1,1,0,1,50,
2.022E+11,3,5,2022,12:05:00,1,80,80021,2,2,1,3,RESISTANCE (RUE DE LA),"498,980,400,000","22,952,000,000",2.022E+11,719 825,B01,0,1,0,2,5,19,5,NULL,2.022E+11,973 977,719 830,A01,1,1,1,1,1974,0,1,0,-1,-1,-1,-1,2.022E+11,4,RESISTANCE (RUE DE LA),0,NULL,2,6,0,1,-1,-1,1,NULL,-1,1,0,1,50,
2.022E+11,31,7,2022,11:00:00,1,73,73171,1,1,1,3,D1006,"454,997,300,000","60,429,100,000",2.022E+11,719 588,A01,2,1,0,2,4,1,5,NULL,2.022E+11,973 640,719 585,B01,1,1,1,1,1978,5,1,-1,-1,0,0,-1,2.022E+11,3,1006,-1,NULL,2,2,0,1,51,520,1,NULL,-1,1,0,1,70,
2.022E+11,31,7,2022,11:00:00,1,73,73171,1,1,1,3,D1006,"454,997,300,000","60,429,100,000",2.022E+11,719 588,A01,2,1,0,2,4,1,5,NULL,2.022E+11,973 641,719 585,B01,2,2,1,2,2006,5,1,-1,-1,-1,-1,-1,2.022E+11,3,1006,-1,NULL,2,2,0,1,51,520,1,NULL,-1,1,0,1,70,
2.022E+11,31,7,2022,11:00:00,1,73,73171,1,1,1,3,D1006,"454,997,300,000","60,429,100,000",2.022E+11,719 588,A01,2,1,0,2,4,1,5,NULL,2.022E+11,973 648,719 588,A01,1,1,3,1,1941,5,0,-1,-1,0,0,-1,2.022E+11,3,1006,-1,NULL,2,2,0,1,51,520,1,NULL,-1,1,0,1,70,
2.022E+11,4,5,2022,20:45:00,4,974,97411,2,1,2,6,BRASSENS (AVENUE GEORGES),"-209,016,200,000","554,878,100,000",2.022E+11,717 549,B01,0,1,0,2,6,2,5,NULL,2.022E+11,970 770,717 545,A01,1,1,1,1,1996,1,1,0,-1,0,0,-1,2.022E+11,4,BRASSENS (AVENUE GEORGES),0,NULL,2,1,0,2,0,0,1,NULL,-1,2,0,1,50,
2.022E+11,4,5,2022,20:45:00,4,974,97411,2,1,2,6,BRASSENS (AVENUE GEORGES),"-209,016,200,000","554,878,100,000",2.022E+11,717 549,B01,0,1,0,2,6,2,5,NULL,2.022E+11,970 776,717 549,B01,1,1,2,1,2001,5,0,0,0,0,0,-1,2.022E+11,4,BRASSENS (AVENUE GEORGES),0,NULL,2,1,0,2,0,0,1,NULL,-1,2,0,1,50,
2.022E+11,6,12,2022,17:15:00,2,60,60159,2,1,1,3,Rue Ferdinand de Lesseps,"493,977,382,691","27,873,655,557",2.022E+11,807 495,B01,1,1,0,2,8,19,5,NULL,2.022E+11,1 091 082,807 495,B01,1,1,3,1,1975,1,2,4,-1,0,0,-1,2.022E+11,4,LESSEPS (FERDINAND DE),0,NULL,2,2,0,1,-1,-1,1,NULL,-1,1,0,1,50,
2.022E+11,6,12,2022,17:15:00,2,60,60159,2,1,1,3,Rue Ferdinand de Lesseps,"493,977,382,691","27,873,655,557",2.022E+11,807 495,B01,1,1,0,2,8,19,5,NULL,2.022E+11,1 091 084,807 496,A01,1,1,1,2,1958,5,1,0,-1,0,0,-1,2.022E+11,4,LESSEPS (FERDINAND DE),0,NULL,2,2,0,1,-1,-1,1,NULL,-1,1,0,1,50,
2.022E+11,2,6,2022,18:05:00,1,33,33318,2,1,1,3,Avenue de Magonty,"447,939,100,000"," -0,7018700000",2.022E+11,807 151,B01,3,1,0,2,8,19,5,NULL,2.022E+11,1 090 610,807 151,B01,1,1,3,1,2018,5,2,-1,-1,-1,-1,-1,2.022E+11,4,AVE DE MAGONTY,0,NULL,2,2,1,1,-1,-1,1,NULL,-1,1,0,1,50,
2.022E+11,2,6,2022,18:05:00,1,33,33318,2,1,1,3,Avenue de Magonty,"447,939,100,000"," -0,7018700000",2.022E+11,807 151,B01,3,1,0,2,8,19,5,NULL,2.022E+11,1 090 615,807 154,A01,1,1,1,1,2003,5,1,-1,-1,-1,-1,-1,2.022E+11,4,AVE DE MAGONTY,0,NULL,2,2,1,1,-1,-1,1,NULL,-1,1,0,1,50,
2.022E+11,10,7,2022,18:00:00,1,74,74250,1,1,1,2,D27,"460,507,330,000","63,658,690,000",2.022E+11,806 461,B01,2,1,0,0,4,2,5,NULL,2.022E+11,1 089 666,806 461,B01,1,1,3,1,1964,5,2,-1,-1,0,0,-1,2.022E+11,3,27,0,D,2,2,0,2,31,400,1,NULL,-1,1,0,1,70,
2.022E+11,10,7,2022,18:00:00,1,74,74250,1,1,1,2,D27,"460,507,330,000","63,658,690,000",2.022E+11,806 461,B01,2,1,0,0,4,2,5,NULL,2.022E+11,1 089 669,806 463,A01,1,1,1,1,1973,5,1,-1,-1,0,0,-1,2.022E+11,3,27,0,D,2,2,0,2,31,400,1,NULL,-1,1,0,1,70,
2.022E+11,2,7,2022,12:30:00,1,75,75107,2,1,1,1,QUAI BRANLY,"488,591,550,000","22,934,030,000",2.022E+11,805 864,B01,2,1,0,0,0,1,5,NULL,2.022E+11,1 088 898,805 864,B01,1,1,4,1,1955,5,8,0,-1,0,0,-1,2.022E+11,4,QUAI BRANLY,0,NULL,2,1,1,2,-1,-1,1,NULL,-1,1,1,5,30,
2.022E+11,2,7,2022,12:30:00,1,75,75107,2,1,1,1,QUAI BRANLY,"488,591,550,000","22,934,030,000",2.022E+11,805 865,A01,1,1,0,0,1,13,5,NULL,2.022E+11,1 088 898,805 864,B01,1,1,4,1,1955,5,8,0,-1,0,0,-1,2.022E+11,4,QUAI BRANLY,0,NULL,2,1,1,2,-1,-1,1,NULL,-1,1,1,5,30,
2.022E+11,2,7,2022,12:30:00,1,75,75107,2,1,1,1,QUAI BRANLY,"488,591,550,000","22,934,030,000",2.022E+11,805 864,B01,2,1,0,0,0,1,5,NULL,2.022E+11,1 088 899,805 865,A01,1,1,4,1,2003,5,8,0,-1,0,0,-1,2.022E+11,4,QUAI BRANLY,0,NULL,2,1,1,2,-1,-1,1,NULL,-1,1,1,5,30,
2.022E+11,2,7,2022,12:30:00,1,75,75107,2,1,1,1,QUAI BRANLY,"488,591,550,000","22,934,030,000",2.022E+11,805 865,A01,1,1,0,0,1,13,5,NULL,2.022E+11,1 088 899,805 865,A01,1,1,4,1,2003,5,8,0,-1,0,0,-1,2.022E+11,4,QUAI BRANLY,0,NULL,2,1,1,2,-1,-1,1,NULL,-1,1,1,5,30,
2.022E+11,10,2,2022,07:40:00,2,69,69115,2,6,1,3,Avenue de la Libération,"459,775,560,348","47,078,213,096",2.022E+11,802 030,B01,1,1,0,2,2,15,5,NULL,2.022E+11,1 083 784,802 028,A01,1,1,1,1,1970,0,1,-1,-1,-1,-1,-1,2.022E+11,3,LIBERATION (allée de la),0,NULL,2,2,0,2,-1,-1,2,NULL,-1,1,0,1,50,
2.022E+11,10,2,2022,07:40:00,2,69,69115,2,6,1,3,Avenue de la Libération,"459,775,560,348","47,078,213,096",2.022E+11,802 030,B01,1,1,0,2,2,15,5,NULL,2.022E+11,1 083 787,802 030,B01,1,1,4,1,2010,2,0,-1,-1,0,0,-1,2.022E+11,3,LIBERATION (allée de la),0,NULL,2,2,0,2,-1,-1,2,NULL,-1,1,0,1,50,
2.022E+11,1,6,2022,10:05:00,1,75,75104,2,2,1,6,RUE DES ARCHIVES,"488,600,700,000","23,568,760,000",2.022E+11,797 753,Z01,1,1,0,1,8,1,5,NULL,2.022E+11,1 078 219,797 753,Z01,10,3,4,2,1954,5,8,8,-1,2,3,1,2.022E+11,4,RUE DES ARCHIVES,0,NULL,1,1,0,1,-1,-1,1,NULL,-1,1,0,1,30,
2.022E+11,1,6,2022,10:05:00,1,75,75104,2,2,1,6,RUE DES ARCHIVES,"488,600,700,000","23,568,760,000",2.022E+11,797 753,Z01,1,1,0,1,8,1,5,NULL,2.022E+11,1 078 222,797 753,Z01,1,1,1,-1,NULL,-1,-1,-1,-1,-1,-1,-1,2.022E+11,4,RUE DES ARCHIVES,0,NULL,1,1,0,1,-1,-1,1,NULL,-1,1,0,1,30,
2.022E+11,30,6,2022,20:45:00,1,4,4070,2,3,1,3,Ch des Alpilles / impasse,"440,831,300,000","62,058,600,000",2.022E+11,795 582,B01,1,1,0,2,2,9,5,NULL,2.022E+11,1 075 297,795 580,A01,1,1,1,1,1971,1,1,-1,-1,-1,-1,-1,2.022E+11,4,ALPILLES (CH. DES),0,NULL,2,2,0,2,-1,-1,1,NULL,-1,1,0,5,50,
2.022E+11,30,6,2022,20:45:00,1,4,4070,2,3,1,3,Ch des Alpilles / impasse,"440,831,300,000","62,058,600,000",2.022E+11,795 582,B01,1,1,0,2,2,9,5,NULL,2.022E+11,1 075 301,795 582,B01,1,1,4,1,2011,5,0,-1,-1,-1,-1,-1,2.022E+11,4,ALPILLES (CH. DES),0,NULL,2,2,0,2,-1,-1,1,NULL,-1,1,0,5,50,
2.022E+11,11,3,2022,17:00:00,1,57,57672,2,1,1,6,VAUBAN (AVENUE),"493,619,500,000","61,583,000,000",2.022E+11,794 193,B01,1,1,0,2,1,1,5,NULL,2.022E+11,1 073 464,794 193,B01,1,1,3,1,2007,2,2,0,-1,-1,-1,-1,2.022E+11,4,VAUBAN (AVENUE),0,NULL,2,2,0,1,0,0,1,NULL,-1,1,0,4,50,
2.022E+11,11,3,2022,17:00:00,1,57,57672,2,1,1,6,VAUBAN (AVENUE),"493,619,500,000","61,583,000,000",2.022E+11,794 193,B01,1,1,0,2,1,1,5,NULL,2.022E+11,1 073 467,794 195,A01,1,1,1,1,2001,5,1,0,-1,-1,-1,-1,2.022E+11,4,VAUBAN (AVENUE),0,NULL,2,2,0,1,0,0,1,NULL,-1,1,0,4,50,
2.022E+11,17,11,2022,11:25:00,1,35,35238,2,5,1,3,ROOSEVELT (BD FRANKLIN),"480,972,000,000","-16,579,000,000",2.022E+11,791 344,B01,1,1,0,2,1,1,5,NULL,2.022E+11,1 069 684,791 344,B01,1,1,4,1,1992,5,0,-1,-1,0,0,-1,2.022E+11,4,ROOSEVELT (BD FRANKLIN),0,NULL,2,2,2,2,-1,-1,1,NULL,-1,1,0,1,50,
2.022E+11,17,11,2022,11:25:00,1,35,35238,2,5,1,3,ROOSEVELT (BD FRANKLIN),"480,972,000,000","-16,579,000,000",2.022E+11,791 344,B01,1,1,0,2,1,1,5,NULL,2.022E+11,1 069 686,791 345,A01,1,1,1,1,1938,5,1,-1,-1,0,0,-1,2.022E+11,4,ROOSEVELT (BD FRANKLIN),0,NULL,2,2,2,2,-1,-1,1,NULL,-1,1,0,1,50,
2.022E+11,11,10,2022,15:30:00,1,75,75115,2,1,1,3,PORT DE JAVEL BAS,"488,426,040,000","22,730,720,000",2.022E+11,785 541,B01,3,1,0,2,3,1,5,NULL,2.022E+11,1 061 843,785 541,B01,1,1,4,1,1942,5,2,0,-1,0,0,-1,2.022E+11,4,PORT DE JAVEL BAS,0,NULL,2,2,0,2,-1,-1,1,NULL,-1,1,0,1,30,
2.022E+11,11,10,2022,15:30:00,1,75,75115,2,1,1,3,PORT DE JAVEL BAS,"488,426,040,000","22,730,720,000",2.022E+11,785 541,B01,3,1,0,2,3,1,5,NULL,2.022E+11,1 061 845,785 542,A01,1,1,1,1,1980,4,1,0,-1,0,0,-1,2.022E+11,4,PORT DE JAVEL BAS,0,NULL,2,2,0,2,-1,-1,1,NULL,-1,1,0,1,30,
2.022E+11,11,2,2022,16:30:00,1,89,89387,2,3,1,3,PRESIDENT KENNEDY (BOULEVARD DU),"481,909,300,000","32,854,000,000",2.022E+11,778 945,A01,2,1,0,2,2,1,5,NULL,2.022E+11,1 053 082,778 944,B01,1,1,1,2,1998,2,1,8,-1,-1,-1,-1,2.022E+11,4,PRESIDENT KENNEDY (BOULEVARD DU),0,NULL,2,3,1,1,-1,-1,2,NULL,-1,1,5,5,50,
2.022E+11,11,2,2022,16:30:00,1,89,89387,2,3,1,3,PRESIDENT KENNEDY (BOULEVARD DU),"481,909,300,000","32,854,000,000",2.022E+11,778 945,A01,2,1,0,2,2,1,5,NULL,2.022E+11,1 053 083,778 945,A01,1,1,3,2,1946,3,8,0,-1,-1,-1,-1,2.022E+11,4,PRESIDENT KENNEDY (BOULEVARD DU),0,NULL,2,3,1,1,-1,-1,2,NULL,-1,1,5,5,50,
2.022E+11,20,4,2022,10:30:00,1,75,75108,2,1,1,3,RUE LA BOETIE,"488,718,550,000","23,083,420,000",2.022E+11,778 770,A01,1,1,0,2,8,18,5,NULL,2.022E+11,1 052 858,778 769,B01,1,1,1,1,1998,4,1,0,-1,0,0,-1,2.022E+11,4,RUE LA BOETIE,0,NULL,1,1,0,1,-1,-1,1,NULL,-1,1,0,1,30,
2.022E+11,20,4,2022,10:30:00,1,75,75108,2,1,1,3,RUE LA BOETIE,"488,718,550,000","23,083,420,000",2.022E+11,778 770,A01,1,1,0,2,8,18,5,NULL,2.022E+11,1 052 860,778 770,A01,1,1,4,2,1997,9,2,0,-1,0,0,-1,2.022E+11,4,RUE LA BOETIE,0,NULL,1,1,0,1,-1,-1,1,NULL,-1,1,0,1,30,
2.022E+11,14,11,2022,18:45:00,3,92,92050,2,1,1,1,RIGAULT RUE,"488,942,510,000","21,977,970,000",2.022E+11,777 777,A01,1,1,0,2,1,0,5,NULL,2.022E+11,1 051 586,777 777,A01,1,1,4,1,1997,1,0,-1,-1,-1,-1,-1,2.022E+11,4,NULL,0,NULL,-1,0,0,1,0,0,1,NULL,-1,1,0,5,30,
2.022E+11,14,11,2022,18:45:00,3,92,92050,2,1,1,1,RIGAULT RUE,"488,942,510,000","21,977,970,000",2.022E+11,777 777,A01,1,1,0,2,1,0,5,NULL,2.022E+11,1 051 587,777 778,Z01,1,1,1,1,NULL,0,8,8,8,-1,-1,-1,2.022E+11,4,NULL,0,NULL,-1,0,0,1,0,0,1,NULL,-1,1,0,5,30,
2.022E+11,4,2,2022,15:51:00,1,29,29019,2,2,6,3,Rue Gustave Zédé,"484,166,120,000","-44,631,000,000",2.022E+11,774 594,B01,1,1,0,2,1,1,5,NULL,2.022E+11,1 047 275,774 593,A01,1,1,1,1,1967,1,1,-1,-1,-1,-1,-1,2.022E+11,4,RUE GUSTAVE ZEDE,0,NULL,-1,2,0,1,-1,-1,1,NULL,-1,1,5,1,50,
2.022E+11,4,2,2022,15:51:00,1,29,29019,2,2,6,3,Rue Gustave Zédé,"484,166,120,000","-44,631,000,000",2.022E+11,774 594,B01,1,1,0,2,1,1,5,NULL,2.022E+11,1 047 276,774 594,B01,1,1,4,1,1973,1,2,-1,-1,-1,-1,-1,2.022E+11,4,RUE GUSTAVE ZEDE,0,NULL,-1,2,0,1,-1,-1,1,NULL,-1,1,5,1,50,
2.022E+11,12,11,2022,16:15:00,1,75,75110,2,2,1,3,RUE LA FAYETTE,"488,778,910,000","23,516,300,000",2.022E+11,770 994,B01,1,1,0,2,1,1,5,NULL,2.022E+11,1 042 374,770 994,B01,1,1,4,2,1980,9,8,0,-1,0,0,-1,2.022E+11,4,RUE LA FAYETTE,0,NULL,1,1,0,1,-1,-1,1,NULL,-1,1,5,1,30,
2.022E+11,12,11,2022,16:15:00,1,75,75110,2,2,1,3,RUE LA FAYETTE,"488,778,910,000","23,516,300,000",2.022E+11,770 994,B01,1,1,0,2,1,1,5,NULL,2.022E+11,1 042 376,770 996,A01,1,1,1,1,1997,9,1,0,-1,0,0,-1,2.022E+11,4,RUE LA FAYETTE,0,NULL,1,1,0,1,-1,-1,1,NULL,-1,1,5,1,30,
2.022E+11,1,9,2022,09:35:00,1,75,75109,2,2,1,7,RUE DE CHATEAUDUN,"488,760,580,000","23,371,380,000",2.022E+11,769 005,B01,2,1,0,0,0,1,5,NULL,2.022E+11,1 039 706,769 005,B01,1,1,1,2,1984,1,2,0,-1,0,0,-1,2.022E+11,4,RUE DE CHATEAUDUN,0,NULL,1,3,0,1,-1,-1,1,NULL,-1,1,0,1,30,
2.022E+11,1,9,2022,09:35:00,1,75,75109,2,2,1,7,RUE DE CHATEAUDUN,"488,760,580,000","23,371,380,000",2.022E+11,769 005,B01,2,1,0,0,0,1,5,NULL,2.022E+11,1 039 707,769 006,A01,1,1,4,2,1988,9,2,6,-1,0,0,-1,2.022E+11,4,RUE DE CHATEAUDUN,0,NULL,1,3,0,1,-1,-1,1,NULL,-1,1,0,1,30,
2.022E+11,14,4,2022,08:50:00,1,44,44109,2,1,7,3,196 Route de Rennes,"472,623,100,000","-15,834,000,000",2.022E+11,768 520,B01,0,1,0,2,0,0,5,NULL,2.022E+11,1 039 067,768 520,B01,1,1,3,2,1980,0,2,0,-1,0,0,-1,2.022E+11,4,COURS RENE CASSIN,0,NULL,3,4,0,1,-1,-1,1,NULL,-1,1,0,1,50,
2.022E+11,14,4,2022,08:50:00,1,44,44109,2,1,7,3,196 Route de Rennes,"472,623,100,000","-15,834,000,000",2.022E+11,768 520,B01,0,1,0,2,0,0,5,NULL,2.022E+11,1 039 068,768 521,A01,1,1,1,1,1973,4,1,8,-1,0,0,-1,2.022E+11,4,COURS RENE CASSIN,0,NULL,3,4,0,1,-1,-1,1,NULL,-1,1,0,1,50,
2.022E+11,25,1,2022,16:40:00,1,64,64445,2,1,7,3,Rue Maréchal Foch,"432,966,479,019"," -0,3674358130",2.022E+11,764 474,A01,3,1,0,2,1,15,5,NULL,2.022E+11,1 033 716,764 473,B01,1,1,1,1,1992,5,8,0,-1,-1,-1,-1,2.022E+11,4,MARECHAL FOCH,0,NULL,2,0,0,1,0,0,1,NULL,-1,1,0,1,30,
2.022E+11,25,1,2022,16:40:00,1,64,64445,2,1,7,3,Rue Maréchal Foch,"432,966,479,019"," -0,3674358130",2.022E+11,764 474,A01,3,1,0,2,1,15,5,NULL,2.022E+11,1 033 717,764 474,A01,1,1,4,2,1947,5,8,0,-1,-1,-1,-1,2.022E+11,4,MARECHAL FOCH,0,NULL,2,0,0,1,0,0,1,NULL,-1,1,0,1,30,
2.022E+11,30,8,2022,18:45:00,1,93,93070,2,1,1,3,Avenue Gabriel Péri,"489,091,865,883","23,328,861,983",2.022E+11,762 194,B01,2,1,0,2,7,0,5,NULL,2.022E+11,1 030 744,762 193,A01,1,1,1,1,1971,5,8,0,-1,-1,-1,-1,2.022E+11,3,GABRIEL-PERI (AV),0,NULL,2,3,2,1,0,1,1,NULL,-1,1,0,5,50,
2.022E+11,30,8,2022,18:45:00,1,93,93070,2,1,1,3,Avenue Gabriel Péri,"489,091,865,883","23,328,861,983",2.022E+11,762 194,B01,2,1,0,2,7,0,5,NULL,2.022E+11,1 030 745,762 194,B01,1,1,4,2,1983,0,1,0,-1,-1,-1,-1,2.022E+11,3,GABRIEL-PERI (AV),0,NULL,2,3,2,1,0,1,1,NULL,-1,1,0,5,50,
2.022E+11,30,8,2022,18:45:00,1,93,93070,2,1,1,3,Avenue Gabriel Péri,"489,091,865,883","23,328,861,983",2.022E+11,762 194,B01,2,1,0,2,7,0,5,NULL,2.022E+11,1 030 746,762 194,B01,2,2,4,1,2017,0,2,0,-1,-1,-1,-1,2.022E+11,3,GABRIEL-PERI (AV),0,NULL,2,3,2,1,0,1,1,NULL,-1,1,0,5,50,
2.022E+11,8,11,2022,18:10:00,5,94,94028,2,1,1,6,ARCOS.(RUE RENE),"487,777,600,000","24,626,900,000",2.022E+11,760 794,A01,3,1,0,1,1,1,5,NULL,2.022E+11,1 028 893,760 794,A01,10,3,4,2,1974,5,0,-1,-1,4,3,1,2.022E+11,4,ARCOS.(RUE RENE),0,NULL,3,4,0,1,0,0,1,NULL,-1,1,0,1,50,
2.022E+11,8,11,2022,18:10:00,5,94,94028,2,1,1,6,ARCOS.(RUE RENE),"487,777,600,000","24,626,900,000",2.022E+11,760 794,A01,3,1,0,1,1,1,5,NULL,2.022E+11,1 028 894,760 794,A01,2,1,1,1,1997,0,2,0,-1,-1,-1,-1,2.022E+11,4,ARCOS.(RUE RENE),0,NULL,3,4,0,1,0,0,1,NULL,-1,1,0,1,50,
2.022E+11,30,9,2022,07:10:00,2,75,75120,2,2,1,3,RUE DE LAGNY,"488,490,568,278","24,112,442,136",2.022E+11,753 108,A01,0,1,0,2,1,1,5,NULL,2.022E+11,1 018 570,753 108,A01,1,1,1,1,1970,1,2,0,-1,0,0,-1,2.022E+11,4,RUE DE LAGNY,0,NULL,2,2,1,2,-1,-1,1,NULL,-1,1,-1,5,30,
2.022E+11,30,9,2022,07:10:00,2,75,75120,2,2,1,3,RUE DE LAGNY,"488,490,568,278","24,112,442,136",2.022E+11,753 110,B01,0,1,0,2,1,1,5,NULL,2.022E+11,1 018 570,753 108,A01,1,1,1,1,1970,1,2,0,-1,0,0,-1,2.022E+11,4,RUE DE LAGNY,0,NULL,2,2,1,2,-1,-1,1,NULL,-1,1,-1,5,30,
2.022E+11,30,9,2022,07:10:00,2,75,75120,2,2,1,3,RUE DE LAGNY,"488,490,568,278","24,112,442,136",2.022E+11,753 108,A01,0,1,0,2,1,1,5,NULL,2.022E+11,1 018 571,753 110,B01,1,1,4,1,1970,1,2,0,-1,0,0,-1,2.022E+11,4,RUE DE LAGNY,0,NULL,2,2,1,2,-1,-1,1,NULL,-1,1,-1,5,30,
2.022E+11,30,9,2022,07:10:00,2,75,75120,2,2,1,3,RUE DE LAGNY,"488,490,568,278","24,112,442,136",2.022E+11,753 110,B01,0,1,0,2,1,1,5,NULL,2.022E+11,1 018 571,753 110,B01,1,1,4,1,1970,1,2,0,-1,0,0,-1,2.022E+11,4,RUE DE LAGNY,0,NULL,2,2,1,2,-1,-1,1,NULL,-1,1,-1,5,30,
2.022E+11,17,7,2022,02:05:00,3,26,26198,2,1,1,1,CONTREBANDIERS (Chemin des),"445,394,410,000","47,614,860,000",2.022E+11,752 360,B01,3,1,0,2,4,1,5,NULL,2.022E+11,1 017 509,752 360,B01,1,1,4,1,2002,0,8,0,-1,0,0,-1,2.022E+11,4,CONTREBANDIERS (Chemin des),0,NULL,2,2,0,1,-1,-1,1,NULL,-1,1,0,1,50,
2.022E+11,17,7,2022,02:05:00,3,26,26198,2,1,1,1,CONTREBANDIERS (Chemin des),"445,394,410,000","47,614,860,000",2.022E+11,752 360,B01,3,1,0,2,4,1,5,NULL,2.022E+11,1 017 511,752 362,A01,1,1,1,1,1970,9,1,8,-1,0,0,-1,2.022E+11,4,CONTREBANDIERS (Chemin des),0,NULL,2,2,0,1,-1,-1,1,NULL,-1,1,0,1,50,
2.022E+11,5,8,2022,17:45:00,1,92,92036,2,3,1,3,GENEAL DE GAULLE (AVENUE) (1/41),"489,337,584,734","23,133,966,922",2.022E+11,752 214,B01,1,1,0,2,3,19,5,NULL,2.022E+11,1 017 316,752 214,B01,1,1,4,1,1960,0,2,8,-1,-1,-1,-1,2.022E+11,3,986,0,NULL,2,2,0,1,0,0,1,NULL,-1,1,0,1,50,
2.022E+11,5,8,2022,17:45:00,1,92,92036,2,3,1,3,GENEAL DE GAULLE (AVENUE) (1/41),"489,337,584,734","23,133,966,922",2.022E+11,752 214,B01,1,1,0,2,3,19,5,NULL,2.022E+11,1 017 319,752 218,A01,1,1,1,2,1964,0,1,8,-1,-1,-1,-1,2.022E+11,3,986,0,NULL,2,2,0,1,0,0,1,NULL,-1,1,0,1,50,
2.022E+11,16,7,2022,10:57:00,1,92,92040,2,1,1,6,STALINGRAD (QUAI DE),"488,228,090,000","22,534,260,000",2.022E+11,749 438,A01,3,1,12,0,1,9,5,NULL,2.022E+11,1 013 657,749 438,A01,1,1,4,1,1967,5,2,8,-1,-1,-1,-1,2.022E+11,3,7,0,NULL,-1,0,1,1,0,0,1,NULL,-1,1,0,5,30,
2.022E+11,4,12,2022,13:20:00,1,92,92048,2,1,1,7,TRIVAUX (AVENUE DE) N° 6BIS A 8,"488,038,279,905","22,343,224,883",2.022E+11,739 076,A01,2,1,0,0,1,1,5,NULL,2.022E+11,999 629,739 076,A01,1,1,4,2,2000,0,8,0,-1,-1,-1,-1,2.022E+11,3,406,0,NULL,2,2,0,2,0,0,1,NULL,-1,1,0,1,50,