Accident_Id,jour,mois,an,hrmn,lum,dep,com,agg,int,atm,col,adr,lat,long,Num_Acc,id_vehicule,num_veh,senc,catv,obs,obsm,choc,manv,motor,occutc,Num_Acc,id_usager,id_vehicule,num_veh,place,catu,grav,sexe,an_nais,trajet,secu1,secu2,secu3,locp,actp,etatp,Num_Acc,catr,voie,v1,v2,circ,nbv,vosp,prof,pr,pr1,plan,lartpc,larrout,surf,infra,situ,vma,
2.022E+11,10,6,2022,23:30:00,5,69,69386,2,2,1,3,Avenue Thiers,"457,637,000,000","48,618,500,000",2.022E+11,734 979,B01,3,1,0,2,7,2,0,NULL,2.022E+11,994 064,734 979,B01,1,1,4,1,1995,9,8,-1,-1,0,0,-1,2.022E+11,4,THIERS                              (AV),0,NULL,2,4,3,1,-1,-1,1,NULL,-1,1,0,1,50,
2.022E+11,10,6,2022,23:30:00,5,69,69386,2,2,1,3,Avenue Thiers,"457,637,000,000","48,618,500,000",2.022E+11,734 979,B01,3,1,0,2,7,2,0,NULL,2.022E+11,994 069,734 981,A01,1,1,1,1,2002,0,8,-1,-1,0,0,-1,2.022E+11,4,THIERS                              (AV),0,NULL,2,4,3,1,-1,-1,1,NULL,-1,1,0,1,50,
2.022E+11,18,8,2022,12:15:00,1,75,75113,2,2,1,6,AVENUE D IVRY,"488,249,540,000","23,624,400,000",2.022E+11,734 607,A01,1,1,0,1,1,1,5,NULL,2.022E+11,993 582,734 607,A01,1,1,1,1,1990,3,8,0,-1,0,0,-1,2.022E+11,4,AVENUE D IVRY,0,NULL,2,3,1,1,-1,-1,1,NULL,-1,1,-1,5,30,
2.022E+11,18,8,2022,12:15:00,1,75,75113,2,2,1,6,AVENUE D IVRY,"488,249,540,000","23,624,400,000",2.022E+11,734 607,A01,1,1,0,1,1,1,5,NULL,2.022E+11,993 583,734 607,A01,10,3,4,2,1951,5,8,8,-1,2,3,1,2.022E+11,4,AVENUE D IVRY,0,NULL,2,3,1,1,-1,-1,1,NULL,-1,1,-1,5,30,
2.022E+11,30,3,2022,22:45:00,5,75,75120,2,7,2,3,PLACE DU MAQUIS DU VERCORS,"488,775,824,382","24,082,905,935",2.022E+11,730 810,B01,0,1,0,2,1,1,5,NULL,2.022E+11,988 552,730 804,A01,1,1,1,1,1959,9,1,0,-1,0,0,-1,2.022E+11,4,PLACE DU MAQUIS DU VERCORS,0,NULL,1,4,0,1,-1,-1,1,NULL,-1,2,5,1,30,
2.022E+11,30,3,2022,22:45:00,5,75,75120,2,7,2,3,PLACE DU MAQUIS DU VERCORS,"488,775,824,382","24,082,905,935",2.022E+11,730 810,B01,0,1,0,2,1,1,5,NULL,2.022E+11,988 561,730 810,B01,1,1,4,1,1988,9,2,0,-1,0,0,-1,2.022E+11,4,PLACE DU MAQUIS DU VERCORS,0,NULL,1,4,0,1,-1,-1,1,NULL,-1,2,5,1,30,
2.022E+11,31,3,2022,15:45:00,1,30,30047,2,1,1,1,chemin de mas de coulon,"437,981,000,000","44,294,000,000",2.022E+11,730 429,B01,0,1,0,9,1,0,5,NULL,2.022E+11,988 055,730 429,B01,1,1,3,2,1967,5,0,0,0,0,0,-1,2.022E+11,4,NULL,-1,NULL,1,2,0,1,-1,-1,3,NULL,5,1,0,1,50,
2.022E+11,31,3,2022,15:45:00,1,30,30047,2,1,1,1,chemin de mas de coulon,"437,981,000,000","44,294,000,000",2.022E+11,730 429,B01,0,1,0,9,1,0,5,NULL,2.022E+11,988 059,730 435,A01,1,1,1,1,1979,0,0,8,-1,0,0,-1,2.022E+11,4,NULL,-1,NULL,1,2,0,1,-1,-1,3,NULL,5,1,0,1,50,
2.022E+11,14,8,2022,18:30:00,1,52,52269,2,1,1,7,Rue des Auges,"478,575,760,000","53,350,420,000",2.022E+11,728 077,A01,2,1,0,0,7,1,5,NULL,2.022E+11,984 969,728 077,A01,1,1,4,1,1962,5,0,-1,-1,0,0,-1,2.022E+11,2,NULL,-1,NULL,2,1,0,2,66,100,2,NULL,3,1,0,1,50,
2.022E+11,9,6,2022,16:45:00,1,75,75106,2,2,1,3,BOULEVARD SAINT MICHEL,"488,439,490,000","23,389,600,000",2.022E+11,727 818,A01,2,1,0,2,3,15,5,NULL,2.022E+11,984 635,727 815,Z01,1,1,1,-1,NULL,-1,-1,-1,-1,-1,-1,-1,2.022E+11,4,BOULEVARD SAINT MICHEL,0,NULL,2,4,0,1,-1,-1,1,NULL,-1,1,0,1,30,
2.022E+11,9,6,2022,16:45:00,1,75,75106,2,2,1,3,BOULEVARD SAINT MICHEL,"488,439,490,000","23,389,600,000",2.022E+11,727 818,A01,2,1,0,2,3,15,5,NULL,2.022E+11,984 641,727 818,A01,1,1,4,1,2005,9,8,0,-1,0,0,-1,2.022E+11,4,BOULEVARD SAINT MICHEL,0,NULL,2,4,0,1,-1,-1,1,NULL,-1,1,0,1,30,
2.022E+11,29,3,2022,10:51:00,1,92,92075,2,1,1,7,JACQUES JEZEQUEL (AVENUE),"488,194,800,000","22,908,600,000",2.022E+11,726 394,A01,0,1,0,0,1,26,5,NULL,2.022E+11,982 764,726 394,A01,1,1,4,1,2001,0,8,0,-1,-1,-1,-1,2.022E+11,3,61,0,NULL,2,1,2,1,0,0,1,NULL,-1,1,0,5,30,
2.022E+11,10,8,2022,22:45:00,5,62,62178,2,2,1,1,FESTEUX ( DES ),"504,919,500,000","25,477,310,000",2.022E+11,720 991,B01,3,1,0,2,8,19,5,NULL,2.022E+11,975 540,720 974,A01,1,1,1,2,2004,1,1,0,-1,-1,-1,-1,2.022E+11,4,FESTEUX ( DES ),0,NULL,2,2,0,1,-1,-1,1,NULL,-1,1,0,1,50,
2.022E+11,10,8,2022,22:45:00,5,62,62178,2,2,1,1,FESTEUX ( DES ),"504,919,500,000","25,477,310,000",2.022E+11,720 991,B01,3,1,0,2,8,19,5,NULL,2.022E+11,975 547,720 974,A01,10,3,1,1,2004,5,0,-1,-1,5,9,1,2.022E+11,4,FESTEUX ( DES ),0,NULL,2,2,0,1,-1,-1,1,NULL,-1,1,0,1,50,
2.022E+11,10,8,2022,22:45:00,5,62,62178,2,2,1,1,FESTEUX ( DES ),"504,919,500,000","25,477,310,000",2.022E+11,720 991,B01,3,1,0,2,8,19,5,NULL,2.022E+11,975 568,720 991,B01,1,1,3,1,2009,5,8,0,-1,-1,-1,-1,2.022E+11,4,FESTEUX ( DES ),0,NULL,2,2,0,1,-1,-1,1,NULL,-1,1,0,1,50,
2.022E+11,19,9,2022,19:20:00,1,33,33069,2,3,1,3,Boulevard Godard,"448,625,600,000"," -0,5844500000",2.022E+11,719 417,B01,1,1,0,2,1,5,5,NULL,2.022E+11,973 414,719 417,B01,1,1,4,2,1963,0,0,-1,-1,-1,-1,-1,2.022E+11,4,GODARD (BD ),0,NULL,-1,2,3,1,-1,-1,1,NULL,-1,1,5,1,50,
2.022E+11,19,9,2022,19:20:00,1,33,33069,2,3,1,3,Boulevard Godard,"448,625,600,000"," -0,5844500000",2.022E+11,719 417,B01,1,1,0,2,1,5,5,NULL,2.022E+11,973 420,719 422,A01,1,1,1,1,1972,9,1,-1,-1,-1,-1,-1,2.022E+11,4,GODARD (BD ),0,NULL,-1,2,3,1,-1,-1,1,NULL,-1,1,5,1,50,
2.022E+11,6,5,2022,18:25:00,1,75,75117,2,2,1,3,RUE POUCHET,"488,942,280,000","23,206,170,000",2.022E+11,719 253,A01,2,1,0,2,1,1,5,NULL,2.022E+11,973 168,719 250,Z01,1,1,1,-1,NULL,-1,-1,-1,-1,-1,-1,-1,2.022E+11,4,RUE POUCHET,0,NULL,2,2,0,2,-1,-1,1,NULL,-1,1,0,1,30,
2.022E+11,6,5,2022,18:25:00,1,75,75117,2,2,1,3,RUE POUCHET,"488,942,280,000","23,206,170,000",2.022E+11,719 253,A01,2,1,0,2,1,1,5,NULL,2.022E+11,973 172,719 253,A01,1,1,4,1,1977,5,8,0,-1,0,0,-1,2.022E+11,4,RUE POUCHET,0,NULL,2,2,0,2,-1,-1,1,NULL,-1,1,0,1,30,
2.022E+11,6,6,2022,17:00:00,1,75,75107,2,1,1,6,ESPLANADE HABIB BOURGUIBA,"488,628,240,000","23,079,580,000",2.022E+11,718 316,A01,3,1,0,2,1,1,5,NULL,2.022E+11,971 847,718 316,A01,1,1,1,2,1998,2,0,0,-1,0,0,-1,2.022E+11,4,ESPLANADE HABIB BOURGUIBA,0,NULL,2,1,0,1,-1,-1,1,NULL,-1,1,6,6,30,
2.022E+11,6,6,2022,17:00:00,1,75,75107,2,1,1,6,ESPLANADE HABIB BOURGUIBA,"488,628,240,000","23,079,580,000",2.022E+11,718 316,A01,3,1,0,2,1,1,5,NULL,2.022E+11,971 853,718 320,B01,1,1,4,1,2018,2,0,0,-1,0,0,-1,2.022E+11,4,ESPLANADE HABIB BOURGUIBA,0,NULL,2,1,0,1,-1,-1,1,NULL,-1,1,6,6,30,
2.022E+11,27,12,2022,11:52:00,1,17,17224,2,6,1,3,rue des douves,"458,681,720,000"," -0,3237560000",2.022E+11,807 577,B01,0,1,0,2,1,1,5,NULL,2.022E+11,1 091 185,807 574,A01,1,1,1,1,1950,5,1,-1,-1,0,0,-1,2.022E+11,4,NULL,0,NULL,1,2,0,1,-1,-1,3,NULL,4,1,0,1,50,
2.022E+11,27,12,2022,11:52:00,1,17,17224,2,6,1,3,rue des douves,"458,681,720,000"," -0,3237560000",2.022E+11,807 577,B01,0,1,0,2,1,1,5,NULL,2.022E+11,1 091 191,807 577,B01,1,1,3,1,1938,5,0,-1,-1,0,0,-1,2.022E+11,4,NULL,0,NULL,1,2,0,1,-1,-1,3,NULL,4,1,0,1,50,
2.022E+11,1,7,2022,13:20:00,1,75,75112,2,3,1,3,RUE DE PICPUS,"488,462,430,000","23,944,990,000",2.022E+11,799 111,B01,1,1,0,2,3,1,5,NULL,2.022E+11,1 079 983,799 111,B01,1,1,4,1,1995,4,0,0,-1,0,0,-1,2.022E+11,4,RUE DE PICPUS,0,NULL,-1,2,2,1,-1,-1,1,NULL,-1,1,0,1,30,
2.022E+11,1,7,2022,13:20:00,1,75,75112,2,3,1,3,RUE DE PICPUS,"488,462,430,000","23,944,990,000",2.022E+11,799 111,B01,1,1,0,2,3,1,5,NULL,2.022E+11,1 079 984,799 112,A01,1,1,1,1,1987,1,1,8,-1,0,0,-1,2.022E+11,4,RUE DE PICPUS,0,NULL,-1,2,2,1,-1,-1,1,NULL,-1,1,0,1,30,
2.022E+11,3,8,2022,10:20:00,1,22,22182,2,1,1,2,Rue du Pré Boissel,"485,460,040,000","-29,647,960,000",2.022E+11,798 564,B01,2,1,0,0,4,1,5,NULL,2.022E+11,1 079 272,798 564,B01,1,1,4,2,1953,5,2,-1,-1,0,0,-1,2.022E+11,3,4,0,NULL,2,2,0,2,14,100,1,NULL,-1,1,0,1,50,
2.022E+11,3,8,2022,10:20:00,1,22,22182,2,1,1,2,Rue du Pré Boissel,"485,460,040,000","-29,647,960,000",2.022E+11,798 564,B01,2,1,0,0,4,1,5,NULL,2.022E+11,1 079 273,798 565,A01,1,1,1,1,1979,3,1,-1,-1,0,0,-1,2.022E+11,3,4,0,NULL,2,2,0,2,14,100,1,NULL,-1,1,0,1,50,
2.022E+11,31,7,2022,11:20:00,1,59,59009,2,3,1,3,THIERS RUE,"506,087,669,013","31,734,019,518",2.022E+11,798 411,A01,3,1,0,0,1,21,5,NULL,2.022E+11,1 079 072,798 410,B01,1,1,1,1,2000,5,1,0,-1,0,0,-1,2.022E+11,7,FUSILLES RUE DES DU N°116 A FIN,0,NULL,2,2,1,1,-1,-1,1,NULL,-1,1,5,1,50,
2.022E+11,31,7,2022,11:20:00,1,59,59009,2,3,1,3,THIERS RUE,"506,087,669,013","31,734,019,518",2.022E+11,798 411,A01,3,1,0,0,1,21,5,NULL,2.022E+11,1 079 073,798 411,A01,1,1,4,1,1951,5,8,0,-1,-1,-1,-1,2.022E+11,7,FUSILLES RUE DES DU N°116 A FIN,0,NULL,2,2,1,1,-1,-1,1,NULL,-1,1,5,1,50,
2.022E+11,28,10,2022,14:45:00,1,38,38153,1,1,1,6,D531,"451,782,610,000","56,190,070,000",2.022E+11,797 022,A01,3,1,0,2,1,0,5,NULL,2.022E+11,1 077 252,797 022,A01,1,1,3,1,2004,5,2,-1,-1,0,0,-1,2.022E+11,3,531,0,D,2,2,0,2,47,100,3,NULL,-1,1,0,1,80,
2.022E+11,6,2,2022,01:39:00,5,76,76322,2,1,1,2,Avenue des Canadiens,"493,920,100,000","10,580,190,000",2.022E+11,792 787,B01,2,1,0,2,4,2,5,NULL,2.022E+11,1 071 653,792 787,B01,1,1,2,1,1997,0,8,-1,-1,-1,-1,-1,2.022E+11,7,CANADIENS. AVENUE DES (RN 138),0,NULL,2,4,0,1,16,600,1,NULL,-1,1,-1,1,50,
2.022E+11,6,2,2022,01:39:00,5,76,76322,2,1,1,2,Avenue des Canadiens,"493,920,100,000","10,580,190,000",2.022E+11,792 787,B01,2,1,0,2,4,2,5,NULL,2.022E+11,1 071 654,792 788,A01,2,2,4,1,1998,5,1,-1,-1,-1,-1,-1,2.022E+11,7,CANADIENS. AVENUE DES (RN 138),0,NULL,2,4,0,1,16,600,1,NULL,-1,1,-1,1,50,
2.022E+11,6,2,2022,01:39:00,5,76,76322,2,1,1,2,Avenue des Canadiens,"493,920,100,000","10,580,190,000",2.022E+11,792 787,B01,2,1,0,2,4,2,5,NULL,2.022E+11,1 071 655,792 788,A01,1,1,1,1,1997,5,1,-1,-1,-1,-1,-1,2.022E+11,7,CANADIENS. AVENUE DES (RN 138),0,NULL,2,4,0,1,16,600,1,NULL,-1,1,-1,1,50,
2.022E+11,29,6,2022,17:51:00,1,25,25056,2,5,1,3,DIDEROT BOULEVARD,"472,477,540,000","60,366,410,000",2.022E+11,792 249,B01,1,1,0,2,8,2,5,NULL,2.022E+11,1 070 932,792 249,B01,1,1,4,1,1982,0,2,-1,-1,-1,-1,-1,2.022E+11,4,NULL,0,NULL,2,2,1,1,-1,-1,1,NULL,-1,1,5,4,30,
2.022E+11,29,6,2022,17:51:00,1,25,25056,2,5,1,3,DIDEROT BOULEVARD,"472,477,540,000","60,366,410,000",2.022E+11,792 249,B01,1,1,0,2,8,2,5,NULL,2.022E+11,1 070 934,792 251,A01,1,1,1,1,1990,1,1,0,-1,-1,-1,-1,2.022E+11,4,NULL,0,NULL,2,2,1,1,-1,-1,1,NULL,-1,1,5,4,30,
2.022E+11,22,12,2022,12:40:00,1,69,69383,2,1,1,6,Rue Léon Jouhaux,"457,562,400,000","48,541,000,000",2.022E+11,790 335,B01,2,1,1,0,1,2,5,NULL,2.022E+11,1 068 316,790 335,B01,1,1,4,1,1988,5,8,-1,-1,0,0,-1,2.022E+11,4,LEON JOUHAUX                        (R ),0,NULL,-1,1,0,1,-1,-1,1,NULL,-1,1,0,3,30,
2.022E+11,11,10,2022,15:30:00,1,2A,2A004,2,1,1,3,SAMPIERO BD,"419,236,400,000","87,392,500,000",2.022E+11,788 654,B01,1,1,1,0,1,1,5,NULL,2.022E+11,1 066 061,788 652,A01,1,1,1,1,1947,5,1,0,-1,-1,-1,-1,2.022E+11,3,SAMPIERO BD,0,NULL,3,1,0,1,0,750,1,NULL,-1,1,0,1,50,
2.022E+11,11,10,2022,15:30:00,1,2A,2A004,2,1,1,3,SAMPIERO BD,"419,236,400,000","87,392,500,000",2.022E+11,788 654,B01,1,1,1,0,1,1,5,NULL,2.022E+11,1 066 063,788 654,B01,1,1,4,2,1969,0,8,8,-1,-1,-1,-1,2.022E+11,3,SAMPIERO BD,0,NULL,3,1,0,1,0,750,1,NULL,-1,1,0,1,50,
2.022E+11,7,10,2022,08:40:00,1,76,76351,2,2,1,2,RICHELIEU,"494,893,400,000","0,1029500000",2.022E+11,788 601,B01,0,1,0,2,4,1,5,NULL,2.022E+11,1 065 997,788 601,B01,1,1,3,2,1963,0,2,-1,-1,-1,-1,-1,2.022E+11,4,RICHELIEU,0,NULL,2,2,0,1,0,0,1,NULL,-1,1,0,1,50,
2.022E+11,7,10,2022,08:40:00,1,76,76351,2,2,1,2,RICHELIEU,"494,893,400,000","0,1029500000",2.022E+11,788 601,B01,0,1,0,2,4,1,5,NULL,2.022E+11,1 065 998,788 602,Z01,1,1,1,-1,NULL,-1,-1,-1,-1,-1,-1,-1,2.022E+11,4,RICHELIEU,0,NULL,2,2,0,1,0,0,1,NULL,-1,1,0,1,50,
2.022E+11,17,11,2022,18:55:00,5,92,92020,2,1,1,3,REPUBLIQUE AV. N°27 A 105 ET 26 A 178,"488,078,987,966","22,992,534,041",2.022E+11,788 129,B01,0,1,0,2,3,1,5,NULL,2.022E+11,1 065 344,788 127,A01,1,1,1,1,1932,9,1,0,-1,-1,-1,-1,2.022E+11,4,63,0,NULL,2,2,0,2,0,1,1,NULL,-1,1,0,1,50,
2.022E+11,17,11,2022,18:55:00,5,92,92020,2,1,1,3,REPUBLIQUE AV. N°27 A 105 ET 26 A 178,"488,078,987,966","22,992,534,041",2.022E+11,788 129,B01,0,1,0,2,3,1,5,NULL,2.022E+11,1 065 346,788 129,B01,1,1,4,1,1976,9,8,0,-1,-1,-1,-1,2.022E+11,4,63,0,NULL,2,2,0,2,0,1,1,NULL,-1,1,0,1,50,
2.022E+11,12,3,2022,03:52:00,5,73,73008,2,6,1,1,D991 / D 48 INNOCENT SAINT ROUTE DE,"457,132,300,000","58,933,300,000",2.022E+11,783 155,B01,2,1,0,2,1,5,5,NULL,2.022E+11,1 058 701,783 155,B01,1,1,4,1,2005,5,0,-1,-1,-1,-1,-1,2.022E+11,3,INNOCENT SAINT ROUTE DE,0,NULL,2,2,2,2,28,225,2,NULL,-1,1,5,1,50,
2.022E+11,12,3,2022,03:52:00,5,73,73008,2,6,1,1,D991 / D 48 INNOCENT SAINT ROUTE DE,"457,132,300,000","58,933,300,000",2.022E+11,783 155,B01,2,1,0,2,1,5,5,NULL,2.022E+11,1 058 702,783 156,A01,1,1,1,-1,NULL,-1,-1,-1,-1,-1,-1,-1,2.022E+11,3,INNOCENT SAINT ROUTE DE,0,NULL,2,2,2,2,28,225,2,NULL,-1,1,5,1,50,
2.022E+11,1,2,2022,07:30:00,5,11,11069,2,1,1,3,85 Boulevard Barbès,"432,103,200,000","23,475,100,000",2.022E+11,781 269,B01,2,1,1,0,1,1,5,NULL,2.022E+11,1 056 191,781 268,A01,1,1,1,1,1963,0,8,0,-1,-1,-1,-1,2.022E+11,4,BARBES BD IMPAIR,0,NULL,1,2,0,2,-1,-1,1,NULL,-1,1,0,1,50,
2.022E+11,1,2,2022,07:30:00,5,11,11069,2,1,1,3,85 Boulevard Barbès,"432,103,200,000","23,475,100,000",2.022E+11,781 269,B01,2,1,1,0,1,1,5,NULL,2.022E+11,1 056 192,781 269,B01,1,1,4,1,1980,0,8,0,-1,-1,-1,-1,2.022E+11,4,BARBES BD IMPAIR,0,NULL,1,2,0,2,-1,-1,1,NULL,-1,1,0,1,50,
2.022E+11,19,4,2022,17:00:00,1,35,35238,2,1,1,3,BEAULIEU (ALLEE DE),"481,191,400,000","-16,351,800,000",2.022E+11,775 696,B01,1,1,0,2,5,2,5,NULL,2.022E+11,1 048 770,775 696,B01,1,1,4,1,1998,2,8,-1,-1,-1,-1,-1,2.022E+11,4,BEAULIEU (ALLEE DE),0,NULL,2,2,0,1,-1,-1,1,NULL,-1,1,0,1,50,
2.022E+11,19,4,2022,17:00:00,1,35,35238,2,1,1,3,BEAULIEU (ALLEE DE),"481,191,400,000","-16,351,800,000",2.022E+11,775 696,B01,1,1,0,2,5,2,5,NULL,2.022E+11,1 048 773,775 698,A01,1,1,1,1,2003,0,1,-1,-1,-1,-1,-1,2.022E+11,4,BEAULIEU (ALLEE DE),0,NULL,2,2,0,1,-1,-1,1,NULL,-1,1,0,1,50,
2.022E+11,25,7,2022,10:30:00,1,75,75107,2,1,1,1,QUAI BRANLY,"488,577,160,000","22,915,690,000",2.022E+11,773 947,B01,2,1,0,2,1,1,5,NULL,2.022E+11,1 046 322,773 946,A01,1,1,4,2,1983,9,0,0,-1,0,0,-1,2.022E+11,4,QUAI BRANLY,0,NULL,2,8,1,1,-1,-1,1,NULL,-1,1,0,5,30,
2.022E+11,25,7,2022,10:30:00,1,75,75107,2,1,1,1,QUAI BRANLY,"488,577,160,000","22,915,690,000",2.022E+11,773 947,B01,2,1,0,2,1,1,5,NULL,2.022E+11,1 046 324,773 947,B01,1,1,4,1,1966,5,2,8,-1,0,0,-1,2.022E+11,4,QUAI BRANLY,0,NULL,2,8,1,1,-1,-1,1,NULL,-1,1,0,5,30,
2.022E+11,21,6,2022,15:09:00,1,4,4062,1,1,8,3,RD 900,"444,519,410,000","67,427,950,000",2.022E+11,765 234,B01,2,1,0,2,8,1,5,NULL,2.022E+11,1 034 704,765 232,A01,1,1,1,1,1960,5,1,-1,-1,0,0,-1,2.022E+11,3,900,-1,NULL,2,2,0,1,98,700,2,NULL,-1,1,0,1,80,
2.022E+11,21,6,2022,15:09:00,1,4,4062,1,1,8,3,RD 900,"444,519,410,000","67,427,950,000",2.022E+11,765 234,B01,2,1,0,2,8,1,5,NULL,2.022E+11,1 034 706,765 234,B01,1,1,4,1,1979,5,2,-1,-1,0,0,-1,2.022E+11,3,900,-1,NULL,2,2,0,1,98,700,2,NULL,-1,1,0,1,80,
2.022E+11,10,9,2022,00:10:00,5,67,67482,2,3,2,3,RHIN (AVENUE DU),"485,715,700,000","77,702,900,000",2.022E+11,764 234,B01,2,1,0,2,1,1,5,NULL,2.022E+11,1 033 404,764 232,A01,1,1,1,1,1994,4,1,8,-1,-1,-1,-1,2.022E+11,4,RHIN (AVENUE DU),0,NULL,3,6,0,1,-1,-1,1,NULL,-1,2,0,1,50,
2.022E+11,10,9,2022,00:10:00,5,67,67482,2,3,2,3,RHIN (AVENUE DU),"485,715,700,000","77,702,900,000",2.022E+11,764 234,B01,2,1,0,2,1,1,5,NULL,2.022E+11,1 033 407,764 234,B01,1,1,4,1,2004,0,8,0,-1,-1,-1,-1,2.022E+11,4,RHIN (AVENUE DU),0,NULL,3,6,0,1,-1,-1,1,NULL,-1,2,0,1,50,
2.022E+11,8,11,2022,17:10:00,2,64,64335,2,1,2,1,Rue Lacaussade,"433,329,977,069"," -0,4303336143",2.022E+11,763 951,B01,2,1,0,9,1,1,5,NULL,2.022E+11,1 033 025,763 951,B01,1,1,4,1,2001,0,2,0,-1,-1,-1,-1,2.022E+11,4,LACAUSSADE,0,NULL,1,1,2,1,-1,-1,2,NULL,-1,2,0,5,30,
2.022E+11,8,11,2022,17:10:00,2,64,64335,2,1,2,1,Rue Lacaussade,"433,329,977,069"," -0,4303336143",2.022E+11,763 951,B01,2,1,0,9,1,1,5,NULL,2.022E+11,1 033 027,763 952,A01,1,1,4,1,1967,0,8,0,-1,0,0,-1,2.022E+11,4,LACAUSSADE,0,NULL,1,1,2,1,-1,-1,2,NULL,-1,2,0,5,30,
2.022E+11,4,3,2022,18:30:00,5,69,69266,2,2,1,2,Cours Tolstoï,"457,626,900,000","48,782,000,000",2.022E+11,762 489,A01,1,1,0,2,1,7,5,NULL,2.022E+11,1 031 112,762 488,B01,1,1,1,1,1997,9,1,-1,-1,-1,-1,-1,2.022E+11,4,TOLSTOI    (Cours),0,NULL,1,2,3,1,-1,-1,1,NULL,-1,1,0,1,50,
2.022E+11,4,3,2022,18:30:00,5,69,69266,2,2,1,2,Cours Tolstoï,"457,626,900,000","48,782,000,000",2.022E+11,762 489,A01,1,1,0,2,1,7,5,NULL,2.022E+11,1 031 113,762 489,A01,1,1,4,2,1993,5,8,-1,-1,-1,-1,-1,2.022E+11,4,TOLSTOI    (Cours),0,NULL,1,2,3,1,-1,-1,1,NULL,-1,1,0,1,50,
2.022E+11,30,8,2022,16:45:00,1,75,75120,2,7,1,3,PLACE GAMBETTA,"488,647,550,000","23,986,180,000",2.022E+11,762 220,B01,3,1,0,2,1,1,5,NULL,2.022E+11,1 030 780,762 219,A01,1,1,1,1,1980,4,1,0,-1,0,0,-1,2.022E+11,4,PLACE GAMBETTA,0,NULL,1,2,1,1,-1,-1,1,NULL,-1,1,-1,5,30,
2.022E+11,30,8,2022,16:45:00,1,75,75120,2,7,1,3,PLACE GAMBETTA,"488,647,550,000","23,986,180,000",2.022E+11,762 220,B01,3,1,0,2,1,1,5,NULL,2.022E+11,1 030 781,762 220,B01,1,1,4,2,1986,1,2,0,-1,0,0,-1,2.022E+11,4,PLACE GAMBETTA,0,NULL,1,2,1,1,-1,-1,1,NULL,-1,1,-1,5,30,
2.022E+11,11,6,2022,12:00:00,1,73,73130,2,1,1,6,chemin de la digue,"456,546,631,915","63,707,667,558",2.022E+11,761 210,A01,3,1,0,1,1,21,5,NULL,2.022E+11,1 029 455,761 210,A01,10,3,4,2,1988,5,0,-1,-1,8,6,1,2.022E+11,9,NULL,-1,NULL,-1,-1,0,1,-1,-1,1,NULL,4,1,9,1,50,
2.022E+11,11,6,2022,12:00:00,1,73,73130,2,1,1,6,chemin de la digue,"456,546,631,915","63,707,667,558",2.022E+11,761 210,A01,3,1,0,1,1,21,5,NULL,2.022E+11,1 029 456,761 210,A01,1,1,4,1,1986,5,2,9,-1,0,0,-1,2.022E+11,9,NULL,-1,NULL,-1,-1,0,1,-1,-1,1,NULL,4,1,9,1,50,
2.022E+11,19,7,2022,22:09:00,5,75,75111,2,4,1,3,BOULEVARD RICHARD LENOIR,"488,568,210,000","23,704,860,000",2.022E+11,760 035,B01,2,1,0,0,8,15,5,NULL,2.022E+11,1 027 901,760 035,B01,1,1,4,1,1999,1,0,0,-1,0,0,-1,2.022E+11,4,BOULEVARD RICHARD LENOIR,0,NULL,1,1,1,1,-1,-1,1,NULL,-1,1,0,1,30,
2.022E+11,19,7,2022,22:09:00,5,75,75111,2,4,1,3,BOULEVARD RICHARD LENOIR,"488,568,210,000","23,704,860,000",2.022E+11,760 035,B01,2,1,0,0,8,15,5,NULL,2.022E+11,1 027 907,760 038,A01,1,1,1,1,1991,1,1,0,-1,0,0,-1,2.022E+11,4,BOULEVARD RICHARD LENOIR,0,NULL,1,1,1,1,-1,-1,1,NULL,-1,1,0,1,30,
2.022E+11,1,11,2022,01:55:00,3,59,59356,1,1,1,2,VILLERS PONT DE,"506,619,200,000","29,896,900,000",2.022E+11,757 163,B01,1,1,0,2,4,2,5,NULL,2.022E+11,1 024 093,757 163,B01,1,1,4,1,1993,5,8,4,-1,-1,-1,-1,2.022E+11,7,VILLERS PONT DE,0,NULL,2,2,0,2,-1,-1,3,NULL,-1,1,2,1,80,
2.022E+11,1,11,2022,01:55:00,3,59,59356,1,1,1,2,VILLERS PONT DE,"506,619,200,000","29,896,900,000",2.022E+11,757 163,B01,1,1,0,2,4,2,5,NULL,2.022E+11,1 024 094,757 164,A01,1,1,1,2,1975,5,1,0,-1,-1,-1,-1,2.022E+11,7,VILLERS PONT DE,0,NULL,2,2,0,2,-1,-1,3,NULL,-1,1,2,1,80,
2.022E+11,17,6,2022,11:00:00,1,75,75107,2,2,1,2,BOULEVARD RASPAIL,"488,516,560,000","23,267,940,000",2.022E+11,754 469,A01,2,1,0,2,1,2,5,NULL,2.022E+11,1 020 422,754 465,B01,1,1,1,1,1972,9,1,0,-1,0,0,-1,2.022E+11,4,BOULEVARD RASPAIL,0,NULL,2,4,0,1,-1,-1,1,NULL,-1,1,0,1,30,
2.022E+11,17,6,2022,11:00:00,1,75,75107,2,2,1,2,BOULEVARD RASPAIL,"488,516,560,000","23,267,940,000",2.022E+11,754 469,A01,2,1,0,2,1,2,5,NULL,2.022E+11,1 020 427,754 469,A01,1,1,4,1,1982,9,8,0,-1,0,0,-1,2.022E+11,4,BOULEVARD RASPAIL,0,NULL,2,4,0,1,-1,-1,1,NULL,-1,1,0,1,30,