Accident_Id,jour,mois,an,hrmn,lum,dep,com,agg,int,atm,col,adr,lat,long,Num_Acc,id_vehicule,num_veh,senc,catv,obs,obsm,choc,manv,motor,occutc,Num_Acc,id_usager,id_vehicule,num_veh,place,catu,grav,sexe,an_nais,trajet,secu1,secu2,secu3,locp,actp,etatp,Num_Acc,catr,voie,v1,v2,circ,nbv,vosp,prof,pr,pr1,plan,lartpc,larrout,surf,infra,situ,vma,
2.022E+11,17,6,2022,18:15:00,1,93,93048,2,1,1,3,Rue de Stalingrad,"488,571,176,458","24,446,157,218",2.022E+11,754 324,B01,2,1,0,2,0,2,5,NULL,2.022E+11,1 020 237,754 322,A01,1,1,1,2,1990,1,1,0,-1,-1,-1,-1,2.022E+11,4,STALINGRAD (RUE DE),0,NULL,2,2,0,2,0,0,1,NULL,-1,1,0,1,50,
2.022E+11,17,6,2022,18:15:00,1,93,93048,2,1,1,3,Rue de Stalingrad,"488,571,176,458","24,446,157,218",2.022E+11,754 324,B01,2,1,0,2,0,2,5,NULL,2.022E+11,1 020 239,754 324,B01,1,1,4,1,1984,0,8,0,-1,-1,-1,-1,2.022E+11,4,STALINGRAD (RUE DE),0,NULL,2,2,0,2,0,0,1,NULL,-1,1,0,1,50,
2.022E+11,17,5,2022,14:00:00,1,92,92024,2,2,1,3,JEAN JAURES (BD) DE (1 A 45)   (2 A 54),"488,999,400,000","23,061,300,000",2.022E+11,750 166,A01,1,1,0,2,2,0,5,NULL,2.022E+11,1 014 627,750 166,A01,1,1,4,2,1973,1,8,0,-1,-1,-1,-1,2.022E+11,3,911,0,NULL,1,3,1,1,0,0,1,NULL,-1,1,0,1,30,
2.022E+11,17,5,2022,14:00:00,1,92,92024,2,2,1,3,JEAN JAURES (BD) DE (1 A 45)   (2 A 54),"488,999,400,000","23,061,300,000",2.022E+11,750 166,A01,1,1,0,2,2,0,5,NULL,2.022E+11,1 014 628,750 167,B01,1,1,1,1,1995,1,8,0,-1,-1,-1,-1,2.022E+11,3,911,0,NULL,1,3,1,1,0,0,1,NULL,-1,1,0,1,30,
2.022E+11,29,8,2022,08:10:00,1,30,30189,2,6,1,3,FOUR A CHAUX (ROND POINT),"438,141,900,000","43,344,800,000",2.022E+11,749 806,B01,1,1,0,2,7,1,5,NULL,2.022E+11,1 014 152,749 805,A01,1,1,1,2,1990,1,1,0,-1,0,0,-1,2.022E+11,2,NULL,0,NULL,1,-1,0,1,0,0,2,NULL,-1,1,0,1,50,
2.022E+11,29,8,2022,08:10:00,1,30,30189,2,6,1,3,FOUR A CHAUX (ROND POINT),"438,141,900,000","43,344,800,000",2.022E+11,749 806,B01,1,1,0,2,7,1,5,NULL,2.022E+11,1 014 153,749 806,B01,1,1,3,1,1951,1,8,0,-1,-1,-1,-1,2.022E+11,2,NULL,0,NULL,1,-1,0,1,0,0,2,NULL,-1,1,0,1,50,
2.022E+11,13,5,2022,15:50:00,1,6,6065,2,1,1,7,Route de Cagnes,"437,201,560,000","71,483,660,000",2.022E+11,733 146,A01,3,1,0,0,0,2,5,NULL,2.022E+11,991 628,733 146,A01,1,1,4,1,1975,4,2,-1,-1,0,0,-1,2.022E+11,7,18,0,M,2,2,0,2,-1,-1,2,NULL,-1,1,9,1,30,
2.022E+11,8,1,2022,23:40:00,5,75,75107,2,2,1,7,RUE DE L UNIVERSITE,"488,611,220,000","23,055,060,000",2.022E+11,732 601,A01,1,1,0,0,0,1,5,NULL,2.022E+11,990 950,732 601,A01,1,1,3,1,1956,5,8,4,-1,0,0,-1,2.022E+11,4,RUE DE L UNIVERSITE,0,NULL,1,1,0,1,-1,-1,1,NULL,-1,1,0,1,30,
2.022E+11,22,9,2022,08:50:00,1,75,75117,2,4,1,7,RUE GEORGES BERGER,"488,804,990,000","23,094,580,000",2.022E+11,729 102,A01,2,1,0,0,0,1,5,NULL,2.022E+11,986 314,729 102,A01,1,1,4,1,1972,5,2,6,-1,0,0,-1,2.022E+11,4,RUE GEORGES BERGER,0,NULL,2,2,0,1,-1,-1,1,NULL,-1,1,0,1,30,
2.022E+11,9,5,2022,10:18:00,1,78,78551,2,1,1,6,PONTOISE (DE),"488,999,780,000","20,935,250,000",2.022E+11,726 158,B01,1,1,1,0,2,2,5,NULL,2.022E+11,982 468,726 157,A01,1,1,1,1,1965,1,8,0,-1,-1,-1,-1,2.022E+11,4,PONTOISE (DE),0,NULL,2,2,0,2,-1,-1,1,NULL,-1,1,0,1,30,
2.022E+11,9,5,2022,10:18:00,1,78,78551,2,1,1,6,PONTOISE (DE),"488,999,780,000","20,935,250,000",2.022E+11,726 158,B01,1,1,1,0,2,2,5,NULL,2.022E+11,982 469,726 158,B01,1,1,4,2,1978,0,8,7,-1,-1,-1,-1,2.022E+11,4,PONTOISE (DE),0,NULL,2,2,0,2,-1,-1,1,NULL,-1,1,0,1,30,
2.022E+11,9,5,2022,09:20:00,1,51,51055,2,3,1,3,rue Léon Faucher,"492,714,300,000","40,430,600,000",2.022E+11,726 099,A01,3,1,0,2,1,1,5,NULL,2.022E+11,982 387,726 099,A01,1,1,4,1,1954,5,2,-1,-1,-1,-1,-1,2.022E+11,4,FAUCHER (RUE LEON),0,NULL,2,2,1,1,-1,-1,1,NULL,-1,1,0,5,50,
2.022E+11,9,5,2022,09:20:00,1,51,51055,2,3,1,3,rue Léon Faucher,"492,714,300,000","40,430,600,000",2.022E+11,726 099,A01,3,1,0,2,1,1,5,NULL,2.022E+11,982 391,726 102,B01,1,1,1,2,1986,1,1,-1,-1,-1,-1,-1,2.022E+11,4,FAUCHER (RUE LEON),0,NULL,2,2,1,1,-1,-1,1,NULL,-1,1,0,5,50,
2.022E+11,25,10,2022,06:30:00,3,67,67534,1,1,1,2,RD 421  PR 11+900,"487,500,740,000","75,225,560,000",2.022E+11,724 237,B01,2,1,0,2,4,1,5,NULL,2.022E+11,979 911,724 237,B01,1,1,4,1,1998,1,0,-1,-1,0,0,-1,2.022E+11,3,421,-1,NULL,2,2,0,1,11,900,1,NULL,-1,1,0,1,80,
2.022E+11,25,10,2022,06:30:00,3,67,67534,1,1,1,2,RD 421  PR 11+900,"487,500,740,000","75,225,560,000",2.022E+11,724 237,B01,2,1,0,2,4,1,5,NULL,2.022E+11,979 916,724 242,A01,1,1,4,1,1975,1,2,-1,-1,0,0,-1,2.022E+11,3,421,-1,NULL,2,2,0,1,11,900,1,NULL,-1,1,0,1,80,
2.022E+11,20,9,2022,17:10:00,1,77,77186,2,1,1,6,SAINT MERRY (RUE),"484,022,600,000","26,899,300,000",2.022E+11,723 610,A01,1,1,0,1,1,25,5,NULL,2.022E+11,979 084,723 610,A01,1,1,1,2,2009,9,0,-1,-1,-1,-1,-1,2.022E+11,4,SAINT MERRY (RUE),0,NULL,-1,0,0,1,0,0,1,NULL,-1,1,0,4,30,
2.022E+11,20,9,2022,17:10:00,1,77,77186,2,1,1,6,SAINT MERRY (RUE),"484,022,600,000","26,899,300,000",2.022E+11,723 610,A01,1,1,0,1,1,25,5,NULL,2.022E+11,979 088,723 610,A01,2,2,1,2,2009,0,0,0,0,-1,-1,-1,2.022E+11,4,SAINT MERRY (RUE),0,NULL,-1,0,0,1,0,0,1,NULL,-1,1,0,4,30,
2.022E+11,20,9,2022,17:10:00,1,77,77186,2,1,1,6,SAINT MERRY (RUE),"484,022,600,000","26,899,300,000",2.022E+11,723 610,A01,1,1,0,1,1,25,5,NULL,2.022E+11,979 092,723 610,A01,10,3,4,2,1987,0,0,-1,-1,5,9,1,2.022E+11,4,SAINT MERRY (RUE),0,NULL,-1,0,0,1,0,0,1,NULL,-1,1,0,4,30,
2.022E+11,26,3,2022,17:45:00,1,67,67432,2,2,1,1,Rue Principale,"489,773,690,000","80,741,200,000",2.022E+11,720 285,B01,0,1,0,2,7,0,5,NULL,2.022E+11,974 601,720 281,A01,1,1,1,1,1972,5,1,-1,-1,0,0,-1,2.022E+11,3,244,0,D,2,2,0,1,9,400,1,NULL,-1,1,0,1,50,
2.022E+11,26,3,2022,17:45:00,1,67,67432,2,2,1,1,Rue Principale,"489,773,690,000","80,741,200,000",2.022E+11,720 285,B01,0,1,0,2,7,0,5,NULL,2.022E+11,974 606,720 285,B01,1,1,3,1,1967,5,0,-1,-1,0,0,-1,2.022E+11,3,244,0,D,2,2,0,1,9,400,1,NULL,-1,1,0,1,50,
2.022E+11,6,5,2022,20:30:00,1,33,33281,2,3,1,1,Rue Arthur Rubinstein,"448,310,800,000"," -0,6481900000",2.022E+11,719 461,B01,1,1,0,2,9,5,5,NULL,2.022E+11,973 471,719 457,A01,1,1,1,2,1984,5,1,-1,-1,-1,-1,-1,2.022E+11,4,RUE ARTHUR RUBINSTEIN,0,NULL,2,2,0,1,-1,-1,1,NULL,-1,1,0,1,30,
2.022E+11,6,5,2022,20:30:00,1,33,33281,2,3,1,1,Rue Arthur Rubinstein,"448,310,800,000"," -0,6481900000",2.022E+11,719 461,B01,1,1,0,2,9,5,5,NULL,2.022E+11,973 474,719 457,A01,2,2,1,1,1983,5,1,-1,-1,-1,-1,-1,2.022E+11,4,RUE ARTHUR RUBINSTEIN,0,NULL,2,2,0,1,-1,-1,1,NULL,-1,1,0,1,30,
2.022E+11,6,5,2022,20:30:00,1,33,33281,2,3,1,1,Rue Arthur Rubinstein,"448,310,800,000"," -0,6481900000",2.022E+11,719 461,B01,1,1,0,2,9,5,5,NULL,2.022E+11,973 479,719 461,B01,1,1,4,2,1970,5,0,-1,-1,-1,-1,-1,2.022E+11,4,RUE ARTHUR RUBINSTEIN,0,NULL,2,2,0,1,-1,-1,1,NULL,-1,1,0,1,30,
2.022E+11,26,3,2022,12:45:00,1,75,75116,2,1,1,6,ROUTE DE L ETOILE,"488,742,020,000","22,617,560,000",2.022E+11,719 450,A01,3,1,0,1,7,1,5,NULL,2.022E+11,973 462,719 450,A01,1,1,1,2,1990,5,2,0,-1,0,0,-1,2.022E+11,4,ROUTE DE L ETOILE,0,NULL,1,1,0,1,-1,-1,1,NULL,-1,1,0,1,30,
2.022E+11,26,3,2022,12:45:00,1,75,75116,2,1,1,6,ROUTE DE L ETOILE,"488,742,020,000","22,617,560,000",2.022E+11,719 450,A01,3,1,0,1,7,1,5,NULL,2.022E+11,973 466,719 450,A01,10,3,4,1,2013,5,0,-1,-1,1,3,2,2.022E+11,4,ROUTE DE L ETOILE,0,NULL,1,1,0,1,-1,-1,1,NULL,-1,1,0,1,30,
2.022E+11,18,9,2022,20:00:00,5,90,90010,2,1,1,3,JAURES (AVENUE JEAN) A 150 ET 117,"476,530,000,000","68,500,000,000",2.022E+11,716 541,B01,2,1,0,2,0,0,5,NULL,2.022E+11,969 426,716 537,A01,1,1,1,1,1991,9,1,0,-1,-1,-1,-1,2.022E+11,3,NULL,0,NULL,2,2,0,1,27,40,1,NULL,-1,1,9,8,50,
2.022E+11,18,9,2022,20:00:00,5,90,90010,2,1,1,3,JAURES (AVENUE JEAN) A 150 ET 117,"476,530,000,000","68,500,000,000",2.022E+11,716 541,B01,2,1,0,2,0,0,5,NULL,2.022E+11,969 435,716 541,B01,1,1,4,1,1995,0,1,0,-1,-1,-1,-1,2.022E+11,3,NULL,0,NULL,2,2,0,1,27,40,1,NULL,-1,1,9,8,50,
2.022E+11,2,11,2022,12:00:00,1,38,38053,2,6,1,7,ISLE D'ABEAU (ROUTE DE),"456,018,800,000","52,670,200,000",2.022E+11,810 897,B01,2,1,0,2,0,0,5,NULL,2.022E+11,1 095 605,810 893,A01,1,1,1,2,1961,5,1,8,-1,-1,-1,-1,2.022E+11,3,ISLE D'ABEAU (ROUTE DE),0,NULL,1,1,1,1,4,850,2,NULL,-1,1,0,1,50,
2.022E+11,2,11,2022,12:00:00,1,38,38053,2,6,1,7,ISLE D'ABEAU (ROUTE DE),"456,018,800,000","52,670,200,000",2.022E+11,810 897,B01,2,1,0,2,0,0,5,NULL,2.022E+11,1 095 608,810 897,B01,1,1,3,1,1946,0,2,8,-1,0,0,-1,2.022E+11,3,ISLE D'ABEAU (ROUTE DE),0,NULL,1,1,1,1,4,850,2,NULL,-1,1,0,1,50,
2.022E+11,29,12,2022,18:45:00,5,59,59122,2,9,1,3,VALENCIENNES (AVENUE DE),"501,815,900,000","32,484,400,000",2.022E+11,803 978,A01,1,1,0,2,7,19,5,NULL,2.022E+11,1 086 406,803 978,A01,1,1,4,1,1988,0,8,0,-1,0,0,-1,2.022E+11,3,VALENCIENNES (AVENUE DE),0,NULL,2,2,0,1,-1,-1,1,NULL,-1,2,0,1,50,
2.022E+11,29,12,2022,18:45:00,5,59,59122,2,9,1,3,VALENCIENNES (AVENUE DE),"501,815,900,000","32,484,400,000",2.022E+11,803 978,A01,1,1,0,2,7,19,5,NULL,2.022E+11,1 086 409,803 979,B01,1,1,1,1,1975,3,8,0,-1,0,0,-1,2.022E+11,3,VALENCIENNES (AVENUE DE),0,NULL,2,2,0,1,-1,-1,1,NULL,-1,2,0,1,50,
2.022E+11,14,9,2022,19:40:00,5,69,69387,2,1,3,6,Cours Gambetta,"457,552,001,527","48,431,414,366",2.022E+11,803 228,A01,1,1,0,1,1,1,5,NULL,2.022E+11,1 085 359,803 228,A01,10,3,4,1,1936,9,0,-1,-1,4,3,1,2.022E+11,4,GAMBETTA                            (CO),0,NULL,2,2,1,1,-1,-1,1,NULL,-1,2,9,1,30,
2.022E+11,14,9,2022,19:40:00,5,69,69387,2,1,3,6,Cours Gambetta,"457,552,001,527","48,431,414,366",2.022E+11,803 228,A01,1,1,0,1,1,1,5,NULL,2.022E+11,1 085 360,803 228,A01,1,1,1,1,1996,1,8,-1,-1,-1,-1,-1,2.022E+11,4,GAMBETTA                            (CO),0,NULL,2,2,1,1,-1,-1,1,NULL,-1,2,9,1,30,
2.022E+11,27,7,2022,10:00:00,1,45,45272,1,1,1,1,Rue de Gautray,"478,021,440,000","19,546,650,000",2.022E+11,802 756,B01,3,1,0,2,1,1,5,NULL,2.022E+11,1 084 760,802 754,A01,1,1,1,1,1961,5,8,-1,-1,0,0,-1,2.022E+11,4,NULL,-1,NULL,2,2,0,1,-1,-1,1,NULL,4,1,0,1,70,
2.022E+11,27,7,2022,10:00:00,1,45,45272,1,1,1,1,Rue de Gautray,"478,021,440,000","19,546,650,000",2.022E+11,802 756,B01,3,1,0,2,1,1,5,NULL,2.022E+11,1 084 762,802 756,B01,1,1,2,2,1996,5,2,-1,-1,0,0,-1,2.022E+11,4,NULL,-1,NULL,2,2,0,1,-1,-1,1,NULL,4,1,0,1,70,
2.022E+11,30,7,2022,10:06:00,1,87,87050,1,1,1,7,DE L'HERMITERIE (RUE),"458,709,200,000","11,962,900,000",2.022E+11,798 453,B01,1,1,0,0,0,1,5,NULL,2.022E+11,1 079 125,798 452,A01,1,1,1,2,1957,5,1,0,-1,-1,-1,-1,2.022E+11,3,DE L'HERMITERIE (RUE),0,NULL,2,2,0,1,2,150,1,NULL,-1,1,0,1,50,
2.022E+11,30,7,2022,10:06:00,1,87,87050,1,1,1,7,DE L'HERMITERIE (RUE),"458,709,200,000","11,962,900,000",2.022E+11,798 453,B01,1,1,0,0,0,1,5,NULL,2.022E+11,1 079 126,798 453,B01,1,1,3,1,1946,5,8,0,-1,-1,-1,-1,2.022E+11,3,DE L'HERMITERIE (RUE),0,NULL,2,2,0,1,2,150,1,NULL,-1,1,0,1,50,
2.022E+11,11,9,2022,12:58:00,1,973,97302,2,1,1,3,MANGO (ROUTE),"49,322,612,721","-523,181,551,695",2.022E+11,796 385,B01,2,1,1,0,1,13,5,NULL,2.022E+11,1 076 379,796 385,B01,1,1,4,1,2007,5,8,0,-1,-1,-1,-1,2.022E+11,4,MANGO (ROUTE),0,NULL,2,2,0,1,-1,-1,1,NULL,-1,1,0,1,50,
2.022E+11,11,9,2022,12:58:00,1,973,97302,2,1,1,3,MANGO (ROUTE),"49,322,612,721","-523,181,551,695",2.022E+11,796 385,B01,2,1,1,0,1,13,5,NULL,2.022E+11,1 076 380,796 386,A01,1,1,1,2,1976,9,1,0,-1,-1,-1,-1,2.022E+11,4,MANGO (ROUTE),0,NULL,2,2,0,1,-1,-1,1,NULL,-1,1,0,1,50,
2.022E+11,8,2,2022,15:45:00,1,29,29019,2,1,1,2,Avenue de la Libération,"483,963,460,000","-45,159,630,000",2.022E+11,795 696,A01,2,1,0,2,1,2,5,NULL,2.022E+11,1 075 455,795 696,A01,1,1,4,1,1967,5,2,4,-1,-1,-1,-1,2.022E+11,4,LIBERATION,0,NULL,2,2,0,2,-1,-1,2,NULL,-1,1,0,1,50,
2.022E+11,8,2,2022,15:45:00,1,29,29019,2,1,1,2,Avenue de la Libération,"483,963,460,000","-45,159,630,000",2.022E+11,795 696,A01,2,1,0,2,1,2,5,NULL,2.022E+11,1 075 459,795 699,B01,1,1,1,1,1999,3,1,-1,-1,-1,-1,-1,2.022E+11,4,LIBERATION,0,NULL,2,2,0,2,-1,-1,2,NULL,-1,1,0,1,50,
2.022E+11,28,6,2022,20:20:00,1,75,75107,2,3,1,2,AVENUE BOSQUET,"488,557,590,000","23,051,260,000",2.022E+11,792 137,A01,2,1,0,2,1,1,5,NULL,2.022E+11,1 070 782,792 137,A01,1,1,4,1,1997,1,8,0,-1,0,0,-1,2.022E+11,4,AVENUE BOSQUET,0,NULL,1,3,0,1,-1,-1,1,NULL,-1,1,0,1,30,
2.022E+11,28,6,2022,20:20:00,1,75,75107,2,3,1,2,AVENUE BOSQUET,"488,557,590,000","23,051,260,000",2.022E+11,792 137,A01,2,1,0,2,1,1,5,NULL,2.022E+11,1 070 785,792 139,B01,1,1,1,1,1976,1,1,0,-1,0,0,-1,2.022E+11,4,AVENUE BOSQUET,0,NULL,1,3,0,1,-1,-1,1,NULL,-1,1,0,1,30,
2.022E+11,7,10,2022,15:15:00,1,21,21651,2,2,1,7,Route de Messigny,"474,117,650,000","49,029,170,000",2.022E+11,788 763,D01,1,1,0,2,1,1,5,NULL,2.022E+11,1 066 208,788 761,A01,1,1,1,1,1977,1,8,-1,-1,0,0,-1,2.022E+11,3,NULL,-1,NULL,2,1,0,1,24,480,2,NULL,3,1,0,1,50,
2.022E+11,7,10,2022,15:15:00,1,21,21651,2,2,1,7,Route de Messigny,"474,117,650,000","49,029,170,000",2.022E+11,788 765,C01,1,1,0,9,1,1,5,NULL,2.022E+11,1 066 208,788 761,A01,1,1,1,1,1977,1,8,-1,-1,0,0,-1,2.022E+11,3,NULL,-1,NULL,2,1,0,1,24,480,2,NULL,3,1,0,1,50,
2.022E+11,7,10,2022,15:15:00,1,21,21651,2,2,1,7,Route de Messigny,"474,117,650,000","49,029,170,000",2.022E+11,788 766,B01,1,1,0,2,1,1,5,NULL,2.022E+11,1 066 208,788 761,A01,1,1,1,1,1977,1,8,-1,-1,0,0,-1,2.022E+11,3,NULL,-1,NULL,2,1,0,1,24,480,2,NULL,3,1,0,1,50,
2.022E+11,7,10,2022,15:15:00,1,21,21651,2,2,1,7,Route de Messigny,"474,117,650,000","49,029,170,000",2.022E+11,788 763,D01,1,1,0,2,1,1,5,NULL,2.022E+11,1 066 210,788 763,D01,1,1,4,1,1949,5,2,-1,-1,0,0,-1,2.022E+11,3,NULL,-1,NULL,2,1,0,1,24,480,2,NULL,3,1,0,1,50,
2.022E+11,7,10,2022,15:15:00,1,21,21651,2,2,1,7,Route de Messigny,"474,117,650,000","49,029,170,000",2.022E+11,788 765,C01,1,1,0,9,1,1,5,NULL,2.022E+11,1 066 210,788 763,D01,1,1,4,1,1949,5,2,-1,-1,0,0,-1,2.022E+11,3,NULL,-1,NULL,2,1,0,1,24,480,2,NULL,3,1,0,1,50,
2.022E+11,7,10,2022,15:15:00,1,21,21651,2,2,1,7,Route de Messigny,"474,117,650,000","49,029,170,000",2.022E+11,788 766,B01,1,1,0,2,1,1,5,NULL,2.022E+11,1 066 210,788 763,D01,1,1,4,1,1949,5,2,-1,-1,0,0,-1,2.022E+11,3,NULL,-1,NULL,2,1,0,1,24,480,2,NULL,3,1,0,1,50,
2.022E+11,7,10,2022,15:15:00,1,21,21651,2,2,1,7,Route de Messigny,"474,117,650,000","49,029,170,000",2.022E+11,788 763,D01,1,1,0,2,1,1,5,NULL,2.022E+11,1 066 212,788 765,C01,1,1,4,1,1965,5,2,-1,-1,0,0,-1,2.022E+11,3,NULL,-1,NULL,2,1,0,1,24,480,2,NULL,3,1,0,1,50,
2.022E+11,7,10,2022,15:15:00,1,21,21651,2,2,1,7,Route de Messigny,"474,117,650,000","49,029,170,000",2.022E+11,788 765,C01,1,1,0,9,1,1,5,NULL,2.022E+11,1 066 212,788 765,C01,1,1,4,1,1965,5,2,-1,-1,0,0,-1,2.022E+11,3,NULL,-1,NULL,2,1,0,1,24,480,2,NULL,3,1,0,1,50,
2.022E+11,7,10,2022,15:15:00,1,21,21651,2,2,1,7,Route de Messigny,"474,117,650,000","49,029,170,000",2.022E+11,788 766,B01,1,1,0,2,1,1,5,NULL,2.022E+11,1 066 212,788 765,C01,1,1,4,1,1965,5,2,-1,-1,0,0,-1,2.022E+11,3,NULL,-1,NULL,2,1,0,1,24,480,2,NULL,3,1,0,1,50,
2.022E+11,7,10,2022,15:15:00,1,21,21651,2,2,1,7,Route de Messigny,"474,117,650,000","49,029,170,000",2.022E+11,788 763,D01,1,1,0,2,1,1,5,NULL,2.022E+11,1 066 213,788 766,B01,1,1,4,1,1943,5,2,-1,-1,0,0,-1,2.022E+11,3,NULL,-1,NULL,2,1,0,1,24,480,2,NULL,3,1,0,1,50,
2.022E+11,7,10,2022,15:15:00,1,21,21651,2,2,1,7,Route de Messigny,"474,117,650,000","49,029,170,000",2.022E+11,788 765,C01,1,1,0,9,1,1,5,NULL,2.022E+11,1 066 213,788 766,B01,1,1,4,1,1943,5,2,-1,-1,0,0,-1,2.022E+11,3,NULL,-1,NULL,2,1,0,1,24,480,2,NULL,3,1,0,1,50,
2.022E+11,7,10,2022,15:15:00,1,21,21651,2,2,1,7,Route de Messigny,"474,117,650,000","49,029,170,000",2.022E+11,788 766,B01,1,1,0,2,1,1,5,NULL,2.022E+11,1 066 213,788 766,B01,1,1,4,1,1943,5,2,-1,-1,0,0,-1,2.022E+11,3,NULL,-1,NULL,2,1,0,1,24,480,2,NULL,3,1,0,1,50,
2.022E+11,3,2,2022,06:50:00,2,33,33063,2,1,1,2,Allée Haussmann,"448,656,700,000"," -0,5743400000",2.022E+11,787 227,B01,2,1,0,2,4,19,5,NULL,2.022E+11,1 064 127,787 227,B01,1,1,3,2,1998,1,0,-1,-1,0,0,-1,2.022E+11,4,HAUSMANN (ALL ),0,NULL,2,2,0,1,-1,-1,1,NULL,-1,1,0,1,30,
2.022E+11,3,2,2022,06:50:00,2,33,33063,2,1,1,2,Allée Haussmann,"448,656,700,000"," -0,5743400000",2.022E+11,787 227,B01,2,1,0,2,4,19,5,NULL,2.022E+11,1 064 129,787 229,A01,1,1,1,2,1997,1,1,-1,-1,-1,-1,-1,2.022E+11,4,HAUSMANN (ALL ),0,NULL,2,2,0,1,-1,-1,1,NULL,-1,1,0,1,30,
2.022E+11,10,11,2022,09:52:00,1,49,49007,2,1,1,7,ARENES,"474,679,600,000"," -0,5488500000",2.022E+11,784 402,A01,1,1,0,0,1,1,5,NULL,2.022E+11,1 060 345,784 402,A01,1,1,4,1,2000,9,8,0,-1,0,0,-1,2.022E+11,4,ARENES,0,NULL,1,1,0,1,-1,-1,1,NULL,-1,1,0,1,50,
2.022E+11,24,6,2022,16:00:00,1,80,80240,2,1,1,5,Route de Péronne,"499,320,390,000","29,542,550,000",2.022E+11,782 403,B01,3,1,0,2,3,2,5,NULL,2.022E+11,1 057 715,782 401,A01,1,1,1,2,1964,0,8,-1,-1,0,0,-1,2.022E+11,3,937,-1,NULL,2,2,0,1,25,400,1,NULL,-1,1,0,1,70,
2.022E+11,24,6,2022,16:00:00,1,80,80240,2,1,1,5,Route de Péronne,"499,320,390,000","29,542,550,000",2.022E+11,782 403,B01,3,1,0,2,3,2,5,NULL,2.022E+11,1 057 716,782 402,C01,1,1,4,1,1984,1,1,-1,-1,0,0,-1,2.022E+11,3,937,-1,NULL,2,2,0,1,25,400,1,NULL,-1,1,0,1,70,
2.022E+11,24,6,2022,16:00:00,1,80,80240,2,1,1,5,Route de Péronne,"499,320,390,000","29,542,550,000",2.022E+11,782 403,B01,3,1,0,2,3,2,5,NULL,2.022E+11,1 057 717,782 403,B01,1,1,4,2,1981,4,2,-1,-1,0,0,-1,2.022E+11,3,937,-1,NULL,2,2,0,1,25,400,1,NULL,-1,1,0,1,70,
2.022E+11,10,11,2022,16:13:00,1,49,49007,2,1,1,7,BEAUREPAIRE,"474,746,000,000"," -0,5605400000",2.022E+11,781 177,A01,1,1,0,0,1,1,5,NULL,2.022E+11,1 056 079,781 177,A01,1,1,4,1,2002,5,8,0,-1,0,0,-1,2.022E+11,4,BEAUREPAIRE,0,NULL,2,2,0,1,-1,-1,1,NULL,-1,1,0,1,50,
2.022E+11,18,4,2022,10:35:00,1,74,74052,1,1,1,3,Route de la Croix Biche,"460,747,820,000","60,559,240,000",2.022E+11,779 341,B01,1,1,0,2,8,1,5,NULL,2.022E+11,1 053 631,779 340,A01,1,1,1,1,1945,0,1,-1,-1,0,0,-1,2.022E+11,3,23,-1,NULL,2,1,0,2,11,800,1,NULL,-1,1,0,1,80,
2.022E+11,18,4,2022,10:35:00,1,74,74052,1,1,1,3,Route de la Croix Biche,"460,747,820,000","60,559,240,000",2.022E+11,779 341,B01,1,1,0,2,8,1,5,NULL,2.022E+11,1 053 632,779 341,B01,1,1,4,1,1967,5,2,-1,-1,0,0,-1,2.022E+11,3,23,-1,NULL,2,1,0,2,11,800,1,NULL,-1,1,0,1,80,
2.022E+11,24,7,2022,11:50:00,1,18,18108,1,1,1,1,NULL,"469,582,170,000","29,207,190,000",2.022E+11,770 118,B01,2,1,0,2,1,1,5,NULL,2.022E+11,1 041 163,770 116,A01,1,1,1,2,1968,5,1,-1,-1,0,0,-1,2.022E+11,3,976,0,D,2,2,0,2,12,486,3,NULL,-1,1,0,1,90,
2.022E+11,24,7,2022,11:50:00,1,18,18108,1,1,1,1,NULL,"469,582,170,000","29,207,190,000",2.022E+11,770 118,B01,2,1,0,2,1,1,5,NULL,2.022E+11,1 041 166,770 118,B01,1,1,3,1,1981,5,2,-1,-1,0,0,-1,2.022E+11,3,976,0,D,2,2,0,2,12,486,3,NULL,-1,1,0,1,90,
2.022E+11,4,3,2022,12:10:00,1,39,39235,2,2,1,3,3 Rue de la Gare,"471,516,320,000","57,597,760,000",2.022E+11,759 196,B01,2,1,0,2,8,1,5,NULL,2.022E+11,1 026 796,759 195,A01,1,1,1,2,1992,5,1,-1,-1,0,0,-1,2.022E+11,3,73,-1,NULL,2,2,0,1,1,485,1,NULL,-1,1,0,1,50,
2.022E+11,4,3,2022,12:10:00,1,39,39235,2,2,1,3,3 Rue de la Gare,"471,516,320,000","57,597,760,000",2.022E+11,759 196,B01,2,1,0,2,8,1,5,NULL,2.022E+11,1 026 797,759 196,B01,1,1,3,1,1946,5,0,-1,-1,0,0,-1,2.022E+11,3,73,-1,NULL,2,2,0,1,1,485,1,NULL,-1,1,0,1,50,
2.022E+11,3,3,2022,08:25:00,1,63,63113,2,2,1,3,RAYNAUD (RUE FERNAND),"457,706,100,000","31,010,100,000",2.022E+11,759 076,B01,2,1,0,2,1,1,5,NULL,2.022E+11,1 026 627,759 075,A01,1,1,1,2,1997,0,1,-1,-1,0,0,-1,2.022E+11,4,RAYNAUD (RUE FERNAND),0,NULL,2,2,0,1,-1,-1,1,NULL,-1,1,0,1,50,