Accident_Id,jour,mois,an,hrmn,lum,dep,com,agg,int,atm,col,adr,lat,long,Num_Acc,id_vehicule,num_veh,senc,catv,obs,obsm,choc,manv,motor,occutc,Num_Acc,id_usager,id_vehicule,num_veh,place,catu,grav,sexe,an_nais,trajet,secu1,secu2,secu3,locp,actp,etatp,Num_Acc,catr,voie,v1,v2,circ,nbv,vosp,prof,pr,pr1,plan,lartpc,larrout,surf,infra,situ,vma,
2.022E+11,3,3,2022,08:25:00,1,63,63113,2,2,1,3,RAYNAUD (RUE FERNAND),"457,706,100,000","31,010,100,000",2.022E+11,759 076,B01,2,1,0,2,1,1,5,NULL,2.022E+11,1 026 628,759 076,B01,1,1,4,1,1999,0,2,-1,-1,0,0,-1,2.022E+11,4,RAYNAUD (RUE FERNAND),0,NULL,2,2,0,1,-1,-1,1,NULL,-1,1,0,1,50,
2.022E+11,13,4,2022,06:30:00,2,27,27398,2,3,8,1,Cote Aristide Briand,"490,976,200,000","0,6054600000",2.022E+11,758 307,A01,0,1,0,2,1,1,5,NULL,2.022E+11,1 025 612,758 304,B01,1,1,1,2,1973,1,1,-1,-1,0,0,-1,2.022E+11,3,NULL,-1,NULL,2,1,0,2,27,120,1,NULL,3,1,0,1,50,
2.022E+11,13,4,2022,06:30:00,2,27,27398,2,3,8,1,Cote Aristide Briand,"490,976,200,000","0,6054600000",2.022E+11,758 307,A01,0,1,0,2,1,1,5,NULL,2.022E+11,1 025 616,758 307,A01,1,1,4,1,1984,1,2,-1,-1,0,0,-1,2.022E+11,3,NULL,-1,NULL,2,1,0,2,27,120,1,NULL,3,1,0,1,50,
2.022E+11,17,6,2022,23:20:00,5,1,1053,2,1,1,3,PRES DE BROU ( RUE DES),"461,988,000,000","52,486,200,000",2.022E+11,758 128,B01,3,1,1,2,1,9,5,NULL,2.022E+11,1 025 382,758 127,A01,1,1,4,1,1958,5,1,0,-1,-1,-1,-1,2.022E+11,4,PRES DE BROU ( RUE DES),0,NULL,2,2,0,1,-1,-1,1,NULL,-1,1,9,1,50,
2.022E+11,17,6,2022,23:20:00,5,1,1053,2,1,1,3,PRES DE BROU ( RUE DES),"461,988,000,000","52,486,200,000",2.022E+11,758 128,B01,3,1,1,2,1,9,5,NULL,2.022E+11,1 025 384,758 128,B01,1,1,2,1,1982,5,8,8,-1,-1,-1,-1,2.022E+11,4,PRES DE BROU ( RUE DES),0,NULL,2,2,0,1,-1,-1,1,NULL,-1,1,9,1,50,
2.022E+11,25,2,2022,16:15:00,1,80,80021,2,2,1,3,BECQUERELLES (PASSAGE DES),"499,009,900,000","23,012,900,000",2.022E+11,755 394,A01,0,1,0,2,1,1,5,NULL,2.022E+11,1 021 647,755 394,A01,1,1,4,1,2004,9,8,0,-1,-1,-1,-1,2.022E+11,4,NULL,0,NULL,1,4,0,1,-1,-1,1,NULL,-1,1,0,1,30,
2.022E+11,25,2,2022,16:15:00,1,80,80021,2,2,1,3,BECQUERELLES (PASSAGE DES),"499,009,900,000","23,012,900,000",2.022E+11,755 394,A01,0,1,0,2,1,1,5,NULL,2.022E+11,1 021 648,755 395,B01,1,1,1,2,1991,9,1,0,-1,-1,-1,-1,2.022E+11,4,NULL,0,NULL,1,4,0,1,-1,-1,1,NULL,-1,1,0,1,30,
2.022E+11,1,10,2022,18:15:00,1,75,75118,2,2,1,1,RUE RIQUET,"488,899,050,000","23,638,120,000",2.022E+11,753 317,A01,2,1,0,2,1,21,5,NULL,2.022E+11,1 018 854,753 317,A01,1,1,1,1,1985,9,8,0,-1,0,0,-1,2.022E+11,4,RUE RIQUET,0,NULL,1,2,1,1,-1,-1,1,NULL,-1,1,0,1,30,
2.022E+11,1,10,2022,18:15:00,1,75,75118,2,2,1,1,RUE RIQUET,"488,899,050,000","23,638,120,000",2.022E+11,753 318,B01,1,1,0,2,1,1,5,NULL,2.022E+11,1 018 854,753 317,A01,1,1,1,1,1985,9,8,0,-1,0,0,-1,2.022E+11,4,RUE RIQUET,0,NULL,1,2,1,1,-1,-1,1,NULL,-1,1,0,1,30,
2.022E+11,1,10,2022,18:15:00,1,75,75118,2,2,1,1,RUE RIQUET,"488,899,050,000","23,638,120,000",2.022E+11,753 317,A01,2,1,0,2,1,21,5,NULL,2.022E+11,1 018 855,753 318,B01,1,1,4,1,1990,9,8,0,-1,0,0,-1,2.022E+11,4,RUE RIQUET,0,NULL,1,2,1,1,-1,-1,1,NULL,-1,1,0,1,30,
2.022E+11,1,10,2022,18:15:00,1,75,75118,2,2,1,1,RUE RIQUET,"488,899,050,000","23,638,120,000",2.022E+11,753 318,B01,1,1,0,2,1,1,5,NULL,2.022E+11,1 018 855,753 318,B01,1,1,4,1,1990,9,8,0,-1,0,0,-1,2.022E+11,4,RUE RIQUET,0,NULL,1,2,1,1,-1,-1,1,NULL,-1,1,0,1,30,
2.022E+11,19,1,2022,15:23:00,1,75,75103,2,2,8,2,RUE BEAUBOURG,"488,632,210,000","23,545,620,000",2.022E+11,751 902,A01,2,1,0,2,0,16,5,NULL,2.022E+11,1 016 890,751 902,A01,1,1,4,1,1999,4,8,0,-1,0,0,-1,2.022E+11,4,RUE BEAUBOURG,0,NULL,1,1,3,1,-1,-1,2,NULL,-1,1,-1,6,30,
2.022E+11,19,1,2022,15:23:00,1,75,75103,2,2,8,2,RUE BEAUBOURG,"488,632,210,000","23,545,620,000",2.022E+11,751 902,A01,2,1,0,2,0,16,5,NULL,2.022E+11,1 016 892,751 904,Z01,1,1,1,-1,NULL,-1,-1,-1,-1,-1,-1,-1,2.022E+11,4,RUE BEAUBOURG,0,NULL,1,1,3,1,-1,-1,2,NULL,-1,1,-1,6,30,
2.022E+11,8,4,2022,16:45:00,1,94,94056,2,1,3,2,Route de Brie Comte Robert,"486,967,000,000","25,655,100,000",2.022E+11,750 718,B01,1,1,0,2,4,26,5,NULL,2.022E+11,1 015 308,750 718,B01,1,1,4,1,2001,1,2,0,-1,-1,-1,-1,2.022E+11,3,BRIE COMTE ROBERT (RTE DE),0,NULL,2,2,0,1,0,1,1,NULL,-1,2,0,1,50,
2.022E+11,8,4,2022,16:45:00,1,94,94056,2,1,3,2,Route de Brie Comte Robert,"486,967,000,000","25,655,100,000",2.022E+11,750 718,B01,1,1,0,2,4,26,5,NULL,2.022E+11,1 015 309,750 719,A01,1,1,1,-1,NULL,-1,-1,-1,-1,-1,-1,-1,2.022E+11,3,BRIE COMTE ROBERT (RTE DE),0,NULL,2,2,0,1,0,1,1,NULL,-1,2,0,1,50,
2.022E+11,8,4,2022,11:45:00,1,34,34332,1,2,1,3,Départementale 612,"433,146,870,000","33,778,450,000",2.022E+11,747 174,A01,3,1,0,2,7,19,5,NULL,2.022E+11,1 010 596,747 173,B01,1,1,1,1,1967,4,1,-1,-1,0,0,-1,2.022E+11,3,612,-1,NULL,2,2,0,1,56,635,1,NULL,-1,1,0,1,70,
2.022E+11,8,4,2022,11:45:00,1,34,34332,1,2,1,3,Départementale 612,"433,146,870,000","33,778,450,000",2.022E+11,747 174,A01,3,1,0,2,7,19,5,NULL,2.022E+11,1 010 597,747 174,A01,1,1,4,1,1938,5,2,-1,-1,0,0,-1,2.022E+11,3,612,-1,NULL,2,2,0,1,56,635,1,NULL,-1,1,0,1,70,
2.022E+11,22,8,2022,08:19:00,1,69,69259,2,6,1,3,Boulevard Urbain Est,"456,882,000,000","48,912,900,000",2.022E+11,744 404,B01,3,1,0,2,1,26,5,NULL,2.022E+11,1 006 895,744 404,B01,1,1,4,1,1967,1,8,-1,-1,-1,-1,-1,2.022E+11,4,URBAIN EST                              ,0,NULL,2,2,2,1,-1,-1,2,NULL,-1,1,9,8,50,
2.022E+11,22,8,2022,08:19:00,1,69,69259,2,6,1,3,Boulevard Urbain Est,"456,882,000,000","48,912,900,000",2.022E+11,744 404,B01,3,1,0,2,1,26,5,NULL,2.022E+11,1 006 900,744 407,A01,1,1,1,1,1967,4,1,-1,-1,-1,-1,-1,2.022E+11,4,URBAIN EST                              ,0,NULL,2,2,2,1,-1,-1,2,NULL,-1,1,9,8,50,
2.022E+11,6,4,2022,07:45:00,1,26,26198,1,1,1,3,SAINT GERVAIS (Route),"445,656,260,000","47,976,740,000",2.022E+11,744 008,A01,1,1,0,2,1,19,5,NULL,2.022E+11,1 006 376,744 008,A01,1,1,3,1,2006,2,8,0,-1,0,0,-1,2.022E+11,3,SAINT GERVAIS (Route),0,NULL,2,2,0,1,3,340,1,NULL,-1,1,0,1,50,
2.022E+11,6,4,2022,07:45:00,1,26,26198,1,1,1,3,SAINT GERVAIS (Route),"445,656,260,000","47,976,740,000",2.022E+11,744 008,A01,1,1,0,2,1,19,5,NULL,2.022E+11,1 006 377,744 009,B01,1,1,1,2,1966,4,1,8,-1,0,0,-1,2.022E+11,3,SAINT GERVAIS (Route),0,NULL,2,2,0,1,3,340,1,NULL,-1,1,0,1,50,
2.022E+11,14,1,2022,16:45:00,1,59,59328,2,2,1,3,BONTE AUGUSTE RUE,"506,450,543,555","30,223,292,112",2.022E+11,742 643,B01,3,1,0,2,7,15,5,NULL,2.022E+11,1 004 534,742 641,A01,1,1,1,2,1994,0,8,0,-1,-1,0,-1,2.022E+11,7,BONTE AUGUSTE RUE,0,NULL,2,2,2,1,-1,-1,1,NULL,-1,1,0,1,50,
2.022E+11,14,1,2022,16:45:00,1,59,59328,2,2,1,3,BONTE AUGUSTE RUE,"506,450,543,555","30,223,292,112",2.022E+11,742 643,B01,3,1,0,2,7,15,5,NULL,2.022E+11,1 004 536,742 643,B01,1,1,3,2,1998,0,8,0,-1,-1,0,-1,2.022E+11,7,BONTE AUGUSTE RUE,0,NULL,2,2,2,1,-1,-1,1,NULL,-1,1,0,1,50,
2.022E+11,14,1,2022,12:25:00,1,75,75111,2,3,1,3,AVENUE PARMENTIER,"488,639,510,000","23,755,270,000",2.022E+11,742 492,B01,1,1,0,2,8,1,5,NULL,2.022E+11,1 004 324,742 491,A01,1,1,1,1,1996,4,1,0,-1,0,0,-1,2.022E+11,4,AVENUE PARMENTIER,0,NULL,2,2,0,1,-1,-1,1,NULL,-1,1,0,1,30,
2.022E+11,14,1,2022,12:25:00,1,75,75111,2,3,1,3,AVENUE PARMENTIER,"488,639,510,000","23,755,270,000",2.022E+11,742 492,B01,1,1,0,2,8,1,5,NULL,2.022E+11,1 004 325,742 492,B01,1,1,4,2,1990,5,8,0,-1,0,0,-1,2.022E+11,4,AVENUE PARMENTIER,0,NULL,2,2,0,1,-1,-1,1,NULL,-1,1,0,1,30,
2.022E+11,11,7,2022,07:55:00,1,75,75102,2,1,1,2,BOULEVARD DE SEBASTOPOL,"488,672,780,000","23,531,200,000",2.022E+11,735 118,B01,1,1,0,2,1,1,5,NULL,2.022E+11,994 252,735 118,B01,1,1,4,1,1985,1,8,0,-1,0,0,-1,2.022E+11,4,BOULEVARD DE SEBASTOPOL,0,NULL,2,4,1,1,-1,-1,1,NULL,-1,1,-1,5,30,
2.022E+11,11,7,2022,07:55:00,1,75,75102,2,1,1,2,BOULEVARD DE SEBASTOPOL,"488,672,780,000","23,531,200,000",2.022E+11,735 118,B01,1,1,0,2,1,1,5,NULL,2.022E+11,994 256,735 120,A01,1,1,1,1,1982,4,8,0,-1,0,0,-1,2.022E+11,4,BOULEVARD DE SEBASTOPOL,0,NULL,2,4,1,1,-1,-1,1,NULL,-1,1,-1,5,30,
2.022E+11,19,8,2022,16:13:00,1,5,5045,1,1,1,2,Route de Gap,"445,320,452,757","64,451,270,571",2.022E+11,734 231,B01,1,1,0,2,4,1,5,NULL,2.022E+11,993 086,734 230,A01,1,1,1,1,1972,4,1,-1,-1,0,0,-1,2.022E+11,2,94,-1,NULL,2,2,0,2,104,600,1,NULL,-1,1,0,1,80,
2.022E+11,19,8,2022,16:13:00,1,5,5045,1,1,1,2,Route de Gap,"445,320,452,757","64,451,270,571",2.022E+11,734 231,B01,1,1,0,2,4,1,5,NULL,2.022E+11,993 087,734 231,B01,1,1,3,1,1951,5,2,-1,-1,0,0,-1,2.022E+11,2,94,-1,NULL,2,2,0,2,104,600,1,NULL,-1,1,0,1,80,
2.022E+11,20,2,2022,11:10:00,1,75,75110,2,2,1,3,RUE DU CHATEAU D EAU,"488,698,670,000","23,607,240,000",2.022E+11,733 602,A01,2,1,0,2,3,1,5,NULL,2.022E+11,992 195,733 597,Z01,1,1,1,-1,NULL,9,-1,-1,-1,0,0,-1,2.022E+11,4,RUE DU CHATEAU D EAU,0,NULL,1,2,1,1,-1,-1,1,NULL,-1,1,0,5,30,
2.022E+11,20,2,2022,11:10:00,1,75,75110,2,2,1,3,RUE DU CHATEAU D EAU,"488,698,670,000","23,607,240,000",2.022E+11,733 602,A01,2,1,0,2,3,1,5,NULL,2.022E+11,992 202,733 602,A01,1,1,4,2,1997,1,8,0,-1,0,0,-1,2.022E+11,4,RUE DU CHATEAU D EAU,0,NULL,1,2,1,1,-1,-1,1,NULL,-1,1,0,5,30,
2.022E+11,16,8,2022,16:50:00,1,75,75113,2,7,8,3,PLACE D ITALIE,"488,308,230,000","23,560,630,000",2.022E+11,731 093,B01,3,1,0,2,7,1,5,NULL,2.022E+11,988 919,731 090,A01,1,1,1,1,1969,5,1,0,-1,0,0,-1,2.022E+11,4,PLACE D ITALIE,0,NULL,1,1,0,1,-1,-1,2,NULL,-1,1,0,1,30,
2.022E+11,16,8,2022,16:50:00,1,75,75113,2,7,8,3,PLACE D ITALIE,"488,308,230,000","23,560,630,000",2.022E+11,731 093,B01,3,1,0,2,7,1,5,NULL,2.022E+11,988 923,731 093,B01,1,1,4,1,1988,4,2,0,-1,0,0,-1,2.022E+11,4,PLACE D ITALIE,0,NULL,1,1,0,1,-1,-1,2,NULL,-1,1,0,1,30,
2.022E+11,21,9,2022,17:10:00,1,974,97416,2,3,1,1,PAVE(RUE),"-213,413,200,000","554,816,100,000",2.022E+11,728 409,B01,3,1,0,2,1,5,5,NULL,2.022E+11,985 402,728 409,B01,2,2,4,2,2004,5,8,0,-1,0,0,-1,2.022E+11,4,ABRIEL (RUE JOSEPH),0,NULL,2,2,0,2,0,0,1,NULL,-1,1,0,1,50,
2.022E+11,21,9,2022,17:10:00,1,974,97416,2,3,1,1,PAVE(RUE),"-213,413,200,000","554,816,100,000",2.022E+11,728 409,B01,3,1,0,2,1,5,5,NULL,2.022E+11,985 404,728 409,B01,1,1,4,1,2003,5,8,0,-1,0,0,-1,2.022E+11,4,ABRIEL (RUE JOSEPH),0,NULL,2,2,0,2,0,0,1,NULL,-1,1,0,1,50,
2.022E+11,21,9,2022,17:10:00,1,974,97416,2,3,1,1,PAVE(RUE),"-213,413,200,000","554,816,100,000",2.022E+11,728 409,B01,3,1,0,2,1,5,5,NULL,2.022E+11,985 413,728 417,A01,1,1,1,2,1965,1,1,8,-1,0,0,-1,2.022E+11,4,ABRIEL (RUE JOSEPH),0,NULL,2,2,0,2,0,0,1,NULL,-1,1,0,1,50,
2.022E+11,18,2,2022,13:45:00,1,75,75114,2,2,8,3,RUE D ALESIA,"488,278,270,000","23,303,420,000",2.022E+11,728 374,B01,2,1,0,2,0,1,5,NULL,2.022E+11,985 353,728 374,B01,1,1,4,1,2005,9,2,0,-1,0,0,-1,2.022E+11,4,RUE D ALESIA,0,NULL,2,3,1,1,-1,-1,1,NULL,-1,2,-1,5,30,
2.022E+11,18,2,2022,13:45:00,1,75,75114,2,2,8,3,RUE D ALESIA,"488,278,270,000","23,303,420,000",2.022E+11,728 374,B01,2,1,0,2,0,1,5,NULL,2.022E+11,985 357,728 377,A01,1,1,1,1,1970,9,1,0,-1,0,0,-1,2.022E+11,4,RUE D ALESIA,0,NULL,2,3,1,1,-1,-1,1,NULL,-1,2,-1,5,30,
2.022E+11,20,9,2022,17:30:00,1,75,75117,2,2,1,7,AVENUE DE VILLIERS,"488,842,540,000","23,026,560,000",2.022E+11,721 774,A01,2,1,0,0,8,1,5,NULL,2.022E+11,976 638,721 774,A01,1,1,3,2,1993,1,0,0,-1,0,0,-1,2.022E+11,4,AVENUE DE VILLIERS,0,NULL,2,0,1,1,-1,-1,1,NULL,-1,1,0,1,30,
2.022E+11,19,9,2022,18:50:00,1,69,69389,2,4,1,1,18 Rue du Chapeau Rouge,"457,726,300,000","48,078,400,000",2.022E+11,720 261,B01,2,1,0,2,1,1,0,NULL,2.022E+11,974 574,720 261,B01,1,1,4,2,2001,5,0,-1,-1,0,0,-1,2.022E+11,4,CHAPEAU ROUGE (DU)                  (R ),0,NULL,1,1,2,2,-1,-1,1,NULL,-1,1,0,1,30,
2.022E+11,19,9,2022,18:50:00,1,69,69389,2,4,1,1,18 Rue du Chapeau Rouge,"457,726,300,000","48,078,400,000",2.022E+11,720 261,B01,2,1,0,2,1,1,0,NULL,2.022E+11,974 583,720 265,A01,1,1,1,2,1975,1,1,-1,-1,0,0,-1,2.022E+11,4,CHAPEAU ROUGE (DU)                  (R ),0,NULL,1,1,2,2,-1,-1,1,NULL,-1,1,0,1,30,
2.022E+11,23,8,2022,12:30:00,1,69,69266,2,2,1,3,Rue Château Gaillard,"457,736,200,000","48,882,200,000",2.022E+11,810 593,E01,0,1,0,2,0,0,-1,NULL,2.022E+11,1 095 207,810 590,A01,1,1,4,1,2000,1,2,6,-1,0,0,-1,2.022E+11,4,CHATEAU GAILLARD     (Rue de),0,NULL,2,2,0,1,-1,-1,1,NULL,-1,1,0,1,50,
2.022E+11,23,8,2022,12:30:00,1,69,69266,2,2,1,3,Rue Château Gaillard,"457,736,200,000","48,882,200,000",2.022E+11,810 593,E01,0,1,0,2,0,0,-1,NULL,2.022E+11,1 095 209,810 593,E01,1,1,4,2,1972,0,8,-1,-1,0,0,-1,2.022E+11,4,CHATEAU GAILLARD     (Rue de),0,NULL,2,2,0,1,-1,-1,1,NULL,-1,1,0,1,50,
2.022E+11,2,6,2022,01:03:00,5,67,67482,2,3,1,3,LONDRES (RUE DE),"485,785,900,000","77,721,100,000",2.022E+11,807 774,B01,2,1,0,2,8,1,5,NULL,2.022E+11,1 091 454,807 774,B01,1,1,4,1,1992,1,8,8,-1,-1,-1,-1,2.022E+11,4,NULL,0,NULL,2,4,2,1,-1,-1,1,NULL,-1,1,0,5,50,
2.022E+11,2,6,2022,01:03:00,5,67,67482,2,3,1,3,LONDRES (RUE DE),"485,785,900,000","77,721,100,000",2.022E+11,807 774,B01,2,1,0,2,8,1,5,NULL,2.022E+11,1 091 458,807 776,Z01,1,1,1,-1,NULL,-1,-1,-1,-1,-1,-1,-1,2.022E+11,4,NULL,0,NULL,2,4,2,1,-1,-1,1,NULL,-1,1,0,5,50,
2.022E+11,2,7,2022,17:45:00,1,45,45234,2,1,1,3,51bis Route d'Olivet,"478,816,954,169","19,035,353,065",2.022E+11,805 900,B01,3,1,0,2,8,1,5,NULL,2.022E+11,1 088 946,805 900,B01,1,1,4,1,1994,0,8,0,-1,-1,-1,-1,2.022E+11,4,OLIVET (ROUTE D'OLIVET),0,NULL,2,2,1,1,-1,-1,1,NULL,-1,1,0,5,50,
2.022E+11,2,7,2022,17:45:00,1,45,45234,2,1,1,3,51bis Route d'Olivet,"478,816,954,169","19,035,353,065",2.022E+11,805 900,B01,3,1,0,2,8,1,5,NULL,2.022E+11,1 088 947,805 901,A01,1,1,1,-1,NULL,-1,-1,-1,-1,-1,-1,-1,2.022E+11,4,OLIVET (ROUTE D'OLIVET),0,NULL,2,2,1,1,-1,-1,1,NULL,-1,1,0,5,50,
2.022E+11,5,6,2022,15:05:00,1,75,75107,2,3,8,3,QUAI ANATOLE FRANCE,"488,611,190,000","23,241,790,000",2.022E+11,803 936,A01,3,1,0,2,2,1,5,NULL,2.022E+11,1 086 358,803 936,A01,1,1,4,1,1995,9,2,0,-1,0,0,-1,2.022E+11,4,QUAI ANATOLE FRANCE,0,NULL,2,5,1,1,-1,-1,1,NULL,-1,1,-1,5,30,
2.022E+11,5,6,2022,15:05:00,1,75,75107,2,3,8,3,QUAI ANATOLE FRANCE,"488,611,190,000","23,241,790,000",2.022E+11,803 936,A01,3,1,0,2,2,1,5,NULL,2.022E+11,1 086 361,803 940,Z01,1,1,1,-1,NULL,-1,-1,-1,-1,0,0,-1,2.022E+11,4,QUAI ANATOLE FRANCE,0,NULL,2,5,1,1,-1,-1,1,NULL,-1,1,-1,5,30,
2.022E+11,13,9,2022,18:30:00,1,75,75112,2,2,1,3,BOULEVARD DE REUILLY,"488,390,750,000","23,901,280,000",2.022E+11,799 788,A01,2,1,0,2,2,15,5,NULL,2.022E+11,1 080 861,799 788,A01,1,1,4,1,1999,1,0,0,-1,0,0,-1,2.022E+11,4,BOULEVARD DE REUILLY,0,NULL,-1,2,2,1,-1,-1,1,NULL,-1,1,0,5,30,
2.022E+11,13,9,2022,18:30:00,1,75,75112,2,2,1,3,BOULEVARD DE REUILLY,"488,390,750,000","23,901,280,000",2.022E+11,799 788,A01,2,1,0,2,2,15,5,NULL,2.022E+11,1 080 863,799 789,Z01,1,1,1,-1,NULL,-1,-1,-1,-1,-1,-1,-1,2.022E+11,4,BOULEVARD DE REUILLY,0,NULL,-1,2,2,1,-1,-1,1,NULL,-1,1,0,5,30,
2.022E+11,1,6,2022,16:30:00,1,69,69387,2,3,1,6,Avenue Berthelot,"457,428,300,000","48,497,800,000",2.022E+11,798 254,A01,2,1,0,1,1,1,5,NULL,2.022E+11,1 078 863,798 254,A01,10,3,4,1,2017,5,0,-1,-1,5,9,2,2.022E+11,4,BERTHELOT                           (AV),0,NULL,1,3,3,2,-1,-1,1,NULL,-1,1,0,4,50,
2.022E+11,1,6,2022,16:30:00,1,69,69387,2,3,1,6,Avenue Berthelot,"457,428,300,000","48,497,800,000",2.022E+11,798 254,A01,2,1,0,1,1,1,5,NULL,2.022E+11,1 078 864,798 254,A01,1,1,1,1,1967,5,2,-1,-1,-1,-1,-1,2.022E+11,4,BERTHELOT                           (AV),0,NULL,1,3,3,2,-1,-1,1,NULL,-1,1,0,4,50,
2.022E+11,9,2,2022,16:30:00,2,43,43162,1,1,1,1,Route de Craponne,"452,118,680,000","40,282,840,000",2.022E+11,796 058,B01,2,1,0,2,1,1,5,NULL,2.022E+11,1 075 934,796 058,B01,1,1,3,1,1953,5,2,-1,-1,0,0,-1,2.022E+11,3,9,0,NULL,2,2,0,2,1,488,3,NULL,-1,1,0,1,50,
2.022E+11,9,2,2022,16:30:00,2,43,43162,1,1,1,1,Route de Craponne,"452,118,680,000","40,282,840,000",2.022E+11,796 058,B01,2,1,0,2,1,1,5,NULL,2.022E+11,1 075 935,796 059,A01,1,1,1,2,1942,5,1,-1,-1,0,0,-1,2.022E+11,3,9,0,NULL,2,2,0,2,1,488,3,NULL,-1,1,0,1,50,
2.022E+11,30,5,2022,09:05:00,1,31,31044,2,1,1,2,Avenue de Calvel,"436,019,310,000","15,075,840,000",2.022E+11,793 634,B01,1,1,0,0,4,1,5,NULL,2.022E+11,1 072 756,793 632,A01,1,1,1,1,1977,2,1,-1,-1,0,0,-1,2.022E+11,7,70,-1,D,3,2,2,2,1,50,1,NULL,-1,1,0,5,50,
2.022E+11,30,5,2022,09:05:00,1,31,31044,2,1,1,2,Avenue de Calvel,"436,019,310,000","15,075,840,000",2.022E+11,793 634,B01,1,1,0,0,4,1,5,NULL,2.022E+11,1 072 761,793 634,B01,1,1,4,1,1958,2,2,6,-1,0,0,-1,2.022E+11,7,70,-1,D,3,2,2,2,1,50,1,NULL,-1,1,0,5,50,
2.022E+11,30,5,2022,09:05:00,1,31,31044,2,1,1,2,Avenue de Calvel,"436,019,310,000","15,075,840,000",2.022E+11,793 634,B01,1,1,0,0,4,1,5,NULL,2.022E+11,1 072 762,793 634,B01,2,2,4,2,2020,2,2,6,3,0,0,-1,2.022E+11,7,70,-1,D,3,2,2,2,1,50,1,NULL,-1,1,0,5,50,
2.022E+11,10,9,2022,10:15:00,1,75,75111,2,2,2,3,RUE JEAN PIERRE TIMBAUD,"488,648,650,000","23,665,380,000",2.022E+11,793 059,B01,2,1,0,2,0,18,5,NULL,2.022E+11,1 071 997,793 059,B01,1,1,4,2,1971,9,8,0,-1,0,0,-1,2.022E+11,4,RUE JEAN PIERRE TIMBAUD,0,NULL,1,2,0,1,-1,-1,1,NULL,-1,2,0,1,30,
2.022E+11,10,9,2022,10:15:00,1,75,75111,2,2,2,3,RUE JEAN PIERRE TIMBAUD,"488,648,650,000","23,665,380,000",2.022E+11,793 059,B01,2,1,0,2,0,18,5,NULL,2.022E+11,1 071 999,793 061,A01,1,1,1,1,1972,4,1,0,-1,0,0,-1,2.022E+11,4,RUE JEAN PIERRE TIMBAUD,0,NULL,1,2,0,1,-1,-1,1,NULL,-1,2,0,1,30,
2.022E+11,9,9,2022,13:47:00,1,69,69152,2,6,1,3,Chemin des Mûriers,"456,949,800,000","48,266,900,000",2.022E+11,790 370,B01,3,1,0,2,1,5,5,NULL,2.022E+11,1 068 359,790 367,A01,1,1,1,1,1999,3,1,-1,-1,0,0,-1,2.022E+11,7,EUROPE (DE L')                      (BD),0,NULL,1,1,0,1,4,0,3,NULL,-1,1,0,5,50,
2.022E+11,9,9,2022,13:47:00,1,69,69152,2,6,1,3,Chemin des Mûriers,"456,949,800,000","48,266,900,000",2.022E+11,790 370,B01,3,1,0,2,1,5,5,NULL,2.022E+11,1 068 361,790 367,A01,2,2,1,2,2001,3,1,-1,-1,0,0,-1,2.022E+11,7,EUROPE (DE L')                      (BD),0,NULL,1,1,0,1,4,0,3,NULL,-1,1,0,5,50,
2.022E+11,9,9,2022,13:47:00,1,69,69152,2,6,1,3,Chemin des Mûriers,"456,949,800,000","48,266,900,000",2.022E+11,790 370,B01,3,1,0,2,1,5,5,NULL,2.022E+11,1 068 363,790 370,B01,1,1,4,2,1968,5,2,-1,-1,0,0,-1,2.022E+11,7,EUROPE (DE L')                      (BD),0,NULL,1,1,0,1,4,0,3,NULL,-1,1,0,5,50,
2.022E+11,8,9,2022,08:10:00,1,13,13015,2,1,1,6,1387 RD8N,"434,264,480,000","53,881,390,000",2.022E+11,786 128,A01,1,1,0,1,1,17,5,NULL,2.022E+11,1 062 671,786 128,A01,10,3,4,2,1985,5,0,-1,-1,1,3,1,2.022E+11,3,8,-1,N,2,2,0,1,8,500,1,NULL,-1,1,9,1,50,
2.022E+11,8,9,2022,08:10:00,1,13,13015,2,1,1,6,1387 RD8N,"434,264,480,000","53,881,390,000",2.022E+11,786 128,A01,1,1,0,1,1,17,5,NULL,2.022E+11,1 062 672,786 128,A01,1,1,4,1,1997,1,2,6,-1,0,0,-1,2.022E+11,3,8,-1,N,2,2,0,1,8,500,1,NULL,-1,1,9,1,50,
2.022E+11,22,4,2022,14:15:00,1,974,97407,2,9,1,3,ANGLAIS (CHE DES) - RIVIERE DES GALETS ,"-209,530,000,000","553,160,000,000",2.022E+11,785 871,B01,2,1,0,2,8,1,5,NULL,2.022E+11,1 062 312,785 870,A01,1,1,1,2,1992,1,1,0,-1,0,0,-1,2.022E+11,2,ANGLAIS (CHE DES) - RIVIERE DES GALETS ,0,NULL,2,1,0,1,0,0,1,NULL,-1,1,0,1,50,
2.022E+11,22,4,2022,14:15:00,1,974,97407,2,9,1,3,ANGLAIS (CHE DES) - RIVIERE DES GALETS ,"-209,530,000,000","553,160,000,000",2.022E+11,785 871,B01,2,1,0,2,8,1,5,NULL,2.022E+11,1 062 313,785 871,B01,1,1,4,1,2006,5,8,0,-1,-1,-1,-1,2.022E+11,2,ANGLAIS (CHE DES) - RIVIERE DES GALETS ,0,NULL,2,1,0,1,0,0,1,NULL,-1,1,0,1,50,