Accident_Id,jour,mois,an,hrmn,lum,dep,com,agg,int,atm,col,adr,lat,long,Num_Acc,id_vehicule,num_veh,senc,catv,obs,obsm,choc,manv,motor,occutc,Num_Acc,id_usager,id_vehicule,num_veh,place,catu,grav,sexe,an_nais,trajet,secu1,secu2,secu3,locp,actp,etatp,Num_Acc,catr,voie,v1,v2,circ,nbv,vosp,prof,pr,pr1,plan,lartpc,larrout,surf,infra,situ,vma,
2.022E+11,22,10,2022,17:45:00,1,27,27114,1,1,1,2,D58,"489,581,760,000","14,448,510,000",2.022E+11,718 629,B01,0,1,0,0,6,1,5,NULL,2.022E+11,972 307,718 629,B01,1,1,3,2,1961,5,0,-1,-1,0,0,-1,2.022E+11,3,58,-1,D,2,2,0,2,3,200,1,NULL,-1,1,0,1,-1,
2.022E+11,10,8,2022,14:30:00,1,92,92007,2,1,1,3,VERDUN (RUE DE) N° IMPAIRS,"488,020,140,000","23,180,850,000",2.022E+11,717 757,B01,1,1,0,2,3,9,5,NULL,2.022E+11,971 076,717 757,B01,1,1,4,1,2007,0,8,0,-1,0,0,-1,2.022E+11,4,VERDUN (RUE DE) N° IMPAIRS,0,NULL,2,2,1,1,0,0,1,NULL,-1,1,0,1,50,
2.022E+11,10,8,2022,14:30:00,1,92,92007,2,1,1,3,VERDUN (RUE DE) N° IMPAIRS,"488,020,140,000","23,180,850,000",2.022E+11,717 757,B01,1,1,0,2,3,9,5,NULL,2.022E+11,971 081,717 761,A01,1,1,1,1,1979,0,8,0,-1,-1,-1,-1,2.022E+11,4,VERDUN (RUE DE) N° IMPAIRS,0,NULL,2,2,1,1,0,0,1,NULL,-1,1,0,1,50,
2.022E+11,5,5,2022,08:40:00,1,33,33318,2,3,1,3,Avenue du Maréchal de Lattre de Tassigny (rd),"447,808,100,000"," -0,6923200000",2.022E+11,716 711,B01,1,1,0,2,1,1,5,NULL,2.022E+11,969 662,716 704,A01,1,1,1,2,1986,0,1,-1,-1,-1,-1,-1,2.022E+11,4,AVE MAL DE LATTRE DE TASSIGNY,0,NULL,2,3,1,1,-1,-1,1,NULL,-1,1,0,1,50,
2.022E+11,5,5,2022,08:40:00,1,33,33318,2,3,1,3,Avenue du Maréchal de Lattre de Tassigny (rd),"447,808,100,000"," -0,6923200000",2.022E+11,716 711,B01,1,1,0,2,1,1,5,NULL,2.022E+11,969 670,716 711,B01,1,1,4,2,2000,2,0,-1,-1,-1,-1,-1,2.022E+11,4,AVE MAL DE LATTRE DE TASSIGNY,0,NULL,2,3,1,1,-1,-1,1,NULL,-1,1,0,1,50,
2.022E+11,22,3,2022,13:44:00,1,76,76351,2,1,1,6,SAINTE ADRESSE (DE),"495,006,200,000","0,0915000000",2.022E+11,810 692,B01,0,1,0,2,8,1,5,NULL,2.022E+11,1 095 336,810 692,B01,1,1,4,2,1972,1,2,-1,-1,-1,-1,-1,2.022E+11,4,SAINTE ADRESSE (DE),0,NULL,2,3,0,1,0,0,1,NULL,-1,1,0,1,50,
2.022E+11,22,3,2022,13:44:00,1,76,76351,2,1,1,6,SAINTE ADRESSE (DE),"495,006,200,000","0,0915000000",2.022E+11,810 692,B01,0,1,0,2,8,1,5,NULL,2.022E+11,1 095 337,810 693,A01,1,1,1,1,1947,0,1,-1,-1,-1,-1,-1,2.022E+11,4,SAINTE ADRESSE (DE),0,NULL,2,3,0,1,0,0,1,NULL,-1,1,0,1,50,
2.022E+11,24,11,2022,16:05:00,1,59,59507,2,2,1,6,JAURES JEAN AVENUE.,"506,015,900,000","30,793,800,000",2.022E+11,810 153,B01,3,1,0,2,3,1,5,NULL,2.022E+11,1 094 632,810 150,A01,1,1,1,1,1988,0,1,0,-1,0,0,-1,2.022E+11,4,JAURES JEAN AVENUE.,0,NULL,2,2,0,1,-1,-1,1,NULL,-1,1,0,1,50,
2.022E+11,24,11,2022,16:05:00,1,59,59507,2,2,1,6,JAURES JEAN AVENUE.,"506,015,900,000","30,793,800,000",2.022E+11,810 153,B01,3,1,0,2,3,1,5,NULL,2.022E+11,1 094 638,810 153,B01,1,1,4,1,1947,0,8,0,-1,0,0,-1,2.022E+11,4,JAURES JEAN AVENUE.,0,NULL,2,2,0,1,-1,-1,1,NULL,-1,1,0,1,50,
2.022E+11,17,5,2022,18:00:00,1,95,95555,2,1,1,3,RD 14,"489,666,610,000","22,763,630,000",2.022E+11,808 213,B01,1,1,0,2,1,25,5,NULL,2.022E+11,1 092 036,808 213,B01,1,1,3,1,2005,2,0,-1,-1,-1,0,-1,2.022E+11,3,PASTEUR (BOULEVARD),0,NULL,3,4,0,1,1,0,1,NULL,-1,1,0,4,50,
2.022E+11,17,5,2022,18:00:00,1,95,95555,2,1,1,3,RD 14,"489,666,610,000","22,763,630,000",2.022E+11,808 213,B01,1,1,0,2,1,25,5,NULL,2.022E+11,1 092 038,808 215,A01,1,1,1,1,2000,1,1,-1,-1,-1,0,-1,2.022E+11,3,PASTEUR (BOULEVARD),0,NULL,3,4,0,1,1,0,1,NULL,-1,1,0,4,50,
2.022E+11,22,3,2022,14:00:00,1,57,57537,2,1,1,1,PRINCIPALE (RUE),"492,177,900,000","68,592,500,000",2.022E+11,807 764,B01,2,1,0,2,6,15,5,NULL,2.022E+11,1 091 440,807 764,B01,1,1,4,1,2008,5,8,0,-1,-1,-1,-1,2.022E+11,4,PRINCIPALE (RUE),0,NULL,3,2,0,1,0,0,1,NULL,-1,1,0,1,50,
2.022E+11,22,3,2022,14:00:00,1,57,57537,2,1,1,1,PRINCIPALE (RUE),"492,177,900,000","68,592,500,000",2.022E+11,807 764,B01,2,1,0,2,6,15,5,NULL,2.022E+11,1 091 443,807 767,A01,1,1,1,1,1958,5,1,0,-1,-1,-1,-1,2.022E+11,4,PRINCIPALE (RUE),0,NULL,3,2,0,1,0,0,1,NULL,-1,1,0,1,50,
2.022E+11,1,5,2022,17:54:00,1,75,75107,2,2,1,3,AVENUE DE BRETEUIL,"488,516,480,000","23,125,370,000",2.022E+11,807 022,A01,1,1,0,2,6,1,5,NULL,2.022E+11,1 090 438,807 022,A01,1,1,4,2,1998,9,2,0,-1,0,0,-1,2.022E+11,4,AVENUE DE BRETEUIL,0,NULL,3,1,0,1,-1,-1,1,NULL,-1,1,0,1,30,
2.022E+11,1,5,2022,17:54:00,1,75,75107,2,2,1,3,AVENUE DE BRETEUIL,"488,516,480,000","23,125,370,000",2.022E+11,807 022,A01,1,1,0,2,6,1,5,NULL,2.022E+11,1 090 441,807 024,B01,1,1,1,1,1960,9,1,0,-1,0,0,-1,2.022E+11,4,AVENUE DE BRETEUIL,0,NULL,3,1,0,1,-1,-1,1,NULL,-1,1,0,1,30,
2.022E+11,22,11,2022,18:35:00,5,56,56121,2,2,1,3,15 Boulevard maréchal Joseph Joffre,"477,522,700,000","-33,629,800,000",2.022E+11,805 460,A01,1,1,0,2,1,1,5,NULL,2.022E+11,1 088 364,805 460,A01,1,1,4,1,1963,5,2,0,-1,-1,-1,-1,2.022E+11,4,JOFFRE ( BD MARECHAL ),0,NULL,3,2,0,1,-1,-1,1,NULL,-1,1,0,1,30,
2.022E+11,22,11,2022,18:35:00,5,56,56121,2,2,1,3,15 Boulevard maréchal Joseph Joffre,"477,522,700,000","-33,629,800,000",2.022E+11,805 460,A01,1,1,0,2,1,1,5,NULL,2.022E+11,1 088 367,805 461,B01,1,1,1,1,1980,5,1,8,-1,0,0,-1,2.022E+11,4,JOFFRE ( BD MARECHAL ),0,NULL,3,2,0,1,-1,-1,1,NULL,-1,1,0,1,30,
2.022E+11,2,7,2022,20:00:00,1,92,92049,2,1,1,3,VERDIER AVENUE AUTRES N°,"488,161,375,729","23,100,467,473",2.022E+11,802 558,B01,2,1,1,0,1,1,5,NULL,2.022E+11,1 084 492,802 558,B01,1,1,4,2,1985,5,2,0,-1,-1,-1,-1,2.022E+11,4,61,0,NULL,2,2,0,1,0,0,1,NULL,-1,1,0,1,50,
2.022E+11,2,7,2022,20:00:00,1,92,92049,2,1,1,3,VERDIER AVENUE AUTRES N°,"488,161,375,729","23,100,467,473",2.022E+11,802 558,B01,2,1,1,0,1,1,5,NULL,2.022E+11,1 084 493,802 559,A01,1,1,1,1,1962,5,8,0,-1,-1,-1,-1,2.022E+11,4,61,0,NULL,2,2,0,1,0,0,1,NULL,-1,1,0,1,50,
2.022E+11,30,6,2022,13:32:00,1,54,54329,2,1,1,6,Rue de la Résistance,"485,996,100,000","64,894,100,000",2.022E+11,799 280,A01,1,1,0,2,1,17,5,NULL,2.022E+11,1 080 191,799 280,A01,1,1,3,1,2002,0,8,0,-1,0,0,-1,2.022E+11,4,AVENUE DE LA RESISTANCE,0,NULL,2,2,0,1,-1,-1,1,NULL,-1,1,0,1,30,
2.022E+11,30,6,2022,13:32:00,1,54,54329,2,1,1,6,Rue de la Résistance,"485,996,100,000","64,894,100,000",2.022E+11,799 280,A01,1,1,0,2,1,17,5,NULL,2.022E+11,1 080 193,799 281,B01,1,1,1,2,1984,0,1,8,-1,0,0,-1,2.022E+11,4,AVENUE DE LA RESISTANCE,0,NULL,2,2,0,1,-1,-1,1,NULL,-1,1,0,1,30,
2.022E+11,8,2,2022,12:24:00,1,49,49007,2,1,1,2,LICES,"474,675,100,000"," -0,5556200000",2.022E+11,798 711,B01,2,1,0,2,0,1,5,NULL,2.022E+11,1 079 449,798 710,A01,1,1,4,1,2001,0,8,0,-1,-1,-1,-1,2.022E+11,4,LICES,0,NULL,2,2,1,1,1,0,1,NULL,-1,1,0,5,30,
2.022E+11,8,2,2022,12:24:00,1,49,49007,2,1,1,2,LICES,"474,675,100,000"," -0,5556200000",2.022E+11,798 711,B01,2,1,0,2,0,1,5,NULL,2.022E+11,1 079 450,798 711,B01,1,1,4,1,1975,0,8,0,-1,-1,-1,-1,2.022E+11,4,LICES,0,NULL,2,2,1,1,1,0,1,NULL,-1,1,0,5,30,
2.022E+11,31,5,2022,18:40:00,1,65,65331,2,3,1,3,LOURDES (AVENUE DE),"432,137,610,000","0,0516310000",2.022E+11,798 159,B01,2,1,0,2,1,1,5,NULL,2.022E+11,1 078 748,798 159,B01,1,1,4,1,1996,5,2,-1,-1,0,0,-1,2.022E+11,3,LOURDES (AVENUE DE),0,NULL,2,2,0,1,1,160,1,NULL,-1,1,0,1,50,
2.022E+11,31,5,2022,18:40:00,1,65,65331,2,3,1,3,LOURDES (AVENUE DE),"432,137,610,000","0,0516310000",2.022E+11,798 159,B01,2,1,0,2,1,1,5,NULL,2.022E+11,1 078 750,798 160,A01,1,1,1,1,1955,3,1,-1,-1,0,0,-1,2.022E+11,3,LOURDES (AVENUE DE),0,NULL,2,2,0,1,1,160,1,NULL,-1,1,0,1,50,
2.022E+11,29,4,2022,07:15:00,1,89,89239,1,6,1,3,route nationale 60,"481,878,060,000","33,185,150,000",2.022E+11,793 507,A01,2,1,0,2,2,12,5,NULL,2.022E+11,1 072 599,793 503,B01,1,1,1,2,1973,1,1,-1,-1,0,0,-1,2.022E+11,3,660,0,NULL,1,2,0,1,23,845,2,NULL,-1,1,0,1,70,
2.022E+11,29,4,2022,07:15:00,1,89,89239,1,6,1,3,route nationale 60,"481,878,060,000","33,185,150,000",2.022E+11,793 507,A01,2,1,0,2,2,12,5,NULL,2.022E+11,1 072 603,793 507,A01,1,1,4,1,2002,1,0,-1,-1,0,0,-1,2.022E+11,3,660,0,NULL,1,2,0,1,23,845,2,NULL,-1,1,0,1,70,
2.022E+11,28,6,2022,09:15:00,1,75,75107,2,3,1,1,QUAI BRANLY,"488,574,990,000","22,910,190,000",2.022E+11,788 793,A01,1,1,0,2,2,15,5,NULL,2.022E+11,1 066 246,788 793,A01,1,1,4,2,1998,1,2,0,-1,0,0,-1,2.022E+11,4,QUAI BRANLY,0,NULL,2,4,1,1,-1,-1,1,NULL,-1,1,-1,5,30,
2.022E+11,28,6,2022,09:15:00,1,75,75107,2,3,1,1,QUAI BRANLY,"488,574,990,000","22,910,190,000",2.022E+11,788 795,B01,1,1,0,2,1,1,5,NULL,2.022E+11,1 066 246,788 793,A01,1,1,4,2,1998,1,2,0,-1,0,0,-1,2.022E+11,4,QUAI BRANLY,0,NULL,2,4,1,1,-1,-1,1,NULL,-1,1,-1,5,30,
2.022E+11,28,6,2022,09:15:00,1,75,75107,2,3,1,1,QUAI BRANLY,"488,574,990,000","22,910,190,000",2.022E+11,788 793,A01,1,1,0,2,2,15,5,NULL,2.022E+11,1 066 248,788 795,B01,1,1,1,1,1964,1,2,0,-1,0,0,-1,2.022E+11,4,QUAI BRANLY,0,NULL,2,4,1,1,-1,-1,1,NULL,-1,1,-1,5,30,
2.022E+11,28,6,2022,09:15:00,1,75,75107,2,3,1,1,QUAI BRANLY,"488,574,990,000","22,910,190,000",2.022E+11,788 795,B01,1,1,0,2,1,1,5,NULL,2.022E+11,1 066 248,788 795,B01,1,1,1,1,1964,1,2,0,-1,0,0,-1,2.022E+11,4,QUAI BRANLY,0,NULL,2,4,1,1,-1,-1,1,NULL,-1,1,-1,5,30,
2.022E+11,18,12,2022,19:10:00,5,38,38421,2,2,1,3,AVENUE GABRIEL PÉRI,"451,841,900,000","57,684,700,000",2.022E+11,782 953,B01,3,1,0,2,7,0,5,NULL,2.022E+11,1 058 427,782 948,A01,1,1,1,2,1976,1,1,0,-1,-1,-1,-1,2.022E+11,7,AVENUE GABRIEL PÉRI,0,NULL,3,5,0,1,0,723,1,NULL,-1,1,0,1,50,
2.022E+11,18,12,2022,19:10:00,5,38,38421,2,2,1,3,AVENUE GABRIEL PÉRI,"451,841,900,000","57,684,700,000",2.022E+11,782 953,B01,3,1,0,2,7,0,5,NULL,2.022E+11,1 058 434,782 953,B01,1,1,3,1,1997,5,8,0,-1,-1,-1,-1,2.022E+11,7,AVENUE GABRIEL PÉRI,0,NULL,3,5,0,1,0,723,1,NULL,-1,1,0,1,50,
2.022E+11,8,10,2022,14:30:00,1,92,92063,2,3,1,7,SAINTE-CLAIRE DEVILLE (RUE HENRI),"488,918,894,500","21,744,373,441",2.022E+11,781 581,B01,3,1,0,0,0,21,5,NULL,2.022E+11,1 056 595,781 581,B01,1,1,4,1,1960,5,8,0,-1,-1,-1,-1,2.022E+11,4,NULL,0,NULL,-1,2,0,1,0,0,1,NULL,-1,1,5,5,50,
2.022E+11,8,10,2022,14:30:00,1,92,92063,2,3,1,7,SAINTE-CLAIRE DEVILLE (RUE HENRI),"488,918,894,500","21,744,373,441",2.022E+11,781 582,A01,3,1,0,0,0,21,5,NULL,2.022E+11,1 056 595,781 581,B01,1,1,4,1,1960,5,8,0,-1,-1,-1,-1,2.022E+11,4,NULL,0,NULL,-1,2,0,1,0,0,1,NULL,-1,1,5,5,50,
2.022E+11,8,10,2022,14:30:00,1,92,92063,2,3,1,7,SAINTE-CLAIRE DEVILLE (RUE HENRI),"488,918,894,500","21,744,373,441",2.022E+11,781 581,B01,3,1,0,0,0,21,5,NULL,2.022E+11,1 056 596,781 582,A01,1,1,1,2,1974,5,8,0,-1,-1,-1,-1,2.022E+11,4,NULL,0,NULL,-1,2,0,1,0,0,1,NULL,-1,1,5,5,50,
2.022E+11,8,10,2022,14:30:00,1,92,92063,2,3,1,7,SAINTE-CLAIRE DEVILLE (RUE HENRI),"488,918,894,500","21,744,373,441",2.022E+11,781 582,A01,3,1,0,0,0,21,5,NULL,2.022E+11,1 056 596,781 582,A01,1,1,1,2,1974,5,8,0,-1,-1,-1,-1,2.022E+11,4,NULL,0,NULL,-1,2,0,1,0,0,1,NULL,-1,1,5,5,50,
2.022E+11,1,2,2022,12:35:00,1,74,74133,2,3,8,3,LIBERATION (RUE DE LA),"461,881,700,000","62,093,400,000",2.022E+11,780 475,B01,2,1,0,2,7,1,5,NULL,2.022E+11,1 055 185,780 475,B01,1,1,4,1,1934,5,2,0,-1,-1,-1,-1,2.022E+11,4,LIBERATION (RUE DE LA),0,NULL,2,2,0,1,0,1,1,NULL,-1,1,8,1,50,
2.022E+11,1,2,2022,12:35:00,1,74,74133,2,3,8,3,LIBERATION (RUE DE LA),"461,881,700,000","62,093,400,000",2.022E+11,780 475,B01,2,1,0,2,7,1,5,NULL,2.022E+11,1 055 189,780 479,A01,1,1,1,2,1992,0,1,0,-1,-1,-1,-1,2.022E+11,4,LIBERATION (RUE DE LA),0,NULL,2,2,0,1,0,1,1,NULL,-1,1,8,1,50,
2.022E+11,28,5,2022,12:30:00,1,92,92048,2,6,1,3,GENERAL DE GAULLE (AVENUE DU),"487,865,408,729","22,240,110,040",2.022E+11,780 403,B01,1,1,0,2,0,0,5,NULL,2.022E+11,1 055 083,780 403,B01,1,1,4,1,1991,9,2,6,-1,-1,-1,-1,2.022E+11,3,57,0,NULL,2,0,0,1,0,0,3,NULL,-1,1,0,1,50,
2.022E+11,28,5,2022,12:30:00,1,92,92048,2,6,1,3,GENERAL DE GAULLE (AVENUE DU),"487,865,408,729","22,240,110,040",2.022E+11,780 403,B01,1,1,0,2,0,0,5,NULL,2.022E+11,1 055 086,780 405,A01,1,1,1,1,1957,5,1,8,-1,-1,-1,-1,2.022E+11,3,57,0,NULL,2,0,0,1,0,0,3,NULL,-1,1,0,1,50,
2.022E+11,5,9,2022,08:30:00,1,92,92040,2,1,1,3,GENERAL LECLERC (DU) DU 32 A 62,"488,256,337,901","22,770,146,727",2.022E+11,776 249,B01,1,1,0,2,9,13,5,NULL,2.022E+11,1 049 503,776 249,B01,1,1,4,2,1997,0,8,8,-1,-1,-1,-1,2.022E+11,3,989,0,NULL,1,2,0,1,0,0,1,NULL,-1,1,0,1,50,
2.022E+11,5,9,2022,08:30:00,1,92,92040,2,1,1,3,GENERAL LECLERC (DU) DU 32 A 62,"488,256,337,901","22,770,146,727",2.022E+11,776 249,B01,1,1,0,2,9,13,5,NULL,2.022E+11,1 049 505,776 250,A01,1,1,1,1,1968,4,1,8,-1,-1,-1,-1,2.022E+11,3,989,0,NULL,1,2,0,1,0,0,1,NULL,-1,1,0,1,50,
2.022E+11,10,11,2022,13:33:00,1,56,56125,1,1,1,2,Le Petit Penhy,"480,725,270,000","-30,224,530,000",2.022E+11,774 241,A01,1,1,0,2,4,1,5,NULL,2.022E+11,1 046 776,774 239,B01,1,1,1,1,1955,5,1,-1,-1,0,0,-1,2.022E+11,4,NULL,-1,NULL,2,2,0,1,-1,-1,1,NULL,5,1,0,1,70,
2.022E+11,10,11,2022,13:33:00,1,56,56125,1,1,1,2,Le Petit Penhy,"480,725,270,000","-30,224,530,000",2.022E+11,774 241,A01,1,1,0,2,4,1,5,NULL,2.022E+11,1 046 777,774 241,A01,1,1,4,1,2001,5,2,-1,-1,0,0,-1,2.022E+11,4,NULL,-1,NULL,2,2,0,1,-1,-1,1,NULL,5,1,0,1,70,
2.022E+11,22,6,2022,17:40:00,1,35,35238,2,1,3,3,BREIL (RUE DU),"480,958,634,062","-16,333,838,180",2.022E+11,771 847,B01,3,1,0,2,1,1,5,NULL,2.022E+11,1 043 474,771 847,B01,1,1,4,1,1998,1,0,-1,-1,0,0,-1,2.022E+11,4,NULL,0,NULL,2,2,2,2,-1,-1,1,NULL,-1,3,0,1,50,
2.022E+11,22,6,2022,17:40:00,1,35,35238,2,1,3,3,BREIL (RUE DU),"480,958,634,062","-16,333,838,180",2.022E+11,771 847,B01,3,1,0,2,1,1,5,NULL,2.022E+11,1 043 476,771 849,A01,1,1,1,1,1997,5,8,-1,-1,-1,-1,-1,2.022E+11,4,NULL,0,NULL,2,2,2,2,-1,-1,1,NULL,-1,3,0,1,50,
2.022E+11,15,4,2022,11:12:00,1,75,75110,2,7,1,3,PLACE FRANZ LISZT,"488,778,906,745","23,516,564,553",2.022E+11,768 374,B01,2,1,0,2,1,1,5,NULL,2.022E+11,1 038 889,768 373,A01,1,1,1,1,1998,4,1,0,-1,0,0,-1,2.022E+11,4,PLACE FRANZ LISZT,0,NULL,2,3,1,1,-1,-1,1,NULL,-1,1,-1,5,30,
2.022E+11,15,4,2022,11:12:00,1,75,75110,2,7,1,3,PLACE FRANZ LISZT,"488,778,906,745","23,516,564,553",2.022E+11,768 374,B01,2,1,0,2,1,1,5,NULL,2.022E+11,1 038 890,768 374,B01,1,1,4,1,1991,5,2,0,-1,0,0,-1,2.022E+11,4,PLACE FRANZ LISZT,0,NULL,2,3,1,1,-1,-1,1,NULL,-1,1,-1,5,30,
2.022E+11,6,3,2022,19:15:00,2,24,24520,2,1,1,6,Boulevard Henri Arlet,"448,900,570,000","12,185,330,000",2.022E+11,765 953,A01,3,1,0,1,1,1,5,NULL,2.022E+11,1 035 644,765 953,A01,10,3,3,2,1935,0,8,-1,-1,9,B,1,2.022E+11,4,NULL,-1,NULL,1,1,0,2,-1,-1,3,NULL,5,1,0,3,50,
2.022E+11,6,3,2022,19:15:00,2,24,24520,2,1,1,6,Boulevard Henri Arlet,"448,900,570,000","12,185,330,000",2.022E+11,765 953,A01,3,1,0,1,1,1,5,NULL,2.022E+11,1 035 645,765 953,A01,1,1,1,-1,NULL,-1,-1,-1,-1,-1,-1,-1,2.022E+11,4,NULL,-1,NULL,1,1,0,2,-1,-1,3,NULL,5,1,0,3,50,
2.022E+11,31,8,2022,21:07:00,5,78,78440,2,2,1,3,EUROPE (AVENUE DE L'),"489,758,990,000","19,155,770,000",2.022E+11,765 675,A01,3,1,0,2,3,19,5,NULL,2.022E+11,1 035 265,765 674,B01,1,1,1,2,1999,5,1,0,-1,-1,-1,-1,2.022E+11,3,EUROPE (AVENUE DE L'),0,NULL,3,4,0,1,3,662,1,NULL,-1,1,0,1,50,
2.022E+11,31,8,2022,21:07:00,5,78,78440,2,2,1,3,EUROPE (AVENUE DE L'),"489,758,990,000","19,155,770,000",2.022E+11,765 675,A01,3,1,0,2,3,19,5,NULL,2.022E+11,1 035 266,765 675,A01,1,1,4,1,2007,0,8,0,-1,-1,-1,-1,2.022E+11,3,EUROPE (AVENUE DE L'),0,NULL,3,4,0,1,3,662,1,NULL,-1,1,0,1,50,
2.022E+11,20,6,2022,17:00:00,1,16,16355,1,1,1,1,les beguilleres,"457,478,380,000"," -0,4378970000",2.022E+11,765 193,B01,1,1,0,2,1,1,5,NULL,2.022E+11,1 034 656,765 193,B01,1,1,4,1,2005,5,2,-1,-1,0,0,-1,2.022E+11,3,55,0,D,2,2,0,1,30,700,1,NULL,"4,3",1,0,1,80,
2.022E+11,20,6,2022,17:00:00,1,16,16355,1,1,1,1,les beguilleres,"457,478,380,000"," -0,4378970000",2.022E+11,765 193,B01,1,1,0,2,1,1,5,NULL,2.022E+11,1 034 659,765 196,A01,1,1,1,1,2000,5,1,-1,-1,0,0,-1,2.022E+11,3,55,0,D,2,2,0,1,30,700,1,NULL,"4,3",1,0,1,80,
2.022E+11,30,8,2022,11:00:00,1,75,75106,2,3,1,3,RUE D ASSAS,"488,443,870,000","23,328,850,000",2.022E+11,762 224,B01,1,1,0,2,8,15,5,NULL,2.022E+11,1 030 784,762 223,A01,1,1,4,1,1984,9,2,6,-1,0,0,-1,2.022E+11,4,RUE D ASSAS,0,NULL,2,2,0,1,-1,-1,1,NULL,-1,1,0,1,30,
2.022E+11,30,8,2022,11:00:00,1,75,75106,2,3,1,3,RUE D ASSAS,"488,443,870,000","23,328,850,000",2.022E+11,762 224,B01,1,1,0,2,8,15,5,NULL,2.022E+11,1 030 785,762 224,B01,1,1,1,1,2001,9,8,0,-1,0,0,-1,2.022E+11,4,RUE D ASSAS,0,NULL,2,2,0,1,-1,-1,1,NULL,-1,1,0,1,30,
2.022E+11,4,11,2022,10:22:00,1,49,49007,2,1,1,7,CALE SAVATTE,"474,713,900,000"," -0,5637600000",2.022E+11,753 817,A01,0,1,0,0,0,1,5,NULL,2.022E+11,1 019 501,753 817,A01,1,1,4,2,1978,0,8,0,-1,0,0,-1,2.022E+11,4,CALE SAVATTE,0,NULL,2,1,0,1,-1,-1,1,NULL,-1,6,0,1,20,
2.022E+11,14,7,2022,18:45:00,1,92,92026,2,1,1,3,Europe ( rond point de l' ),"489,054,119,323","22,562,726,140",2.022E+11,745 234,B01,3,1,0,2,8,1,5,NULL,2.022E+11,1 008 017,745 231,A01,1,1,1,1,1994,4,2,6,-1,-1,-1,-1,2.022E+11,3,11,0,NULL,1,2,1,1,0,0,2,NULL,-1,1,0,1,50,
2.022E+11,14,7,2022,18:45:00,1,92,92026,2,1,1,3,Europe ( rond point de l' ),"489,054,119,323","22,562,726,140",2.022E+11,745 234,B01,3,1,0,2,8,1,5,NULL,2.022E+11,1 008 020,745 234,B01,1,1,4,1,1988,0,2,0,-1,-1,-1,-1,2.022E+11,3,11,0,NULL,1,2,1,1,0,0,2,NULL,-1,1,0,1,50,
2.022E+11,6,4,2022,11:30:00,1,64,64189,2,3,1,3,Avenue de Sopitenia,"433,810,839,412","-16,891,050,339",2.022E+11,744 072,A01,1,1,0,2,1,19,5,NULL,2.022E+11,1 006 461,744 071,B01,1,1,1,1,1952,0,1,0,-1,-1,-1,-1,2.022E+11,3,BRETELLE DE SOCOA RD 913 (BRETELLE),0,NULL,-1,1,1,1,1,248,1,NULL,-1,1,0,1,20,
2.022E+11,6,4,2022,11:30:00,1,64,64189,2,3,1,3,Avenue de Sopitenia,"433,810,839,412","-16,891,050,339",2.022E+11,744 072,A01,1,1,0,2,1,19,5,NULL,2.022E+11,1 006 462,744 072,A01,1,1,4,2,1940,0,8,0,-1,-1,-1,-1,2.022E+11,3,BRETELLE DE SOCOA RD 913 (BRETELLE),0,NULL,-1,1,1,1,1,248,1,NULL,-1,1,0,1,20,
2.022E+11,11,6,2022,20:11:00,1,75,75101,2,5,1,3,RUE ETIENNE MARCEL,"488,638,610,000","23,490,420,000",2.022E+11,741 010,B01,2,1,0,2,2,1,5,NULL,2.022E+11,1 002 303,741 008,A01,1,1,1,1,1975,1,1,0,-1,0,0,-1,2.022E+11,4,RUE ETIENNE MARCEL,0,NULL,2,3,3,1,-1,-1,1,NULL,-1,1,-1,6,30,
2.022E+11,11,6,2022,20:11:00,1,75,75101,2,5,1,3,RUE ETIENNE MARCEL,"488,638,610,000","23,490,420,000",2.022E+11,741 010,B01,2,1,0,2,2,1,5,NULL,2.022E+11,1 002 305,741 010,B01,1,1,4,1,1986,1,2,0,-1,0,0,-1,2.022E+11,4,RUE ETIENNE MARCEL,0,NULL,2,3,3,1,-1,-1,1,NULL,-1,1,-1,6,30,
2.022E+11,13,5,2022,19:20:00,1,75,75113,2,3,1,6,AVENUE DE CHOISY,"488,226,090,000","23,626,980,000",2.022E+11,739 753,A01,3,1,0,1,0,5,5,NULL,2.022E+11,1 000 550,739 753,A01,1,1,1,1,2004,5,2,0,-1,0,0,-1,2.022E+11,4,AVENUE DE CHOISY,0,NULL,2,2,0,1,-1,-1,1,NULL,-1,1,0,1,30,
2.022E+11,13,5,2022,19:20:00,1,75,75113,2,3,1,6,AVENUE DE CHOISY,"488,226,090,000","23,626,980,000",2.022E+11,739 753,A01,3,1,0,1,0,5,5,NULL,2.022E+11,1 000 551,739 753,A01,10,3,4,2,1959,5,0,-1,-1,3,3,1,2.022E+11,4,AVENUE DE CHOISY,0,NULL,2,2,0,1,-1,-1,1,NULL,-1,1,0,1,30,
2.022E+11,7,7,2022,18:43:00,1,81,81004,2,7,1,2,SAVARY (HIPPOLYTE),"439,254,200,000","21,473,700,000",2.022E+11,737 797,B01,1,1,0,0,4,0,5,NULL,2.022E+11,997 863,737 795,A01,1,1,1,1,1976,5,1,-1,-1,-1,-1,-1,2.022E+11,4,NULL,0,NULL,2,2,0,1,-1,-1,1,NULL,-1,1,5,8,50,
2.022E+11,7,7,2022,18:43:00,1,81,81004,2,7,1,2,SAVARY (HIPPOLYTE),"439,254,200,000","21,473,700,000",2.022E+11,737 797,B01,1,1,0,0,4,0,5,NULL,2.022E+11,997 866,737 797,B01,1,1,4,1,1960,5,8,0,-1,0,0,-1,2.022E+11,4,NULL,0,NULL,2,2,0,1,-1,-1,1,NULL,-1,1,5,8,50,