Accident_Id,jour,mois,an,hrmn,lum,dep,com,agg,int,atm,col,adr,lat,long,Num_Acc,id_vehicule,num_veh,senc,catv,obs,obsm,choc,manv,motor,occutc,Num_Acc,id_usager,id_vehicule,num_veh,place,catu,grav,sexe,an_nais,trajet,secu1,secu2,secu3,locp,actp,etatp,Num_Acc,catr,voie,v1,v2,circ,nbv,vosp,prof,pr,pr1,plan,lartpc,larrout,surf,infra,situ,vma,
2.022E+11,19,2,2022,09:45:00,1,75,75116,2,1,1,2,ROUTE DES TRIBUNES,"488,627,210,000","22,309,420,000",2.022E+11,731 008,A01,3,1,0,2,1,23,5,NULL,2.022E+11,988 814,731 008,A01,1,1,1,1,1962,5,2,8,-1,0,0,-1,2.022E+11,4,ROUTE DES TRIBUNES,0,NULL,2,3,1,1,-1,-1,3,NULL,-1,1,0,5,30,
2.022E+11,19,2,2022,09:45:00,1,75,75116,2,1,1,2,ROUTE DES TRIBUNES,"488,627,210,000","22,309,420,000",2.022E+11,731 012,B01,3,1,0,2,1,2,5,NULL,2.022E+11,988 814,731 008,A01,1,1,1,1,1962,5,2,8,-1,0,0,-1,2.022E+11,4,ROUTE DES TRIBUNES,0,NULL,2,3,1,1,-1,-1,3,NULL,-1,1,0,5,30,
2.022E+11,19,2,2022,09:45:00,1,75,75116,2,1,1,2,ROUTE DES TRIBUNES,"488,627,210,000","22,309,420,000",2.022E+11,731 008,A01,3,1,0,2,1,23,5,NULL,2.022E+11,988 820,731 012,B01,1,1,4,1,1992,5,2,8,-1,0,0,-1,2.022E+11,4,ROUTE DES TRIBUNES,0,NULL,2,3,1,1,-1,-1,3,NULL,-1,1,0,5,30,
2.022E+11,19,2,2022,09:45:00,1,75,75116,2,1,1,2,ROUTE DES TRIBUNES,"488,627,210,000","22,309,420,000",2.022E+11,731 012,B01,3,1,0,2,1,2,5,NULL,2.022E+11,988 820,731 012,B01,1,1,4,1,1992,5,2,8,-1,0,0,-1,2.022E+11,4,ROUTE DES TRIBUNES,0,NULL,2,3,1,1,-1,-1,3,NULL,-1,1,0,5,30,
2.022E+11,11,6,2022,19:00:00,1,59,59015,2,1,1,1,Chemin des Biselles,"502,737,946,645","31,032,299,995",2.022E+11,730 398,B01,0,1,0,2,1,0,5,NULL,2.022E+11,988 008,730 398,B01,1,1,4,1,2010,5,0,-1,-1,0,0,-1,2.022E+11,5,NULL,-1,NULL,4,1,0,1,-1,-1,1,NULL,3,1,0,1,30,
2.022E+11,11,6,2022,19:00:00,1,59,59015,2,1,1,1,Chemin des Biselles,"502,737,946,645","31,032,299,995",2.022E+11,730 398,B01,0,1,0,2,1,0,5,NULL,2.022E+11,988 011,730 401,A01,1,1,1,1,1957,5,1,-1,-1,0,0,-1,2.022E+11,5,NULL,-1,NULL,4,1,0,1,-1,-1,1,NULL,3,1,0,1,30,
2.022E+11,8,5,2022,20:35:00,1,69,69074,1,1,1,7,Route de Saint-Julien,"460,135,730,000","46,541,260,000",2.022E+11,721 487,A01,1,1,0,0,0,1,5,NULL,2.022E+11,976 247,721 487,A01,1,1,3,1,1988,5,0,-1,-1,0,0,-1,2.022E+11,3,76,-1,NULL,2,2,0,2,20,500,4,NULL,-1,1,0,3,80,
2.022E+11,25,4,2022,10:15:00,1,59,59350,2,1,1,3,REDUIT RUE DU,"506,300,300,000","30,714,500,000",2.022E+11,716 870,B01,3,1,0,2,1,1,5,NULL,2.022E+11,969 862,716 860,A01,1,1,1,1,1978,9,8,0,-1,-1,-1,-1,2.022E+11,4,REDUIT RUE DU,0,NULL,1,1,0,1,-1,-1,1,NULL,-1,1,0,1,50,
2.022E+11,25,4,2022,10:15:00,1,59,59350,2,1,1,3,REDUIT RUE DU,"506,300,300,000","30,714,500,000",2.022E+11,716 870,B01,3,1,0,2,1,1,5,NULL,2.022E+11,969 874,716 870,B01,1,1,4,1,1977,0,0,-1,-1,0,0,-1,2.022E+11,4,REDUIT RUE DU,0,NULL,1,1,0,1,-1,-1,1,NULL,-1,1,0,1,50,
2.022E+11,16,9,2022,12:15:00,1,29,29160,2,2,1,3,Allée des Primevères,"485,074,110,000","-44,251,780,000",2.022E+11,809 434,B01,0,1,0,2,1,1,5,NULL,2.022E+11,1 093 671,809 433,A01,1,1,1,1,1985,2,1,-1,-1,0,0,-1,2.022E+11,4,NULL,-1,NULL,2,2,0,1,-1,-1,1,NULL,6,1,5,1,50,
2.022E+11,16,9,2022,12:15:00,1,29,29160,2,2,1,3,Allée des Primevères,"485,074,110,000","-44,251,780,000",2.022E+11,809 434,B01,0,1,0,2,1,1,5,NULL,2.022E+11,1 093 672,809 434,B01,1,1,3,1,1967,1,0,-1,-1,0,0,-1,2.022E+11,4,NULL,-1,NULL,2,2,0,1,-1,-1,1,NULL,6,1,5,1,50,
2.022E+11,6,8,2022,22:50:00,5,67,67237,2,1,1,3,106 Rue du Lieutenant de Bettignies,"486,748,770,000","78,476,720,000",2.022E+11,808 513,A01,3,1,0,2,8,1,5,NULL,2.022E+11,1 092 436,808 512,B01,1,1,1,1,2003,5,8,-1,-1,0,0,-1,2.022E+11,3,468,0,D,2,2,0,1,101,500,3,NULL,-1,1,0,1,50,
2.022E+11,6,8,2022,22:50:00,5,67,67237,2,1,1,3,106 Rue du Lieutenant de Bettignies,"486,748,770,000","78,476,720,000",2.022E+11,808 513,A01,3,1,0,2,8,1,5,NULL,2.022E+11,1 092 437,808 512,B01,2,2,1,1,2003,5,8,-1,-1,0,0,-1,2.022E+11,3,468,0,D,2,2,0,1,101,500,3,NULL,-1,1,0,1,50,
2.022E+11,6,8,2022,22:50:00,5,67,67237,2,1,1,3,106 Rue du Lieutenant de Bettignies,"486,748,770,000","78,476,720,000",2.022E+11,808 513,A01,3,1,0,2,8,1,5,NULL,2.022E+11,1 092 438,808 513,A01,1,1,4,1,2006,5,0,-1,-1,0,0,-1,2.022E+11,3,468,0,D,2,2,0,1,101,500,3,NULL,-1,1,0,1,50,
2.022E+11,18,3,2022,17:49:00,1,92,92064,2,6,1,3,DE LATTRE DE TASSIGNY,"488,547,801,623","22,198,024,839",2.022E+11,796 768,B01,3,1,0,2,7,0,5,NULL,2.022E+11,1 076 893,796 765,A01,1,1,1,1,1969,1,1,0,-1,0,0,-1,2.022E+11,4,NULL,0,NULL,2,2,0,2,0,0,2,NULL,-1,1,0,1,30,
2.022E+11,18,3,2022,17:49:00,1,92,92064,2,6,1,3,DE LATTRE DE TASSIGNY,"488,547,801,623","22,198,024,839",2.022E+11,796 768,B01,3,1,0,2,7,0,5,NULL,2.022E+11,1 076 896,796 768,B01,1,1,4,1,1987,1,8,0,-1,0,0,-1,2.022E+11,4,NULL,0,NULL,2,2,0,2,0,0,2,NULL,-1,1,0,1,30,
2.022E+11,30,7,2022,11:30:00,1,75,75105,2,4,1,3,RUE BUFFON,"488,431,770,000","23,641,510,000",2.022E+11,791 384,B01,1,1,0,2,8,17,5,NULL,2.022E+11,1 069 736,791 384,B01,1,1,1,1,1960,9,0,0,-1,0,0,-1,2.022E+11,4,RUE BUFFON,0,NULL,1,1,1,1,-1,-1,1,NULL,-1,1,0,5,30,
2.022E+11,30,7,2022,11:30:00,1,75,75105,2,4,1,3,RUE BUFFON,"488,431,770,000","23,641,510,000",2.022E+11,791 386,A01,1,1,0,2,7,13,5,NULL,2.022E+11,1 069 736,791 384,B01,1,1,1,1,1960,9,0,0,-1,0,0,-1,2.022E+11,4,RUE BUFFON,0,NULL,1,1,1,1,-1,-1,1,NULL,-1,1,0,5,30,
2.022E+11,30,7,2022,11:30:00,1,75,75105,2,4,1,3,RUE BUFFON,"488,431,770,000","23,641,510,000",2.022E+11,791 384,B01,1,1,0,2,8,17,5,NULL,2.022E+11,1 069 739,791 386,A01,1,1,4,1,1945,5,0,0,-1,0,0,-1,2.022E+11,4,RUE BUFFON,0,NULL,1,1,1,1,-1,-1,1,NULL,-1,1,0,5,30,
2.022E+11,30,7,2022,11:30:00,1,75,75105,2,4,1,3,RUE BUFFON,"488,431,770,000","23,641,510,000",2.022E+11,791 386,A01,1,1,0,2,7,13,5,NULL,2.022E+11,1 069 739,791 386,A01,1,1,4,1,1945,5,0,0,-1,0,0,-1,2.022E+11,4,RUE BUFFON,0,NULL,1,1,1,1,-1,-1,1,NULL,-1,1,0,5,30,
2.022E+11,22,12,2022,16:08:00,1,69,69382,2,1,2,6,10 Rue de la Barre,"457,576,038,947","48,355,168,104",2.022E+11,790 323,A01,1,1,0,1,1,1,6,NULL,2.022E+11,1 068 299,790 323,A01,1,1,1,1,1994,3,2,-1,-1,0,0,-1,2.022E+11,4,BARRE (DE LA)                       (R ),0,NULL,1,1,2,1,-1,-1,1,NULL,-1,2,0,5,30,
2.022E+11,22,12,2022,16:08:00,1,69,69382,2,1,2,6,10 Rue de la Barre,"457,576,038,947","48,355,168,104",2.022E+11,790 323,A01,1,1,0,1,1,1,6,NULL,2.022E+11,1 068 300,790 323,A01,10,3,4,2,1998,5,0,-1,-1,3,3,1,2.022E+11,4,BARRE (DE LA)                       (R ),0,NULL,1,1,2,1,-1,-1,1,NULL,-1,2,0,5,30,
2.022E+11,11,10,2022,10:15:00,1,75,75116,2,1,1,1,VOIE GEORGES POMPIDOU,"488,394,800,000","22,672,900,000",2.022E+11,785 547,A01,3,1,0,2,1,14,5,NULL,2.022E+11,1 061 850,785 547,A01,1,1,4,1,1963,9,2,0,-1,0,0,-1,2.022E+11,4,VOIE GEORGES POMPIDOU,0,NULL,1,1,1,1,-1,-1,1,NULL,-1,1,0,1,50,
2.022E+11,11,10,2022,10:15:00,1,75,75116,2,1,1,1,VOIE GEORGES POMPIDOU,"488,394,800,000","22,672,900,000",2.022E+11,785 547,A01,3,1,0,2,1,14,5,NULL,2.022E+11,1 061 853,785 549,B01,1,1,1,1,1981,4,1,0,-1,0,0,-1,2.022E+11,4,VOIE GEORGES POMPIDOU,0,NULL,1,1,1,1,-1,-1,1,NULL,-1,1,0,1,50,
2.022E+11,29,8,2022,19:00:00,1,42,42103,2,1,1,1,Route de Combérigol,"455,068,900,000","45,570,000,000",2.022E+11,783 332,B01,2,1,0,2,1,13,5,NULL,2.022E+11,1 058 939,783 332,B01,1,1,4,1,2005,1,2,0,-1,-1,-1,-1,2.022E+11,4,COMBERIGOL HMEAU DE,0,NULL,2,2,0,2,-1,-1,1,NULL,-1,1,0,1,50,
2.022E+11,29,8,2022,19:00:00,1,42,42103,2,1,1,1,Route de Combérigol,"455,068,900,000","45,570,000,000",2.022E+11,783 332,B01,2,1,0,2,1,13,5,NULL,2.022E+11,1 058 943,783 334,A01,1,1,1,1,2008,5,2,-1,-1,-1,-1,-1,2.022E+11,4,COMBERIGOL HMEAU DE,0,NULL,2,2,0,2,-1,-1,1,NULL,-1,1,0,1,50,
2.022E+11,25,6,2022,13:40:00,1,974,97416,1,3,1,5,RN1 (ROUTE NATIONALE),"-213,159,020,000","554,415,360,000",2.022E+11,782 178,B01,2,1,0,2,1,1,5,NULL,2.022E+11,1 057 399,782 178,B01,1,1,4,1,1970,5,2,0,-1,0,0,-1,2.022E+11,2,RN1 (ROUTE NATIONALE),0,NULL,2,2,0,1,0,0,1,NULL,-1,1,0,1,50,
2.022E+11,25,6,2022,13:40:00,1,974,97416,1,3,1,5,RN1 (ROUTE NATIONALE),"-213,159,020,000","554,415,360,000",2.022E+11,782 181,C01,2,1,0,2,1,1,5,NULL,2.022E+11,1 057 399,782 178,B01,1,1,4,1,1970,5,2,0,-1,0,0,-1,2.022E+11,2,RN1 (ROUTE NATIONALE),0,NULL,2,2,0,1,0,0,1,NULL,-1,1,0,1,50,
2.022E+11,25,6,2022,13:40:00,1,974,97416,1,3,1,5,RN1 (ROUTE NATIONALE),"-213,159,020,000","554,415,360,000",2.022E+11,782 178,B01,2,1,0,2,1,1,5,NULL,2.022E+11,1 057 401,782 180,A01,1,1,1,-1,NULL,-1,-1,-1,-1,0,0,-1,2.022E+11,2,RN1 (ROUTE NATIONALE),0,NULL,2,2,0,1,0,0,1,NULL,-1,1,0,1,50,
2.022E+11,25,6,2022,13:40:00,1,974,97416,1,3,1,5,RN1 (ROUTE NATIONALE),"-213,159,020,000","554,415,360,000",2.022E+11,782 181,C01,2,1,0,2,1,1,5,NULL,2.022E+11,1 057 401,782 180,A01,1,1,1,-1,NULL,-1,-1,-1,-1,0,0,-1,2.022E+11,2,RN1 (ROUTE NATIONALE),0,NULL,2,2,0,1,0,0,1,NULL,-1,1,0,1,50,
2.022E+11,25,6,2022,13:40:00,1,974,97416,1,3,1,5,RN1 (ROUTE NATIONALE),"-213,159,020,000","554,415,360,000",2.022E+11,782 178,B01,2,1,0,2,1,1,5,NULL,2.022E+11,1 057 402,782 181,C01,1,1,4,1,1960,5,2,0,-1,0,0,-1,2.022E+11,2,RN1 (ROUTE NATIONALE),0,NULL,2,2,0,1,0,0,1,NULL,-1,1,0,1,50,
2.022E+11,25,6,2022,13:40:00,1,974,97416,1,3,1,5,RN1 (ROUTE NATIONALE),"-213,159,020,000","554,415,360,000",2.022E+11,782 181,C01,2,1,0,2,1,1,5,NULL,2.022E+11,1 057 402,782 181,C01,1,1,4,1,1960,5,2,0,-1,0,0,-1,2.022E+11,2,RN1 (ROUTE NATIONALE),0,NULL,2,2,0,1,0,0,1,NULL,-1,1,0,1,50,
2.022E+11,25,6,2022,14:15:00,1,75,75109,2,5,2,3,BOULEVARD DE ROCHECHOUART,"488,831,360,000","23,468,970,000",2.022E+11,781 953,B01,2,1,0,2,1,7,5,NULL,2.022E+11,1 057 094,781 951,A01,1,1,1,1,1984,4,1,0,-1,0,0,-1,2.022E+11,4,BOULEVARD DE ROCHECHOUART,0,NULL,3,2,3,1,-1,-1,1,NULL,-1,2,0,6,30,
2.022E+11,25,6,2022,14:15:00,1,75,75109,2,5,2,3,BOULEVARD DE ROCHECHOUART,"488,831,360,000","23,468,970,000",2.022E+11,781 953,B01,2,1,0,2,1,7,5,NULL,2.022E+11,1 057 097,781 953,B01,1,1,4,1,1979,9,8,0,-1,0,0,-1,2.022E+11,4,BOULEVARD DE ROCHECHOUART,0,NULL,3,2,3,1,-1,-1,1,NULL,-1,2,0,6,30,
2.022E+11,7,9,2022,17:20:00,1,1,1422,1,1,8,3,NULL,"461,385,768,622","53,055,693,170",2.022E+11,779 489,B01,2,1,0,2,8,19,5,NULL,2.022E+11,1 053 827,779 486,A01,1,1,1,2,1994,1,1,-1,-1,0,0,-1,2.022E+11,3,D64,-1,NULL,2,2,1,1,0,876,1,NULL,-1,1,0,1,80,
2.022E+11,7,9,2022,17:20:00,1,1,1422,1,1,8,3,NULL,"461,385,768,622","53,055,693,170",2.022E+11,779 489,B01,2,1,0,2,8,19,5,NULL,2.022E+11,1 053 829,779 486,A01,9,2,1,2,2019,5,8,-1,-1,0,0,-1,2.022E+11,3,D64,-1,NULL,2,2,1,1,0,876,1,NULL,-1,1,0,1,80,
2.022E+11,7,9,2022,17:20:00,1,1,1422,1,1,8,3,NULL,"461,385,768,622","53,055,693,170",2.022E+11,779 489,B01,2,1,0,2,8,19,5,NULL,2.022E+11,1 053 831,779 486,A01,7,2,1,1,2022,5,8,-1,-1,0,0,-1,2.022E+11,3,D64,-1,NULL,2,2,1,1,0,876,1,NULL,-1,1,0,1,80,
2.022E+11,7,9,2022,17:20:00,1,1,1422,1,1,8,3,NULL,"461,385,768,622","53,055,693,170",2.022E+11,779 489,B01,2,1,0,2,8,19,5,NULL,2.022E+11,1 053 833,779 489,B01,1,1,2,1,2007,1,2,4,-1,0,0,-1,2.022E+11,3,D64,-1,NULL,2,2,1,1,0,876,1,NULL,-1,1,0,1,80,
2.022E+11,26,7,2022,09:10:00,1,75,75114,2,3,1,6,RUE DAGUERRE,"488,356,830,000","23,249,680,000",2.022E+11,777 273,A01,1,1,0,1,1,5,5,NULL,2.022E+11,1 050 890,777 273,A01,10,3,4,1,1966,4,0,-1,-1,0,0,-1,2.022E+11,4,RUE DAGUERRE,0,NULL,1,2,2,1,-1,-1,1,NULL,-1,1,0,5,30,
2.022E+11,26,7,2022,09:10:00,1,75,75114,2,3,1,6,RUE DAGUERRE,"488,356,830,000","23,249,680,000",2.022E+11,777 273,A01,1,1,0,1,1,5,5,NULL,2.022E+11,1 050 892,777 273,A01,1,1,1,1,1999,2,8,0,-1,0,0,-1,2.022E+11,4,RUE DAGUERRE,0,NULL,1,2,2,1,-1,-1,1,NULL,-1,1,0,5,30,
2.022E+11,8,3,2022,12:45:00,1,59,59268,2,4,1,3,89 rue du Général-de-Gaulle,"506,409,455,043","27,222,380,117",2.022E+11,769 498,B01,0,1,0,2,1,1,5,NULL,2.022E+11,1 040 339,769 497,A01,1,1,1,1,1978,1,1,-1,-1,0,0,-1,2.022E+11,4,NULL,-1,NULL,2,1,0,2,-1,-1,1,NULL,3,1,0,8,50,
2.022E+11,8,3,2022,12:45:00,1,59,59268,2,4,1,3,89 rue du Général-de-Gaulle,"506,409,455,043","27,222,380,117",2.022E+11,769 498,B01,0,1,0,2,1,1,5,NULL,2.022E+11,1 040 340,769 498,B01,1,1,3,2,2000,1,0,-1,-1,0,0,-1,2.022E+11,4,NULL,-1,NULL,2,1,0,2,-1,-1,1,NULL,3,1,0,8,50,
2.022E+11,31,8,2022,19:05:00,1,49,49007,2,9,3,7,LETANDUERE,"474,556,500,000"," -0,5536900000",2.022E+11,769 075,A01,2,1,0,0,0,1,5,NULL,2.022E+11,1 039 795,769 075,A01,1,1,4,2,1957,5,8,0,-1,-1,-1,-1,2.022E+11,4,LETANDUERE,0,NULL,2,2,3,1,-1,-1,1,NULL,-1,2,9,1,30,
2.022E+11,14,4,2022,14:50:00,1,13,13103,2,6,1,3,RTE DE PELISSANNE-RD 572,"436,278,900,000","51,049,000,000",2.022E+11,768 474,B01,3,1,0,2,1,26,5,NULL,2.022E+11,1 039 014,768 472,A01,1,1,1,1,1972,1,1,0,-1,-1,-1,-1,2.022E+11,7,RTE DE PELISSANNE-RD 572,0,NULL,1,2,1,1,0,0,2,NULL,-1,1,0,1,50,
2.022E+11,14,4,2022,14:50:00,1,13,13103,2,6,1,3,RTE DE PELISSANNE-RD 572,"436,278,900,000","51,049,000,000",2.022E+11,768 474,B01,3,1,0,2,1,26,5,NULL,2.022E+11,1 039 016,768 474,B01,1,1,4,1,1955,0,8,0,-1,-1,-1,-1,2.022E+11,7,RTE DE PELISSANNE-RD 572,0,NULL,1,2,1,1,0,0,2,NULL,-1,1,0,1,50,
2.022E+11,8,11,2022,13:30:00,1,54,54395,2,3,1,1,CROSNE (RUE DU),"487,082,795,519","61,793,830,991",2.022E+11,767 597,A01,1,1,0,2,1,1,5,NULL,2.022E+11,1 037 863,767 595,B01,1,1,1,2,1991,0,1,0,-1,0,0,-1,2.022E+11,4,CROSNE (RUE DU),0,NULL,2,2,1,1,-1,-1,1,NULL,-1,1,2,1,30,
2.022E+11,8,11,2022,13:30:00,1,54,54395,2,3,1,1,CROSNE (RUE DU),"487,082,795,519","61,793,830,991",2.022E+11,767 597,A01,1,1,0,2,1,1,5,NULL,2.022E+11,1 037 864,767 597,A01,1,1,4,1,1992,0,2,0,-1,0,0,-1,2.022E+11,4,CROSNE (RUE DU),0,NULL,2,2,1,1,-1,-1,1,NULL,-1,1,2,1,30,
2.022E+11,14,4,2022,18:45:00,1,75,75112,2,1,1,1,VOIE GEORGES POMPIDOU,"488,453,910,000","23,667,990,000",2.022E+11,765 096,Z01,2,1,0,2,1,13,5,NULL,2.022E+11,1 034 533,765 094,A01,1,1,4,1,1989,5,2,6,-1,0,0,-1,2.022E+11,4,VOIE GEORGES POMPIDOU,0,NULL,1,3,1,2,-1,-1,1,NULL,-1,1,1,5,30,
2.022E+11,14,4,2022,18:45:00,1,75,75112,2,1,1,1,VOIE GEORGES POMPIDOU,"488,453,910,000","23,667,990,000",2.022E+11,765 096,Z01,2,1,0,2,1,13,5,NULL,2.022E+11,1 034 534,765 096,Z01,1,1,1,1,NULL,9,8,0,-1,0,0,-1,2.022E+11,4,VOIE GEORGES POMPIDOU,0,NULL,1,3,1,2,-1,-1,1,NULL,-1,1,1,5,30,
2.022E+11,5,3,2022,17:00:00,1,75,75110,2,2,1,3,BOULEVARD DE MAGENTA,"488,748,052,920","23,573,854,566",2.022E+11,762 670,B01,2,1,0,2,3,15,5,NULL,2.022E+11,1 031 351,762 669,A01,1,1,1,1,1977,9,2,0,-1,0,0,-1,2.022E+11,4,BOULEVARD DE MAGENTA,0,NULL,2,4,0,1,-1,-1,1,NULL,-1,1,0,1,30,
2.022E+11,5,3,2022,17:00:00,1,75,75110,2,2,1,3,BOULEVARD DE MAGENTA,"488,748,052,920","23,573,854,566",2.022E+11,762 670,B01,2,1,0,2,3,15,5,NULL,2.022E+11,1 031 352,762 670,B01,1,1,4,2,1999,9,2,0,-1,0,0,-1,2.022E+11,4,BOULEVARD DE MAGENTA,0,NULL,2,4,0,1,-1,-1,1,NULL,-1,1,0,1,30,
2.022E+11,12,4,2022,18:10:00,1,75,75103,2,7,1,3,PLACE DE LA REPUBLIQUE,"488,673,854,982","23,633,171,618",2.022E+11,758 526,B01,2,1,0,2,8,1,5,NULL,2.022E+11,1 025 912,758 526,B01,1,1,4,2,1987,5,2,0,-1,0,0,-1,2.022E+11,4,PLACE DE LA REPUBLIQUE,0,NULL,2,7,1,1,-1,-1,1,NULL,-1,1,-1,5,30,
2.022E+11,12,4,2022,18:10:00,1,75,75103,2,7,1,3,PLACE DE LA REPUBLIQUE,"488,673,854,982","23,633,171,618",2.022E+11,758 526,B01,2,1,0,2,8,1,5,NULL,2.022E+11,1 025 913,758 527,A01,1,1,1,1,1986,4,1,0,-1,0,0,-1,2.022E+11,4,PLACE DE LA REPUBLIQUE,0,NULL,2,7,1,1,-1,-1,1,NULL,-1,1,-1,5,30,
2.022E+11,10,4,2022,14:02:00,1,6,6030,2,9,1,2,ST SAUVEUR (RUE),"435,768,880,000","70,209,960,000",2.022E+11,754 548,B01,3,1,0,2,1,1,5,NULL,2.022E+11,1 020 523,754 546,A01,1,1,1,1,1993,4,1,-1,-1,0,0,-1,2.022E+11,4,ST SAUVEUR (RUE),0,NULL,2,1,0,1,-1,-1,1,NULL,-1,1,0,1,30,
2.022E+11,10,4,2022,14:02:00,1,6,6030,2,9,1,2,ST SAUVEUR (RUE),"435,768,880,000","70,209,960,000",2.022E+11,754 548,B01,3,1,0,2,1,1,5,NULL,2.022E+11,1 020 526,754 548,B01,1,1,4,1,1963,5,2,0,-1,0,0,-1,2.022E+11,4,ST SAUVEUR (RUE),0,NULL,2,1,0,1,-1,-1,1,NULL,-1,1,0,1,30,
2.022E+11,16,1,2022,12:30:00,1,972,97225,1,1,1,6,Petit Reduit,"147,625,530,000","-611,602,340,000",2.022E+11,745 799,A01,2,1,6,0,1,1,5,NULL,2.022E+11,1 008 786,745 799,A01,1,1,2,1,2006,5,0,-1,-1,0,0,-1,2.022E+11,2,N2,0,NULL,2,2,0,2,33,800,2,NULL,-1,1,0,1,80,
2.022E+11,27,9,2022,09:29:00,1,75,75110,2,7,2,1,PLACE DE LA REPUBLIQUE,"488,685,105,643","23,630,288,243",2.022E+11,742 977,A01,1,1,0,2,1,17,5,NULL,2.022E+11,1 005 008,742 976,B01,1,1,4,1,1996,9,2,0,-1,0,0,-1,2.022E+11,4,PLACE DE LA REPUBLIQUE,0,NULL,2,2,3,1,-1,-1,1,NULL,-1,2,-1,6,30,
2.022E+11,27,9,2022,09:29:00,1,75,75110,2,7,2,1,PLACE DE LA REPUBLIQUE,"488,685,105,643","23,630,288,243",2.022E+11,742 977,A01,1,1,0,2,1,17,5,NULL,2.022E+11,1 005 009,742 977,A01,1,1,4,2,1991,9,2,0,-1,0,0,-1,2.022E+11,4,PLACE DE LA REPUBLIQUE,0,NULL,2,2,3,1,-1,-1,1,NULL,-1,2,-1,6,30,
2.022E+11,13,1,2022,18:00:00,5,88,88087,2,3,1,1,30 Rue du General Leclerc,"481,729,700,000","64,340,000,000",2.022E+11,742 722,B01,3,1,0,0,0,0,5,NULL,2.022E+11,1 004 626,742 720,A01,1,1,1,1,1973,4,1,0,-1,0,0,-1,2.022E+11,3,LECLERC (RUE GENERAL-),0,NULL,2,2,0,1,0,200,1,NULL,-1,1,0,1,50,
2.022E+11,13,1,2022,18:00:00,5,88,88087,2,3,1,1,30 Rue du General Leclerc,"481,729,700,000","64,340,000,000",2.022E+11,742 722,B01,3,1,0,0,0,0,5,NULL,2.022E+11,1 004 628,742 722,B01,1,1,4,1,1972,5,2,4,-1,0,0,-1,2.022E+11,3,LECLERC (RUE GENERAL-),0,NULL,2,2,0,1,0,200,1,NULL,-1,1,0,1,50,
2.022E+11,13,6,2022,19:10:00,1,93,93050,2,1,1,3,Rue Marx Dormoy,"488,541,900,000","25,323,100,000",2.022E+11,740 959,Y01,-1,1,0,2,8,2,5,NULL,2.022E+11,1 002 247,740 959,Y01,1,1,4,1,1994,0,8,0,-1,-1,-1,-1,2.022E+11,3,MARX DORMOY (RUE),0,NULL,2,2,0,2,1,1,1,NULL,-1,1,0,1,50,
2.022E+11,13,6,2022,19:10:00,1,93,93050,2,1,1,3,Rue Marx Dormoy,"488,541,900,000","25,323,100,000",2.022E+11,740 959,Y01,-1,1,0,2,8,2,5,NULL,2.022E+11,1 002 249,740 961,A01,1,1,1,1,1981,0,1,0,-1,-1,-1,-1,2.022E+11,3,MARX DORMOY (RUE),0,NULL,2,2,0,2,1,1,1,NULL,-1,1,0,1,50,
2.022E+11,3,4,2022,19:30:00,1,94,94018,2,2,1,1,Avenue de la Liberte / Rue de Verdun,"488,251,400,000","24,062,000,000",2.022E+11,740 284,Y01,2,1,0,2,8,19,5,NULL,2.022E+11,1 001 331,740 283,A01,1,1,1,1,1974,5,1,0,-1,-1,-1,-1,2.022E+11,3,LIBERTE (AV DE LA),0,NULL,2,2,1,1,0,1,1,NULL,-1,1,0,1,30,
2.022E+11,3,4,2022,19:30:00,1,94,94018,2,2,1,1,Avenue de la Liberte / Rue de Verdun,"488,251,400,000","24,062,000,000",2.022E+11,740 284,Y01,2,1,0,2,8,19,5,NULL,2.022E+11,1 001 332,740 284,Y01,1,1,4,1,1978,1,0,-1,-1,0,0,-1,2.022E+11,3,LIBERTE (AV DE LA),0,NULL,2,2,1,1,0,1,1,NULL,-1,1,0,1,30,
2.022E+11,5,12,2022,07:52:00,5,60,60341,2,3,4,3,174 Rue du Blanc Pignon,"490,884,550,000","27,459,600,000",2.022E+11,738 931,B01,1,1,0,2,7,1,5,NULL,2.022E+11,999 410,738 931,B01,1,1,3,1,2001,1,0,-1,-1,0,0,-1,2.022E+11,4,174,-1,NULL,2,2,0,1,-1,-1,1,NULL,-1,2,0,1,50,
2.022E+11,5,12,2022,07:52:00,5,60,60341,2,3,4,3,174 Rue du Blanc Pignon,"490,884,550,000","27,459,600,000",2.022E+11,738 931,B01,1,1,0,2,7,1,5,NULL,2.022E+11,999 411,738 932,A01,1,1,1,2,1976,1,0,-1,-1,0,0,-1,2.022E+11,4,174,-1,NULL,2,2,0,1,-1,-1,1,NULL,-1,2,0,1,50,
2.022E+11,18,2,2022,17:30:00,1,72,72181,2,1,1,3,JAURES JEAN (AV) N° IMP 1 A 25,"479,929,400,000","0,2045800000",2.022E+11,731 147,A01,2,1,0,2,5,19,5,NULL,2.022E+11,988 995,731 147,A01,1,1,4,1,1972,0,2,0,-1,0,0,-1,2.022E+11,4,JAURES JEAN (AV) N° IMP 1 A 25,0,NULL,-1,2,1,1,0,0,1,NULL,-1,1,0,5,50,
2.022E+11,18,2,2022,17:30:00,1,72,72181,2,1,1,3,JAURES JEAN (AV) N° IMP 1 A 25,"479,929,400,000","0,2045800000",2.022E+11,731 147,A01,2,1,0,2,5,19,5,NULL,2.022E+11,988 999,731 149,B01,1,1,4,1,1959,0,2,0,-1,0,0,-1,2.022E+11,4,JAURES JEAN (AV) N° IMP 1 A 25,0,NULL,-1,2,1,1,0,0,1,NULL,-1,1,0,5,50,