Accident_Id,jour,mois,an,hrmn,lum,dep,com,agg,int,atm,col,adr,lat,long,Num_Acc,id_vehicule,num_veh,senc,catv,obs,obsm,choc,manv,motor,occutc,Num_Acc,id_usager,id_vehicule,num_veh,place,catu,grav,sexe,an_nais,trajet,secu1,secu2,secu3,locp,actp,etatp,Num_Acc,catr,voie,v1,v2,circ,nbv,vosp,prof,pr,pr1,plan,lartpc,larrout,surf,infra,situ,vma,
2.022E+11,14,6,2022,14:00:00,1,75,75107,2,1,1,3,AVENUE DE LOWENDAL,"488,499,780,000","23,045,850,000",2.022E+11,747 590,B01,2,1,0,2,7,1,5,NULL,2.022E+11,1 011 136,747 588,A01,1,1,1,1,1957,5,1,0,-1,0,0,-1,2.022E+11,4,AVENUE DE LOWENDAL,0,NULL,2,5,0,1,-1,-1,1,NULL,-1,1,0,1,30,
2.022E+11,14,6,2022,14:00:00,1,75,75107,2,1,1,3,AVENUE DE LOWENDAL,"488,499,780,000","23,045,850,000",2.022E+11,747 590,B01,2,1,0,2,7,1,5,NULL,2.022E+11,1 011 138,747 590,B01,1,1,4,2,1965,9,2,0,-1,0,0,-1,2.022E+11,4,AVENUE DE LOWENDAL,0,NULL,2,5,0,1,-1,-1,1,NULL,-1,1,0,1,30,
2.022E+11,27,9,2022,17:15:00,1,37,37261,2,1,1,3,AEROPORT (RUE DE L'),"474,256,600,000","0,7161300000",2.022E+11,746 450,A01,3,1,0,2,1,19,5,NULL,2.022E+11,1 009 626,746 449,B01,1,1,1,2,1990,5,1,8,-1,-1,-1,-1,2.022E+11,4,AEROPORT (RUE DE L'),0,NULL,2,2,0,1,-1,-1,2,NULL,-1,1,0,1,50,
2.022E+11,27,9,2022,17:15:00,1,37,37261,2,1,1,3,AEROPORT (RUE DE L'),"474,256,600,000","0,7161300000",2.022E+11,746 450,A01,3,1,0,2,1,19,5,NULL,2.022E+11,1 009 627,746 450,A01,1,1,4,1,1982,1,2,8,-1,-1,-1,-1,2.022E+11,4,AEROPORT (RUE DE L'),0,NULL,2,2,0,1,-1,-1,2,NULL,-1,1,0,1,50,
2.022E+11,13,7,2022,16:58:00,1,59,59350,2,2,1,3,DUNKERQUE AVENUE DE,"506,303,600,000","30,349,600,000",2.022E+11,742 142,B01,3,1,0,2,7,19,5,NULL,2.022E+11,1 003 846,742 140,A01,1,1,1,-1,NULL,-1,-1,-1,-1,-1,-1,-1,2.022E+11,7,DUNKERQUE AVENUE DE,0,NULL,-1,-1,1,1,-1,-1,1,NULL,-1,1,0,1,50,
2.022E+11,13,7,2022,16:58:00,1,59,59350,2,2,1,3,DUNKERQUE AVENUE DE,"506,303,600,000","30,349,600,000",2.022E+11,742 142,B01,3,1,0,2,7,19,5,NULL,2.022E+11,1 003 849,742 142,B01,1,1,4,1,1963,1,8,0,-1,-1,-1,-1,2.022E+11,7,DUNKERQUE AVENUE DE,0,NULL,-1,-1,1,1,-1,-1,1,NULL,-1,1,0,1,50,
2.022E+11,12,1,2022,15:10:00,1,57,57695,1,1,1,7,D103m,"491,218,040,000","64,449,410,000",2.022E+11,739 464,A01,2,1,0,0,0,13,5,NULL,2.022E+11,1 000 166,739 464,A01,1,1,2,1,1956,5,2,-1,-1,0,0,-1,2.022E+11,3,103,0,M,2,2,0,3,3,300,2,NULL,-1,1,0,3,-1,
2.022E+11,22,9,2022,09:12:00,1,33,33063,2,2,7,3,Quai Sainte-Croix,"448,316,100,000"," -0,5588000000",2.022E+11,729 163,A01,3,1,0,2,1,19,5,NULL,2.022E+11,986 385,729 162,B01,1,1,1,2,1994,1,1,-1,-1,-1,-1,-1,2.022E+11,4,QUAI SAINTE- CROIX,0,NULL,3,4,0,1,-1,-1,1,NULL,-1,1,5,8,50,
2.022E+11,22,9,2022,09:12:00,1,33,33063,2,2,7,3,Quai Sainte-Croix,"448,316,100,000"," -0,5588000000",2.022E+11,729 163,A01,3,1,0,2,1,19,5,NULL,2.022E+11,986 386,729 163,A01,1,1,4,2,1968,1,2,-1,-1,-1,-1,-1,2.022E+11,4,QUAI SAINTE- CROIX,0,NULL,3,4,0,1,-1,-1,1,NULL,-1,1,5,8,50,
2.022E+11,26,10,2022,12:08:00,1,80,80212,2,2,1,3,Rue Léon Curé,"499,115,330,000","25,024,150,000",2.022E+11,726 646,B01,0,1,0,0,5,1,5,NULL,2.022E+11,983 076,726 644,A01,1,1,1,2,1992,9,8,-1,-1,0,0,-1,2.022E+11,3,30,0,D,2,2,0,2,0,900,1,NULL,-1,1,2,1,50,
2.022E+11,26,10,2022,12:08:00,1,80,80212,2,2,1,3,Rue Léon Curé,"499,115,330,000","25,024,150,000",2.022E+11,726 646,B01,0,1,0,0,5,1,5,NULL,2.022E+11,983 077,726 646,B01,1,1,3,1,1959,3,0,-1,-1,0,0,-1,2.022E+11,3,30,0,D,2,2,0,2,0,900,1,NULL,-1,1,2,1,50,
2.022E+11,7,1,2022,08:50:00,1,69,69386,2,2,1,3,Rue Duquesne,"457,723,044,723","48,413,564,265",2.022E+11,726 015,A01,1,1,0,2,1,19,5,NULL,2.022E+11,982 262,726 014,B01,1,1,1,2,1971,5,1,-1,-1,-1,-1,-1,2.022E+11,4,DUQUESNE                            (R ),0,NULL,2,4,2,1,-1,-1,1,NULL,-1,1,0,1,50,
2.022E+11,7,1,2022,08:50:00,1,69,69386,2,2,1,3,Rue Duquesne,"457,723,044,723","48,413,564,265",2.022E+11,726 015,A01,1,1,0,2,1,19,5,NULL,2.022E+11,982 263,726 015,A01,1,1,4,2,1953,5,8,-1,-1,-1,-1,-1,2.022E+11,4,DUQUESNE                            (R ),0,NULL,2,4,2,1,-1,-1,1,NULL,-1,1,0,1,50,
2.022E+11,27,3,2022,12:24:00,1,49,49246,2,1,1,3,D160,"474,426,911,912"," -0,5351784825",2.022E+11,723 469,B01,1,1,0,2,2,26,5,NULL,2.022E+11,978 900,723 469,B01,1,1,4,1,1952,9,8,0,-1,-1,-1,-1,2.022E+11,3,GUINEL,0,NULL,1,2,0,1,0,10,2,NULL,-1,1,0,1,30,
2.022E+11,27,3,2022,12:24:00,1,49,49246,2,1,1,3,D160,"474,426,911,912"," -0,5351784825",2.022E+11,723 469,B01,1,1,0,2,2,26,5,NULL,2.022E+11,978 905,723 474,A01,1,1,1,1,1988,9,8,0,-1,-1,-1,-1,2.022E+11,3,GUINEL,0,NULL,1,2,0,1,0,10,2,NULL,-1,1,0,1,30,
2.022E+11,2,11,2022,11:20:00,1,65,65123,1,3,1,7,Route des 2 Cols,"429,910,820,000","0,2247720000",2.022E+11,721 781,B01,2,1,0,0,0,1,5,NULL,2.022E+11,976 640,721 775,A01,1,1,1,1,1946,5,1,-1,-1,0,0,-1,2.022E+11,3,935,0,D,2,2,0,2,74,460,1,NULL,-1,1,0,1,80,
2.022E+11,2,11,2022,11:20:00,1,65,65123,1,3,1,7,Route des 2 Cols,"429,910,820,000","0,2247720000",2.022E+11,721 781,B01,2,1,0,0,0,1,5,NULL,2.022E+11,976 645,721 781,B01,1,1,3,1,1961,5,2,-1,-1,0,0,-1,2.022E+11,3,935,0,D,2,2,0,2,74,460,1,NULL,-1,1,0,1,80,
2.022E+11,9,6,2022,08:43:00,1,44,44063,1,2,1,3,5 la drouetterie,"470,802,560,000","-11,905,360,000",2.022E+11,721 557,B01,2,1,0,2,1,1,5,NULL,2.022E+11,976 342,721 557,B01,1,1,3,1,1956,5,2,6,-1,0,0,-1,2.022E+11,3,5,-1,C,2,2,0,1,2,300,1,NULL,-1,1,0,1,-1,
2.022E+11,9,6,2022,08:43:00,1,44,44063,1,2,1,3,5 la drouetterie,"470,802,560,000","-11,905,360,000",2.022E+11,721 557,B01,2,1,0,2,1,1,5,NULL,2.022E+11,976 351,721 564,A01,1,1,1,2,1996,1,1,-1,-1,0,0,-1,2.022E+11,3,5,-1,C,2,2,0,1,2,300,1,NULL,-1,1,0,1,-1,
2.022E+11,25,11,2022,22:10:00,5,33,33063,2,1,1,3,Cours Victor Hugo,"448,360,200,000"," -0,5673300000",2.022E+11,717 230,A01,1,1,0,2,8,10,5,NULL,2.022E+11,970 336,717 224,B01,1,1,1,1,2002,0,1,-1,-1,0,0,-1,2.022E+11,4,HUGO (CRS VICTOR),0,NULL,2,2,3,1,-1,-1,1,NULL,-1,1,0,1,30,
2.022E+11,25,11,2022,22:10:00,5,33,33063,2,1,1,3,Cours Victor Hugo,"448,360,200,000"," -0,5673300000",2.022E+11,717 230,A01,1,1,0,2,8,10,5,NULL,2.022E+11,970 343,717 230,A01,1,1,4,1,1996,0,0,-1,-1,0,0,-1,2.022E+11,4,HUGO (CRS VICTOR),0,NULL,2,2,3,1,-1,-1,1,NULL,-1,1,0,1,30,
2.022E+11,4,5,2022,21:15:00,1,62,62413,2,1,1,3,VERMELLES (CHE. DE),"504,526,040,000","28,795,980,000",2.022E+11,716 969,B01,3,1,0,2,1,19,5,NULL,2.022E+11,970 003,716 965,A01,1,1,1,1,1984,5,1,8,-1,-1,-1,-1,2.022E+11,4,VERMELLES (CHE. DE),0,NULL,1,1,0,1,-1,-1,2,NULL,-1,1,0,5,70,
2.022E+11,4,5,2022,21:15:00,1,62,62413,2,1,1,3,VERMELLES (CHE. DE),"504,526,040,000","28,795,980,000",2.022E+11,716 969,B01,3,1,0,2,1,19,5,NULL,2.022E+11,970 009,716 969,B01,1,1,3,2,2004,5,8,0,-1,-1,-1,-1,2.022E+11,4,VERMELLES (CHE. DE),0,NULL,1,1,0,1,-1,-1,2,NULL,-1,1,0,5,70,
2.022E+11,19,10,2022,17:50:00,1,75,75112,2,7,1,1,PLACE DE LA BASTILLE,"488,521,350,000","23,696,080,000",2.022E+11,810 359,A01,1,1,0,2,1,17,5,NULL,2.022E+11,1 094 908,810 359,A01,1,1,1,1,1987,1,2,8,-1,0,0,-1,2.022E+11,4,PLACE DE LA BASTILLE,0,NULL,-1,2,0,1,-1,-1,1,NULL,-1,1,0,1,30,
2.022E+11,19,10,2022,17:50:00,1,75,75112,2,7,1,1,PLACE DE LA BASTILLE,"488,521,350,000","23,696,080,000",2.022E+11,810 361,B01,1,1,0,2,1,18,5,NULL,2.022E+11,1 094 908,810 359,A01,1,1,1,1,1987,1,2,8,-1,0,0,-1,2.022E+11,4,PLACE DE LA BASTILLE,0,NULL,-1,2,0,1,-1,-1,1,NULL,-1,1,0,1,30,
2.022E+11,19,10,2022,17:50:00,1,75,75112,2,7,1,1,PLACE DE LA BASTILLE,"488,521,350,000","23,696,080,000",2.022E+11,810 359,A01,1,1,0,2,1,17,5,NULL,2.022E+11,1 094 912,810 361,B01,1,1,4,1,1964,5,8,0,-1,0,0,-1,2.022E+11,4,PLACE DE LA BASTILLE,0,NULL,-1,2,0,1,-1,-1,1,NULL,-1,1,0,1,30,
2.022E+11,19,10,2022,17:50:00,1,75,75112,2,7,1,1,PLACE DE LA BASTILLE,"488,521,350,000","23,696,080,000",2.022E+11,810 361,B01,1,1,0,2,1,18,5,NULL,2.022E+11,1 094 912,810 361,B01,1,1,4,1,1964,5,8,0,-1,0,0,-1,2.022E+11,4,PLACE DE LA BASTILLE,0,NULL,-1,2,0,1,-1,-1,1,NULL,-1,1,0,1,30,
2.022E+11,24,5,2022,13:25:00,1,59,59009,2,2,1,1,"HARMONIE, rue de l'","506,052,100,000","31,508,500,000",2.022E+11,807 643,B01,0,1,0,0,0,0,5,NULL,2.022E+11,1 091 275,807 643,B01,1,1,4,1,1968,0,8,0,-1,-1,-1,-1,2.022E+11,4,"HARMONIE, rue de l'",0,NULL,2,1,0,1,-1,-1,1,NULL,-1,1,0,1,50,
2.022E+11,24,5,2022,13:25:00,1,59,59009,2,2,1,1,"HARMONIE, rue de l'","506,052,100,000","31,508,500,000",2.022E+11,807 643,B01,0,1,0,0,0,0,5,NULL,2.022E+11,1 091 277,807 645,A01,1,1,1,1,1969,1,1,0,-1,-1,-1,-1,2.022E+11,4,"HARMONIE, rue de l'",0,NULL,2,1,0,1,-1,-1,1,NULL,-1,1,0,1,50,
2.022E+11,22,3,2022,13:20:00,1,71,71073,2,6,1,3,Rue du 11 Novembre 1918,"469,038,240,000","47,559,910,000",2.022E+11,804 047,B01,2,1,0,2,7,1,5,NULL,2.022E+11,1 086 489,804 047,B01,1,1,4,1,2011,2,2,-1,-1,0,0,-1,2.022E+11,3,62,-1,NULL,2,2,0,1,13,265,1,NULL,-1,1,5,1,50,
2.022E+11,22,3,2022,13:20:00,1,71,71073,2,6,1,3,Rue du 11 Novembre 1918,"469,038,240,000","47,559,910,000",2.022E+11,804 047,B01,2,1,0,2,7,1,5,NULL,2.022E+11,1 086 494,804 049,A01,1,1,1,1,1957,5,1,-1,-1,0,0,-1,2.022E+11,3,62,-1,NULL,2,2,0,1,13,265,1,NULL,-1,1,5,1,50,
2.022E+11,22,3,2022,13:20:00,1,71,71073,2,6,1,3,Rue du 11 Novembre 1918,"469,038,240,000","47,559,910,000",2.022E+11,804 047,B01,2,1,0,2,7,1,5,NULL,2.022E+11,1 086 495,804 049,A01,2,2,1,2,1963,5,1,-1,-1,0,0,-1,2.022E+11,3,62,-1,NULL,2,2,0,1,13,265,1,NULL,-1,1,5,1,50,
2.022E+11,19,3,2022,17:25:00,1,73,73270,1,3,1,1,D32 /  CREVACOR,"455,683,340,000","61,794,230,000",2.022E+11,800 058,B01,3,1,0,2,1,26,5,NULL,2.022E+11,1 081 203,800 058,B01,1,1,3,1,1936,5,2,-1,-1,0,0,-1,2.022E+11,3,NULL,-1,NULL,2,2,0,1,3,315,3,NULL,3,1,0,1,-1,
2.022E+11,19,3,2022,17:25:00,1,73,73270,1,3,1,1,D32 /  CREVACOR,"455,683,340,000","61,794,230,000",2.022E+11,800 058,B01,3,1,0,2,1,26,5,NULL,2.022E+11,1 081 205,800 060,A01,1,1,1,1,1946,0,1,-1,-1,0,0,-1,2.022E+11,3,NULL,-1,NULL,2,2,0,1,3,315,3,NULL,3,1,0,1,-1,
2.022E+11,21,11,2022,10:20:00,1,75,75108,2,7,1,3,PLACE SAINT AUGUSTIN,"488,752,390,000","23,194,260,000",2.022E+11,798 219,B01,2,1,0,2,1,1,5,NULL,2.022E+11,1 078 822,798 218,A01,1,1,1,1,1976,5,8,0,-1,0,0,-1,2.022E+11,4,PLACE SAINT AUGUSTIN,0,NULL,1,0,1,1,-1,-1,1,NULL,-1,1,0,5,30,
2.022E+11,21,11,2022,10:20:00,1,75,75108,2,7,1,3,PLACE SAINT AUGUSTIN,"488,752,390,000","23,194,260,000",2.022E+11,798 219,B01,2,1,0,2,1,1,5,NULL,2.022E+11,1 078 823,798 219,B01,1,1,3,1,1976,1,2,0,-1,0,0,-1,2.022E+11,4,PLACE SAINT AUGUSTIN,0,NULL,1,0,1,1,-1,-1,1,NULL,-1,1,0,5,30,
2.022E+11,28,6,2022,20:25:00,1,75,75118,2,1,1,2,RUE DE L EVANGILE,"488,950,520,000","23,687,540,000",2.022E+11,788 837,B01,3,1,0,2,1,1,5,NULL,2.022E+11,1 066 302,788 837,B01,1,1,4,1,1999,9,8,0,-1,0,0,-1,2.022E+11,4,RUE DE L EVANGILE,0,NULL,1,1,0,1,-1,-1,1,NULL,-1,1,8,1,30,
2.022E+11,28,6,2022,20:25:00,1,75,75118,2,1,1,2,RUE DE L EVANGILE,"488,950,520,000","23,687,540,000",2.022E+11,788 837,B01,3,1,0,2,1,1,5,NULL,2.022E+11,1 066 304,788 839,A01,1,1,1,2,1945,5,1,0,-1,0,0,-1,2.022E+11,4,RUE DE L EVANGILE,0,NULL,1,1,0,1,-1,-1,1,NULL,-1,1,8,1,30,
2.022E+11,28,6,2022,20:25:00,1,75,75118,2,1,1,2,RUE DE L EVANGILE,"488,950,520,000","23,687,540,000",2.022E+11,788 837,B01,3,1,0,2,1,1,5,NULL,2.022E+11,1 066 305,788 839,A01,4,2,1,2,2016,5,1,0,-1,0,0,-1,2.022E+11,4,RUE DE L EVANGILE,0,NULL,1,1,0,1,-1,-1,1,NULL,-1,1,8,1,30,
2.022E+11,25,6,2022,16:00:00,1,6,6034,1,1,1,3,M6202,"437,963,530,000","72,075,680,000",2.022E+11,775 705,B01,0,1,3,2,5,2,5,NULL,2.022E+11,1 048 783,775 705,B01,1,1,3,1,1952,0,0,-1,-1,0,0,-1,2.022E+11,7,6202,-1,M,3,2,0,1,-1,-1,1,NULL,-1,1,0,1,70,
2.022E+11,25,6,2022,16:00:00,1,6,6034,1,1,1,3,M6202,"437,963,530,000","72,075,680,000",2.022E+11,775 705,B01,0,1,3,2,5,2,5,NULL,2.022E+11,1 048 785,775 706,A01,1,1,1,1,1976,0,0,8,-1,0,0,-1,2.022E+11,7,6202,-1,M,3,2,0,1,-1,-1,1,NULL,-1,1,0,1,70,
2.022E+11,21,6,2022,17:35:00,1,49,49328,2,6,1,3,MEHEL (ROND-POINT LUCIEN),"472,748,100,000"," -0,0611100000",2.022E+11,771 871,B01,1,1,0,2,7,1,5,NULL,2.022E+11,1 043 507,771 870,A01,1,1,1,2,1941,5,1,0,-1,-1,-1,-1,2.022E+11,4,MEHEL (ROND-POINT LUCIEN),0,NULL,1,1,0,1,0,0,2,NULL,-1,1,0,1,50,
2.022E+11,21,6,2022,17:35:00,1,49,49328,2,6,1,3,MEHEL (ROND-POINT LUCIEN),"472,748,100,000"," -0,0611100000",2.022E+11,771 871,B01,1,1,0,2,7,1,5,NULL,2.022E+11,1 043 508,771 871,B01,1,1,3,2,1943,5,8,0,-1,-1,-1,-1,2.022E+11,4,MEHEL (ROND-POINT LUCIEN),0,NULL,1,1,0,1,0,0,2,NULL,-1,1,0,1,50,
2.022E+11,5,10,2022,16:35:00,1,40,40178,1,1,1,3,677 Route du Houga,"438,686,960,000"," -0,4534650000",2.022E+11,767 765,B01,2,1,0,0,8,2,5,NULL,2.022E+11,1 038 069,767 761,A01,1,1,1,1,1974,4,1,-1,-1,0,0,-1,2.022E+11,3,30,-1,NULL,2,2,0,1,4,200,1,NULL,-1,1,0,1,80,
2.022E+11,5,10,2022,16:35:00,1,40,40178,1,1,1,3,677 Route du Houga,"438,686,960,000"," -0,4534650000",2.022E+11,767 765,B01,2,1,0,0,8,2,5,NULL,2.022E+11,1 038 072,767 765,B01,1,1,3,1,1935,5,2,-1,-1,0,0,-1,2.022E+11,3,30,-1,NULL,2,2,0,1,4,200,1,NULL,-1,1,0,1,80,
2.022E+11,21,7,2022,07:10:00,1,2A,2A004,2,2,1,3,PAOLI DOMINIQUE  BD,"419,288,600,000","87,375,100,000",2.022E+11,766 224,A01,1,1,0,2,7,9,5,NULL,2.022E+11,1 036 023,766 223,B01,1,1,1,2,1967,0,1,8,-1,-1,-1,-1,2.022E+11,4,PAOLI DOMINIQUE  BD,0,NULL,2,2,0,1,-1,-1,1,NULL,-1,1,0,1,50,
2.022E+11,21,7,2022,07:10:00,1,2A,2A004,2,2,1,3,PAOLI DOMINIQUE  BD,"419,288,600,000","87,375,100,000",2.022E+11,766 224,A01,1,1,0,2,7,9,5,NULL,2.022E+11,1 036 024,766 224,A01,1,1,4,1,1967,0,2,0,-1,-1,-1,-1,2.022E+11,4,PAOLI DOMINIQUE  BD,0,NULL,2,2,0,1,-1,-1,1,NULL,-1,1,0,1,50,
2.022E+11,1,3,2022,08:00:00,1,72,72373,2,2,1,3,Vibraye,"480,598,970,000","0,7285310000",2.022E+11,766 144,B01,2,1,0,2,1,1,5,NULL,2.022E+11,1 035 911,766 143,A01,1,1,1,2,1991,1,1,-1,-1,0,0,-1,2.022E+11,3,302,0,D,2,2,0,1,10,870,1,NULL,-1,2,5,1,50,
2.022E+11,1,3,2022,08:00:00,1,72,72373,2,2,1,3,Vibraye,"480,598,970,000","0,7285310000",2.022E+11,766 144,B01,2,1,0,2,1,1,5,NULL,2.022E+11,1 035 912,766 144,B01,1,1,4,1,1971,1,2,6,9,0,0,-1,2.022E+11,3,302,0,D,2,2,0,1,10,870,1,NULL,-1,2,5,1,50,
2.022E+11,31,8,2022,18:20:00,1,35,35238,2,2,1,1,GUINES (BD DE),"481,018,524,943","-16,842,743,754",2.022E+11,765 643,B01,3,1,0,2,1,1,5,NULL,2.022E+11,1 035 219,765 642,A01,1,1,1,1,1995,3,1,-1,-1,-1,-1,-1,2.022E+11,4,GUINES (BD DE),0,NULL,2,2,1,1,-1,-1,1,NULL,-1,1,0,1,50,
2.022E+11,31,8,2022,18:20:00,1,35,35238,2,2,1,1,GUINES (BD DE),"481,018,524,943","-16,842,743,754",2.022E+11,765 643,B01,3,1,0,2,1,1,5,NULL,2.022E+11,1 035 220,765 643,B01,1,1,4,1,1998,1,2,-1,-1,-1,-1,-1,2.022E+11,4,GUINES (BD DE),0,NULL,2,2,1,1,-1,-1,1,NULL,-1,1,0,1,50,
2.022E+11,9,11,2022,16:15:00,1,74,74282,1,1,1,5,D114,"459,799,540,000","61,324,410,000",2.022E+11,764 301,C01,1,1,0,2,4,2,5,NULL,2.022E+11,1 033 486,764 300,D01,1,1,3,2,1959,5,2,4,-1,0,0,-1,2.022E+11,3,114,-1,D,2,2,0,1,10,100,2,NULL,-1,1,0,5,80,
2.022E+11,9,11,2022,16:15:00,1,74,74282,1,1,1,5,D114,"459,799,540,000","61,324,410,000",2.022E+11,764 302,B01,1,1,0,2,4,2,5,NULL,2.022E+11,1 033 486,764 300,D01,1,1,3,2,1959,5,2,4,-1,0,0,-1,2.022E+11,3,114,-1,D,2,2,0,1,10,100,2,NULL,-1,1,0,5,80,
2.022E+11,9,11,2022,16:15:00,1,74,74282,1,1,1,5,D114,"459,799,540,000","61,324,410,000",2.022E+11,764 301,C01,1,1,0,2,4,2,5,NULL,2.022E+11,1 033 487,764 301,C01,1,1,3,2,1945,5,2,4,-1,0,0,-1,2.022E+11,3,114,-1,D,2,2,0,1,10,100,2,NULL,-1,1,0,5,80,
2.022E+11,9,11,2022,16:15:00,1,74,74282,1,1,1,5,D114,"459,799,540,000","61,324,410,000",2.022E+11,764 302,B01,1,1,0,2,4,2,5,NULL,2.022E+11,1 033 487,764 301,C01,1,1,3,2,1945,5,2,4,-1,0,0,-1,2.022E+11,3,114,-1,D,2,2,0,1,10,100,2,NULL,-1,1,0,5,80,
2.022E+11,9,11,2022,16:15:00,1,74,74282,1,1,1,5,D114,"459,799,540,000","61,324,410,000",2.022E+11,764 301,C01,1,1,0,2,4,2,5,NULL,2.022E+11,1 033 488,764 302,B01,1,1,3,2,1952,5,2,4,-1,0,0,-1,2.022E+11,3,114,-1,D,2,2,0,1,10,100,2,NULL,-1,1,0,5,80,
2.022E+11,9,11,2022,16:15:00,1,74,74282,1,1,1,5,D114,"459,799,540,000","61,324,410,000",2.022E+11,764 302,B01,1,1,0,2,4,2,5,NULL,2.022E+11,1 033 488,764 302,B01,1,1,3,2,1952,5,2,4,-1,0,0,-1,2.022E+11,3,114,-1,D,2,2,0,1,10,100,2,NULL,-1,1,0,5,80,
2.022E+11,9,11,2022,16:15:00,1,74,74282,1,1,1,5,D114,"459,799,540,000","61,324,410,000",2.022E+11,764 301,C01,1,1,0,2,4,2,5,NULL,2.022E+11,1 033 489,764 303,A01,1,1,1,1,1954,5,1,-1,-1,0,0,-1,2.022E+11,3,114,-1,D,2,2,0,1,10,100,2,NULL,-1,1,0,5,80,
2.022E+11,9,11,2022,16:15:00,1,74,74282,1,1,1,5,D114,"459,799,540,000","61,324,410,000",2.022E+11,764 302,B01,1,1,0,2,4,2,5,NULL,2.022E+11,1 033 489,764 303,A01,1,1,1,1,1954,5,1,-1,-1,0,0,-1,2.022E+11,3,114,-1,D,2,2,0,1,10,100,2,NULL,-1,1,0,5,80,
2.022E+11,4,10,2022,19:19:00,1,32,32181,1,1,7,3,N21,"434,235,800,000","0,2768680000",2.022E+11,763 469,B01,1,1,0,0,6,1,5,NULL,2.022E+11,1 032 425,763 469,B01,1,1,4,1,1950,5,2,4,-1,0,0,-1,2.022E+11,2,21,0,NULL,2,2,0,3,90,600,1,NULL,-1,1,0,1,80,
2.022E+11,4,10,2022,19:19:00,1,32,32181,1,1,7,3,N21,"434,235,800,000","0,2768680000",2.022E+11,763 469,B01,1,1,0,0,6,1,5,NULL,2.022E+11,1 032 427,763 471,A01,1,1,1,1,1975,1,1,-1,-1,0,0,-1,2.022E+11,2,21,0,NULL,2,2,0,3,90,600,1,NULL,-1,1,0,1,80,
2.022E+11,28,5,2022,15:05:00,1,91,91521,2,1,1,6,SQ DENIS DIDEROT,"486,390,700,000","24,152,800,000",2.022E+11,763 040,B01,2,1,0,0,0,0,5,NULL,2.022E+11,1 031 870,763 039,A01,1,1,1,1,1974,9,1,8,-1,-1,-1,-1,2.022E+11,4,SQ DENIS DIDEROT,0,NULL,2,2,0,1,0,0,1,NULL,-1,1,0,1,30,
2.022E+11,28,5,2022,15:05:00,1,91,91521,2,1,1,6,SQ DENIS DIDEROT,"486,390,700,000","24,152,800,000",2.022E+11,763 040,B01,2,1,0,0,0,0,5,NULL,2.022E+11,1 031 871,763 040,B01,1,1,4,1,2012,9,2,8,-1,-1,-1,-1,2.022E+11,4,SQ DENIS DIDEROT,0,NULL,2,2,0,1,0,0,1,NULL,-1,1,0,1,30,
2.022E+11,4,3,2022,16:19:00,1,69,69383,2,2,1,3,Rue de la Part-Dieu,"457,598,012,626","48,507,481,813",2.022E+11,762 526,A01,2,1,0,2,7,1,5,NULL,2.022E+11,1 031 159,762 526,A01,1,1,4,1,1951,3,8,-1,-1,-1,-1,-1,2.022E+11,4,PART DIEU      (DE LA)             (R ),0,NULL,1,1,1,1,-1,-1,1,NULL,-1,1,0,1,50,
2.022E+11,4,3,2022,16:19:00,1,69,69383,2,2,1,3,Rue de la Part-Dieu,"457,598,012,626","48,507,481,813",2.022E+11,762 526,A01,2,1,0,2,7,1,5,NULL,2.022E+11,1 031 160,762 527,B01,1,1,1,1,1960,5,1,-1,-1,-1,-1,-1,2.022E+11,4,PART DIEU      (DE LA)             (R ),0,NULL,1,1,1,1,-1,-1,1,NULL,-1,1,0,1,50,
2.022E+11,1,3,2022,16:50:00,1,6,6027,2,1,1,3,VAL FLEURI CHEMIN DU,"436,651,800,000","71,707,470,000",2.022E+11,755 716,A01,3,1,0,2,0,0,5,NULL,2.022E+11,1 022 114,755 716,A01,1,1,4,1,1955,5,8,0,-1,0,0,-1,2.022E+11,4,VAL FLEURI CHEMIN DU,0,NULL,1,1,0,1,-1,-1,1,NULL,-1,1,0,4,30,
2.022E+11,1,3,2022,16:50:00,1,6,6027,2,1,1,3,VAL FLEURI CHEMIN DU,"436,651,800,000","71,707,470,000",2.022E+11,755 716,A01,3,1,0,2,0,0,5,NULL,2.022E+11,1 022 115,755 717,B01,1,1,1,1,1999,5,8,-1,-1,0,0,-1,2.022E+11,4,VAL FLEURI CHEMIN DU,0,NULL,1,1,0,1,-1,-1,1,NULL,-1,1,0,4,30,
2.022E+11,3,11,2022,13:08:00,1,75,75101,2,2,2,7,RUE DE RIVOLI,"488,587,230,000","23,475,830,000",2.022E+11,747 361,A01,2,1,0,0,0,1,5,NULL,2.022E+11,1 010 851,747 361,A01,2,2,4,1,2013,5,3,8,-1,0,0,-1,2.022E+11,4,RUE DE RIVOLI,0,NULL,2,2,3,1,-1,-1,1,NULL,-1,2,0,5,30,
2.022E+11,3,11,2022,13:08:00,1,75,75101,2,2,2,7,RUE DE RIVOLI,"488,587,230,000","23,475,830,000",2.022E+11,747 361,A01,2,1,0,0,0,1,5,NULL,2.022E+11,1 010 852,747 361,A01,1,1,1,2,1973,5,8,0,-1,0,0,-1,2.022E+11,4,RUE DE RIVOLI,0,NULL,2,2,3,1,-1,-1,1,NULL,-1,2,0,5,30,