Accident_Id,jour,mois,an,hrmn,lum,dep,com,agg,int,atm,col,adr,lat,long,Num_Acc,id_vehicule,num_veh,senc,catv,obs,obsm,choc,manv,motor,occutc,Num_Acc,id_usager,id_vehicule,num_veh,place,catu,grav,sexe,an_nais,trajet,secu1,secu2,secu3,locp,actp,etatp,Num_Acc,catr,voie,v1,v2,circ,nbv,vosp,prof,pr,pr1,plan,lartpc,larrout,surf,infra,situ,vma,
2.022E+11,25,2,2022,16:45:00,1,75,75104,2,1,1,6,VOIE GEORGES POMPIDOU,"488,544,130,374","23,544,770,364",2.022E+11,744 457,A01,1,1,0,1,1,1,5,NULL,2.022E+11,1 006 959,744 457,A01,1,1,4,1,2005,5,2,0,-1,0,0,-1,2.022E+11,4,VOIE GEORGES POMPIDOU,0,NULL,2,2,3,1,-1,-1,1,NULL,-1,1,6,6,10,
2.022E+11,25,2,2022,16:45:00,1,75,75104,2,1,1,6,VOIE GEORGES POMPIDOU,"488,544,130,374","23,544,770,364",2.022E+11,744 457,A01,1,1,0,1,1,1,5,NULL,2.022E+11,1 006 960,744 457,A01,10,3,4,1,1951,5,0,-1,-1,1,3,2,2.022E+11,4,VOIE GEORGES POMPIDOU,0,NULL,2,2,3,1,-1,-1,1,NULL,-1,1,6,6,10,
2.022E+11,13,7,2022,09:20:00,1,75,75104,2,7,1,3,PLACE DE LA BASTILLE,"488,532,600,000","23,685,890,000",2.022E+11,741 937,B01,1,1,0,2,7,19,5,NULL,2.022E+11,1 003 561,741 937,B01,1,1,4,1,1978,1,2,0,-1,0,0,-1,2.022E+11,4,PLACE DE LA BASTILLE,0,NULL,2,6,3,1,-1,-1,1,NULL,-1,1,0,1,30,
2.022E+11,13,7,2022,09:20:00,1,75,75104,2,7,1,3,PLACE DE LA BASTILLE,"488,532,600,000","23,685,890,000",2.022E+11,741 937,B01,1,1,0,2,7,19,5,NULL,2.022E+11,1 003 562,741 938,A01,1,1,1,1,1978,4,1,0,-1,0,0,-1,2.022E+11,4,PLACE DE LA BASTILLE,0,NULL,2,6,3,1,-1,-1,1,NULL,-1,1,0,1,30,
2.022E+11,12,5,2022,10:05:00,1,54,54395,2,1,1,6,METZ (RUE DE),"486,990,700,000","61,732,800,000",2.022E+11,736 465,B01,1,1,1,0,4,1,5,NULL,2.022E+11,996 048,736 465,B01,1,1,4,2,2000,0,2,0,-1,0,0,-1,2.022E+11,4,METZ (RUE DE),0,NULL,2,2,2,1,-1,-1,1,NULL,-1,1,0,1,30,
2.022E+11,12,5,2022,10:05:00,1,54,54395,2,1,1,6,METZ (RUE DE),"486,990,700,000","61,732,800,000",2.022E+11,736 465,B01,1,1,1,0,4,1,5,NULL,2.022E+11,996 049,736 466,A01,1,1,1,1,1977,0,1,0,-1,0,0,-1,2.022E+11,4,METZ (RUE DE),0,NULL,2,2,2,1,-1,-1,1,NULL,-1,1,0,1,30,
2.022E+11,2,12,2022,09:50:00,1,75,75119,2,2,1,2,AVENUE SIMON BOLIVAR,"488,755,740,000","23,818,740,000",2.022E+11,735 412,B01,1,1,0,2,8,15,5,NULL,2.022E+11,994 650,735 411,A01,1,1,4,1,2001,9,2,6,-1,0,0,-1,2.022E+11,4,AVENUE SIMON BOLIVAR,0,NULL,2,2,0,1,-1,-1,1,NULL,-1,1,9,1,30,
2.022E+11,2,12,2022,09:50:00,1,75,75119,2,2,1,2,AVENUE SIMON BOLIVAR,"488,755,740,000","23,818,740,000",2.022E+11,735 412,B01,1,1,0,2,8,15,5,NULL,2.022E+11,994 651,735 412,B01,1,1,1,2,1993,9,8,0,-1,0,0,-1,2.022E+11,4,AVENUE SIMON BOLIVAR,0,NULL,2,2,0,1,-1,-1,1,NULL,-1,1,9,1,30,
2.022E+11,8,6,2022,16:40:00,1,69,69264,2,4,8,2,Boulevard Louis Blanc,"459,896,424,331","47,216,094,980",2.022E+11,728 487,A01,1,1,0,2,1,1,5,NULL,2.022E+11,985 503,728 485,B01,1,1,1,2,1999,0,1,-1,-1,-1,-1,-1,2.022E+11,4,BLANC  LOUIS  BD,0,NULL,2,2,1,2,-1,-1,1,NULL,-1,2,0,1,50,
2.022E+11,8,6,2022,16:40:00,1,69,69264,2,4,8,2,Boulevard Louis Blanc,"459,896,424,331","47,216,094,980",2.022E+11,728 487,A01,1,1,0,2,1,1,5,NULL,2.022E+11,985 505,728 487,A01,1,1,4,1,2007,0,8,-1,-1,-1,-1,-1,2.022E+11,4,BLANC  LOUIS  BD,0,NULL,2,2,1,2,-1,-1,1,NULL,-1,2,0,1,50,
2.022E+11,18,2,2022,09:30:00,1,75,75117,2,2,2,3,RUE POUCHET,"488,962,460,000","23,222,250,000",2.022E+11,728 428,B01,2,1,0,2,1,1,5,NULL,2.022E+11,985 425,728 428,B01,1,1,4,2,1962,1,2,0,-1,0,0,-1,2.022E+11,4,RUE POUCHET,0,NULL,2,3,1,1,-1,-1,1,NULL,-1,2,-1,5,30,
2.022E+11,18,2,2022,09:30:00,1,75,75117,2,2,2,3,RUE POUCHET,"488,962,460,000","23,222,250,000",2.022E+11,728 428,B01,2,1,0,2,1,1,5,NULL,2.022E+11,985 428,728 430,A01,1,1,1,1,1969,4,1,0,-1,0,0,-1,2.022E+11,4,RUE POUCHET,0,NULL,2,3,1,1,-1,-1,1,NULL,-1,2,-1,5,30,
2.022E+11,10,8,2022,18:10:00,1,38,38106,2,9,1,6,départementale 115,"450,028,240,000","57,959,640,000",2.022E+11,728 323,A01,0,1,11,0,2,0,5,NULL,2.022E+11,985 289,728 323,A01,1,1,3,1,1964,5,2,-1,-1,0,0,-1,2.022E+11,3,115,-1,A,2,2,0,2,4,190,1,NULL,-1,1,9,4,50,
2.022E+11,5,6,2022,19:35:00,1,29,29232,1,6,1,3,Rond-Point d’Ergue-Armel,"479,836,638,132","-40,747,168,065",2.022E+11,723 815,B01,2,1,0,0,2,1,5,NULL,2.022E+11,979 360,723 811,A01,1,1,1,2,1953,5,1,-1,-1,-1,-1,-1,2.022E+11,3,ERGUE ARMEL  ROND POINT D',0,NULL,1,2,0,3,52,739,3,NULL,-1,1,9,1,50,
2.022E+11,5,6,2022,19:35:00,1,29,29232,1,6,1,3,Rond-Point d’Ergue-Armel,"479,836,638,132","-40,747,168,065",2.022E+11,723 815,B01,2,1,0,0,2,1,5,NULL,2.022E+11,979 365,723 815,B01,1,1,4,1,1996,5,2,-1,-1,-1,-1,-1,2.022E+11,3,ERGUE ARMEL  ROND POINT D',0,NULL,1,2,0,3,52,739,3,NULL,-1,1,9,1,50,
2.022E+11,6,1,2022,18:02:00,5,75,75111,2,3,1,3,BOULEVARD VOLTAIRE,"488,655,920,000","23,670,540,000",2.022E+11,722 751,B01,1,1,0,2,1,1,5,NULL,2.022E+11,977 968,722 749,A01,1,1,1,1,1960,5,1,0,-1,0,0,-1,2.022E+11,4,BOULEVARD VOLTAIRE,0,NULL,2,2,1,1,-1,-1,1,NULL,-1,1,-1,5,30,
2.022E+11,6,1,2022,18:02:00,5,75,75111,2,3,1,3,BOULEVARD VOLTAIRE,"488,655,920,000","23,670,540,000",2.022E+11,722 751,B01,1,1,0,2,1,1,5,NULL,2.022E+11,977 970,722 751,B01,1,1,4,2,1995,5,8,0,-1,0,0,-1,2.022E+11,4,BOULEVARD VOLTAIRE,0,NULL,2,2,1,1,-1,-1,1,NULL,-1,1,-1,5,30,
2.022E+11,20,4,2022,17:50:00,1,92,92002,2,1,1,6,AUBEPINE (RUE DE L'),"487,410,122,388","23,123,397,678",2.022E+11,721 845,B01,3,1,0,2,8,26,5,NULL,2.022E+11,976 716,721 842,A01,1,1,1,1,1994,0,8,0,-1,-1,-1,-1,2.022E+11,4,NULL,0,NULL,2,2,0,1,0,0,1,NULL,-1,1,0,1,30,
2.022E+11,20,4,2022,17:50:00,1,92,92002,2,1,1,6,AUBEPINE (RUE DE L'),"487,410,122,388","23,123,397,678",2.022E+11,721 845,B01,3,1,0,2,8,26,5,NULL,2.022E+11,976 719,721 845,B01,1,1,4,2,1971,3,8,0,-1,-1,-1,-1,2.022E+11,4,NULL,0,NULL,2,2,0,1,0,0,1,NULL,-1,1,0,1,30,
2.022E+11,13,2,2022,18:00:00,5,91,91549,2,3,1,3,JACQUES DUCLOS (AVENUE),"486,368,700,000","23,352,700,000",2.022E+11,720 607,A01,3,1,0,2,1,19,5,NULL,2.022E+11,975 028,720 607,A01,1,1,4,1,2005,5,8,0,-1,-1,-1,-1,2.022E+11,3,JACQUES DUCLOS (AVENUE),0,NULL,2,2,0,1,-1,-1,1,NULL,-1,1,5,1,50,
2.022E+11,13,2,2022,18:00:00,5,91,91549,2,3,1,3,JACQUES DUCLOS (AVENUE),"486,368,700,000","23,352,700,000",2.022E+11,720 607,A01,3,1,0,2,1,19,5,NULL,2.022E+11,975 038,720 614,B01,1,1,1,1,1990,4,1,0,-1,-1,-1,-1,2.022E+11,3,JACQUES DUCLOS (AVENUE),0,NULL,2,2,0,1,-1,-1,1,NULL,-1,1,5,1,50,
2.022E+11,3,1,2022,08:00:00,2,75,75112,2,3,8,2,RUE DE CHARENTON,"488,432,410,000","23,853,510,000",2.022E+11,719 332,A01,1,1,0,2,1,2,5,NULL,2.022E+11,973 286,719 329,B01,1,1,1,1,1962,1,1,0,-1,0,0,-1,2.022E+11,4,RUE DE CHARENTON,0,NULL,2,2,0,1,-1,-1,1,NULL,-1,1,0,1,30,
2.022E+11,3,1,2022,08:00:00,2,75,75112,2,3,8,2,RUE DE CHARENTON,"488,432,410,000","23,853,510,000",2.022E+11,719 332,A01,1,1,0,2,1,2,5,NULL,2.022E+11,973 289,719 332,A01,1,1,4,2,2002,9,2,0,-1,0,0,-1,2.022E+11,4,RUE DE CHARENTON,0,NULL,2,2,0,1,-1,-1,1,NULL,-1,1,0,1,30,
2.022E+11,6,6,2022,17:50:00,1,27,27229,2,3,1,1,JOSEPHINE (RUE),"490,237,100,000","11,434,000,000",2.022E+11,718 401,B01,1,1,0,2,2,5,5,NULL,2.022E+11,971 989,718 401,B01,1,1,4,1,2001,5,2,0,-1,0,0,-1,2.022E+11,4,JOSEPHINE (RUE),0,NULL,2,2,0,1,-1,-1,1,NULL,-1,1,0,1,50,
2.022E+11,6,6,2022,17:50:00,1,27,27229,2,3,1,1,JOSEPHINE (RUE),"490,237,100,000","11,434,000,000",2.022E+11,718 401,B01,1,1,0,2,2,5,5,NULL,2.022E+11,971 998,718 407,A01,1,1,1,2,1981,5,1,5,-1,0,0,-1,2.022E+11,4,JOSEPHINE (RUE),0,NULL,2,2,0,1,-1,-1,1,NULL,-1,1,0,1,50,
2.022E+11,11,8,2022,11:50:00,1,29,29153,1,1,1,2,D77- Lieu Dit Botquelen,"478,388,260,000","-37,944,330,000",2.022E+11,717 326,B01,1,1,0,2,4,2,5,NULL,2.022E+11,970 475,717 326,B01,1,1,3,1,1955,5,2,-1,-1,0,0,-1,2.022E+11,3,D77,-1,NULL,2,2,0,1,2,516,1,NULL,-1,1,0,1,80,
2.022E+11,11,8,2022,11:50:00,1,29,29153,1,1,1,2,D77- Lieu Dit Botquelen,"478,388,260,000","-37,944,330,000",2.022E+11,717 326,B01,1,1,0,2,4,2,5,NULL,2.022E+11,970 480,717 331,A01,1,1,1,2,1947,3,1,-1,-1,0,0,-1,2.022E+11,3,D77,-1,NULL,2,2,0,1,2,516,1,NULL,-1,1,0,1,80,
2.022E+11,25,11,2022,15:35:00,1,35,35281,2,1,1,1,DODIN (AVENUE ROGER),"480,838,100,000","-17,094,600,000",2.022E+11,717 299,B01,2,1,0,2,1,1,5,NULL,2.022E+11,970 439,717 299,B01,1,1,4,2,1960,5,8,-1,-1,0,0,-1,2.022E+11,7,NULL,0,NULL,3,4,1,1,24,290,1,NULL,-1,1,0,5,50,
2.022E+11,25,11,2022,15:35:00,1,35,35281,2,1,1,1,DODIN (AVENUE ROGER),"480,838,100,000","-17,094,600,000",2.022E+11,717 299,B01,2,1,0,2,1,1,5,NULL,2.022E+11,970 447,717 305,A01,1,1,1,1,2003,5,8,-1,-1,0,0,-1,2.022E+11,7,NULL,0,NULL,3,4,1,1,24,290,1,NULL,-1,1,0,5,50,
2.022E+11,25,11,2022,16:27:00,1,17,17415,2,1,8,3,SAINTONGE AVENUE DE,"457,408,400,000"," -0,6292800000",2.022E+11,716 893,B01,2,1,0,2,7,1,5,NULL,2.022E+11,969 898,716 889,A01,1,1,1,1,1991,5,1,0,-1,0,0,-1,2.022E+11,3,SAINTONGE BLANC. A APOTRES AVENUE DE,0,NULL,3,2,1,1,2,748,1,NULL,-1,1,0,5,30,
2.022E+11,25,11,2022,16:27:00,1,17,17415,2,1,8,3,SAINTONGE AVENUE DE,"457,408,400,000"," -0,6292800000",2.022E+11,716 893,B01,2,1,0,2,7,1,5,NULL,2.022E+11,969 906,716 893,B01,1,1,4,1,1948,0,8,0,-1,0,0,-1,2.022E+11,3,SAINTONGE BLANC. A APOTRES AVENUE DE,0,NULL,3,2,1,1,2,748,1,NULL,-1,1,0,5,30,
2.022E+11,2,8,2022,19:15:00,1,34,34042,1,1,1,2,D4,"438,828,950,000","37,030,600,000",2.022E+11,808 782,B01,1,1,0,2,4,1,5,NULL,2.022E+11,1 092 820,808 782,B01,1,1,4,1,1972,5,2,-1,-1,0,0,-1,2.022E+11,3,D4,-1,NULL,2,2,0,1,44,750,1,NULL,-1,1,0,1,80,
2.022E+11,2,8,2022,19:15:00,1,34,34042,1,1,1,2,D4,"438,828,950,000","37,030,600,000",2.022E+11,808 782,B01,1,1,0,2,4,1,5,NULL,2.022E+11,1 092 821,808 783,A01,1,1,1,1,1968,1,1,-1,-1,0,0,-1,2.022E+11,3,D4,-1,NULL,2,2,0,1,44,750,1,NULL,-1,1,0,1,80,
2.022E+11,5,8,2022,12:00:00,1,29,29019,2,3,1,2,rue Yves Collet,"483,922,920,000","-44,797,070,000",2.022E+11,808 670,A01,2,1,0,2,2,17,5,NULL,2.022E+11,1 092 657,808 670,A01,1,1,4,1,1999,4,2,-1,-1,-1,-1,-1,2.022E+11,4,COLLET YVES (DE 1 A 27 ET 2 A 26),0,NULL,-1,1,0,2,-1,-1,1,NULL,-1,1,0,1,50,
2.022E+11,5,8,2022,12:00:00,1,29,29019,2,3,1,2,rue Yves Collet,"483,922,920,000","-44,797,070,000",2.022E+11,808 670,A01,2,1,0,2,2,17,5,NULL,2.022E+11,1 092 658,808 671,B01,1,1,1,2,1953,5,1,-1,-1,-1,-1,-1,2.022E+11,4,COLLET YVES (DE 1 A 27 ET 2 A 26),0,NULL,-1,1,0,2,-1,-1,1,NULL,-1,1,0,1,50,
2.022E+11,3,6,2022,06:30:00,2,974,97407,2,2,1,3,LASSERVE ALEXANDRE(RUE),"-209,367,200,000","552,909,500,000",2.022E+11,808 396,B01,2,1,0,2,8,1,5,NULL,2.022E+11,1 092 269,808 393,A01,1,1,1,1,1997,9,1,0,-1,-1,-1,-1,2.022E+11,4,LASSERVE ALEXANDRE(RUE),0,NULL,3,1,1,1,0,0,1,NULL,-1,2,9,8,30,
2.022E+11,3,6,2022,06:30:00,2,974,97407,2,2,1,3,LASSERVE ALEXANDRE(RUE),"-209,367,200,000","552,909,500,000",2.022E+11,808 396,B01,2,1,0,2,8,1,5,NULL,2.022E+11,1 092 273,808 396,B01,1,1,4,1,1970,1,2,4,-1,-1,-1,-1,2.022E+11,4,LASSERVE ALEXANDRE(RUE),0,NULL,3,1,1,1,0,0,1,NULL,-1,2,9,8,30,
2.022E+11,2,6,2022,07:45:00,1,7,7116,2,6,1,3,NATIONALE (ROUTE),"446,452,200,000","43,693,100,000",2.022E+11,804 481,B01,2,1,0,2,8,2,5,NULL,2.022E+11,1 087 060,804 481,B01,1,1,4,1,1955,5,2,0,-1,-1,-1,-1,2.022E+11,2,RN 102,0,NULL,2,2,0,1,44,40,1,NULL,-1,1,0,1,70,
2.022E+11,2,6,2022,07:45:00,1,7,7116,2,6,1,3,NATIONALE (ROUTE),"446,452,200,000","43,693,100,000",2.022E+11,804 481,B01,2,1,0,2,8,2,5,NULL,2.022E+11,1 087 065,804 484,A01,1,1,1,1,1962,5,1,0,-1,-1,-1,-1,2.022E+11,2,RN 102,0,NULL,2,2,0,1,44,40,1,NULL,-1,1,0,1,70,
2.022E+11,22,3,2022,10:30:00,1,26,26139,1,6,1,3,Vachier de la Grand Pierre,"450,655,540,000","50,929,250,000",2.022E+11,804 095,B01,1,1,0,0,5,1,5,NULL,2.022E+11,1 086 548,804 093,A01,1,1,1,2,1998,4,1,-1,-1,0,0,-1,2.022E+11,3,123,-1,NULL,2,2,0,1,2,925,1,NULL,-1,1,0,1,80,
2.022E+11,22,3,2022,10:30:00,1,26,26139,1,6,1,3,Vachier de la Grand Pierre,"450,655,540,000","50,929,250,000",2.022E+11,804 095,B01,1,1,0,0,5,1,5,NULL,2.022E+11,1 086 550,804 095,B01,1,1,4,1,1958,5,0,-1,-1,0,0,-1,2.022E+11,3,123,-1,NULL,2,2,0,1,2,925,1,NULL,-1,1,0,1,80,
2.022E+11,28,12,2022,13:00:00,1,62,62133,2,7,2,3,Avenue de la République,"504,198,690,000","29,110,840,000",2.022E+11,804 003,B01,1,1,0,2,1,19,5,NULL,2.022E+11,1 086 438,804 003,B01,1,1,2,1,1946,5,2,0,-1,0,0,-1,2.022E+11,4,REPUBLIQUE (AV. DE LA),0,NULL,-1,1,0,1,-1,-1,1,NULL,-1,2,0,1,50,
2.022E+11,28,12,2022,13:00:00,1,62,62133,2,7,2,3,Avenue de la République,"504,198,690,000","29,110,840,000",2.022E+11,804 003,B01,1,1,0,2,1,19,5,NULL,2.022E+11,1 086 440,804 005,A01,1,1,3,2,1947,5,1,0,-1,0,0,-1,2.022E+11,4,REPUBLIQUE (AV. DE LA),0,NULL,-1,1,0,1,-1,-1,1,NULL,-1,2,0,1,50,
2.022E+11,1,7,2022,17:20:00,1,61,61001,2,1,1,1,FREDERIC MISTRAL (RUE),"484,301,000,000","0,0699500000",2.022E+11,802 656,Y01,3,1,0,2,8,19,5,NULL,2.022E+11,1 084 623,802 655,A01,1,1,1,2,1990,9,1,8,-1,-1,-1,-1,2.022E+11,4,FREDERIC MISTRAL (RUE),0,NULL,2,2,0,1,0,0,3,NULL,-1,1,0,1,50,
2.022E+11,1,7,2022,17:20:00,1,61,61001,2,1,1,1,FREDERIC MISTRAL (RUE),"484,301,000,000","0,0699500000",2.022E+11,802 656,Y01,3,1,0,2,8,19,5,NULL,2.022E+11,1 084 624,802 656,Y01,1,1,3,1,2011,9,0,0,-1,-1,-1,-1,2.022E+11,4,FREDERIC MISTRAL (RUE),0,NULL,2,2,0,1,0,0,3,NULL,-1,1,0,1,50,
2.022E+11,10,2,2022,05:27:00,5,69,69264,2,1,1,3,Place de la Gare,"459,843,700,000","47,204,300,000",2.022E+11,802 025,B01,0,1,15,2,1,25,5,NULL,2.022E+11,1 083 780,802 023,A01,1,1,4,2,1998,1,8,-1,-1,-1,-1,-1,2.022E+11,4,GARE PLACE DE LA,0,NULL,-1,0,0,1,-1,-1,1,NULL,-1,1,0,4,20,
2.022E+11,10,2,2022,05:27:00,5,69,69264,2,1,1,3,Place de la Gare,"459,843,700,000","47,204,300,000",2.022E+11,802 025,B01,0,1,15,2,1,25,5,NULL,2.022E+11,1 083 781,802 025,B01,1,1,1,-1,NULL,-1,8,-1,-1,-1,-1,-1,2.022E+11,4,GARE PLACE DE LA,0,NULL,-1,0,0,1,-1,-1,1,NULL,-1,1,0,4,20,
2.022E+11,29,6,2022,19:20:00,5,988,98818,2,9,1,3,ROND POINT IEKAWE,"-222,311,600,000","1,664,813,100,000",2.022E+11,795 923,B01,2,1,0,2,7,19,5,NULL,2.022E+11,1 075 759,795 921,A01,1,1,1,2,1991,1,1,8,-1,-1,-1,-1,2.022E+11,4,ROND POINT IEKAWE,0,NULL,1,1,0,1,0,0,1,NULL,-1,1,0,1,50,
2.022E+11,29,6,2022,19:20:00,5,988,98818,2,9,1,3,ROND POINT IEKAWE,"-222,311,600,000","1,664,813,100,000",2.022E+11,795 923,B01,2,1,0,2,7,19,5,NULL,2.022E+11,1 075 762,795 923,B01,1,1,3,1,1969,1,8,0,-1,-1,-1,-1,2.022E+11,4,ROND POINT IEKAWE,0,NULL,1,1,0,1,0,0,1,NULL,-1,1,0,1,50,
2.022E+11,30,6,2022,15:20:00,1,75,75116,2,1,8,6,AVENUE DE NEW YORK,"488,621,570,000","22,935,020,000",2.022E+11,795 521,A01,3,1,0,1,1,1,5,NULL,2.022E+11,1 075 227,795 521,A01,10,3,4,2,1968,9,0,-1,-1,5,1,1,2.022E+11,4,AVENUE DE NEW YORK,0,NULL,2,-1,1,1,-1,-1,1,NULL,-1,1,-1,5,25,
2.022E+11,30,6,2022,15:20:00,1,75,75116,2,1,8,6,AVENUE DE NEW YORK,"488,621,570,000","22,935,020,000",2.022E+11,795 521,A01,3,1,0,1,1,1,5,NULL,2.022E+11,1 075 229,795 521,A01,1,1,1,1,1964,9,2,0,-1,0,0,-1,2.022E+11,4,AVENUE DE NEW YORK,0,NULL,2,-1,1,1,-1,-1,1,NULL,-1,1,-1,5,25,
2.022E+11,6,2,2022,11:18:00,1,56,56162,1,6,2,3,PENESCLUZ,"477,506,500,000","-34,190,400,000",2.022E+11,792 741,B01,1,1,0,2,5,1,5,NULL,2.022E+11,1 071 601,792 741,B01,1,1,4,1,1965,5,2,8,-1,-1,-1,-1,2.022E+11,3,PENESCLUZ,0,NULL,2,2,0,1,0,1,1,NULL,-1,2,5,1,50,
2.022E+11,6,2,2022,11:18:00,1,56,56162,1,6,2,3,PENESCLUZ,"477,506,500,000","-34,190,400,000",2.022E+11,792 741,B01,1,1,0,2,5,1,5,NULL,2.022E+11,1 071 602,792 743,A01,1,1,1,2,1984,5,1,8,-1,-1,-1,-1,2.022E+11,3,PENESCLUZ,0,NULL,2,2,0,1,0,1,1,NULL,-1,2,5,1,50,
2.022E+11,13,10,2022,19:15:00,5,75,75111,2,1,2,3,BOULEVARD VOLTAIRE,"488,497,020,000","23,937,710,000",2.022E+11,792 104,B01,2,1,0,2,1,1,5,NULL,2.022E+11,1 070 740,792 103,A01,1,1,4,1,1991,9,2,8,-1,0,0,-1,2.022E+11,4,BOULEVARD VOLTAIRE,0,NULL,2,4,1,1,-1,-1,1,NULL,-1,2,-1,5,30,
2.022E+11,13,10,2022,19:15:00,5,75,75111,2,1,2,3,BOULEVARD VOLTAIRE,"488,497,020,000","23,937,710,000",2.022E+11,792 104,B01,2,1,0,2,1,1,5,NULL,2.022E+11,1 070 741,792 104,B01,1,1,1,1,1988,1,8,0,-1,0,0,-1,2.022E+11,4,BOULEVARD VOLTAIRE,0,NULL,2,4,1,1,-1,-1,1,NULL,-1,2,-1,5,30,
2.022E+11,29,6,2022,09:50:00,1,70,70248,1,1,1,3,D16,"476,598,050,000","67,356,810,000",2.022E+11,791 929,B01,1,1,0,2,1,2,5,NULL,2.022E+11,1 070 526,791 929,B01,1,1,3,1,1958,5,2,6,-1,0,0,-1,2.022E+11,3,16,-1,D,2,2,0,1,12,145,4,NULL,-1,1,0,3,70,
2.022E+11,29,6,2022,09:50:00,1,70,70248,1,1,1,3,D16,"476,598,050,000","67,356,810,000",2.022E+11,791 929,B01,1,1,0,2,1,2,5,NULL,2.022E+11,1 070 527,791 930,A01,1,1,1,1,1969,4,0,-1,-1,0,0,-1,2.022E+11,3,16,-1,D,2,2,0,1,12,145,4,NULL,-1,1,0,3,70,
2.022E+11,9,9,2022,08:00:00,2,69,69387,2,2,1,3,Avenue Jean Jaurès,"457,381,000,000","48,377,500,000",2.022E+11,790 406,B01,3,1,0,2,0,0,5,NULL,2.022E+11,1 068 409,790 406,B01,1,1,4,1,1990,1,8,-1,-1,0,0,-1,2.022E+11,4,NULL,0,NULL,2,2,3,1,-1,-1,1,NULL,-1,1,0,8,50,
2.022E+11,9,9,2022,08:00:00,2,69,69387,2,2,1,3,Avenue Jean Jaurès,"457,381,000,000","48,377,500,000",2.022E+11,790 406,B01,3,1,0,2,0,0,5,NULL,2.022E+11,1 068 414,790 409,A01,1,1,1,2,NULL,0,8,-1,-1,-1,-1,-1,2.022E+11,4,NULL,0,NULL,2,2,3,1,-1,-1,1,NULL,-1,1,0,8,50,
2.022E+11,28,7,2022,08:10:00,1,5,5061,2,6,1,3,CHARLES AUROUZE ( RUE ),"445,637,907,492","60,785,937,309",2.022E+11,784 496,B01,3,1,0,2,1,1,5,NULL,2.022E+11,1 060 472,784 495,A01,1,1,1,1,1968,1,1,-1,-1,0,0,-1,2.022E+11,4,CHARLES AUROUZE ( RUE ),0,NULL,2,2,0,1,0,1,1,NULL,-1,1,5,1,50,
2.022E+11,28,7,2022,08:10:00,1,5,5061,2,6,1,3,CHARLES AUROUZE ( RUE ),"445,637,907,492","60,785,937,309",2.022E+11,784 496,B01,3,1,0,2,1,1,5,NULL,2.022E+11,1 060 473,784 496,B01,1,1,4,2,1962,9,8,-1,-1,0,0,-1,2.022E+11,4,CHARLES AUROUZE ( RUE ),0,NULL,2,2,0,1,0,1,1,NULL,-1,1,5,1,50,
2.022E+11,3,9,2022,11:56:00,1,66,66136,1,6,1,6,NULL,"426,582,228,249","28,846,675,158",2.022E+11,783 460,B01,3,1,0,2,1,1,5,NULL,2.022E+11,1 059 100,783 460,B01,1,1,4,1,1973,5,2,8,-1,-1,-1,-1,2.022E+11,3,D91,0,NULL,3,2,0,1,0,500,1,NULL,-1,1,0,1,30,
2.022E+11,3,9,2022,11:56:00,1,66,66136,1,6,1,6,NULL,"426,582,228,249","28,846,675,158",2.022E+11,783 460,B01,3,1,0,2,1,1,5,NULL,2.022E+11,1 059 105,783 465,A01,1,1,1,2,1936,3,1,8,-1,-1,-1,-1,2.022E+11,3,D91,0,NULL,3,2,0,1,0,500,1,NULL,-1,1,0,1,30,
2.022E+11,28,5,2022,13:30:00,1,93,93070,2,1,1,3,Quai de Seine,"489,157,100,000","23,225,600,000",2.022E+11,780 457,A01,2,1,0,2,3,13,5,NULL,2.022E+11,1 055 156,780 457,A01,1,1,4,1,1989,0,8,0,-1,-1,-1,-1,2.022E+11,3,SEINE (QUAI DE),0,NULL,2,3,0,1,0,1,1,NULL,-1,1,0,1,50,
2.022E+11,28,5,2022,13:30:00,1,93,93070,2,1,1,3,Quai de Seine,"489,157,100,000","23,225,600,000",2.022E+11,780 457,A01,2,1,0,2,3,13,5,NULL,2.022E+11,1 055 158,780 460,B01,1,1,1,1,1977,0,2,6,-1,-1,-1,-1,2.022E+11,3,SEINE (QUAI DE),0,NULL,2,3,0,1,0,1,1,NULL,-1,1,0,1,50,
2.022E+11,18,12,2022,15:15:00,1,75,75115,2,2,1,3,BOULEVARD DE GRENELLE,"488,491,486,085","22,980,120,778",2.022E+11,780 070,B01,1,1,0,2,2,1,5,NULL,2.022E+11,1 054 607,780 070,B01,1,1,4,1,1995,1,2,0,-1,-1,-1,-1,2.022E+11,4,BOULEVARD DE GRENELLE,0,NULL,1,2,1,1,-1,-1,1,NULL,-1,1,0,5,30,
2.022E+11,18,12,2022,15:15:00,1,75,75115,2,2,1,3,BOULEVARD DE GRENELLE,"488,491,486,085","22,980,120,778",2.022E+11,780 070,B01,1,1,0,2,2,1,5,NULL,2.022E+11,1 054 609,780 071,A01,1,1,1,1,1995,9,1,0,-1,-1,-1,-1,2.022E+11,4,BOULEVARD DE GRENELLE,0,NULL,1,2,1,1,-1,-1,1,NULL,-1,1,0,5,30,
2.022E+11,24,6,2022,10:40:00,1,75,75119,2,2,1,3,RUE SIGMUND FREUD,"488,860,060,000","23,981,670,000",2.022E+11,778 511,B01,3,1,0,2,1,1,5,NULL,2.022E+11,1 052 538,778 509,A01,1,1,1,1,1974,9,1,0,-1,0,0,-1,2.022E+11,4,RUE SIGMUND FREUD,0,NULL,2,3,1,4,-1,-1,2,NULL,-1,1,0,5,30,
2.022E+11,24,6,2022,10:40:00,1,75,75119,2,2,1,3,RUE SIGMUND FREUD,"488,860,060,000","23,981,670,000",2.022E+11,778 511,B01,3,1,0,2,1,1,5,NULL,2.022E+11,1 052 543,778 511,B01,1,1,4,2,1979,9,8,0,-1,0,0,-1,2.022E+11,4,RUE SIGMUND FREUD,0,NULL,2,3,1,4,-1,-1,2,NULL,-1,1,0,5,30,