Accident_Id,jour,mois,an,hrmn,lum,dep,com,agg,int,atm,col,adr,lat,long,Num_Acc,id_vehicule,num_veh,senc,catv,obs,obsm,choc,manv,motor,occutc,Num_Acc,id_usager,id_vehicule,num_veh,place,catu,grav,sexe,an_nais,trajet,secu1,secu2,secu3,locp,actp,etatp,Num_Acc,catr,voie,v1,v2,circ,nbv,vosp,prof,pr,pr1,plan,lartpc,larrout,surf,infra,situ,vma,
2.022E+11,5,9,2022,17:40:00,1,41,41161,1,1,3,2,RD 2020 PK 20,"474,832,500,000","20,394,660,000",2.022E+11,775 892,B01,2,1,0,0,4,2,5,NULL,2.022E+11,1 049 029,775 891,A01,1,1,1,1,1982,0,1,-1,-1,0,0,-1,2.022E+11,3,2020,0,D,2,2,0,1,21,200,1,NULL,-1,2,0,1,90,
2.022E+11,5,9,2022,17:40:00,1,41,41161,1,1,3,2,RD 2020 PK 20,"474,832,500,000","20,394,660,000",2.022E+11,775 892,B01,2,1,0,0,4,2,5,NULL,2.022E+11,1 049 030,775 892,B01,1,1,3,1,1986,0,2,4,-1,0,0,-1,2.022E+11,3,2020,0,D,2,2,0,1,21,200,1,NULL,-1,2,0,1,90,
2.022E+11,30,8,2022,17:10:00,1,93,93032,2,2,1,3,Allée des Chênes / Allee de la Dhuys,"488,945,000,000","25,396,700,000",2.022E+11,765 570,B01,2,1,0,2,2,1,5,NULL,2.022E+11,1 035 134,765 570,B01,1,1,4,1,1995,1,2,8,-1,-1,-1,-1,2.022E+11,4,CHENES (ALLEE DES),0,NULL,1,1,0,1,1,0,1,NULL,-1,1,0,1,50,
2.022E+11,30,8,2022,17:10:00,1,93,93032,2,2,1,3,Allée des Chênes / Allee de la Dhuys,"488,945,000,000","25,396,700,000",2.022E+11,765 570,B01,2,1,0,2,2,1,5,NULL,2.022E+11,1 035 135,765 571,A01,1,1,1,2,1957,0,8,0,-1,-1,-1,-1,2.022E+11,4,CHENES (ALLEE DES),0,NULL,1,1,0,1,1,0,1,NULL,-1,1,0,1,50,
2.022E+11,22,6,2022,14:00:00,1,65,65006,1,1,1,7,D113,"428,803,670,000","0,3214360000",2.022E+11,765 436,A01,2,1,0,0,8,1,5,NULL,2.022E+11,1 034 960,765 436,A01,1,1,4,1,1992,5,2,-1,-1,0,0,-1,2.022E+11,3,113,0,D,2,2,0,2,2,930,1,NULL,-1,9,0,1,80,
2.022E+11,20,7,2022,19:00:00,1,44,44109,2,6,1,3,8 Boulevard Maréchal Alphonse Juin,"471,978,000,000","-15,945,000,000",2.022E+11,762 719,B01,0,1,0,2,1,26,5,NULL,2.022E+11,1 031 420,762 719,B01,1,1,4,2,1997,0,2,0,-1,-1,-1,-1,2.022E+11,4,BOULEVARD MARECHAL ALPHONSE JUIN,0,NULL,3,4,3,1,-1,-1,1,NULL,-1,1,0,1,50,
2.022E+11,20,7,2022,19:00:00,1,44,44109,2,6,1,3,8 Boulevard Maréchal Alphonse Juin,"471,978,000,000","-15,945,000,000",2.022E+11,762 719,B01,0,1,0,2,1,26,5,NULL,2.022E+11,1 031 421,762 720,A01,1,1,1,1,1994,0,1,0,-1,-1,-1,-1,2.022E+11,4,BOULEVARD MARECHAL ALPHONSE JUIN,0,NULL,3,4,3,1,-1,-1,1,NULL,-1,1,0,1,50,
2.022E+11,8,11,2022,19:00:00,5,75,75115,2,2,1,2,BOULEVARD LEFEBVRE,"488,308,440,000","22,923,080,000",2.022E+11,760 810,B01,1,1,0,2,4,14,5,NULL,2.022E+11,1 028 911,760 810,B01,1,1,4,1,1991,5,2,0,-1,0,0,-1,2.022E+11,4,BOULEVARD LEFEBVRE,0,NULL,1,1,1,3,-1,-1,1,NULL,-1,1,0,5,30,
2.022E+11,8,11,2022,19:00:00,5,75,75115,2,2,1,2,BOULEVARD LEFEBVRE,"488,308,440,000","22,923,080,000",2.022E+11,760 811,A01,1,1,0,2,1,18,5,NULL,2.022E+11,1 028 911,760 810,B01,1,1,4,1,1991,5,2,0,-1,0,0,-1,2.022E+11,4,BOULEVARD LEFEBVRE,0,NULL,1,1,1,3,-1,-1,1,NULL,-1,1,0,5,30,
2.022E+11,8,11,2022,19:00:00,5,75,75115,2,2,1,2,BOULEVARD LEFEBVRE,"488,308,440,000","22,923,080,000",2.022E+11,760 810,B01,1,1,0,2,4,14,5,NULL,2.022E+11,1 028 912,760 811,A01,1,1,1,1,1981,5,2,0,-1,0,0,-1,2.022E+11,4,BOULEVARD LEFEBVRE,0,NULL,1,1,1,3,-1,-1,1,NULL,-1,1,0,5,30,
2.022E+11,8,11,2022,19:00:00,5,75,75115,2,2,1,2,BOULEVARD LEFEBVRE,"488,308,440,000","22,923,080,000",2.022E+11,760 811,A01,1,1,0,2,1,18,5,NULL,2.022E+11,1 028 912,760 811,A01,1,1,1,1,1981,5,2,0,-1,0,0,-1,2.022E+11,4,BOULEVARD LEFEBVRE,0,NULL,1,1,1,3,-1,-1,1,NULL,-1,1,0,5,30,
2.022E+11,3,10,2022,14:50:00,1,42,42206,1,4,1,2,Route de Saint-galmier,"455,586,180,000","43,199,340,000",2.022E+11,760 142,A01,0,1,0,2,1,2,5,NULL,2.022E+11,1 028 032,760 142,A01,1,1,2,1,1931,5,2,-1,-1,0,0,-1,2.022E+11,7,10,-1,NULL,2,2,0,1,31,260,1,NULL,4,1,0,1,80,
2.022E+11,3,10,2022,14:50:00,1,42,42206,1,4,1,2,Route de Saint-galmier,"455,586,180,000","43,199,340,000",2.022E+11,760 143,B01,0,1,0,2,4,2,5,NULL,2.022E+11,1 028 032,760 142,A01,1,1,2,1,1931,5,2,-1,-1,0,0,-1,2.022E+11,7,10,-1,NULL,2,2,0,1,31,260,1,NULL,4,1,0,1,80,
2.022E+11,3,10,2022,14:50:00,1,42,42206,1,4,1,2,Route de Saint-galmier,"455,586,180,000","43,199,340,000",2.022E+11,760 142,A01,0,1,0,2,1,2,5,NULL,2.022E+11,1 028 033,760 143,B01,1,1,4,1,1949,5,2,-1,-1,0,0,-1,2.022E+11,7,10,-1,NULL,2,2,0,1,31,260,1,NULL,4,1,0,1,80,
2.022E+11,3,10,2022,14:50:00,1,42,42206,1,4,1,2,Route de Saint-galmier,"455,586,180,000","43,199,340,000",2.022E+11,760 143,B01,0,1,0,2,4,2,5,NULL,2.022E+11,1 028 033,760 143,B01,1,1,4,1,1949,5,2,-1,-1,0,0,-1,2.022E+11,7,10,-1,NULL,2,2,0,1,31,260,1,NULL,4,1,0,1,80,
2.022E+11,20,7,2022,08:20:00,1,11,11202,1,1,1,3,D627,"428,982,700,000","30,486,520,000",2.022E+11,759 787,B01,1,1,0,2,8,2,5,NULL,2.022E+11,1 027 578,759 787,B01,1,1,3,1,1963,5,2,-1,-1,0,0,-1,2.022E+11,3,NULL,-1,D,2,2,0,1,8,500,1,NULL,-1,1,0,1,80,
2.022E+11,20,7,2022,08:20:00,1,11,11202,1,1,1,3,D627,"428,982,700,000","30,486,520,000",2.022E+11,759 787,B01,1,1,0,2,8,2,5,NULL,2.022E+11,1 027 580,759 788,A01,1,1,1,1,2000,4,1,-1,-1,0,0,-1,2.022E+11,3,NULL,-1,D,2,2,0,1,8,500,1,NULL,-1,1,0,1,80,
2.022E+11,23,1,2022,11:55:00,1,75,75103,2,2,8,7,RUE SAINT GILLES,"488,581,570,000","23,644,860,000",2.022E+11,758 457,A01,2,1,0,0,8,26,5,NULL,2.022E+11,1 025 819,758 457,A01,1,1,4,2,1943,5,2,6,-1,0,0,-1,2.022E+11,4,RUE SAINT GILLES,0,NULL,1,1,0,1,-1,-1,1,NULL,-1,1,0,1,30,
2.022E+11,10,12,2022,11:40:00,1,93,93071,2,1,1,1,Rue Gabriel Péri,"489,427,300,000","25,327,910,000",2.022E+11,756 186,B01,2,1,0,2,1,19,5,NULL,2.022E+11,1 022 742,756 184,A01,1,1,1,2,1967,1,2,8,-1,0,0,-1,2.022E+11,4,GABRIEL PERI (RUE),0,NULL,2,2,0,1,0,0,1,NULL,-1,1,0,1,50,
2.022E+11,10,12,2022,11:40:00,1,93,93071,2,1,1,1,Rue Gabriel Péri,"489,427,300,000","25,327,910,000",2.022E+11,756 186,B01,2,1,0,2,1,19,5,NULL,2.022E+11,1 022 744,756 186,B01,1,1,4,1,2008,3,8,0,-1,0,0,-1,2.022E+11,4,GABRIEL PERI (RUE),0,NULL,2,2,0,1,0,0,1,NULL,-1,1,0,1,50,
2.022E+11,19,1,2022,12:30:00,1,54,54547,2,1,1,2,LECLERC (AV. DU GENERAL 26 A 172),"486,669,100,000","61,665,500,000",2.022E+11,755 129,B01,1,1,0,9,4,1,5,NULL,2.022E+11,1 021 290,755 129,B01,1,1,1,1,1995,1,8,0,-1,0,0,-1,2.022E+11,4,LECLERC (AV. DU GENERAL 26 A 172),0,NULL,2,2,3,1,-1,-1,1,NULL,-1,1,0,1,50,
2.022E+11,19,1,2022,12:30:00,1,54,54547,2,1,1,2,LECLERC (AV. DU GENERAL 26 A 172),"486,669,100,000","61,665,500,000",2.022E+11,755 129,B01,1,1,0,9,4,1,5,NULL,2.022E+11,1 021 292,755 130,A01,1,1,4,2,2004,0,8,0,-1,0,0,-1,2.022E+11,4,LECLERC (AV. DU GENERAL 26 A 172),0,NULL,2,2,3,1,-1,-1,1,NULL,-1,1,0,1,50,
2.022E+11,11,8,2022,16:20:00,1,92,92036,2,1,1,1,VILLEBOIS MAREUIL (RUE),"489,351,900,000","22,971,600,000",2.022E+11,752 240,B01,0,1,-1,-1,0,1,5,NULL,2.022E+11,1 017 343,752 239,Z01,1,1,1,-1,NULL,-1,8,8,8,-1,-1,-1,2.022E+11,4,NULL,-1,NULL,2,2,-1,1,-1,-1,1,NULL,5,1,0,1,-1,
2.022E+11,11,8,2022,16:20:00,1,92,92036,2,1,1,1,VILLEBOIS MAREUIL (RUE),"489,351,900,000","22,971,600,000",2.022E+11,752 240,B01,0,1,-1,-1,0,1,5,NULL,2.022E+11,1 017 345,752 240,B01,1,1,4,1,1983,0,0,-1,-1,-1,-1,-1,2.022E+11,4,NULL,-1,NULL,2,2,-1,1,-1,-1,1,NULL,5,1,0,1,-1,
2.022E+11,28,2,2022,08:50:00,1,92,92040,2,1,1,3,ROUGET DE L'ISLE,"488,291,522,788","22,636,336,684",2.022E+11,751 306,B01,1,1,1,0,2,17,5,NULL,2.022E+11,1 016 102,751 306,B01,1,1,4,1,1976,0,8,0,-1,-1,-1,-1,2.022E+11,3,50,0,NULL,3,3,1,1,0,0,1,NULL,-1,1,9,5,50,
2.022E+11,28,2,2022,08:50:00,1,92,92040,2,1,1,3,ROUGET DE L'ISLE,"488,291,522,788","22,636,336,684",2.022E+11,751 306,B01,1,1,1,0,2,17,5,NULL,2.022E+11,1 016 105,751 309,A01,1,1,1,1,1978,0,8,0,-1,-1,-1,-1,2.022E+11,3,50,0,NULL,3,3,1,1,0,0,1,NULL,-1,1,9,5,50,
2.022E+11,25,2,2022,15:55:00,1,94,94041,2,1,1,3,122 Rue Marcel Hartmann,"488,085,360,000","23,813,500,000",2.022E+11,744 430,A01,1,1,0,2,8,19,5,NULL,2.022E+11,1 006 927,744 429,B01,1,1,1,1,1961,5,1,0,-1,-1,-1,-1,2.022E+11,3,MARCEL HARTMANN (R),0,NULL,1,1,0,1,0,0,1,NULL,-1,1,0,1,50,
2.022E+11,25,2,2022,15:55:00,1,94,94041,2,1,1,3,122 Rue Marcel Hartmann,"488,085,360,000","23,813,500,000",2.022E+11,744 430,A01,1,1,0,2,8,19,5,NULL,2.022E+11,1 006 929,744 430,A01,1,1,4,2,2001,4,0,0,-1,-1,-1,-1,2.022E+11,3,MARCEL HARTMANN (R),0,NULL,1,1,0,1,0,0,1,NULL,-1,1,0,1,50,
2.022E+11,24,9,2022,10:30:00,1,69,69118,2,1,1,2,Rue de Provence,"455,602,330,000","48,129,340,000",2.022E+11,738 969,B01,2,1,0,2,1,1,0,NULL,2.022E+11,999 473,738 969,B01,1,1,3,1,1951,5,2,9,-1,0,0,-1,2.022E+11,4,NULL,-1,NULL,2,2,1,1,-1,-1,1,NULL,5,1,0,1,50,
2.022E+11,24,9,2022,10:30:00,1,69,69118,2,1,1,2,Rue de Provence,"455,602,330,000","48,129,340,000",2.022E+11,738 969,B01,2,1,0,2,1,1,0,NULL,2.022E+11,999 475,738 971,A01,1,1,1,1,2006,9,1,-1,-1,0,0,-1,2.022E+11,4,NULL,-1,NULL,2,2,1,1,-1,-1,1,NULL,5,1,0,1,50,
2.022E+11,24,9,2022,10:30:00,1,69,69118,2,1,1,2,Rue de Provence,"455,602,330,000","48,129,340,000",2.022E+11,738 969,B01,2,1,0,2,1,1,0,NULL,2.022E+11,999 476,738 971,A01,2,2,1,2,1973,4,1,-1,-1,0,0,-1,2.022E+11,4,NULL,-1,NULL,2,2,1,1,-1,-1,1,NULL,5,1,0,1,50,
2.022E+11,22,2,2022,12:15:00,1,29,29019,2,1,1,3,Rue Claire de Duras,"484,141,770,000","-45,085,560,000",2.022E+11,737 884,B01,1,1,0,2,1,1,5,NULL,2.022E+11,997 978,737 883,A01,1,1,1,2,1962,5,1,-1,-1,-1,-1,-1,2.022E+11,4,CLAIRE DE DURAS (RTE),0,NULL,-1,2,0,1,-1,-1,1,NULL,-1,1,0,1,50,
2.022E+11,22,2,2022,12:15:00,1,29,29019,2,1,1,3,Rue Claire de Duras,"484,141,770,000","-45,085,560,000",2.022E+11,737 884,B01,1,1,0,2,1,1,5,NULL,2.022E+11,997 981,737 884,B01,1,1,4,1,2001,5,2,-1,-1,-1,-1,-1,2.022E+11,4,CLAIRE DE DURAS (RTE),0,NULL,-1,2,0,1,-1,-1,1,NULL,-1,1,0,1,50,
2.022E+11,2,12,2022,08:45:00,1,62,62849,2,1,1,1,D142E2,"504,013,240,000","16,468,360,000",2.022E+11,735 260,A01,1,1,0,2,1,1,5,NULL,2.022E+11,994 457,735 260,A01,1,1,4,1,2000,4,0,-1,-1,0,0,-1,2.022E+11,3,142,2,E,2,2,0,1,22,650,1,NULL,-1,1,0,1,50,
2.022E+11,2,12,2022,08:45:00,1,62,62849,2,1,1,1,D142E2,"504,013,240,000","16,468,360,000",2.022E+11,735 260,A01,1,1,0,2,1,1,5,NULL,2.022E+11,994 458,735 261,B01,1,1,1,1,2000,4,1,-1,-1,0,0,-1,2.022E+11,3,142,2,E,2,2,0,1,22,650,1,NULL,-1,1,0,1,50,
2.022E+11,21,2,2022,16:40:00,1,59,59051,2,2,1,1,Avenue Carnot,"505,333,810,000","28,069,640,000",2.022E+11,734 020,B01,1,1,0,2,1,1,5,NULL,2.022E+11,992 790,734 018,A01,1,1,1,1,1969,1,1,-1,-1,0,0,-1,2.022E+11,4,NULL,-1,NULL,2,2,0,1,-1,-1,1,NULL,4,1,0,1,50,
2.022E+11,21,2,2022,16:40:00,1,59,59051,2,2,1,1,Avenue Carnot,"505,333,810,000","28,069,640,000",2.022E+11,734 020,B01,1,1,0,2,1,1,5,NULL,2.022E+11,992 795,734 020,B01,1,1,3,1,1941,5,0,-1,-1,0,0,-1,2.022E+11,4,NULL,-1,NULL,2,2,0,1,-1,-1,1,NULL,4,1,0,1,50,
2.022E+11,20,2,2022,05:38:00,5,75,75109,2,2,1,3,RUE DE BELLEFOND,"488,774,260,000","23,490,920,000",2.022E+11,733 587,A01,2,1,0,2,2,1,5,NULL,2.022E+11,992 182,733 587,A01,1,1,4,1,1997,9,8,0,-1,0,0,-1,2.022E+11,4,RUE DU FAUBOURG POISSONNIERE,0,NULL,1,1,0,1,-1,-1,1,NULL,-1,1,0,1,30,
2.022E+11,20,2,2022,05:38:00,5,75,75109,2,2,1,3,RUE DE BELLEFOND,"488,774,260,000","23,490,920,000",2.022E+11,733 587,A01,2,1,0,2,2,1,5,NULL,2.022E+11,992 186,733 591,B01,1,1,4,1,1992,9,2,0,-1,0,0,-1,2.022E+11,4,RUE DU FAUBOURG POISSONNIERE,0,NULL,1,1,0,1,-1,-1,1,NULL,-1,1,0,1,30,
2.022E+11,7,10,2022,18:30:00,1,84,84007,2,3,1,1,PAMARD (Rue Paul),"439,291,000,000","48,181,000,000",2.022E+11,730 326,A01,3,1,0,2,1,16,5,NULL,2.022E+11,987 912,730 322,B01,1,1,1,1,1966,5,1,0,-1,-1,-1,-1,2.022E+11,4,PAMARD (Rue Paul),0,NULL,1,1,2,1,0,1,1,NULL,-1,1,0,1,30,
2.022E+11,7,10,2022,18:30:00,1,84,84007,2,3,1,1,PAMARD (Rue Paul),"439,291,000,000","48,181,000,000",2.022E+11,730 326,A01,3,1,0,2,1,16,5,NULL,2.022E+11,987 916,730 326,A01,1,1,3,1,1992,0,8,0,-1,-1,-1,-1,2.022E+11,4,PAMARD (Rue Paul),0,NULL,1,1,2,1,0,1,1,NULL,-1,1,0,1,30,
2.022E+11,11,5,2022,16:40:00,1,92,92050,2,2,1,3,BARBET RAYMOND RUE,"488,938,826,106","22,019,892,633",2.022E+11,729 952,B01,2,1,0,2,1,1,5,NULL,2.022E+11,987 433,729 952,B01,1,1,4,2,1994,5,8,0,-1,-1,-1,-1,2.022E+11,4,NULL,0,NULL,2,1,1,1,0,0,1,NULL,-1,1,0,5,50,
2.022E+11,11,5,2022,16:40:00,1,92,92050,2,2,1,3,BARBET RAYMOND RUE,"488,938,826,106","22,019,892,633",2.022E+11,729 952,B01,2,1,0,2,1,1,5,NULL,2.022E+11,987 434,729 953,A01,1,1,1,1,1997,1,1,0,-1,-1,-1,-1,2.022E+11,4,NULL,0,NULL,2,1,1,1,0,0,1,NULL,-1,1,0,5,50,
2.022E+11,12,5,2022,13:28:00,1,59,59258,2,1,1,3,1441 Route de Cobrieux,"505,419,320,000","32,222,840,000",2.022E+11,729 718,A01,1,1,0,2,3,13,5,NULL,2.022E+11,987 127,729 718,A01,1,1,4,1,1973,5,2,-1,-1,0,0,-1,2.022E+11,4,93,0,A,2,2,0,1,-1,-1,3,NULL,-1,1,0,1,50,
2.022E+11,12,5,2022,13:28:00,1,59,59258,2,1,1,3,1441 Route de Cobrieux,"505,419,320,000","32,222,840,000",2.022E+11,729 718,A01,1,1,0,2,3,13,5,NULL,2.022E+11,987 128,729 719,B01,1,1,1,1,1950,0,1,-1,-1,0,0,-1,2.022E+11,4,93,0,A,2,2,0,1,-1,-1,3,NULL,-1,1,0,1,50,
2.022E+11,9,7,2022,13:45:00,1,75,75115,2,2,1,3,RUE DE VAUGIRARD,"488,429,910,000","23,127,880,000",2.022E+11,725 617,B01,1,1,0,2,1,1,5,NULL,2.022E+11,981 749,725 614,A01,1,1,1,-1,NULL,-1,8,0,-1,0,0,-1,2.022E+11,4,RUE DE VAUGIRARD,0,NULL,1,1,1,1,-1,-1,1,NULL,-1,1,-1,5,30,
2.022E+11,9,7,2022,13:45:00,1,75,75115,2,2,1,3,RUE DE VAUGIRARD,"488,429,910,000","23,127,880,000",2.022E+11,725 617,B01,1,1,0,2,1,1,5,NULL,2.022E+11,981 752,725 617,B01,1,1,4,1,2000,9,2,0,-1,0,0,-1,2.022E+11,4,RUE DE VAUGIRARD,0,NULL,1,1,1,1,-1,-1,1,NULL,-1,1,-1,5,30,
2.022E+11,25,3,2022,17:00:00,1,31,31149,2,3,1,3,ADOUR (ALLEE DE L'),"436,050,335,809","13,214,197,755",2.022E+11,720 989,Y01,3,1,0,2,2,1,5,NULL,2.022E+11,975 559,720 989,Y01,1,1,4,1,1998,0,8,0,-1,-1,-1,-1,2.022E+11,4,ADOUR (ALLEE DE L'),0,NULL,2,2,0,1,-1,-1,1,NULL,-1,1,0,1,50,
2.022E+11,25,3,2022,17:00:00,1,31,31149,2,3,1,3,ADOUR (ALLEE DE L'),"436,050,335,809","13,214,197,755",2.022E+11,720 989,Y01,3,1,0,2,2,1,5,NULL,2.022E+11,975 567,720 994,A01,1,1,1,2,1974,5,1,8,-1,-1,-1,-1,2.022E+11,4,ADOUR (ALLEE DE L'),0,NULL,2,2,0,1,-1,-1,1,NULL,-1,1,0,1,50,
2.022E+11,3,5,2022,16:15:00,1,10,10003,2,1,1,1,Rue Pierre Brossolette,"482,230,930,000","37,335,600,000",2.022E+11,807 931,B01,2,1,0,2,1,1,5,NULL,2.022E+11,1 091 651,807 929,A01,1,1,1,1,1949,3,1,-1,-1,0,0,-1,2.022E+11,3,31,-1,NULL,2,2,0,4,10,870,1,NULL,-1,1,0,1,50,
2.022E+11,3,5,2022,16:15:00,1,10,10003,2,1,1,1,Rue Pierre Brossolette,"482,230,930,000","37,335,600,000",2.022E+11,807 931,B01,2,1,0,2,1,1,5,NULL,2.022E+11,1 091 654,807 931,B01,1,1,3,1,2002,5,2,-1,-1,0,0,-1,2.022E+11,3,31,-1,NULL,2,2,0,4,10,870,1,NULL,-1,1,0,1,50,
2.022E+11,22,3,2022,10:59:00,1,92,92022,2,1,1,3,SALENGRO (AVENUE ROGER),"488,163,323,374","21,945,429,146",2.022E+11,807 080,B01,2,1,12,2,8,1,5,NULL,2.022E+11,1 090 513,807 080,B01,1,1,4,2,1968,1,2,8,-1,0,0,-1,2.022E+11,3,910,0,NULL,-1,4,1,1,0,0,1,NULL,-1,1,0,5,50,
2.022E+11,22,3,2022,10:59:00,1,92,92022,2,1,1,3,SALENGRO (AVENUE ROGER),"488,163,323,374","21,945,429,146",2.022E+11,807 080,B01,2,1,12,2,8,1,5,NULL,2.022E+11,1 090 515,807 083,A01,1,1,1,1,1998,4,8,0,-1,0,0,-1,2.022E+11,3,910,0,NULL,-1,4,1,1,0,0,1,NULL,-1,1,0,5,50,
2.022E+11,3,6,2022,15:35:00,1,75,75115,2,2,2,7,BOULEVARD PASTEUR,"488,428,680,000","23,123,810,000",2.022E+11,804 130,A01,1,1,0,0,0,1,5,NULL,2.022E+11,1 086 592,804 130,A01,1,1,4,2,1972,5,8,0,-1,0,0,-1,2.022E+11,4,BOULEVARD PASTEUR,0,NULL,3,3,1,2,-1,-1,1,NULL,-1,2,-1,5,30,
2.022E+11,28,12,2022,16:03:00,1,54,54431,2,7,1,3,JOFFRE (RUE DU MARECHAL),"489,031,800,000","60,557,800,000",2.022E+11,803 966,B01,2,1,0,2,5,1,5,NULL,2.022E+11,1 086 390,803 965,A01,1,1,1,1,1985,5,1,0,-1,0,0,-1,2.022E+11,3,JOFFRE (RUE DU MARECHAL),0,NULL,2,-1,0,1,-1,-1,3,NULL,-1,1,9,1,50,
2.022E+11,28,12,2022,16:03:00,1,54,54431,2,7,1,3,JOFFRE (RUE DU MARECHAL),"489,031,800,000","60,557,800,000",2.022E+11,803 966,B01,2,1,0,2,5,1,5,NULL,2.022E+11,1 086 392,803 966,B01,1,1,4,1,1961,5,8,0,-1,0,0,-1,2.022E+11,3,JOFFRE (RUE DU MARECHAL),0,NULL,2,-1,0,1,-1,-1,3,NULL,-1,1,9,1,50,
2.022E+11,13,9,2022,08:13:00,1,78,78440,2,3,1,3,COQUETIERS (RUE DES),"489,929,900,000","19,201,200,000",2.022E+11,799 949,A01,0,1,0,2,1,25,5,NULL,2.022E+11,1 081 065,799 948,B01,1,1,1,2,1988,2,1,0,-1,-1,-1,-1,2.022E+11,4,COQUETIERS (RUE DES),0,NULL,2,2,0,1,-1,-1,1,NULL,-1,1,0,4,50,
2.022E+11,13,9,2022,08:13:00,1,78,78440,2,3,1,3,COQUETIERS (RUE DES),"489,929,900,000","19,201,200,000",2.022E+11,799 949,A01,0,1,0,2,1,25,5,NULL,2.022E+11,1 081 066,799 949,A01,1,1,4,1,1989,1,8,0,-1,-1,-1,-1,2.022E+11,4,COQUETIERS (RUE DES),0,NULL,2,2,0,1,-1,-1,1,NULL,-1,1,0,4,50,
2.022E+11,15,11,2022,17:45:00,5,1,1014,2,3,2,3,TUILERIE ( RUE DE LA ),"462,725,900,000","56,660,920,000",2.022E+11,797 426,B01,1,1,0,0,4,1,5,NULL,2.022E+11,1 077 786,797 422,A01,1,1,1,1,1970,5,1,8,-1,0,0,-1,2.022E+11,4,TUILERIE ( RUE DE LA ),0,NULL,2,2,0,3,-1,-1,4,NULL,-1,2,0,1,50,
2.022E+11,15,11,2022,17:45:00,5,1,1014,2,3,2,3,TUILERIE ( RUE DE LA ),"462,725,900,000","56,660,920,000",2.022E+11,797 426,B01,1,1,0,0,4,1,5,NULL,2.022E+11,1 077 791,797 426,B01,1,1,3,1,2003,5,8,0,-1,0,0,-1,2.022E+11,4,TUILERIE ( RUE DE LA ),0,NULL,2,2,0,3,-1,-1,4,NULL,-1,2,0,1,50,
2.022E+11,9,2,2022,21:00:00,3,13,13027,1,4,1,1,RD571 route d'Avignon,"438,955,500,000","48,189,960,000",2.022E+11,796 026,B01,1,1,0,2,1,1,5,NULL,2.022E+11,1 075 892,796 026,B01,1,1,2,1,1973,5,0,-1,-1,0,0,-1,2.022E+11,3,571,0,NULL,2,2,0,1,2,200,1,NULL,-1,1,0,1,80,
2.022E+11,9,2,2022,21:00:00,3,13,13027,1,4,1,1,RD571 route d'Avignon,"438,955,500,000","48,189,960,000",2.022E+11,796 026,B01,1,1,0,2,1,1,5,NULL,2.022E+11,1 075 893,796 027,A01,1,1,1,1,1978,1,1,-1,-1,0,0,-1,2.022E+11,3,571,0,NULL,2,2,0,1,2,200,1,NULL,-1,1,0,1,80,
2.022E+11,30,6,2022,08:00:00,1,75,75101,2,3,2,7,BOULEVARD DE SEBASTOPOL,"488,624,690,000","23,504,400,000",2.022E+11,795 469,A01,2,1,0,0,0,21,5,NULL,2.022E+11,1 075 162,795 469,A01,1,1,4,2,1965,1,8,0,-1,0,0,-1,2.022E+11,4,BOULEVARD DE SEBASTOPOL,0,NULL,2,4,1,1,-1,-1,1,NULL,-1,2,-1,5,30,
2.022E+11,16,3,2022,11:33:00,2,37,37261,2,3,1,6,GIRAUDEAU (RUE),"473,853,843,665","0,6767293811",2.022E+11,794 008,B01,1,1,0,2,4,1,5,NULL,2.022E+11,1 073 231,794 003,A01,1,1,1,1,1969,5,1,0,-1,-1,-1,-1,2.022E+11,4,GIRAUDEAU (RUE),0,NULL,2,2,0,1,-1,-1,1,NULL,-1,1,0,1,30,
2.022E+11,16,3,2022,11:33:00,2,37,37261,2,3,1,6,GIRAUDEAU (RUE),"473,853,843,665","0,6767293811",2.022E+11,794 008,B01,1,1,0,2,4,1,5,NULL,2.022E+11,1 073 233,794 005,C01,1,1,1,2,2002,0,1,0,-1,-1,-1,-1,2.022E+11,4,GIRAUDEAU (RUE),0,NULL,2,2,0,1,-1,-1,1,NULL,-1,1,0,1,30,
2.022E+11,16,3,2022,11:33:00,2,37,37261,2,3,1,6,GIRAUDEAU (RUE),"473,853,843,665","0,6767293811",2.022E+11,794 008,B01,1,1,0,2,4,1,5,NULL,2.022E+11,1 073 237,794 008,B01,1,1,4,2,1996,5,2,0,-1,0,0,-1,2.022E+11,4,GIRAUDEAU (RUE),0,NULL,2,2,0,1,-1,-1,1,NULL,-1,1,0,1,30,
2.022E+11,18,11,2022,23:00:00,5,75,75111,2,2,1,3,RUE DE LA ROQUETTE,"488,593,370,000","23,868,600,000",2.022E+11,793 988,A01,1,1,0,2,7,15,5,NULL,2.022E+11,1 073 212,793 987,B01,1,1,4,1,1978,5,8,0,-1,0,0,-1,2.022E+11,4,RUE DE LA ROQUETTE,0,NULL,2,2,0,2,-1,-1,1,NULL,-1,1,0,1,30,
2.022E+11,18,11,2022,23:00:00,5,75,75111,2,2,1,3,RUE DE LA ROQUETTE,"488,593,370,000","23,868,600,000",2.022E+11,793 988,A01,1,1,0,2,7,15,5,NULL,2.022E+11,1 073 213,793 988,A01,1,1,1,1,1960,1,8,0,-1,0,0,-1,2.022E+11,4,RUE DE LA ROQUETTE,0,NULL,2,2,0,2,-1,-1,1,NULL,-1,1,0,1,30,