Accident_Id,jour,mois,an,hrmn,lum,dep,com,agg,int,atm,col,adr,lat,long,Num_Acc,id_vehicule,num_veh,senc,catv,obs,obsm,choc,manv,motor,occutc,Num_Acc,id_usager,id_vehicule,num_veh,place,catu,grav,sexe,an_nais,trajet,secu1,secu2,secu3,locp,actp,etatp,Num_Acc,catr,voie,v1,v2,circ,nbv,vosp,prof,pr,pr1,plan,lartpc,larrout,surf,infra,situ,vma,
2.022E+11,29,4,2022,12:15:00,1,73,73248,2,6,1,3,Avenue du 8 mai 1945,"452,725,910,000","63,615,560,000",2.022E+11,793 340,B01,3,1,0,2,3,2,5,NULL,2.022E+11,1 072 383,793 340,B01,1,1,4,1,1985,5,2,-1,-1,0,0,-1,2.022E+11,4,906,0,D,2,2,0,1,-1,-1,1,NULL,-1,1,5,1,50,
2.022E+11,29,4,2022,12:15:00,1,73,73248,2,6,1,3,Avenue du 8 mai 1945,"452,725,910,000","63,615,560,000",2.022E+11,793 340,B01,3,1,0,2,3,2,5,NULL,2.022E+11,1 072 384,793 341,A01,1,1,1,2,1958,9,1,-1,-1,0,0,-1,2.022E+11,4,906,0,D,2,2,0,1,-1,-1,1,NULL,-1,1,5,1,50,
2.022E+11,11,9,2022,10:30:00,1,46,46055,1,1,1,2,départementale 840,"445,862,190,000","20,877,030,000",2.022E+11,790 577,B01,2,1,0,0,4,2,5,NULL,2.022E+11,1 068 627,790 577,B01,1,1,3,1,1964,5,2,6,-1,0,0,-1,2.022E+11,3,840,-1,NULL,2,2,0,2,7,-1,3,NULL,-1,1,0,1,80,
2.022E+11,11,9,2022,10:30:00,1,46,46055,1,1,1,2,départementale 840,"445,862,190,000","20,877,030,000",2.022E+11,790 577,B01,2,1,0,0,4,2,5,NULL,2.022E+11,1 068 629,790 579,A01,1,1,1,1,2001,5,2,6,5,0,0,-1,2.022E+11,3,840,-1,NULL,2,2,0,2,7,-1,3,NULL,-1,1,0,1,80,
2.022E+11,11,9,2022,10:30:00,1,46,46055,1,1,1,2,départementale 840,"445,862,190,000","20,877,030,000",2.022E+11,790 577,B01,2,1,0,0,4,2,5,NULL,2.022E+11,1 068 631,790 579,A01,2,2,1,2,2000,5,2,-1,-1,0,0,-1,2.022E+11,3,840,-1,NULL,2,2,0,2,7,-1,3,NULL,-1,1,0,1,80,
2.022E+11,28,6,2022,12:42:00,1,59,59090,2,6,1,3,GAULLE (AVENUE DU GENERAL DE),"507,197,000,000","31,095,000,000",2.022E+11,788 992,B01,1,1,0,2,7,1,5,NULL,2.022E+11,1 066 496,788 990,A01,1,1,1,2,1978,0,8,0,-1,-1,-1,-1,2.022E+11,7,GAULLE (AVENUE DU GENERAL DE),0,NULL,3,4,2,1,-1,-1,1,NULL,-1,1,0,1,30,
2.022E+11,28,6,2022,12:42:00,1,59,59090,2,6,1,3,GAULLE (AVENUE DU GENERAL DE),"507,197,000,000","31,095,000,000",2.022E+11,788 992,B01,1,1,0,2,7,1,5,NULL,2.022E+11,1 066 499,788 992,B01,1,1,4,1,1989,0,8,0,-1,-1,-1,-1,2.022E+11,7,GAULLE (AVENUE DU GENERAL DE),0,NULL,3,4,2,1,-1,-1,1,NULL,-1,1,0,1,30,
2.022E+11,8,9,2022,15:20:00,1,69,69023,1,1,1,2,Route Départementale 19,"460,290,460,000","46,494,050,000",2.022E+11,786 119,B01,0,1,0,2,4,1,5,NULL,2.022E+11,1 062 660,786 118,A01,1,1,1,1,1956,4,1,-1,-1,0,0,-1,2.022E+11,3,19,-1,NULL,2,2,0,2,34,800,1,NULL,-1,1,0,1,80,
2.022E+11,8,9,2022,15:20:00,1,69,69023,1,1,1,2,Route Départementale 19,"460,290,460,000","46,494,050,000",2.022E+11,786 119,B01,0,1,0,2,4,1,5,NULL,2.022E+11,1 062 661,786 119,B01,1,1,3,1,1951,5,2,-1,-1,0,0,-1,2.022E+11,3,19,-1,NULL,2,2,0,2,34,800,1,NULL,-1,1,0,1,80,
2.022E+11,29,7,2022,13:30:00,1,35,35023,1,1,1,2,Citois,"481,966,420,000","-19,402,770,000",2.022E+11,784 885,B01,1,1,0,2,4,1,5,NULL,2.022E+11,1 060 970,784 885,B01,1,1,3,2,2005,5,0,-1,-1,0,0,-1,2.022E+11,3,12,-1,NULL,2,2,0,2,5,870,1,NULL,-1,1,0,1,80,
2.022E+11,29,7,2022,13:30:00,1,35,35023,1,1,1,2,Citois,"481,966,420,000","-19,402,770,000",2.022E+11,784 885,B01,1,1,0,2,4,1,5,NULL,2.022E+11,1 060 971,784 886,A01,1,1,1,1,1941,5,1,-1,-1,0,0,-1,2.022E+11,3,12,-1,NULL,2,2,0,2,5,870,1,NULL,-1,1,0,1,80,
2.022E+11,28,7,2022,16:00:00,1,93,93057,2,2,1,3,Avenue Jean Jaurès / Avenue Franklin,"489,028,550,000","25,083,030,000",2.022E+11,784 296,B01,1,1,0,2,8,2,5,NULL,2.022E+11,1 060 223,784 296,B01,1,1,4,2,1993,0,8,0,-1,-1,-1,-1,2.022E+11,3,JAURES (AV. JEAN) 118 A FIN,0,NULL,2,2,0,1,1,1,1,NULL,-1,1,0,1,30,
2.022E+11,28,7,2022,16:00:00,1,93,93057,2,2,1,3,Avenue Jean Jaurès / Avenue Franklin,"489,028,550,000","25,083,030,000",2.022E+11,784 296,B01,1,1,0,2,8,2,5,NULL,2.022E+11,1 060 226,784 298,A01,1,1,1,1,2007,5,1,0,-1,0,0,-1,2.022E+11,3,JAURES (AV. JEAN) 118 A FIN,0,NULL,2,2,0,1,1,1,1,NULL,-1,1,0,1,30,
2.022E+11,22,6,2022,17:00:00,1,60,60130,1,9,1,1,Rue de Sacy-le-Grand,"493,653,690,000","25,262,760,000",2.022E+11,771 669,A01,3,1,0,2,1,0,5,NULL,2.022E+11,1 043 246,771 668,B01,1,1,4,1,2000,5,2,6,-1,0,0,-1,2.022E+11,5,NULL,-1,NULL,-1,5,0,2,-1,-1,3,NULL,-1,9,0,8,-1,
2.022E+11,22,6,2022,17:00:00,1,60,60130,1,9,1,1,Rue de Sacy-le-Grand,"493,653,690,000","25,262,760,000",2.022E+11,771 669,A01,3,1,0,2,1,0,5,NULL,2.022E+11,1 043 247,771 669,A01,1,1,3,1,1967,5,2,-1,-1,0,0,-1,2.022E+11,5,NULL,-1,NULL,-1,5,0,2,-1,-1,3,NULL,-1,9,0,8,-1,
2.022E+11,13,9,2022,07:45:00,1,38,38421,2,1,1,6,RUE DES TAILLÉES,"451,954,700,000","57,633,400,000",2.022E+11,770 026,Z01,3,1,0,2,0,0,5,NULL,2.022E+11,1 041 044,770 026,Z01,1,1,1,-1,NULL,-1,-1,-1,-1,-1,-1,-1,2.022E+11,9,RUE DES TAILLÉES,0,NULL,2,1,1,1,-1,-1,1,NULL,-1,1,0,1,50,
2.022E+11,13,9,2022,07:45:00,1,38,38421,2,1,1,6,RUE DES TAILLÉES,"451,954,700,000","57,633,400,000",2.022E+11,770 027,A01,3,1,0,2,0,0,5,NULL,2.022E+11,1 041 044,770 026,Z01,1,1,1,-1,NULL,-1,-1,-1,-1,-1,-1,-1,2.022E+11,9,RUE DES TAILLÉES,0,NULL,2,1,1,1,-1,-1,1,NULL,-1,1,0,1,50,
2.022E+11,13,9,2022,07:45:00,1,38,38421,2,1,1,6,RUE DES TAILLÉES,"451,954,700,000","57,633,400,000",2.022E+11,770 026,Z01,3,1,0,2,0,0,5,NULL,2.022E+11,1 041 045,770 027,A01,1,1,2,1,1955,5,8,0,-1,-1,-1,-1,2.022E+11,9,RUE DES TAILLÉES,0,NULL,2,1,1,1,-1,-1,1,NULL,-1,1,0,1,50,
2.022E+11,13,9,2022,07:45:00,1,38,38421,2,1,1,6,RUE DES TAILLÉES,"451,954,700,000","57,633,400,000",2.022E+11,770 027,A01,3,1,0,2,0,0,5,NULL,2.022E+11,1 041 045,770 027,A01,1,1,2,1,1955,5,8,0,-1,-1,-1,-1,2.022E+11,9,RUE DES TAILLÉES,0,NULL,2,1,1,1,-1,-1,1,NULL,-1,1,0,1,50,
2.022E+11,23,5,2022,17:05:00,1,75,75109,2,3,1,6,RUE SAINT LAZARE,"488,757,814,213","23,285,154,998",2.022E+11,767 216,A01,2,1,0,1,1,1,5,NULL,2.022E+11,1 037 380,767 216,A01,1,1,1,1,2002,5,2,0,-1,0,0,-1,2.022E+11,4,RUE SAINT LAZARE,0,NULL,2,3,0,1,-1,-1,1,NULL,-1,1,0,1,30,
2.022E+11,23,5,2022,17:05:00,1,75,75109,2,3,1,6,RUE SAINT LAZARE,"488,757,814,213","23,285,154,998",2.022E+11,767 216,A01,2,1,0,1,1,1,5,NULL,2.022E+11,1 037 383,767 216,A01,2,2,1,2,2002,5,2,0,-1,0,0,-1,2.022E+11,4,RUE SAINT LAZARE,0,NULL,2,3,0,1,-1,-1,1,NULL,-1,1,0,1,30,
2.022E+11,23,5,2022,17:05:00,1,75,75109,2,3,1,6,RUE SAINT LAZARE,"488,757,814,213","23,285,154,998",2.022E+11,767 216,A01,2,1,0,1,1,1,5,NULL,2.022E+11,1 037 384,767 216,A01,10,3,4,2,1972,9,0,-1,-1,3,3,1,2.022E+11,4,RUE SAINT LAZARE,0,NULL,2,3,0,1,-1,-1,1,NULL,-1,1,0,1,30,
2.022E+11,31,8,2022,00:05:00,5,33,33063,2,1,1,3,Cours de l'Yser,"448,277,700,000"," -0,5689000000",2.022E+11,765 639,B01,1,1,0,2,7,1,5,NULL,2.022E+11,1 035 214,765 638,A01,1,1,1,2,1984,3,1,-1,-1,-1,-1,-1,2.022E+11,4,CRS DE L'YSER,0,NULL,2,2,2,1,-1,-1,1,NULL,-1,1,0,5,50,
2.022E+11,31,8,2022,00:05:00,5,33,33063,2,1,1,3,Cours de l'Yser,"448,277,700,000"," -0,5689000000",2.022E+11,765 639,B01,1,1,0,2,7,1,5,NULL,2.022E+11,1 035 215,765 638,A01,2,2,1,1,2003,3,1,-1,-1,-1,-1,-1,2.022E+11,4,CRS DE L'YSER,0,NULL,2,2,2,1,-1,-1,1,NULL,-1,1,0,5,50,
2.022E+11,31,8,2022,00:05:00,5,33,33063,2,1,1,3,Cours de l'Yser,"448,277,700,000"," -0,5689000000",2.022E+11,765 639,B01,1,1,0,2,7,1,5,NULL,2.022E+11,1 035 216,765 639,B01,1,1,4,2,1987,0,0,-1,-1,-1,-1,-1,2.022E+11,4,CRS DE L'YSER,0,NULL,2,2,2,1,-1,-1,1,NULL,-1,1,0,5,50,
2.022E+11,29,8,2022,21:50:00,5,92,92007,2,6,1,6,VAILLANT-COUTURIER (AVENU PAUL),"487,933,660,000","23,158,690,000",2.022E+11,765 543,A01,1,1,14,0,1,1,5,NULL,2.022E+11,1 035 105,765 543,A01,1,1,4,1,1967,0,8,0,-1,-1,-1,-1,2.022E+11,3,920,0,NULL,1,1,1,1,1,0,1,NULL,-1,1,0,5,50,
2.022E+11,14,12,2022,07:50:00,2,58,58160,2,1,2,3,1 Route de Busserolles,"469,807,720,000","30,936,060,000",2.022E+11,763 184,A01,2,1,0,2,1,19,5,NULL,2.022E+11,1 032 050,763 184,A01,1,1,4,1,2007,1,2,-1,-1,0,0,-1,2.022E+11,3,131,0,D,2,2,0,1,4,790,1,NULL,-1,2,0,1,30,
2.022E+11,14,12,2022,07:50:00,2,58,58160,2,1,2,3,1 Route de Busserolles,"469,807,720,000","30,936,060,000",2.022E+11,763 184,A01,2,1,0,2,1,19,5,NULL,2.022E+11,1 032 052,763 186,B01,1,1,1,2,1972,1,1,-1,-1,0,0,-1,2.022E+11,3,131,0,D,2,2,0,1,4,790,1,NULL,-1,2,0,1,30,
2.022E+11,4,11,2022,22:15:00,5,93,93027,2,2,1,3,Boulevard Pasteur / Rue Jollois,"489,217,610,000","23,833,830,000",2.022E+11,754 001,B01,1,1,0,2,7,1,5,NULL,2.022E+11,1 019 785,754 000,A01,1,1,1,1,2000,1,2,6,-1,0,0,-1,2.022E+11,3,PASTEUR (BOULEVARD) DE 1 A 39,0,NULL,2,2,0,1,0,1,1,NULL,-1,1,0,1,50,
2.022E+11,4,11,2022,22:15:00,5,93,93027,2,2,1,3,Boulevard Pasteur / Rue Jollois,"489,217,610,000","23,833,830,000",2.022E+11,754 001,B01,1,1,0,2,7,1,5,NULL,2.022E+11,1 019 786,754 001,B01,1,1,3,1,1995,0,2,0,-1,0,0,-1,2.022E+11,3,PASTEUR (BOULEVARD) DE 1 A 39,0,NULL,2,2,0,1,0,1,1,NULL,-1,1,0,1,50,
2.022E+11,26,2,2022,12:30:00,1,92,92004,2,1,1,6,GRESILLONS ( AVENUE DES  ),"489,138,036,763","22,991,023,958",2.022E+11,751 277,B01,2,1,0,2,0,17,5,NULL,2.022E+11,1 016 066,751 277,B01,1,1,4,1,1966,0,8,0,-1,-1,-1,-1,2.022E+11,3,9,0,NULL,2,2,0,1,0,0,1,NULL,-1,1,0,1,50,
2.022E+11,26,2,2022,12:30:00,1,92,92004,2,1,1,6,GRESILLONS ( AVENUE DES  ),"489,138,036,763","22,991,023,958",2.022E+11,751 277,B01,2,1,0,2,0,17,5,NULL,2.022E+11,1 016 070,751 280,A01,1,1,1,1,1965,0,1,0,-1,-1,-1,-1,2.022E+11,3,9,0,NULL,2,2,0,1,0,0,1,NULL,-1,1,0,1,50,
2.022E+11,2,11,2022,19:15:00,2,33,33529,1,6,1,3,RD1250 (BONNEVAL - LA HUME) - Z.A.,"446,327,595,786","-11,451,664,567",2.022E+11,750 259,B01,2,1,0,2,7,9,5,NULL,2.022E+11,1 014 735,750 258,A01,1,1,1,1,1985,0,1,-1,-1,-1,-1,-1,2.022E+11,3,SAINT-EXUPERY (AVE),0,NULL,1,1,0,1,0,0,1,NULL,-1,1,5,1,50,
2.022E+11,2,11,2022,19:15:00,2,33,33529,1,6,1,3,RD1250 (BONNEVAL - LA HUME) - Z.A.,"446,327,595,786","-11,451,664,567",2.022E+11,750 259,B01,2,1,0,2,7,9,5,NULL,2.022E+11,1 014 736,750 259,B01,1,1,4,2,2001,4,0,-1,-1,-1,-1,-1,2.022E+11,3,SAINT-EXUPERY (AVE),0,NULL,1,1,0,1,0,0,1,NULL,-1,1,5,1,50,
2.022E+11,6,12,2022,07:35:00,5,93,93050,2,9,1,2,Avenue Paul Doumer,"488,584,210,807","25,228,080,153",2.022E+11,745 813,B01,0,1,0,0,0,0,5,NULL,2.022E+11,1 008 802,745 812,A01,1,1,4,1,1994,1,2,8,-1,0,0,-1,2.022E+11,3,PAUL DOUMER (RUE),0,NULL,2,2,0,1,0,1,1,NULL,-1,1,9,1,50,
2.022E+11,6,12,2022,07:35:00,5,93,93050,2,9,1,2,Avenue Paul Doumer,"488,584,210,807","25,228,080,153",2.022E+11,745 813,B01,0,1,0,0,0,0,5,NULL,2.022E+11,1 008 803,745 813,B01,1,1,4,2,1972,1,8,0,-1,0,0,-1,2.022E+11,3,PAUL DOUMER (RUE),0,NULL,2,2,0,1,0,1,1,NULL,-1,1,9,1,50,
2.022E+11,15,7,2022,00:10:00,3,44,44072,1,1,1,2,D774,"474,567,710,000","-23,140,920,000",2.022E+11,745 112,B01,2,1,0,0,4,0,5,NULL,2.022E+11,1 007 847,745 112,B01,1,1,3,1,2006,5,0,-1,-1,0,0,-1,2.022E+11,3,D774,-1,NULL,2,2,0,1,5,271,1,NULL,-1,1,0,1,70,
2.022E+11,15,7,2022,00:10:00,3,44,44072,1,1,1,2,D774,"474,567,710,000","-23,140,920,000",2.022E+11,745 112,B01,2,1,0,0,4,0,5,NULL,2.022E+11,1 007 850,745 115,A01,1,1,1,-1,NULL,-1,-1,-1,-1,-1,-1,-1,2.022E+11,3,D774,-1,NULL,2,2,0,1,5,271,1,NULL,-1,1,0,1,70,
2.022E+11,15,5,2022,11:45:00,1,23,23102,1,1,1,7,Le Queroir,"462,618,520,000","20,311,780,000",2.022E+11,743 357,A01,1,1,0,0,0,1,5,NULL,2.022E+11,1 005 518,743 357,A01,1,1,2,1,1946,5,2,-1,-1,0,0,-1,2.022E+11,3,D9,-1,NULL,2,2,0,1,3,850,1,NULL,-1,1,0,3,90,
2.022E+11,15,5,2022,14:00:00,1,88,88075,1,1,1,3,Route du Chajoux,"480,224,800,000","69,057,840,000",2.022E+11,743 354,B01,2,1,0,2,7,17,5,NULL,2.022E+11,1 005 515,743 354,B01,1,1,3,1,1969,5,2,-1,-1,0,0,-1,2.022E+11,3,34,-1,C,2,2,0,1,2,630,1,NULL,-1,1,0,1,80,
2.022E+11,15,5,2022,14:00:00,1,88,88075,1,1,1,3,Route du Chajoux,"480,224,800,000","69,057,840,000",2.022E+11,743 354,B01,2,1,0,2,7,17,5,NULL,2.022E+11,1 005 516,743 355,A01,1,1,1,1,2004,5,1,-1,-1,0,0,-1,2.022E+11,3,34,-1,C,2,2,0,1,2,630,1,NULL,-1,1,0,1,80,
2.022E+11,14,5,2022,10:30:00,1,94,94046,2,1,1,7,Avenue Gambetta,"488,100,600,000","24,393,400,000",2.022E+11,743 137,A01,2,1,0,0,0,0,5,NULL,2.022E+11,1 005 215,743 137,A01,1,1,4,2,1993,5,2,0,-1,-1,-1,-1,2.022E+11,4,GAMBETTA (AV),0,NULL,2,2,0,1,0,0,1,NULL,-1,1,0,1,50,
2.022E+11,27,9,2022,19:20:00,5,75,75107,2,3,2,6,QUAI D ORSAY,"488,628,749,821","23,151,996,732",2.022E+11,742 966,A01,1,1,0,1,7,17,5,NULL,2.022E+11,1 004 993,742 966,A01,10,3,4,1,1967,1,0,-1,-1,4,3,1,2.022E+11,4,QUAI D ORSAY,0,NULL,2,5,1,1,-1,-1,1,NULL,-1,2,-1,5,30,
2.022E+11,27,9,2022,19:20:00,5,75,75107,2,3,2,6,QUAI D ORSAY,"488,628,749,821","23,151,996,732",2.022E+11,742 966,A01,1,1,0,1,7,17,5,NULL,2.022E+11,1 004 995,742 966,A01,1,1,1,1,1971,5,2,0,-1,0,0,-1,2.022E+11,4,QUAI D ORSAY,0,NULL,2,5,1,1,-1,-1,1,NULL,-1,2,-1,5,30,
2.022E+11,12,5,2022,08:05:00,1,59,59195,2,2,7,1,BERTHA IMPASSE,"506,234,200,000","29,598,200,000",2.022E+11,736 477,B01,3,1,0,2,0,0,5,NULL,2.022E+11,996 063,736 476,A01,2,2,1,2,1975,0,1,0,-1,-1,-1,-1,2.022E+11,4,BERTHA IMPASSE,0,NULL,2,2,0,1,-1,-1,1,NULL,-1,1,0,1,50,
2.022E+11,12,5,2022,08:05:00,1,59,59195,2,2,7,1,BERTHA IMPASSE,"506,234,200,000","29,598,200,000",2.022E+11,736 477,B01,3,1,0,2,0,0,5,NULL,2.022E+11,996 064,736 476,A01,1,1,1,1,1974,0,1,0,-1,-1,-1,-1,2.022E+11,4,BERTHA IMPASSE,0,NULL,2,2,0,1,-1,-1,1,NULL,-1,1,0,1,50,
2.022E+11,12,5,2022,08:05:00,1,59,59195,2,2,7,1,BERTHA IMPASSE,"506,234,200,000","29,598,200,000",2.022E+11,736 477,B01,3,1,0,2,0,0,5,NULL,2.022E+11,996 065,736 477,B01,1,1,4,1,1990,0,2,0,-1,-1,-1,-1,2.022E+11,4,BERTHA IMPASSE,0,NULL,2,2,0,1,-1,-1,1,NULL,-1,1,0,1,50,
2.022E+11,9,1,2022,09:30:00,1,59,59471,2,5,7,6,D59,"503,121,740,000","35,762,830,000",2.022E+11,736 328,B01,1,1,0,2,6,1,5,NULL,2.022E+11,995 882,736 328,B01,1,1,3,1,1967,5,2,4,-1,0,0,-1,2.022E+11,3,59,0,NULL,2,2,0,1,14,400,1,NULL,4,1,0,1,50,
2.022E+11,9,1,2022,09:30:00,1,59,59471,2,5,7,6,D59,"503,121,740,000","35,762,830,000",2.022E+11,736 328,B01,1,1,0,2,6,1,5,NULL,2.022E+11,995 883,736 329,A01,1,1,1,1,1974,4,1,-1,-1,0,0,-1,2.022E+11,3,59,0,NULL,2,2,0,1,14,400,1,NULL,4,1,0,1,50,
2.022E+11,1,4,2022,19:20:00,1,75,75119,2,2,1,3,BOULEVARD DE LA VILLETTE,"488,842,980,000","23,676,180,000",2.022E+11,734 027,B01,1,1,0,2,0,1,5,NULL,2.022E+11,992 800,734 025,A01,1,1,1,2,1967,9,1,0,-1,0,0,-1,2.022E+11,4,BOULEVARD DE LA VILLETTE,0,NULL,2,3,1,1,-1,-1,1,NULL,-1,1,0,5,30,
2.022E+11,1,4,2022,19:20:00,1,75,75119,2,2,1,3,BOULEVARD DE LA VILLETTE,"488,842,980,000","23,676,180,000",2.022E+11,734 027,B01,1,1,0,2,0,1,5,NULL,2.022E+11,992 802,734 027,B01,1,1,4,2,2001,5,8,0,-1,0,0,-1,2.022E+11,4,BOULEVARD DE LA VILLETTE,0,NULL,2,3,1,1,-1,-1,1,NULL,-1,1,0,5,30,
2.022E+11,30,3,2022,17:50:00,1,49,49007,2,1,1,2,NID DE  PIE,"474,714,800,000"," -0,6020400000",2.022E+11,733 268,B01,2,1,0,2,4,2,5,NULL,2.022E+11,991 780,733 268,B01,1,1,4,2,1961,1,2,0,-1,-1,-1,-1,2.022E+11,4,NID DE  PIE,0,NULL,2,3,0,1,1,0,1,NULL,-1,1,0,1,50,
2.022E+11,30,3,2022,17:50:00,1,49,49007,2,1,1,2,NID DE  PIE,"474,714,800,000"," -0,6020400000",2.022E+11,733 268,B01,2,1,0,2,4,2,5,NULL,2.022E+11,991 782,733 270,A01,1,1,1,1,1998,1,1,0,-1,-1,-1,-1,2.022E+11,4,NID DE  PIE,0,NULL,2,3,0,1,1,0,1,NULL,-1,1,0,1,50,
2.022E+11,9,6,2022,17:45:00,1,2B,2B033,2,1,1,3,MIOT - RUE,"427,000,000,000","94,500,000,000",2.022E+11,728 749,A01,3,1,0,2,1,1,0,NULL,2.022E+11,985 848,728 747,B01,2,2,1,1,2003,0,8,0,-1,-1,-1,-1,2.022E+11,4,MIOT - RUE,0,NULL,2,2,0,2,0,0,1,NULL,-1,1,0,1,50,
2.022E+11,9,6,2022,17:45:00,1,2B,2B033,2,1,1,3,MIOT - RUE,"427,000,000,000","94,500,000,000",2.022E+11,728 749,A01,3,1,0,2,1,1,0,NULL,2.022E+11,985 852,728 747,B01,1,1,1,1,2003,0,8,0,-1,-1,-1,-1,2.022E+11,4,MIOT - RUE,0,NULL,2,2,0,2,0,0,1,NULL,-1,1,0,1,50,
2.022E+11,9,6,2022,17:45:00,1,2B,2B033,2,1,1,3,MIOT - RUE,"427,000,000,000","94,500,000,000",2.022E+11,728 749,A01,3,1,0,2,1,1,0,NULL,2.022E+11,985 854,728 749,A01,1,1,4,1,1970,0,8,0,-1,-1,-1,-1,2.022E+11,4,MIOT - RUE,0,NULL,2,2,0,2,0,0,1,NULL,-1,1,0,1,50,
2.022E+11,10,10,2022,16:00:00,1,28,28140,2,1,1,2,19 Rue de Cady,"486,125,090,000","16,713,170,000",2.022E+11,723 895,B01,1,1,0,2,3,2,5,NULL,2.022E+11,979 462,723 890,A01,1,1,1,1,1993,4,1,-1,-1,0,0,-1,2.022E+11,3,4.5,0,NULL,2,2,0,1,0,65,1,NULL,-1,1,0,1,50,
2.022E+11,10,10,2022,16:00:00,1,28,28140,2,1,1,2,19 Rue de Cady,"486,125,090,000","16,713,170,000",2.022E+11,723 895,B01,1,1,0,2,3,2,5,NULL,2.022E+11,979 467,723 895,B01,1,1,4,1,1955,5,2,4,-1,0,0,-1,2.022E+11,3,4.5,0,NULL,2,2,0,1,0,65,1,NULL,-1,1,0,1,50,
2.022E+11,11,8,2022,11:15:00,1,64,64249,2,1,1,3,Avenue du Général de Gaulle,"434,213,800,000","-16,074,400,000",2.022E+11,723 699,A01,1,1,0,2,1,9,5,NULL,2.022E+11,979 211,723 693,B01,1,1,1,1,1991,0,1,0,-1,-1,-1,-1,2.022E+11,4,GENERAL DE GAULLE(AVENUE DU),0,NULL,2,2,0,1,-1,-1,1,NULL,-1,1,0,1,50,
2.022E+11,11,8,2022,11:15:00,1,64,64249,2,1,1,3,Avenue du Général de Gaulle,"434,213,800,000","-16,074,400,000",2.022E+11,723 699,A01,1,1,0,2,1,9,5,NULL,2.022E+11,979 217,723 699,A01,1,1,4,1,2010,0,2,0,-1,-1,-1,-1,2.022E+11,4,GENERAL DE GAULLE(AVENUE DU),0,NULL,2,2,0,1,-1,-1,1,NULL,-1,1,0,1,50,
2.022E+11,24,11,2022,20:13:00,5,49,49007,2,2,1,1,ESTIENNE D'ORVES BOULEVARD,"474,556,400,000"," -0,5300900000",2.022E+11,717 438,B01,3,1,0,2,1,1,5,NULL,2.022E+11,970 622,717 438,B01,1,1,3,1,1994,9,8,0,-1,0,0,-1,2.022E+11,4,ESTIENNE D'ORVES BOULEVARD,0,NULL,2,4,0,1,-1,-1,1,NULL,-1,1,0,1,50,
2.022E+11,24,11,2022,20:13:00,5,49,49007,2,2,1,1,ESTIENNE D'ORVES BOULEVARD,"474,556,400,000"," -0,5300900000",2.022E+11,717 438,B01,3,1,0,2,1,1,5,NULL,2.022E+11,970 625,717 440,A01,1,1,1,1,2001,0,1,0,-1,0,0,-1,2.022E+11,4,ESTIENNE D'ORVES BOULEVARD,0,NULL,2,4,0,1,-1,-1,1,NULL,-1,1,0,1,50,
2.022E+11,16,9,2022,19:35:00,1,69,69266,2,1,1,1,Avenue Jean Capelle Ouest,"457,812,000,000","48,719,000,000",2.022E+11,809 318,B01,0,1,0,2,1,0,5,NULL,2.022E+11,1 093 512,809 317,A01,1,1,1,2,2000,0,1,-1,-1,-1,-1,-1,2.022E+11,4,JEAN CAPELLE   (avenue),0,NULL,2,2,0,1,-1,-1,1,NULL,-1,1,0,1,30,
2.022E+11,16,9,2022,19:35:00,1,69,69266,2,1,1,1,Avenue Jean Capelle Ouest,"457,812,000,000","48,719,000,000",2.022E+11,809 318,B01,0,1,0,2,1,0,5,NULL,2.022E+11,1 093 513,809 317,A01,2,2,1,2,2001,0,1,-1,-1,-1,-1,-1,2.022E+11,4,JEAN CAPELLE   (avenue),0,NULL,2,2,0,1,-1,-1,1,NULL,-1,1,0,1,30,
2.022E+11,16,9,2022,19:35:00,1,69,69266,2,1,1,1,Avenue Jean Capelle Ouest,"457,812,000,000","48,719,000,000",2.022E+11,809 318,B01,0,1,0,2,1,0,5,NULL,2.022E+11,1 093 514,809 318,B01,1,1,4,2,2004,0,2,-1,-1,-1,-1,-1,2.022E+11,4,JEAN CAPELLE   (avenue),0,NULL,2,2,0,1,-1,-1,1,NULL,-1,1,0,1,30,
2.022E+11,2,6,2022,09:00:00,1,75,75108,2,1,1,3,RUE DE LABORDE,"488,755,400,000","23,178,160,000",2.022E+11,803 970,B01,1,1,0,2,3,1,5,NULL,2.022E+11,1 086 393,803 967,A01,1,1,1,1,1958,1,1,8,-1,0,0,-1,2.022E+11,4,RUE DE LABORDE,0,NULL,1,1,0,1,-1,-1,1,NULL,-1,1,0,1,30,
2.022E+11,2,6,2022,09:00:00,1,75,75108,2,1,1,3,RUE DE LABORDE,"488,755,400,000","23,178,160,000",2.022E+11,803 970,B01,1,1,0,2,3,1,5,NULL,2.022E+11,1 086 397,803 970,B01,1,1,4,2,1980,1,8,0,-1,0,0,-1,2.022E+11,4,RUE DE LABORDE,0,NULL,1,1,0,1,-1,-1,1,NULL,-1,1,0,1,30,
2.022E+11,13,9,2022,13:50:00,1,92,92036,2,6,1,3,PIERRE TIMBAUD (RUE) (PAIRS),"489,331,493,373","23,026,801,944",2.022E+11,802 962,B01,1,1,0,2,1,19,5,NULL,2.022E+11,1 085 031,802 961,A01,1,1,1,2,2001,0,1,8,-1,-1,-1,-1,2.022E+11,3,986,0,NULL,1,3,0,1,0,0,2,NULL,-1,1,5,1,50,