Accident_Id,jour,mois,an,hrmn,lum,dep,com,agg,int,atm,col,adr,lat,long,Num_Acc,id_vehicule,num_veh,senc,catv,obs,obsm,choc,manv,motor,occutc,Num_Acc,id_usager,id_vehicule,num_veh,place,catu,grav,sexe,an_nais,trajet,secu1,secu2,secu3,locp,actp,etatp,Num_Acc,catr,voie,v1,v2,circ,nbv,vosp,prof,pr,pr1,plan,lartpc,larrout,surf,infra,situ,vma,
2.022E+11,13,9,2022,13:50:00,1,92,92036,2,6,1,3,PIERRE TIMBAUD (RUE) (PAIRS),"489,331,493,373","23,026,801,944",2.022E+11,802 962,B01,1,1,0,2,1,19,5,NULL,2.022E+11,1 085 032,802 962,B01,1,1,4,1,1990,0,2,0,-1,-1,-1,-1,2.022E+11,3,986,0,NULL,1,3,0,1,0,0,2,NULL,-1,1,5,1,50,
2.022E+11,3,8,2022,12:15:00,1,67,67001,1,1,1,6,Canal de la Bruche,"485,759,510,000","76,283,850,000",2.022E+11,801 807,A01,3,1,0,1,1,5,5,NULL,2.022E+11,1 083 491,801 807,A01,1,1,1,1,1992,5,8,-1,-1,0,0,-1,2.022E+11,4,Canal,0,O,2,2,1,1,-1,-1,1,NULL,-1,1,0,5,20,
2.022E+11,3,8,2022,12:15:00,1,67,67001,1,1,1,6,Canal de la Bruche,"485,759,510,000","76,283,850,000",2.022E+11,801 807,A01,3,1,0,1,1,5,5,NULL,2.022E+11,1 083 492,801 807,A01,10,3,3,2,1960,5,0,-1,-1,6,B,2,2.022E+11,4,Canal,0,O,2,2,1,1,-1,-1,1,NULL,-1,1,0,5,20,
2.022E+11,27,4,2022,16:00:00,1,974,97411,2,6,1,3,PALMIERS (ROUTE DES),"-208,892,600,000","554,233,300,000",2.022E+11,801 259,B01,2,1,0,2,2,9,5,NULL,2.022E+11,1 082 782,801 255,A01,1,1,1,1,1994,1,1,0,-1,-1,0,-1,2.022E+11,3,PALMIERS (ROUTE DES),0,NULL,2,2,0,1,7,890,1,NULL,-1,1,0,1,50,
2.022E+11,27,4,2022,16:00:00,1,974,97411,2,6,1,3,PALMIERS (ROUTE DES),"-208,892,600,000","554,233,300,000",2.022E+11,801 259,B01,2,1,0,2,2,9,5,NULL,2.022E+11,1 082 786,801 259,B01,1,1,4,1,2002,0,2,0,-1,-1,0,-1,2.022E+11,3,PALMIERS (ROUTE DES),0,NULL,2,2,0,1,7,890,1,NULL,-1,1,0,1,50,
2.022E+11,13,9,2022,08:20:00,1,77,77186,2,2,1,3,SAINT MERRY (RUE),"484,079,430,000","26,980,050,000",2.022E+11,799 943,B01,1,1,0,2,7,2,5,NULL,2.022E+11,1 081 059,799 943,B01,1,1,4,1,2012,2,2,0,-1,-1,-1,-1,2.022E+11,4,SAINT MERRY (RUE),0,NULL,2,0,1,1,0,0,1,NULL,-1,1,0,1,30,
2.022E+11,13,9,2022,08:20:00,1,77,77186,2,2,1,3,SAINT MERRY (RUE),"484,079,430,000","26,980,050,000",2.022E+11,799 943,B01,1,1,0,2,7,2,5,NULL,2.022E+11,1 081 060,799 944,A01,1,1,1,2,1973,9,1,0,-1,-1,-1,-1,2.022E+11,4,SAINT MERRY (RUE),0,NULL,2,0,1,1,0,0,1,NULL,-1,1,0,1,30,
2.022E+11,1,6,2022,16:10:00,1,51,51172,2,3,1,3,Rue de la Sentelle,"492,148,697,703","40,489,742,160",2.022E+11,798 115,B01,3,1,0,2,1,1,5,NULL,2.022E+11,1 078 690,798 113,A01,1,1,1,2,1987,3,1,-1,-1,-1,-1,-1,2.022E+11,4,SENTELLE (RUE DE LA),0,NULL,2,2,0,1,-1,-1,1,NULL,-1,1,0,1,50,
2.022E+11,1,6,2022,16:10:00,1,51,51172,2,3,1,3,Rue de la Sentelle,"492,148,697,703","40,489,742,160",2.022E+11,798 115,B01,3,1,0,2,1,1,5,NULL,2.022E+11,1 078 691,798 113,A01,3,2,1,1,2022,3,3,-1,-1,-1,-1,-1,2.022E+11,4,SENTELLE (RUE DE LA),0,NULL,2,2,0,1,-1,-1,1,NULL,-1,1,0,1,50,
2.022E+11,1,6,2022,16:10:00,1,51,51172,2,3,1,3,Rue de la Sentelle,"492,148,697,703","40,489,742,160",2.022E+11,798 115,B01,3,1,0,2,1,1,5,NULL,2.022E+11,1 078 693,798 115,B01,1,1,4,1,1968,9,2,-1,-1,-1,-1,-1,2.022E+11,4,SENTELLE (RUE DE LA),0,NULL,2,2,0,1,-1,-1,1,NULL,-1,1,0,1,50,
2.022E+11,1,6,2022,17:35:00,1,94,94081,2,1,1,1,52 Boulevard de Stalingrad,"488,002,820,000","23,803,110,000",2.022E+11,797 718,B01,1,1,0,2,0,0,5,NULL,2.022E+11,1 078 171,797 714,A01,1,1,1,-1,NULL,-1,-1,-1,-1,-1,-1,-1,2.022E+11,3,STALINGRAD (BD DE),0,NULL,2,0,1,1,0,0,1,NULL,-1,1,0,5,20,
2.022E+11,1,6,2022,17:35:00,1,94,94081,2,1,1,1,52 Boulevard de Stalingrad,"488,002,820,000","23,803,110,000",2.022E+11,797 718,B01,1,1,0,2,0,0,5,NULL,2.022E+11,1 078 175,797 718,B01,1,1,4,2,1997,0,8,0,-1,-1,-1,-1,2.022E+11,3,STALINGRAD (BD DE),0,NULL,2,0,1,1,0,0,1,NULL,-1,1,0,5,20,
2.022E+11,26,12,2022,10:50:00,1,56,56121,2,6,1,2,95 Boulevard René Laënnec,"477,572,700,000","-33,553,900,000",2.022E+11,797 705,B01,1,1,0,2,4,1,5,NULL,2.022E+11,1 078 155,797 703,A01,1,1,1,1,2000,0,1,8,-1,0,0,-1,2.022E+11,4,LAENNEC ( BD ),0,NULL,2,2,1,1,-1,-1,2,NULL,-1,2,5,5,30,
2.022E+11,26,12,2022,10:50:00,1,56,56121,2,6,1,2,95 Boulevard René Laënnec,"477,572,700,000","-33,553,900,000",2.022E+11,797 705,B01,1,1,0,2,4,1,5,NULL,2.022E+11,1 078 157,797 705,B01,1,1,4,1,1961,0,2,0,-1,0,0,-1,2.022E+11,4,LAENNEC ( BD ),0,NULL,2,2,1,1,-1,-1,2,NULL,-1,2,5,5,30,
2.022E+11,15,10,2022,14:28:00,1,84,84092,2,3,7,1,Chemin du Canal Crillon,"439,589,050,000","48,833,160,000",2.022E+11,795 835,B01,3,1,0,2,1,2,5,NULL,2.022E+11,1 075 631,795 834,A01,1,1,1,1,1998,5,1,-1,-1,0,0,-1,2.022E+11,4,NULL,-1,NULL,2,2,0,1,-1,-1,1,NULL,4,1,0,1,50,
2.022E+11,15,10,2022,14:28:00,1,84,84092,2,3,7,1,Chemin du Canal Crillon,"439,589,050,000","48,833,160,000",2.022E+11,795 835,B01,3,1,0,2,1,2,5,NULL,2.022E+11,1 075 634,795 835,B01,1,1,3,1,2010,5,2,-1,-1,0,0,-1,2.022E+11,4,NULL,-1,NULL,2,2,0,1,-1,-1,1,NULL,4,1,0,1,50,
2.022E+11,17,3,2022,15:15:00,1,69,69381,2,3,1,3,Quai Saint Vincent,"457,682,558,416","48,156,846,939",2.022E+11,794 652,B01,2,1,0,2,8,1,0,NULL,2.022E+11,1 074 080,794 650,A01,1,1,1,1,1984,4,2,-1,-1,-1,-1,-1,2.022E+11,4,ST VINCENT                          (QU),0,NULL,1,1,3,1,-1,-1,1,NULL,-1,1,0,1,50,
2.022E+11,17,3,2022,15:15:00,1,69,69381,2,3,1,3,Quai Saint Vincent,"457,682,558,416","48,156,846,939",2.022E+11,794 652,B01,2,1,0,2,8,1,0,NULL,2.022E+11,1 074 084,794 652,B01,1,1,3,1,1984,5,2,-1,-1,-1,-1,-1,2.022E+11,4,ST VINCENT                          (QU),0,NULL,1,1,3,1,-1,-1,1,NULL,-1,1,0,1,50,
2.022E+11,25,7,2022,07:50:00,1,7,7186,2,6,1,3,NULL,"447,197,800,000","46,022,400,000",2.022E+11,791 406,B01,3,1,0,2,7,1,5,NULL,2.022E+11,1 069 761,791 404,A01,1,1,1,1,1981,4,1,8,-1,-1,-1,-1,2.022E+11,3,CD2 ROUTE DE MONTELIMAR,0,NULL,2,2,0,1,56,150,2,NULL,-1,1,5,1,50,
2.022E+11,25,7,2022,07:50:00,1,7,7186,2,6,1,3,NULL,"447,197,800,000","46,022,400,000",2.022E+11,791 406,B01,3,1,0,2,7,1,5,NULL,2.022E+11,1 069 764,791 406,B01,1,1,3,2,1970,1,2,8,-1,-1,-1,-1,2.022E+11,3,CD2 ROUTE DE MONTELIMAR,0,NULL,2,2,0,1,56,150,2,NULL,-1,1,5,1,50,
2.022E+11,14,3,2022,16:25:00,1,67,67482,2,3,1,3,OBERHAUSBERGEN (ROUTE D ),"485,959,600,000","77,078,400,000",2.022E+11,790 167,B01,1,1,0,2,6,1,5,NULL,2.022E+11,1 068 101,790 167,B01,1,1,3,1,1995,2,8,0,-1,-1,-1,-1,2.022E+11,7,OBERHAUSBERGEN (ROUTE D ),0,NULL,2,4,2,1,-1,-1,1,NULL,-1,1,0,1,50,
2.022E+11,14,3,2022,16:25:00,1,67,67482,2,3,1,3,OBERHAUSBERGEN (ROUTE D ),"485,959,600,000","77,078,400,000",2.022E+11,790 167,B01,1,1,0,2,6,1,5,NULL,2.022E+11,1 068 104,790 170,A01,1,1,1,1,1967,4,1,8,-1,-1,-1,-1,2.022E+11,7,OBERHAUSBERGEN (ROUTE D ),0,NULL,2,4,2,1,-1,-1,1,NULL,-1,1,0,1,50,
2.022E+11,23,6,2022,07:45:00,1,69,69084,2,3,1,1,Route de la Gare,"461,923,090,000","47,042,410,000",2.022E+11,788 685,B01,0,1,0,2,8,1,5,NULL,2.022E+11,1 066 102,788 685,B01,1,1,3,2,1977,1,2,-1,-1,0,0,-1,2.022E+11,3,32,0,NULL,2,2,0,2,7,500,1,NULL,-1,1,0,1,50,
2.022E+11,23,6,2022,07:45:00,1,69,69084,2,3,1,1,Route de la Gare,"461,923,090,000","47,042,410,000",2.022E+11,788 685,B01,0,1,0,2,8,1,5,NULL,2.022E+11,1 066 103,788 687,A01,1,1,1,2,1971,1,1,-1,-1,0,0,-1,2.022E+11,3,32,0,NULL,2,2,0,2,7,500,1,NULL,-1,1,0,1,50,
2.022E+11,28,6,2022,10:20:00,1,30,30064,1,1,1,1,NULL,"439,576,200,000","33,906,340,000",2.022E+11,788 634,B01,1,1,0,0,3,1,5,NULL,2.022E+11,1 066 035,788 632,A01,1,1,1,1,1971,5,1,-1,-1,0,0,-1,2.022E+11,3,273,0,D,2,2,0,2,1,600,2,NULL,-1,1,0,1,30,
2.022E+11,28,6,2022,10:20:00,1,30,30064,1,1,1,1,NULL,"439,576,200,000","33,906,340,000",2.022E+11,788 634,B01,1,1,0,0,3,1,5,NULL,2.022E+11,1 066 037,788 634,B01,1,1,3,1,1949,5,2,-1,-1,0,0,-1,2.022E+11,3,273,0,D,2,2,0,2,1,600,2,NULL,-1,1,0,1,30,
2.022E+11,29,7,2022,12:00:00,1,94,94068,2,1,1,1,PARC (QU DU),"488,099,000,000","24,985,600,000",2.022E+11,787 937,A01,2,1,0,1,1,1,5,NULL,2.022E+11,1 065 117,787 937,A01,1,1,4,1,1980,5,2,-1,-1,-1,-1,-1,2.022E+11,9,PARC (QU DU),0,NULL,-1,0,2,1,0,0,4,NULL,-1,1,0,5,30,
2.022E+11,29,7,2022,12:00:00,1,94,94068,2,1,1,1,PARC (QU DU),"488,099,000,000","24,985,600,000",2.022E+11,787 937,A01,2,1,0,1,1,1,5,NULL,2.022E+11,1 065 120,787 937,A01,10,3,4,2,1981,5,0,-1,-1,5,5,1,2.022E+11,9,PARC (QU DU),0,NULL,-1,0,2,1,0,0,4,NULL,-1,1,0,5,30,
2.022E+11,7,12,2022,18:53:00,4,63,63113,2,2,1,3,BLATIN (RUE),"457,768,300,000","30,786,500,000",2.022E+11,783 271,B01,2,1,0,2,1,1,5,NULL,2.022E+11,1 058 859,783 267,A01,1,1,1,-1,NULL,-1,-1,-1,-1,0,0,-1,2.022E+11,4,NULL,0,NULL,2,2,3,1,-1,-1,1,NULL,-1,1,0,1,30,
2.022E+11,7,12,2022,18:53:00,4,63,63113,2,2,1,3,BLATIN (RUE),"457,768,300,000","30,786,500,000",2.022E+11,783 271,B01,2,1,0,2,1,1,5,NULL,2.022E+11,1 058 864,783 271,B01,1,1,4,1,2004,0,2,-1,-1,0,0,-1,2.022E+11,4,NULL,0,NULL,2,2,3,1,-1,-1,1,NULL,-1,1,0,1,30,
2.022E+11,25,6,2022,09:59:00,1,50,50099,2,1,1,1,8 Route de Saint-Côme,"493,067,730,000","-12,524,470,000",2.022E+11,782 248,B01,1,1,0,2,3,1,5,NULL,2.022E+11,1 057 490,782 247,A01,1,1,1,2,1956,3,1,-1,-1,0,0,-1,2.022E+11,3,NULL,0,NULL,2,2,0,1,49,496,1,NULL,5,1,0,1,50,
2.022E+11,25,6,2022,09:59:00,1,50,50099,2,1,1,1,8 Route de Saint-Côme,"493,067,730,000","-12,524,470,000",2.022E+11,782 248,B01,1,1,0,2,3,1,5,NULL,2.022E+11,1 057 491,782 248,B01,1,1,3,1,1952,3,2,-1,-1,0,0,-1,2.022E+11,3,NULL,0,NULL,2,2,0,1,49,496,1,NULL,5,1,0,1,50,
2.022E+11,19,4,2022,08:10:00,1,75,75104,2,3,1,3,BOULEVARD HENRI IV,"488,521,070,000","23,656,510,000",2.022E+11,778 751,A01,2,1,0,2,8,7,5,NULL,2.022E+11,1 052 836,778 751,A01,1,1,4,2,1997,2,2,0,-1,0,0,-1,2.022E+11,4,BOULEVARD HENRI IV,0,NULL,2,4,3,1,-1,-1,1,NULL,-1,1,-1,6,30,
2.022E+11,19,4,2022,08:10:00,1,75,75104,2,3,1,3,BOULEVARD HENRI IV,"488,521,070,000","23,656,510,000",2.022E+11,778 751,A01,2,1,0,2,8,7,5,NULL,2.022E+11,1 052 837,778 752,Z01,1,1,1,1,1990,0,8,0,-1,0,0,-1,2.022E+11,4,BOULEVARD HENRI IV,0,NULL,2,4,3,1,-1,-1,1,NULL,-1,1,-1,6,30,
2.022E+11,21,4,2022,18:40:00,1,67,67021,1,1,1,7,Chemin du Buhl,"484,086,080,000","74,353,620,000",2.022E+11,778 553,A01,3,1,0,0,0,1,5,NULL,2.022E+11,1 052 593,778 553,A01,1,1,3,1,1958,5,0,-1,-1,0,0,-1,2.022E+11,4,NULL,0,V,2,1,3,4,-1,-1,4,NULL,3,1,0,1,30,
2.022E+11,7,10,2022,09:00:00,1,94,94075,2,9,1,3,Rue de la Garenne,"487,249,030,000","25,291,000,000",2.022E+11,775 002,B01,3,1,0,2,8,19,5,NULL,2.022E+11,1 047 845,775 002,B01,1,1,4,2,2013,2,8,0,-1,-1,-1,-1,2.022E+11,4,GARENNE (R DE LA),0,NULL,2,2,0,1,0,0,3,NULL,-1,1,0,1,50,
2.022E+11,7,10,2022,09:00:00,1,94,94075,2,9,1,3,Rue de la Garenne,"487,249,030,000","25,291,000,000",2.022E+11,775 002,B01,3,1,0,2,8,19,5,NULL,2.022E+11,1 047 846,775 003,A01,1,1,1,1,1977,1,1,8,-1,0,0,-1,2.022E+11,4,GARENNE (R DE LA),0,NULL,2,2,0,1,0,0,3,NULL,-1,1,0,1,50,
2.022E+11,13,11,2022,10:40:00,1,29,29161,2,6,1,2,Rond Point de l'Ecole,"479,074,964,400","-40,504,604,650",2.022E+11,774 236,B01,1,1,0,2,1,1,5,NULL,2.022E+11,1 046 771,774 234,A01,1,1,1,1,2001,5,1,-1,-1,0,0,-1,2.022E+11,3,45,0,NULL,1,1,0,1,3,510,1,NULL,-1,2,0,1,50,
2.022E+11,13,11,2022,10:40:00,1,29,29161,2,6,1,2,Rond Point de l'Ecole,"479,074,964,400","-40,504,604,650",2.022E+11,774 236,B01,1,1,0,2,1,1,5,NULL,2.022E+11,1 046 773,774 236,B01,1,1,3,1,1969,5,2,-1,-1,0,0,-1,2.022E+11,3,45,0,NULL,1,1,0,1,3,510,1,NULL,-1,2,0,1,50,
2.022E+11,23,5,2022,16:30:00,1,54,54395,2,3,1,3,PHALSBOURG (RUE DE),"486,835,450,000","61,811,920,000",2.022E+11,769 900,B01,1,1,0,2,1,2,5,NULL,2.022E+11,1 040 870,769 897,A01,1,1,1,1,1977,0,1,0,-1,0,0,-1,2.022E+11,4,PHALSBOURG (RUE DE),0,NULL,1,2,2,1,-1,-1,1,NULL,-1,1,0,1,30,
2.022E+11,23,5,2022,16:30:00,1,54,54395,2,3,1,3,PHALSBOURG (RUE DE),"486,835,450,000","61,811,920,000",2.022E+11,769 900,B01,1,1,0,2,1,2,5,NULL,2.022E+11,1 040 872,769 900,B01,1,1,4,2,1974,0,2,0,-1,0,0,-1,2.022E+11,4,PHALSBOURG (RUE DE),0,NULL,1,2,2,1,-1,-1,1,NULL,-1,1,0,1,30,
2.022E+11,16,6,2022,13:05:00,1,36,36088,2,1,1,3,Rue de la Limoise,"469,567,312,586","20,016,494,393",2.022E+11,768 918,B01,3,1,1,2,1,25,5,NULL,2.022E+11,1 039 595,768 918,B01,1,1,3,1,1976,9,0,-1,-1,0,0,-1,2.022E+11,4,1,-1,NULL,-1,2,0,1,-1,-1,1,NULL,-1,1,0,4,30,
2.022E+11,16,6,2022,13:05:00,1,36,36088,2,1,1,3,Rue de la Limoise,"469,567,312,586","20,016,494,393",2.022E+11,768 918,B01,3,1,1,2,1,25,5,NULL,2.022E+11,1 039 596,768 919,A01,1,1,1,2,1985,9,1,-1,-1,0,0,-1,2.022E+11,4,1,-1,NULL,-1,2,0,1,-1,-1,1,NULL,-1,1,0,4,30,
2.022E+11,13,12,2022,11:05:00,1,75,75114,2,2,1,3,AVENUE DU MAINE,"488,325,920,000","23,250,090,000",2.022E+11,766 707,A01,2,1,0,2,8,9,5,NULL,2.022E+11,1 036 681,766 704,B01,1,1,1,1,1990,9,2,6,-1,0,0,-1,2.022E+11,4,AVENUE DU MAINE,0,NULL,2,5,0,1,-1,-1,1,NULL,-1,1,0,1,30,
2.022E+11,13,12,2022,11:05:00,1,75,75114,2,2,1,3,AVENUE DU MAINE,"488,325,920,000","23,250,090,000",2.022E+11,766 707,A01,2,1,0,2,8,9,5,NULL,2.022E+11,1 036 685,766 707,A01,1,1,4,2,2006,2,0,8,-1,0,0,-1,2.022E+11,4,AVENUE DU MAINE,0,NULL,2,5,0,1,-1,-1,1,NULL,-1,1,0,1,30,
2.022E+11,31,8,2022,15:38:00,1,81,81105,2,1,1,7,25 Rue de la Mégisserie,"437,606,140,000","19,996,810,000",2.022E+11,765 349,A01,0,1,0,9,1,1,5,NULL,2.022E+11,1 034 852,765 349,A01,1,1,3,1,1957,5,0,-1,-1,0,0,-1,2.022E+11,4,NULL,0,NULL,2,2,0,1,-1,-1,1,NULL,-1,1,0,1,50,
2.022E+11,16,4,2022,15:35:00,1,71,71181,1,1,1,3,D 15,"464,529,530,000","47,303,440,000",2.022E+11,764 924,B01,2,1,14,2,8,1,5,NULL,2.022E+11,1 034 334,764 924,B01,1,1,3,2,1972,5,2,-1,-1,0,0,-1,2.022E+11,3,15,-1,NULL,2,2,0,2,9,100,3,NULL,-1,1,0,1,80,
2.022E+11,16,4,2022,15:35:00,1,71,71181,1,1,1,3,D 15,"464,529,530,000","47,303,440,000",2.022E+11,764 924,B01,2,1,14,2,8,1,5,NULL,2.022E+11,1 034 336,764 926,A01,1,1,1,1,1992,1,1,-1,-1,0,0,-1,2.022E+11,3,15,-1,NULL,2,2,0,2,9,100,3,NULL,-1,1,0,1,80,
2.022E+11,30,8,2022,14:15:00,1,38,38336,1,9,1,3,D4,"454,777,296,593","48,004,945,605",2.022E+11,762 163,B01,1,1,0,0,2,1,5,NULL,2.022E+11,1 030 705,762 162,A01,1,1,1,2,2004,1,1,-1,-1,0,0,-1,2.022E+11,3,4,0,NULL,2,2,0,1,12,200,1,NULL,-1,1,0,1,80,
2.022E+11,30,8,2022,14:15:00,1,38,38336,1,9,1,3,D4,"454,777,296,593","48,004,945,605",2.022E+11,762 163,B01,1,1,0,0,2,1,5,NULL,2.022E+11,1 030 706,762 163,B01,1,1,4,1,1959,5,2,-1,-1,0,0,-1,2.022E+11,3,4,0,NULL,2,2,0,1,12,200,1,NULL,-1,1,0,1,80,
2.022E+11,26,8,2022,13:45:00,1,972,97213,1,1,1,3,VIEUX CHEMIN CALIFORNIE (RUE DU),"146,213,818,330","-610,267,446,935",2.022E+11,755 150,A01,1,1,0,2,1,17,5,NULL,2.022E+11,1 021 319,755 150,A01,1,1,3,1,2004,5,8,0,-1,-1,-1,-1,2.022E+11,4,VC,0,NULL,-1,2,0,2,4,500,1,NULL,-1,1,0,1,30,
2.022E+11,26,8,2022,13:45:00,1,972,97213,1,1,1,3,VIEUX CHEMIN CALIFORNIE (RUE DU),"146,213,818,330","-610,267,446,935",2.022E+11,755 150,A01,1,1,0,2,1,17,5,NULL,2.022E+11,1 021 321,755 151,B01,1,1,1,2,1964,5,1,0,-1,-1,-1,-1,2.022E+11,4,VC,0,NULL,-1,2,0,2,4,500,1,NULL,-1,1,0,1,30,
2.022E+11,26,8,2022,19:25:00,1,51,51172,2,1,1,3,Avenue Francois Mitterrand,"492,193,221,982","40,567,700,565",2.022E+11,755 015,Z01,3,1,1,0,1,1,5,NULL,2.022E+11,1 021 146,755 015,Z01,1,1,1,-1,NULL,-1,-1,-1,-1,-1,-1,-1,2.022E+11,4,MITTERAND (RUE FRANCOIS),0,NULL,2,2,1,1,-1,-1,3,NULL,-1,1,0,5,50,
2.022E+11,26,8,2022,19:25:00,1,51,51172,2,1,1,3,Avenue Francois Mitterrand,"492,193,221,982","40,567,700,565",2.022E+11,755 015,Z01,3,1,1,0,1,1,5,NULL,2.022E+11,1 021 153,755 018,A01,1,1,4,2,1988,5,8,-1,-1,-1,-1,-1,2.022E+11,4,MITTERAND (RUE FRANCOIS),0,NULL,2,2,1,1,-1,-1,3,NULL,-1,1,0,5,50,
2.022E+11,4,11,2022,06:00:00,5,64,64445,2,5,2,3,ALSACE LORRAINE D',"433,042,900,000"," -0,3676100000",2.022E+11,753 829,A01,1,1,0,2,3,1,5,NULL,2.022E+11,1 019 513,753 828,B01,1,1,1,1,1969,1,1,8,-1,-1,-1,-1,2.022E+11,4,ALSACE LORRAINE D',0,NULL,1,1,2,1,0,0,2,NULL,-1,2,0,1,30,
2.022E+11,4,11,2022,06:00:00,5,64,64445,2,5,2,3,ALSACE LORRAINE D',"433,042,900,000"," -0,3676100000",2.022E+11,753 829,A01,1,1,0,2,3,1,5,NULL,2.022E+11,1 019 514,753 829,A01,1,1,4,1,2003,0,8,8,-1,-1,-1,-1,2.022E+11,4,ALSACE LORRAINE D',0,NULL,1,1,2,1,0,0,2,NULL,-1,2,0,1,30,
2.022E+11,15,1,2022,19:45:00,5,56,56098,2,2,1,3,COMBES (RUE  EMILE ),"477,719,300,000","-33,387,800,000",2.022E+11,748 539,B01,2,1,0,2,7,1,5,NULL,2.022E+11,1 012 414,748 537,A01,1,1,1,2,1991,1,1,8,-1,-1,-1,-1,2.022E+11,4,COMBES (RUE  EMILE ),0,NULL,2,2,0,1,-1,-1,1,NULL,-1,1,0,1,30,
2.022E+11,15,1,2022,19:45:00,5,56,56098,2,2,1,3,COMBES (RUE  EMILE ),"477,719,300,000","-33,387,800,000",2.022E+11,748 539,B01,2,1,0,2,7,1,5,NULL,2.022E+11,1 012 416,748 539,B01,1,1,4,1,1979,5,2,0,-1,-1,-1,-1,2.022E+11,4,COMBES (RUE  EMILE ),0,NULL,2,2,0,1,-1,-1,1,NULL,-1,1,0,1,30,
2.022E+11,27,2,2022,10:40:00,1,75,75101,2,2,1,1,BOULEVARD DE SEBASTOPOL,"488,595,310,000","23,487,860,000",2.022E+11,748 528,A01,1,1,0,2,1,1,5,NULL,2.022E+11,1 012 403,748 528,A01,1,1,4,1,1990,5,2,8,-1,0,0,-1,2.022E+11,4,BOULEVARD DE SEBASTOPOL,0,NULL,2,5,1,1,-1,-1,1,NULL,-1,1,-1,5,30,
2.022E+11,27,2,2022,10:40:00,1,75,75101,2,2,1,1,BOULEVARD DE SEBASTOPOL,"488,595,310,000","23,487,860,000",2.022E+11,748 528,A01,1,1,0,2,1,1,5,NULL,2.022E+11,1 012 405,748 529,Z01,1,1,1,-1,NULL,-1,-1,-1,-1,0,0,-1,2.022E+11,4,BOULEVARD DE SEBASTOPOL,0,NULL,2,5,1,1,-1,-1,1,NULL,-1,1,-1,5,30,
2.022E+11,26,2,2022,02:50:00,5,75,75119,2,3,1,2,RUE DE MEAUX,"488,807,445,556","23,728,402,600",2.022E+11,747 826,A01,2,1,0,2,6,2,5,NULL,2.022E+11,1 011 455,747 825,Z01,1,1,1,-1,NULL,-1,-1,-1,-1,0,0,-1,2.022E+11,4,RUE DE MEAUX,0,NULL,1,1,0,1,-1,-1,1,NULL,-1,1,0,1,30,
2.022E+11,26,2,2022,02:50:00,5,75,75119,2,3,1,2,RUE DE MEAUX,"488,807,445,556","23,728,402,600",2.022E+11,747 826,A01,2,1,0,2,6,2,5,NULL,2.022E+11,1 011 457,747 826,A01,1,1,4,2,1991,5,2,0,-1,0,0,-1,2.022E+11,4,RUE DE MEAUX,0,NULL,1,1,0,1,-1,-1,1,NULL,-1,1,0,1,30,
2.022E+11,15,1,2022,03:05:00,5,31,31555,2,1,1,2,RUE DE METZ,"436,005,640,000","14,478,980,000",2.022E+11,745 377,B01,2,1,0,0,0,0,5,NULL,2.022E+11,1 008 198,745 377,B01,1,1,3,2,1997,5,8,0,-1,-1,-1,-1,2.022E+11,4,RUE DE METZ,0,NULL,1,1,3,1,-1,-1,1,NULL,-1,1,9,6,50,
2.022E+11,15,1,2022,03:05:00,5,31,31555,2,1,1,2,RUE DE METZ,"436,005,640,000","14,478,980,000",2.022E+11,745 377,B01,2,1,0,0,0,0,5,NULL,2.022E+11,1 008 199,745 378,A01,1,1,1,1,1972,4,1,0,-1,-1,-1,-1,2.022E+11,4,RUE DE METZ,0,NULL,1,1,3,1,-1,-1,1,NULL,-1,1,9,6,50,
2.022E+11,25,2,2022,10:30:00,1,75,75110,2,2,1,3,QUAI DE VALMY,"488,728,980,000","23,637,390,000",2.022E+11,744 474,B01,2,1,0,2,3,1,5,NULL,2.022E+11,1 006 977,744 472,A01,1,1,1,1,1965,4,1,0,-1,0,0,-1,2.022E+11,4,QUAI DE VALMY,0,NULL,1,3,0,1,-1,-1,1,NULL,-1,1,0,1,30,
2.022E+11,25,2,2022,10:30:00,1,75,75110,2,2,1,3,QUAI DE VALMY,"488,728,980,000","23,637,390,000",2.022E+11,744 474,B01,2,1,0,2,3,1,5,NULL,2.022E+11,1 006 979,744 474,B01,1,1,4,2,1969,9,2,0,-1,0,0,-1,2.022E+11,4,QUAI DE VALMY,0,NULL,1,3,0,1,-1,-1,1,NULL,-1,1,0,1,30,
2.022E+11,6,12,2022,08:55:00,1,53,53147,1,1,1,7,RN12,"483,087,130,203"," -0,6478627877",2.022E+11,742 032,A01,1,1,0,0,0,1,5,NULL,2.022E+11,1 003 696,742 032,A01,1,1,2,1,1956,0,0,-1,-1,0,0,-1,2.022E+11,2,12,-1,NULL,2,2,2,2,44,0,1,NULL,-1,1,0,1,80,
2.022E+11,12,5,2022,09:35:00,1,75,75116,2,1,1,3,AVENUE DE VERSAILLES,"488,432,620,000","22,695,150,000",2.022E+11,739 760,B01,1,1,0,2,1,9,5,NULL,2.022E+11,1 000 559,739 760,B01,1,1,1,1,2001,1,2,0,-1,0,0,-1,2.022E+11,4,AVENUE DE VERSAILLES,0,NULL,2,3,0,1,-1,-1,1,NULL,-1,1,0,1,30,
2.022E+11,12,5,2022,09:35:00,1,75,75116,2,1,1,3,AVENUE DE VERSAILLES,"488,432,620,000","22,695,150,000",2.022E+11,739 760,B01,1,1,0,2,1,9,5,NULL,2.022E+11,1 000 560,739 761,A01,1,1,4,1,2001,2,2,6,-1,0,0,-1,2.022E+11,4,AVENUE DE VERSAILLES,0,NULL,2,3,0,1,-1,-1,1,NULL,-1,1,0,1,30,