Accident_Id,jour,mois,an,hrmn,lum,dep,com,agg,int,atm,col,adr,lat,long,Num_Acc,id_vehicule,num_veh,senc,catv,obs,obsm,choc,manv,motor,occutc,Num_Acc,id_usager,id_vehicule,num_veh,place,catu,grav,sexe,an_nais,trajet,secu1,secu2,secu3,locp,actp,etatp,Num_Acc,catr,voie,v1,v2,circ,nbv,vosp,prof,pr,pr1,plan,lartpc,larrout,surf,infra,situ,vma,
2.022E+11,4,6,2022,21:50:00,2,25,25056,2,1,1,1,BATTANT RUE,"472,418,600,000","60,206,860,000",2.022E+11,804 930,A01,2,1,0,2,1,1,5,NULL,2.022E+11,1 087 646,804 931,B01,1,1,1,1,1990,4,2,6,-1,-1,-1,-1,2.022E+11,4,NULL,0,NULL,1,0,3,2,-1,-1,1,NULL,-1,1,6,1,20,
2.022E+11,18,3,2022,12:15:00,1,34,34032,2,1,1,2,DEVEZE (AV DE LA),"433,313,800,000","32,478,300,000",2.022E+11,804 415,B01,3,1,0,2,0,0,5,NULL,2.022E+11,1 086 974,804 412,A01,1,1,1,1,1978,4,1,8,-1,-1,-1,-1,2.022E+11,4,DEVEZE (AV DE LA),0,NULL,1,3,0,1,-1,-1,3,NULL,-1,1,0,1,50,
2.022E+11,18,3,2022,12:15:00,1,34,34032,2,1,1,2,DEVEZE (AV DE LA),"433,313,800,000","32,478,300,000",2.022E+11,804 415,B01,3,1,0,2,0,0,5,NULL,2.022E+11,1 086 978,804 415,B01,1,1,3,1,1974,0,8,8,-1,-1,-1,-1,2.022E+11,4,DEVEZE (AV DE LA),0,NULL,1,3,0,1,-1,-1,3,NULL,-1,1,0,1,50,
2.022E+11,6,3,2022,14:45:00,1,59,59328,2,1,1,7,"BOIS, Rue du","506,476,400,000","30,433,900,000",2.022E+11,800 489,A01,3,1,0,0,0,2,5,NULL,2.022E+11,1 081 778,800 489,A01,1,1,3,1,1962,5,2,8,-1,-1,-1,-1,2.022E+11,4,"BOIS, Rue du",0,NULL,1,1,1,1,-1,-1,1,NULL,-1,1,9,5,50,
2.022E+11,15,4,2022,18:20:00,1,69,69244,2,1,1,6,Rue Joliot Curie,"457,526,500,000","47,717,300,000",2.022E+11,800 330,A01,1,1,0,1,1,1,0,NULL,2.022E+11,1 081 563,800 330,A01,1,1,1,-1,NULL,-1,8,-1,-1,0,0,-1,2.022E+11,4,NULL,-1,NULL,2,2,1,1,-1,-1,1,NULL,4,1,9,5,50,
2.022E+11,15,4,2022,18:20:00,1,69,69244,2,1,1,6,Rue Joliot Curie,"457,526,500,000","47,717,300,000",2.022E+11,800 330,A01,1,1,0,1,1,1,0,NULL,2.022E+11,1 081 565,800 330,A01,10,3,3,2,1955,5,0,-1,-1,5,0,1,2.022E+11,4,NULL,-1,NULL,2,2,1,1,-1,-1,1,NULL,4,1,9,5,50,
2.022E+11,11,9,2022,13:25:00,1,59,59350,2,1,1,1,GUESDE JULES RUE,"506,230,155,334","30,506,794,900",2.022E+11,796 354,B01,3,1,0,2,1,1,5,NULL,2.022E+11,1 076 334,796 353,A01,1,1,4,1,2002,5,8,0,-1,-1,-1,-1,2.022E+11,4,GUESDE JULES RUE,0,NULL,2,3,1,1,-1,-1,2,NULL,-1,1,2,5,50,
2.022E+11,11,9,2022,13:25:00,1,59,59350,2,1,1,1,GUESDE JULES RUE,"506,230,155,334","30,506,794,900",2.022E+11,796 354,B01,3,1,0,2,1,1,5,NULL,2.022E+11,1 076 335,796 354,B01,1,1,4,1,1961,5,2,0,-1,-1,-1,-1,2.022E+11,4,GUESDE JULES RUE,0,NULL,2,3,1,1,-1,-1,2,NULL,-1,1,2,5,50,
2.022E+11,28,4,2022,17:15:00,1,1,1025,2,2,1,3,D80,"463,371,730,000","49,891,020,000",2.022E+11,793 413,B01,2,1,0,2,1,5,5,NULL,2.022E+11,1 072 489,793 413,B01,1,1,3,1,2011,5,2,-1,-1,0,0,-1,2.022E+11,3,80,0,NULL,2,2,0,1,41,105,3,NULL,-1,1,0,1,50,
2.022E+11,28,4,2022,17:15:00,1,1,1025,2,2,1,3,D80,"463,371,730,000","49,891,020,000",2.022E+11,793 413,B01,2,1,0,2,1,5,5,NULL,2.022E+11,1 072 490,793 414,A01,1,1,1,1,1985,5,1,-1,-1,0,0,-1,2.022E+11,3,80,0,NULL,2,2,0,1,41,105,3,NULL,-1,1,0,1,50,
2.022E+11,18,11,2022,18:55:00,5,93,93027,2,2,2,3,Boulevard Pasteur / Rue Pierre Curie,"489,209,600,000","23,831,400,000",2.022E+11,791 074,B01,1,1,0,2,3,3,5,NULL,2.022E+11,1 069 292,791 074,B01,1,1,4,1,1986,1,2,0,-1,0,0,-1,2.022E+11,3,PASTEUR (BOULEVARD) DE 1 A 39,0,NULL,2,2,0,1,0,1,1,NULL,-1,2,5,1,50,
2.022E+11,18,11,2022,18:55:00,5,93,93027,2,2,2,3,Boulevard Pasteur / Rue Pierre Curie,"489,209,600,000","23,831,400,000",2.022E+11,791 074,B01,1,1,0,2,3,3,5,NULL,2.022E+11,1 069 296,791 077,A01,1,1,1,2,1986,5,1,0,-1,0,0,-1,2.022E+11,3,PASTEUR (BOULEVARD) DE 1 A 39,0,NULL,2,2,0,1,0,1,1,NULL,-1,2,5,1,50,
2.022E+11,30,5,2022,07:00:00,2,17,17275,1,1,1,3,ROYAN ROUTE DE,"457,372,300,000"," -0,7013500000",2.022E+11,791 013,B01,1,1,0,2,8,2,5,NULL,2.022E+11,1 069 193,791 011,A01,1,1,1,-1,NULL,-1,-1,-1,-1,-1,-1,-1,2.022E+11,2,ROYAN ROUTE DE,0,NULL,2,2,0,1,51,246,1,NULL,-1,1,0,1,50,
2.022E+11,30,5,2022,07:00:00,2,17,17275,1,1,1,3,ROYAN ROUTE DE,"457,372,300,000"," -0,7013500000",2.022E+11,791 013,B01,1,1,0,2,8,2,5,NULL,2.022E+11,1 069 196,791 013,B01,1,1,4,1,1970,1,2,8,-1,-1,-1,-1,2.022E+11,2,ROYAN ROUTE DE,0,NULL,2,2,0,1,51,246,1,NULL,-1,1,0,1,50,
2.022E+11,9,9,2022,20:40:00,5,33,33063,2,3,1,3,Allée de Munich,"448,449,800,000"," -0,5708500000",2.022E+11,790 094,B01,1,1,0,2,1,1,5,NULL,2.022E+11,1 068 009,790 094,B01,1,1,4,1,1998,9,0,-1,-1,-1,-1,-1,2.022E+11,4,ALL DE MUNICH,0,NULL,1,2,3,1,-1,-1,1,NULL,-1,1,5,1,30,
2.022E+11,9,9,2022,20:40:00,5,33,33063,2,3,1,3,Allée de Munich,"448,449,800,000"," -0,5708500000",2.022E+11,790 094,B01,1,1,0,2,1,1,5,NULL,2.022E+11,1 068 011,790 096,A01,1,1,1,1,1966,4,1,-1,-1,-1,-1,-1,2.022E+11,4,ALL DE MUNICH,0,NULL,1,2,3,1,-1,-1,1,NULL,-1,1,5,1,30,
2.022E+11,11,10,2022,14:10:00,1,37,37261,2,2,1,1,DANIEL MAYER,"474,186,100,000","0,6913800000",2.022E+11,789 084,B01,1,1,0,2,3,1,5,NULL,2.022E+11,1 066 617,789 084,B01,1,1,3,2,1962,1,2,0,-1,-1,-1,-1,2.022E+11,4,DANIEL MAYER,0,NULL,2,2,0,1,-1,-1,1,NULL,-1,1,0,1,50,
2.022E+11,11,10,2022,14:10:00,1,37,37261,2,2,1,1,DANIEL MAYER,"474,186,100,000","0,6913800000",2.022E+11,789 084,B01,1,1,0,2,3,1,5,NULL,2.022E+11,1 066 621,789 086,A01,1,1,1,2,1976,1,1,0,-1,-1,-1,-1,2.022E+11,4,DANIEL MAYER,0,NULL,2,2,0,1,-1,-1,1,NULL,-1,1,0,1,50,
2.022E+11,31,7,2022,20:10:00,1,12,12254,2,1,1,1,Rue de la Parra,"444,112,370,000","25,199,250,000",2.022E+11,788 408,A01,3,1,0,2,3,5,5,NULL,2.022E+11,1 065 754,788 408,A01,1,1,4,1,2011,5,0,-1,-1,0,0,-1,2.022E+11,4,NULL,0,NULL,2,2,0,2,-1,-1,1,NULL,"3,5",1,0,1,50,
2.022E+11,31,7,2022,20:10:00,1,12,12254,2,1,1,1,Rue de la Parra,"444,112,370,000","25,199,250,000",2.022E+11,788 408,A01,3,1,0,2,3,5,5,NULL,2.022E+11,1 065 755,788 409,B01,1,1,4,1,1952,5,2,6,-1,0,0,-1,2.022E+11,4,NULL,0,NULL,2,2,0,2,-1,-1,1,NULL,"3,5",1,0,1,50,
2.022E+11,11,10,2022,11:10:00,1,93,93048,2,2,1,3,Avenue Gabriel Péri / Rue Carnot,"488,571,878,611","24,411,794,999",2.022E+11,785 428,B01,1,1,0,2,7,19,5,NULL,2.022E+11,1 061 683,785 424,A01,1,1,1,2,1978,9,1,0,-1,0,0,-1,2.022E+11,3,GABRIEL PERI (AVENUE),0,NULL,2,2,1,1,0,1,1,NULL,-1,1,0,1,50,
2.022E+11,11,10,2022,11:10:00,1,93,93048,2,2,1,3,Avenue Gabriel Péri / Rue Carnot,"488,571,878,611","24,411,794,999",2.022E+11,785 428,B01,1,1,0,2,7,19,5,NULL,2.022E+11,1 061 689,785 428,B01,1,1,4,1,2012,9,2,0,-1,0,0,-1,2.022E+11,3,GABRIEL PERI (AVENUE),0,NULL,2,2,1,1,0,1,1,NULL,-1,1,0,1,50,
2.022E+11,10,11,2022,12:50:00,1,69,69266,2,3,1,3,Rue Jean Jaurès,"457,576,100,000","48,825,700,000",2.022E+11,781 418,Y01,1,1,0,2,0,0,0,NULL,2.022E+11,1 056 393,781 418,Y01,1,1,4,1,2004,5,2,-1,-1,0,0,-1,2.022E+11,4,JEAN JAURES      (Rue),0,NULL,2,2,2,1,-1,-1,1,NULL,-1,1,0,1,30,
2.022E+11,10,11,2022,12:50:00,1,69,69266,2,3,1,3,Rue Jean Jaurès,"457,576,100,000","48,825,700,000",2.022E+11,781 418,Y01,1,1,0,2,0,0,0,NULL,2.022E+11,1 056 395,781 420,A01,1,1,1,-1,NULL,-1,8,-1,-1,0,0,-1,2.022E+11,4,JEAN JAURES      (Rue),0,NULL,2,2,2,1,-1,-1,1,NULL,-1,1,0,1,30,
2.022E+11,9,11,2022,16:40:00,1,54,54547,2,1,1,1,MIRECOURT (ROUTE DE),"486,635,170,000","61,892,470,000",2.022E+11,781 231,B01,1,1,0,2,1,1,5,NULL,2.022E+11,1 056 143,781 230,A01,1,1,1,1,2001,1,2,0,-1,0,0,-1,2.022E+11,4,MIRECOURT (ROUTE DE),0,NULL,2,-1,1,1,-1,-1,1,NULL,-1,1,0,5,20,
2.022E+11,9,11,2022,16:40:00,1,54,54547,2,1,1,1,MIRECOURT (ROUTE DE),"486,635,170,000","61,892,470,000",2.022E+11,781 231,B01,1,1,0,2,1,1,5,NULL,2.022E+11,1 056 144,781 231,B01,1,1,4,1,1975,1,2,0,-1,0,0,-1,2.022E+11,4,MIRECOURT (ROUTE DE),0,NULL,2,-1,1,1,-1,-1,1,NULL,-1,1,0,5,20,
2.022E+11,23,6,2022,12:50:00,1,56,56121,2,2,1,1,SOUS-MARIN VENUS (RUE DU),"477,331,540,000","-33,752,692,500",2.022E+11,778 759,B01,2,1,0,2,1,1,5,NULL,2.022E+11,1 052 845,778 759,B01,1,1,4,1,1958,5,2,8,-1,-1,-1,-1,2.022E+11,4,SOUS-MARIN VENUS (RUE DU),0,NULL,2,2,0,1,-1,-1,1,NULL,-1,1,0,1,30,
2.022E+11,23,6,2022,12:50:00,1,56,56121,2,2,1,1,SOUS-MARIN VENUS (RUE DU),"477,331,540,000","-33,752,692,500",2.022E+11,778 759,B01,2,1,0,2,1,1,5,NULL,2.022E+11,1 052 846,778 760,A01,1,1,1,2,1976,4,1,0,-1,-1,-1,-1,2.022E+11,4,SOUS-MARIN VENUS (RUE DU),0,NULL,2,2,0,1,-1,-1,1,NULL,-1,1,0,1,30,
2.022E+11,21,4,2022,19:40:00,1,68,68292,2,4,1,1,27 Fistelhaeuser,"478,803,530,000","70,375,360,000",2.022E+11,778 557,B01,0,1,0,2,3,1,5,NULL,2.022E+11,1 052 596,778 557,B01,1,1,4,1,2005,0,2,-1,-1,0,0,-1,2.022E+11,4,NULL,-1,NULL,2,2,0,2,-1,-1,4,NULL,4,1,0,1,30,
2.022E+11,21,4,2022,19:40:00,1,68,68292,2,4,1,1,27 Fistelhaeuser,"478,803,530,000","70,375,360,000",2.022E+11,778 557,B01,0,1,0,2,3,1,5,NULL,2.022E+11,1 052 599,778 559,A01,1,1,1,1,1994,4,8,1,-1,0,0,-1,2.022E+11,4,NULL,-1,NULL,2,2,0,2,-1,-1,4,NULL,4,1,0,1,30,
2.022E+11,1,2,2022,19:55:00,5,29,29019,2,6,6,3,Avenue Georges Clemenceau,"483,889,010,000","-44,838,780,000",2.022E+11,777 885,B01,2,1,0,2,1,1,5,NULL,2.022E+11,1 051 717,777 883,A01,1,1,1,2,1962,1,1,-1,-1,-1,-1,-1,2.022E+11,4,CHATEAU (DE 1 A 35 ET 2 A 32),0,NULL,-1,-1,0,1,-1,-1,1,NULL,-1,1,0,1,30,
2.022E+11,1,2,2022,19:55:00,5,29,29019,2,6,6,3,Avenue Georges Clemenceau,"483,889,010,000","-44,838,780,000",2.022E+11,777 885,B01,2,1,0,2,1,1,5,NULL,2.022E+11,1 051 719,777 885,B01,1,1,4,1,1964,1,2,4,-1,-1,-1,-1,2.022E+11,4,CHATEAU (DE 1 A 35 ET 2 A 32),0,NULL,-1,-1,0,1,-1,-1,1,NULL,-1,1,0,1,30,
2.022E+11,29,6,2022,08:45:00,1,16,16110,1,1,7,2,Route de Ruffec,"459,953,850,000","0,1499620000",2.022E+11,777 221,B01,1,1,0,2,4,1,5,NULL,2.022E+11,1 050 815,777 220,A01,1,1,1,2,1959,3,1,-1,-1,0,0,-1,2.022E+11,3,736,0,D,2,2,0,1,5,50,1,NULL,"5,5",1,0,1,90,
2.022E+11,29,6,2022,08:45:00,1,16,16110,1,1,7,2,Route de Ruffec,"459,953,850,000","0,1499620000",2.022E+11,777 221,B01,1,1,0,2,4,1,5,NULL,2.022E+11,1 050 816,777 221,B01,1,1,3,1,1957,5,2,-1,-1,0,0,-1,2.022E+11,3,736,0,D,2,2,0,1,5,50,1,NULL,"5,5",1,0,1,90,
2.022E+11,24,6,2022,08:20:00,1,92,92023,2,1,1,3,GENERAL DE GAULLE (AVENUE DU),"487,916,300,000","22,668,000,000",2.022E+11,775 736,A01,2,1,0,2,8,9,5,NULL,2.022E+11,1 048 827,775 735,B01,1,1,4,1,1960,1,2,0,-1,-1,-1,-1,2.022E+11,3,906,0,NULL,2,1,1,1,0,0,1,NULL,-1,1,0,1,30,
2.022E+11,24,6,2022,08:20:00,1,92,92023,2,1,1,3,GENERAL DE GAULLE (AVENUE DU),"487,916,300,000","22,668,000,000",2.022E+11,775 736,A01,2,1,0,2,8,9,5,NULL,2.022E+11,1 048 828,775 736,A01,1,1,1,1,1993,1,8,6,-1,-1,-1,-1,2.022E+11,3,906,0,NULL,2,1,1,1,0,0,1,NULL,-1,1,0,1,30,
2.022E+11,16,12,2022,18:24:00,5,49,49007,2,9,1,6,ROE,"474,728,873,801"," -0,5533350259",2.022E+11,773 218,A01,3,1,0,1,1,1,5,NULL,2.022E+11,1 045 358,773 218,A01,1,1,1,1,2002,0,8,0,-1,0,0,-1,2.022E+11,4,NULL,0,NULL,2,2,3,2,-1,-1,1,NULL,-1,1,9,4,30,
2.022E+11,16,12,2022,18:24:00,5,49,49007,2,9,1,6,ROE,"474,728,873,801"," -0,5533350259",2.022E+11,773 218,A01,3,1,0,1,1,1,5,NULL,2.022E+11,1 045 359,773 218,A01,10,3,4,2,1966,5,0,-1,-1,5,2,1,2.022E+11,4,NULL,0,NULL,2,2,3,2,-1,-1,1,NULL,-1,1,9,4,30,
2.022E+11,26,3,2022,16:30:00,1,45,45066,2,3,1,3,D39 PK 9 + 655,"479,472,600,000","25,442,090,000",2.022E+11,768 937,A01,2,1,0,2,1,15,5,NULL,2.022E+11,1 039 620,768 937,A01,1,1,4,1,2009,5,0,-1,-1,0,0,-1,2.022E+11,3,39,-1,NULL,2,2,0,1,9,655,1,NULL,-1,1,0,1,50,
2.022E+11,26,3,2022,16:30:00,1,45,45066,2,3,1,3,D39 PK 9 + 655,"479,472,600,000","25,442,090,000",2.022E+11,768 937,A01,2,1,0,2,1,15,5,NULL,2.022E+11,1 039 623,768 940,B01,1,1,1,2,1981,5,8,-1,-1,0,0,-1,2.022E+11,3,39,-1,NULL,2,2,0,1,9,655,1,NULL,-1,1,0,1,50,
2.022E+11,15,4,2022,08:30:00,1,92,92046,2,1,1,7,AVAULEE (RUE),"488,164,734,982","22,921,784,073",2.022E+11,768 326,A01,2,1,0,0,0,14,5,NULL,2.022E+11,1 038 831,768 326,A01,1,1,3,2,1976,1,2,0,-1,-1,-1,-1,2.022E+11,4,NULL,0,NULL,2,2,2,2,0,0,1,NULL,-1,9,8,5,50,
2.022E+11,9,11,2022,18:15:00,4,69,69387,2,4,2,1,Rue André Bollier,"457,352,700,000","48,390,000,000",2.022E+11,767 711,B01,2,1,0,2,8,9,5,NULL,2.022E+11,1 038 002,767 710,A01,1,1,1,1,1997,1,1,-1,-1,-1,-1,-1,2.022E+11,4,ANDRE BOLLIER                       (R ),0,NULL,2,2,0,1,-1,-1,1,NULL,-1,2,0,1,50,
2.022E+11,9,11,2022,18:15:00,4,69,69387,2,4,2,1,Rue André Bollier,"457,352,700,000","48,390,000,000",2.022E+11,767 711,B01,2,1,0,2,8,9,5,NULL,2.022E+11,1 038 004,767 711,B01,1,1,4,1,1996,1,8,-1,-1,0,0,-1,2.022E+11,4,ANDRE BOLLIER                       (R ),0,NULL,2,2,0,1,-1,-1,1,NULL,-1,2,0,1,50,
2.022E+11,17,5,2022,12:58:00,1,80,80021,2,4,1,3,BAILLON (RUE),"498,986,200,000","22,951,500,000",2.022E+11,763 773,A01,0,1,0,2,1,9,5,NULL,2.022E+11,1 032 808,763 773,A01,1,1,4,1,1999,0,8,0,-1,-1,-1,-1,2.022E+11,4,BAILLON (RUE),0,NULL,2,2,0,1,-1,-1,2,NULL,-1,1,0,1,50,
2.022E+11,17,5,2022,12:58:00,1,80,80021,2,4,1,3,BAILLON (RUE),"498,986,200,000","22,951,500,000",2.022E+11,763 773,A01,0,1,0,2,1,9,5,NULL,2.022E+11,1 032 809,763 775,B01,1,1,1,1,2001,0,8,-1,-1,0,0,-1,2.022E+11,4,BAILLON (RUE),0,NULL,2,2,0,1,-1,-1,2,NULL,-1,1,0,1,50,
2.022E+11,4,3,2022,21:30:00,3,64,64230,1,1,1,2,Chemin de Larousse,"432,068,300,000"," -0,4034200000",2.022E+11,759 158,A01,1,1,0,2,4,2,5,NULL,2.022E+11,1 026 737,759 158,A01,1,1,3,1,1986,0,0,-1,-1,0,0,-1,2.022E+11,4,134,-1,NULL,2,2,0,1,-1,-1,3,NULL,-1,1,0,1,80,
2.022E+11,4,3,2022,21:30:00,3,64,64230,1,1,1,2,Chemin de Larousse,"432,068,300,000"," -0,4034200000",2.022E+11,759 158,A01,1,1,0,2,4,2,5,NULL,2.022E+11,1 026 738,759 159,B01,1,1,1,-1,NULL,-1,-1,-1,-1,-1,-1,-1,2.022E+11,4,134,-1,NULL,2,2,0,1,-1,-1,3,NULL,-1,1,0,1,80,
2.022E+11,17,5,2022,11:00:00,1,41,41269,2,3,1,3,COURTIRAS (RUE DE),"478,024,500,000","10,500,500,000",2.022E+11,756 635,B01,2,1,0,2,1,2,5,NULL,2.022E+11,1 023 375,756 633,A01,1,1,1,1,1999,4,1,8,-1,-1,-1,-1,2.022E+11,4,COURTIRAS (RUE DE),0,NULL,2,2,2,1,-1,-1,1,NULL,-1,1,0,1,50,
2.022E+11,17,5,2022,11:00:00,1,41,41269,2,3,1,3,COURTIRAS (RUE DE),"478,024,500,000","10,500,500,000",2.022E+11,756 635,B01,2,1,0,2,1,2,5,NULL,2.022E+11,1 023 377,756 635,B01,1,1,2,1,1931,3,2,0,-1,-1,-1,-1,2.022E+11,4,COURTIRAS (RUE DE),0,NULL,2,2,2,1,-1,-1,1,NULL,-1,1,0,1,50,
2.022E+11,27,10,2022,08:50:00,1,75,75109,2,3,1,6,BOULEVARD DE CLICHY,"488,846,710,000","23,294,110,000",2.022E+11,733 271,Z01,1,1,0,1,1,1,5,NULL,2.022E+11,991 783,733 271,Z01,1,1,1,-1,NULL,-1,-1,-1,-1,-1,-1,-1,2.022E+11,4,BOULEVARD DE CLICHY,0,NULL,3,3,0,1,-1,-1,1,NULL,-1,1,0,1,30,
2.022E+11,27,10,2022,08:50:00,1,75,75109,2,3,1,6,BOULEVARD DE CLICHY,"488,846,710,000","23,294,110,000",2.022E+11,733 271,Z01,1,1,0,1,1,1,5,NULL,2.022E+11,991 784,733 271,Z01,10,3,4,2,1974,1,8,8,-1,4,3,1,2.022E+11,4,BOULEVARD DE CLICHY,0,NULL,3,3,0,1,-1,-1,1,NULL,-1,1,0,1,30,
2.022E+11,12,5,2022,14:20:00,1,92,92002,2,1,1,2,ARMAND GUILLEBAUD (AVENUE),"487,452,367,100","23,151,646,703",2.022E+11,733 228,B01,1,1,0,2,6,17,5,NULL,2.022E+11,991 732,733 228,B01,1,1,4,1,2002,5,8,0,-1,-1,-1,-1,2.022E+11,3,67,0,NULL,2,2,0,2,0,0,1,NULL,-1,1,0,1,50,
2.022E+11,12,5,2022,14:20:00,1,92,92002,2,1,1,2,ARMAND GUILLEBAUD (AVENUE),"487,452,367,100","23,151,646,703",2.022E+11,733 228,B01,1,1,0,2,6,17,5,NULL,2.022E+11,991 733,733 229,A01,1,1,1,2,1991,1,1,0,-1,-1,-1,-1,2.022E+11,3,67,0,NULL,2,2,0,2,0,0,1,NULL,-1,1,0,1,50,
2.022E+11,7,7,2022,06:50:00,1,37,37261,2,6,1,3,AEROPORT (RUE DE L'),"474,247,200,000","0,7120800000",2.022E+11,728 544,B01,3,1,0,2,0,1,5,NULL,2.022E+11,985 580,728 544,B01,1,1,4,1,1988,1,8,0,-1,-1,-1,-1,2.022E+11,7,GANCE (BOULEVARD ABEL),0,NULL,1,2,0,1,4,700,1,NULL,-1,1,0,1,50,
2.022E+11,7,7,2022,06:50:00,1,37,37261,2,6,1,3,AEROPORT (RUE DE L'),"474,247,200,000","0,7120800000",2.022E+11,728 544,B01,3,1,0,2,0,1,5,NULL,2.022E+11,985 585,728 548,A01,1,1,1,2,1993,1,1,0,-1,-1,-1,-1,2.022E+11,7,GANCE (BOULEVARD ABEL),0,NULL,1,2,0,1,4,700,1,NULL,-1,1,0,1,50,
2.022E+11,14,8,2022,13:48:00,1,75,75106,2,7,8,6,QUAI DES GRANDS AUGUSTINS,"488,538,800,000","23,440,270,000",2.022E+11,727 521,Z01,1,1,0,1,1,1,5,NULL,2.022E+11,984 239,727 521,Z01,1,1,1,-1,NULL,-1,-1,-1,-1,-1,-1,-1,2.022E+11,4,QUAI DES GRANDS AUGUSTINS,0,NULL,1,3,2,1,-1,-1,1,NULL,-1,1,0,1,30,
2.022E+11,14,8,2022,13:48:00,1,75,75106,2,7,8,6,QUAI DES GRANDS AUGUSTINS,"488,538,800,000","23,440,270,000",2.022E+11,727 521,Z01,1,1,0,1,1,1,5,NULL,2.022E+11,984 240,727 521,Z01,10,3,4,2,1994,5,0,-1,-1,4,3,1,2.022E+11,4,QUAI DES GRANDS AUGUSTINS,0,NULL,1,3,2,1,-1,-1,1,NULL,-1,1,0,1,30,
2.022E+11,29,11,2022,08:15:00,2,33,33063,2,1,2,3,Boulevard Alfred Daney,"448,727,174,996"," -0,5597394705",2.022E+11,727 417,B01,1,1,0,2,1,1,5,NULL,2.022E+11,984 090,727 412,A01,1,1,1,1,1964,4,1,-1,-1,0,0,-1,2.022E+11,4,BD ALFRED DANEY,0,NULL,2,4,2,1,-1,-1,1,NULL,-1,2,0,5,50,
2.022E+11,29,11,2022,08:15:00,2,33,33063,2,1,2,3,Boulevard Alfred Daney,"448,727,174,996"," -0,5597394705",2.022E+11,727 417,B01,1,1,0,2,1,1,5,NULL,2.022E+11,984 094,727 417,B01,1,1,4,2,1977,1,2,-1,-1,0,0,-1,2.022E+11,4,BD ALFRED DANEY,0,NULL,2,4,2,1,-1,-1,1,NULL,-1,2,0,5,50,
2.022E+11,21,9,2022,19:15:00,2,81,81063,1,1,1,2,D1,"439,416,140,000","20,661,490,000",2.022E+11,724 767,B01,2,1,13,0,4,1,5,NULL,2.022E+11,980 609,724 763,A01,1,1,1,-1,NULL,-1,-1,-1,-1,-1,-1,-1,2.022E+11,3,1,-1,NULL,2,2,0,1,33,336,1,NULL,4,1,0,1,80,
2.022E+11,21,9,2022,19:15:00,2,81,81063,1,1,1,2,D1,"439,416,140,000","20,661,490,000",2.022E+11,724 767,B01,2,1,13,0,4,1,5,NULL,2.022E+11,980 615,724 767,B01,1,1,3,1,1953,0,2,4,-1,0,0,-1,2.022E+11,3,1,-1,NULL,2,2,0,1,33,336,1,NULL,4,1,0,1,80,
2.022E+11,27,3,2022,10:30:00,1,29,29235,2,1,1,2,Boulevard Gambetta,"484,026,250,000","-43,868,190,000",2.022E+11,720 183,B01,1,1,0,2,1,1,5,NULL,2.022E+11,974 465,720 183,B01,1,1,4,1,1978,5,2,-1,-1,0,0,-1,2.022E+11,4,67,-1,NULL,2,2,0,2,-1,-1,1,NULL,-1,1,0,1,50,
2.022E+11,27,3,2022,10:30:00,1,29,29235,2,1,1,2,Boulevard Gambetta,"484,026,250,000","-43,868,190,000",2.022E+11,720 183,B01,1,1,0,2,1,1,5,NULL,2.022E+11,974 469,720 187,A01,1,1,1,1,1954,5,1,-1,-1,0,0,-1,2.022E+11,4,67,-1,NULL,2,2,0,2,-1,-1,1,NULL,-1,1,0,1,50,
2.022E+11,1,1,2022,07:20:00,5,76,76410,2,1,1,2,Route de Dieppe,"494,789,300,000","10,470,100,000",2.022E+11,716 186,B01,2,1,0,2,4,1,5,NULL,2.022E+11,968 963,716 186,B01,1,1,3,2,1979,1,2,-1,-1,-1,-1,-1,2.022E+11,7,DIEPPE. ROUTE DE (RN 27),0,NULL,2,2,3,1,19,750,2,NULL,-1,1,0,1,50,
2.022E+11,1,1,2022,07:20:00,5,76,76410,2,1,1,2,Route de Dieppe,"494,789,300,000","10,470,100,000",2.022E+11,716 186,B01,2,1,0,2,4,1,5,NULL,2.022E+11,968 965,716 188,A01,1,1,1,1,1993,5,8,-1,-1,-1,-1,-1,2.022E+11,7,DIEPPE. ROUTE DE (RN 27),0,NULL,2,2,3,1,19,750,2,NULL,-1,1,0,1,50,
2.022E+11,20,10,2022,08:15:00,1,60,60338,2,2,2,3,Rue Jules Ferry,"493,568,870,000","27,828,830,000",2.022E+11,809 860,B01,2,1,0,2,1,1,5,NULL,2.022E+11,1 094 250,809 859,A01,1,1,1,1,1969,3,1,-1,-1,0,0,-1,2.022E+11,4,NULL,0,NULL,2,2,0,1,-1,-1,1,NULL,5,2,0,1,30,
2.022E+11,20,10,2022,08:15:00,1,60,60338,2,2,2,3,Rue Jules Ferry,"493,568,870,000","27,828,830,000",2.022E+11,809 860,B01,2,1,0,2,1,1,5,NULL,2.022E+11,1 094 253,809 860,B01,1,1,4,1,2011,2,2,-1,-1,0,0,-1,2.022E+11,4,NULL,0,NULL,2,2,0,1,-1,-1,1,NULL,5,2,0,1,30,
2.022E+11,3,8,2022,08:00:00,1,39,39189,2,3,7,2,4 Rue de l’Abergement,"470,753,170,000","54,081,650,000",2.022E+11,808 573,B01,1,1,0,2,3,1,5,NULL,2.022E+11,1 092 528,808 573,B01,1,1,3,1,1942,5,2,-1,-1,0,0,-1,2.022E+11,3,220,-1,NULL,2,2,0,1,9,400,3,NULL,-1,1,0,1,50,
2.022E+11,3,8,2022,08:00:00,1,39,39189,2,3,7,2,4 Rue de l’Abergement,"470,753,170,000","54,081,650,000",2.022E+11,808 573,B01,1,1,0,2,3,1,5,NULL,2.022E+11,1 092 529,808 574,A01,1,1,1,2,1977,1,1,-1,-1,0,0,-1,2.022E+11,3,220,-1,NULL,2,2,0,1,9,400,3,NULL,-1,1,0,1,50,