Accident_Id,jour,mois,an,hrmn,lum,dep,com,agg,int,atm,col,adr,lat,long,Num_Acc,id_vehicule,num_veh,senc,catv,obs,obsm,choc,manv,motor,occutc,Num_Acc,id_usager,id_vehicule,num_veh,place,catu,grav,sexe,an_nais,trajet,secu1,secu2,secu3,locp,actp,etatp,Num_Acc,catr,voie,v1,v2,circ,nbv,vosp,prof,pr,pr1,plan,lartpc,larrout,surf,infra,situ,vma,
2.022E+11,21,3,2022,16:50:00,1,33,33281,2,1,1,3,Avenue Marcel Dassault,"448,480,800,000"," -0,6852500000",2.022E+11,807 602,A01,2,1,0,2,1,25,5,NULL,2.022E+11,1 091 223,807 602,A01,1,1,4,1,1961,0,8,-1,-1,-1,-1,-1,2.022E+11,4,DASSAULT (AVE MARCEL),0,NULL,2,2,2,1,-1,-1,1,NULL,-1,1,0,4,30,
2.022E+11,21,3,2022,16:50:00,1,33,33281,2,1,1,3,Avenue Marcel Dassault,"448,480,800,000"," -0,6852500000",2.022E+11,807 602,A01,2,1,0,2,1,25,5,NULL,2.022E+11,1 091 229,807 606,B01,1,1,1,1,1992,1,1,-1,-1,-1,-1,-1,2.022E+11,4,DASSAULT (AVE MARCEL),0,NULL,2,2,2,1,-1,-1,1,NULL,-1,1,0,4,30,
2.022E+11,1,8,2022,19:00:00,1,62,62758,1,3,1,3,D341E1,"507,252,300,000","16,492,880,000",2.022E+11,805 683,A01,3,1,0,2,3,19,5,NULL,2.022E+11,1 088 657,805 683,A01,1,1,4,1,1992,5,8,0,-1,-1,-1,-1,2.022E+11,3,CAUCHERIE ( Rue de la ),0,NULL,2,2,0,2,103,405,1,NULL,-1,1,0,1,80,
2.022E+11,1,8,2022,19:00:00,1,62,62758,1,3,1,3,D341E1,"507,252,300,000","16,492,880,000",2.022E+11,805 683,A01,3,1,0,2,3,19,5,NULL,2.022E+11,1 088 658,805 684,B01,1,1,1,1,1949,5,1,0,-1,-1,-1,-1,2.022E+11,3,CAUCHERIE ( Rue de la ),0,NULL,2,2,0,2,103,405,1,NULL,-1,1,0,1,80,
2.022E+11,11,2,2022,22:15:00,5,51,51454,2,3,1,3,Chaussée Bocquaine,"492,483,600,000","40,217,750,000",2.022E+11,804 837,A01,0,1,0,2,1,19,5,NULL,2.022E+11,1 087 527,804 833,B01,1,1,1,1,1991,0,1,-1,-1,-1,-1,-1,2.022E+11,4,BOCQUAINE (CHAUSSEE),0,NULL,1,1,1,1,-1,-1,1,NULL,-1,1,0,1,50,
2.022E+11,11,2,2022,22:15:00,5,51,51454,2,3,1,3,Chaussée Bocquaine,"492,483,600,000","40,217,750,000",2.022E+11,804 837,A01,0,1,0,2,1,19,5,NULL,2.022E+11,1 087 531,804 837,A01,1,1,4,1,1982,0,8,-1,-1,-1,-1,-1,2.022E+11,4,BOCQUAINE (CHAUSSEE),0,NULL,1,1,1,1,-1,-1,1,NULL,-1,1,0,1,50,
2.022E+11,21,11,2022,18:20:00,5,29,29019,2,2,2,1,rue Marcellin Duval,"484,133,000,000","-44,866,600,000",2.022E+11,801 639,B01,1,1,0,2,1,1,5,NULL,2.022E+11,1 083 272,801 638,A01,1,1,1,1,1952,5,1,-1,-1,0,0,-1,2.022E+11,4,DUVAL MARCELLIN (DE 22 A 78 ET 29 A 121),0,NULL,-1,4,0,1,-1,-1,1,NULL,-1,2,5,1,50,
2.022E+11,21,11,2022,18:20:00,5,29,29019,2,2,2,1,rue Marcellin Duval,"484,133,000,000","-44,866,600,000",2.022E+11,801 639,B01,1,1,0,2,1,1,5,NULL,2.022E+11,1 083 273,801 639,B01,1,1,4,1,1997,1,2,-1,-1,0,0,-1,2.022E+11,4,DUVAL MARCELLIN (DE 22 A 78 ET 29 A 121),0,NULL,-1,4,0,1,-1,-1,1,NULL,-1,2,5,1,50,
2.022E+11,1,6,2022,15:40:00,1,53,53115,2,1,1,2,14 Rue Saint Pierre,"484,182,890,000"," -0,8542460000",2.022E+11,800 378,B01,1,1,0,0,4,1,5,NULL,2.022E+11,1 081 629,800 378,B01,1,1,3,1,1949,5,2,-1,-1,0,0,-1,2.022E+11,3,33,-1,NULL,2,2,0,2,40,630,1,NULL,-1,1,0,1,50,
2.022E+11,1,6,2022,15:40:00,1,53,53115,2,1,1,2,14 Rue Saint Pierre,"484,182,890,000"," -0,8542460000",2.022E+11,800 378,B01,1,1,0,0,4,1,5,NULL,2.022E+11,1 081 632,800 380,A01,1,1,1,1,1935,9,1,-1,-1,0,0,-1,2.022E+11,3,33,-1,NULL,2,2,0,2,40,630,1,NULL,-1,1,0,1,50,
2.022E+11,15,10,2022,20:05:00,3,17,17283,1,1,1,2,D732,"455,732,420,000"," -0,5718040000",2.022E+11,799 483,B01,2,1,0,0,4,2,5,NULL,2.022E+11,1 080 447,799 482,A01,1,1,1,1,1997,5,1,-1,-1,0,0,-1,2.022E+11,3,732,0,D,2,2,0,1,18,326,1,NULL,-1,1,0,1,80,
2.022E+11,15,10,2022,20:05:00,3,17,17283,1,1,1,2,D732,"455,732,420,000"," -0,5718040000",2.022E+11,799 483,B01,2,1,0,0,4,2,5,NULL,2.022E+11,1 080 448,799 483,B01,1,1,2,1,1990,5,0,-1,-1,0,0,-1,2.022E+11,3,732,0,D,2,2,0,1,18,326,1,NULL,-1,1,0,1,80,
2.022E+11,1,7,2022,05:55:00,1,93,93050,2,1,1,1,Rue du Docteur Schapira,"488,552,700,000","25,267,700,000",2.022E+11,799 085,B01,0,1,0,2,0,1,5,NULL,2.022E+11,1 079 947,799 084,A01,1,1,1,1,1960,0,1,0,-1,0,0,-1,2.022E+11,4,DOCTEUR SCHAPIRA (RUE),0,NULL,1,1,1,1,1,0,1,NULL,-1,1,0,4,50,
2.022E+11,1,7,2022,05:55:00,1,93,93050,2,1,1,1,Rue du Docteur Schapira,"488,552,700,000","25,267,700,000",2.022E+11,799 085,B01,0,1,0,2,0,1,5,NULL,2.022E+11,1 079 948,799 085,B01,1,1,4,1,1987,1,8,0,-1,0,0,-1,2.022E+11,4,DOCTEUR SCHAPIRA (RUE),0,NULL,1,1,1,1,1,0,1,NULL,-1,1,0,4,50,
2.022E+11,31,5,2022,22:25:00,5,94,94046,2,2,1,3,Rue Chevreul,"488,092,000,000","24,368,400,000",2.022E+11,797 670,B01,1,1,0,0,5,1,5,NULL,2.022E+11,1 078 113,797 670,B01,1,1,4,1,1986,0,8,0,-1,-1,-1,-1,2.022E+11,4,GABRIEL PERI (R),0,NULL,1,1,0,1,0,0,1,NULL,-1,1,0,1,50,
2.022E+11,31,5,2022,22:25:00,5,94,94046,2,2,1,3,Rue Chevreul,"488,092,000,000","24,368,400,000",2.022E+11,797 670,B01,1,1,0,0,5,1,5,NULL,2.022E+11,1 078 117,797 677,A01,1,1,1,-1,NULL,-1,-1,-1,-1,-1,-1,-1,2.022E+11,4,GABRIEL PERI (R),0,NULL,1,1,0,1,0,0,1,NULL,-1,1,0,1,50,
2.022E+11,13,10,2022,07:25:00,2,71,71306,2,2,5,3,MACON (RUE DE),"466,737,600,000","43,739,800,000",2.022E+11,795 534,B01,0,1,0,2,3,1,5,NULL,2.022E+11,1 075 241,795 532,A01,1,1,1,2,1981,0,1,0,-1,0,0,-1,2.022E+11,4,MACON (RUE DE),0,NULL,2,2,0,1,-1,-1,1,NULL,-1,1,0,1,50,
2.022E+11,13,10,2022,07:25:00,2,71,71306,2,2,5,3,MACON (RUE DE),"466,737,600,000","43,739,800,000",2.022E+11,795 534,B01,0,1,0,2,3,1,5,NULL,2.022E+11,1 075 243,795 534,B01,1,1,4,1,2002,0,2,0,-1,0,0,-1,2.022E+11,4,MACON (RUE DE),0,NULL,2,2,0,1,-1,-1,1,NULL,-1,1,0,1,50,
2.022E+11,25,4,2022,09:00:00,1,974,97416,2,3,1,3,PARADIS (LIGNE) (2),"-213,011,700,000","554,574,400,000",2.022E+11,793 228,B01,1,1,0,2,1,1,5,NULL,2.022E+11,1 072 226,793 227,A01,1,1,1,1,1982,4,1,0,-1,-1,-1,-1,2.022E+11,3,PARADIS (LIGNE) (2),0,NULL,2,2,0,1,4,280,1,NULL,-1,1,0,1,50,
2.022E+11,25,4,2022,09:00:00,1,974,97416,2,3,1,3,PARADIS (LIGNE) (2),"-213,011,700,000","554,574,400,000",2.022E+11,793 228,B01,1,1,0,2,1,1,5,NULL,2.022E+11,1 072 227,793 228,B01,1,1,4,1,1996,0,8,0,-1,-1,-1,-1,2.022E+11,3,PARADIS (LIGNE) (2),0,NULL,2,2,0,1,4,280,1,NULL,-1,1,0,1,50,
2.022E+11,29,5,2022,15:10:00,1,74,74010,2,1,1,1,GENEVE (AVENUE DE)(SECTEUR 410),"459,102,700,000","61,238,600,000",2.022E+11,787 839,B01,1,1,1,0,1,1,5,NULL,2.022E+11,1 064 990,787 839,B01,1,1,3,1,1991,5,2,8,-1,-1,-1,-1,2.022E+11,4,GENEVE (AVENUE DE)(SECTEUR 410),0,NULL,2,2,0,1,-1,-1,1,NULL,-1,1,0,1,30,
2.022E+11,29,5,2022,15:10:00,1,74,74010,2,1,1,1,GENEVE (AVENUE DE)(SECTEUR 410),"459,102,700,000","61,238,600,000",2.022E+11,787 839,B01,1,1,1,0,1,1,5,NULL,2.022E+11,1 064 992,787 840,A01,1,1,1,1,1980,0,8,0,-1,-1,-1,-1,2.022E+11,4,GENEVE (AVENUE DE)(SECTEUR 410),0,NULL,2,2,0,1,-1,-1,1,NULL,-1,1,0,1,30,
2.022E+11,19,12,2022,16:30:00,2,69,69383,2,3,1,3,Avenue Félix Faure,"457,532,887,893","48,561,635,613",2.022E+11,786 151,B01,1,1,0,2,1,8,0,NULL,2.022E+11,1 062 701,786 151,B01,1,1,4,1,1981,0,2,-1,-1,0,0,-1,2.022E+11,4,FELIX FAURE                         (AV),0,NULL,1,1,3,1,-1,-1,1,NULL,-1,1,0,1,30,
2.022E+11,19,12,2022,16:30:00,2,69,69383,2,3,1,3,Avenue Félix Faure,"457,532,887,893","48,561,635,613",2.022E+11,786 151,B01,1,1,0,2,1,8,0,NULL,2.022E+11,1 062 704,786 154,A01,1,1,1,1,1998,0,8,-1,-1,0,0,-1,2.022E+11,4,FELIX FAURE                         (AV),0,NULL,1,1,3,1,-1,-1,1,NULL,-1,1,0,1,30,
2.022E+11,25,6,2022,20:33:00,2,75,75106,2,3,1,6,BOULEVARD SAINT MICHEL,"488,518,330,000","23,433,930,000",2.022E+11,781 981,A01,2,1,0,1,1,7,5,NULL,2.022E+11,1 057 131,781 981,A01,10,3,4,1,1982,9,0,-1,-1,4,3,1,2.022E+11,4,BOULEVARD SAINT MICHEL,0,NULL,2,4,3,1,-1,-1,1,NULL,-1,1,0,6,30,
2.022E+11,25,6,2022,20:33:00,2,75,75106,2,3,1,6,BOULEVARD SAINT MICHEL,"488,518,330,000","23,433,930,000",2.022E+11,781 981,A01,2,1,0,1,1,7,5,NULL,2.022E+11,1 057 132,781 981,A01,1,1,4,2,1995,9,2,0,-1,0,0,-1,2.022E+11,4,BOULEVARD SAINT MICHEL,0,NULL,2,4,3,1,-1,-1,1,NULL,-1,1,0,6,30,
2.022E+11,17,4,2022,21:30:00,5,75,75104,2,3,1,6,RUE DE RIVOLI,"488,552,110,000","23,611,580,000",2.022E+11,775 220,A01,1,1,14,0,0,12,5,NULL,2.022E+11,1 048 137,775 220,A01,1,1,4,2,1961,9,0,0,-1,0,0,-1,2.022E+11,4,RUE DE RIVOLI,0,NULL,1,3,1,1,-1,-1,2,NULL,-1,1,0,5,30,
2.022E+11,25,5,2022,11:40:00,1,10,10387,2,1,1,2,CARNOT (RUE),"482,969,274,406","40,665,292,740",2.022E+11,774 093,A01,1,1,1,2,1,1,5,NULL,2.022E+11,1 046 555,774 093,A01,1,1,4,2,1985,0,2,0,-1,0,0,-1,2.022E+11,4,CARNOT (RUE),0,NULL,2,0,0,1,-1,-1,1,NULL,-1,1,0,1,50,
2.022E+11,25,5,2022,11:40:00,1,10,10387,2,1,1,2,CARNOT (RUE),"482,969,274,406","40,665,292,740",2.022E+11,774 093,A01,1,1,1,2,1,1,5,NULL,2.022E+11,1 046 557,774 096,B01,1,1,1,2,1963,0,1,8,-1,0,0,-1,2.022E+11,4,CARNOT (RUE),0,NULL,2,0,0,1,-1,-1,1,NULL,-1,1,0,1,50,
2.022E+11,15,4,2022,18:09:00,1,75,75110,2,1,1,3,BOULEVARD DE LA VILLETTE,"488,807,484,489","23,700,677,293",2.022E+11,768 376,B01,2,1,0,2,8,1,5,NULL,2.022E+11,1 038 893,768 376,B01,1,1,4,2,1963,1,2,0,-1,0,0,-1,2.022E+11,4,BOULEVARD DE LA VILLETTE,0,NULL,3,2,1,1,-1,-1,1,NULL,-1,1,-1,5,30,
2.022E+11,15,4,2022,18:09:00,1,75,75110,2,1,1,3,BOULEVARD DE LA VILLETTE,"488,807,484,489","23,700,677,293",2.022E+11,768 378,A01,2,1,0,2,7,17,5,NULL,2.022E+11,1 038 893,768 376,B01,1,1,4,2,1963,1,2,0,-1,0,0,-1,2.022E+11,4,BOULEVARD DE LA VILLETTE,0,NULL,3,2,1,1,-1,-1,1,NULL,-1,1,-1,5,30,
2.022E+11,15,4,2022,18:09:00,1,75,75110,2,1,1,3,BOULEVARD DE LA VILLETTE,"488,807,484,489","23,700,677,293",2.022E+11,768 376,B01,2,1,0,2,8,1,5,NULL,2.022E+11,1 038 895,768 378,A01,1,1,1,1,1988,5,2,0,-1,0,0,-1,2.022E+11,4,BOULEVARD DE LA VILLETTE,0,NULL,3,2,1,1,-1,-1,1,NULL,-1,1,-1,5,30,
2.022E+11,15,4,2022,18:09:00,1,75,75110,2,1,1,3,BOULEVARD DE LA VILLETTE,"488,807,484,489","23,700,677,293",2.022E+11,768 378,A01,2,1,0,2,7,17,5,NULL,2.022E+11,1 038 895,768 378,A01,1,1,1,1,1988,5,2,0,-1,0,0,-1,2.022E+11,4,BOULEVARD DE LA VILLETTE,0,NULL,3,2,1,1,-1,-1,1,NULL,-1,1,-1,5,30,
2.022E+11,21,5,2022,22:15:00,5,75,75107,2,7,1,3,PLACE DE LA RESISTANCE,"488,624,500,000","23,018,160,000",2.022E+11,767 187,B01,1,1,0,2,3,13,5,NULL,2.022E+11,1 037 342,767 184,A01,1,1,4,1,1978,9,2,0,-1,0,0,-1,2.022E+11,4,PLACE DE LA RESISTANCE,0,NULL,2,8,0,1,-1,-1,1,NULL,-1,1,0,1,50,
2.022E+11,21,5,2022,22:15:00,5,75,75107,2,7,1,3,PLACE DE LA RESISTANCE,"488,624,500,000","23,018,160,000",2.022E+11,767 187,B01,1,1,0,2,3,13,5,NULL,2.022E+11,1 037 346,767 187,B01,1,1,4,1,1990,9,2,0,-1,0,0,-1,2.022E+11,4,PLACE DE LA RESISTANCE,0,NULL,2,8,0,1,-1,-1,1,NULL,-1,1,0,1,50,
2.022E+11,16,6,2022,12:30:00,1,59,59219,1,1,7,3,D61,"502,529,470,000","33,039,560,000",2.022E+11,766 283,B01,1,1,0,2,8,2,5,NULL,2.022E+11,1 036 093,766 283,B01,1,1,3,1,1948,5,2,-1,-1,0,0,-1,2.022E+11,3,61,-1,NULL,2,2,0,1,-1,-1,1,NULL,-1,1,0,1,80,
2.022E+11,16,6,2022,12:30:00,1,59,59219,1,1,7,3,D61,"502,529,470,000","33,039,560,000",2.022E+11,766 283,B01,1,1,0,2,8,2,5,NULL,2.022E+11,1 036 094,766 284,A01,1,1,1,1,1946,5,1,-1,-1,0,0,-1,2.022E+11,3,61,-1,NULL,2,2,0,1,-1,-1,1,NULL,-1,1,0,1,80,
2.022E+11,21,6,2022,09:25:00,1,83,83064,1,1,7,3,rd 554 gareoult,"433,220,090,000","60,266,180,000",2.022E+11,761 776,B01,2,1,0,2,8,1,5,NULL,2.022E+11,1 030 210,761 774,A01,1,1,1,1,1942,5,1,-1,-1,0,0,-1,2.022E+11,3,554,-1,D,2,2,0,2,75,400,1,NULL,-1,1,0,1,-1,
2.022E+11,21,6,2022,09:25:00,1,83,83064,1,1,7,3,rd 554 gareoult,"433,220,090,000","60,266,180,000",2.022E+11,761 776,B01,2,1,0,2,8,1,5,NULL,2.022E+11,1 030 213,761 776,B01,1,1,3,1,1950,5,2,6,-1,0,0,-1,2.022E+11,3,554,-1,D,2,2,0,2,75,400,1,NULL,-1,1,0,1,-1,
2.022E+11,29,9,2022,16:45:00,1,67,67482,2,3,1,3,ABBE LEMIRE (RUE DE L ),"485,807,400,000","77,236,500,000",2.022E+11,760 433,B01,1,1,0,2,1,19,5,NULL,2.022E+11,1 028 424,760 433,B01,1,1,4,1,2000,0,8,0,-1,-1,-1,-1,2.022E+11,4,ABBE LEMIRE (RUE DE L ),0,NULL,2,3,1,1,-1,-1,1,NULL,-1,1,0,1,50,
2.022E+11,29,9,2022,16:45:00,1,67,67482,2,3,1,3,ABBE LEMIRE (RUE DE L ),"485,807,400,000","77,236,500,000",2.022E+11,760 433,B01,1,1,0,2,1,19,5,NULL,2.022E+11,1 028 426,760 435,A01,1,1,1,1,1961,0,1,8,-1,-1,-1,-1,2.022E+11,4,ABBE LEMIRE (RUE DE L ),0,NULL,2,3,1,1,-1,-1,1,NULL,-1,1,0,1,50,
2.022E+11,29,9,2022,07:30:00,2,34,34172,2,1,1,7,47 Avenue de Lodève,"436,096,900,000","38,638,300,000",2.022E+11,753 384,A01,3,1,12,0,1,1,5,NULL,2.022E+11,1 018 944,753 384,A01,1,1,2,1,1978,1,8,0,-1,0,0,-1,2.022E+11,5,LODEVE (AVENUE DE,0,NULL,2,2,3,2,-1,-1,1,NULL,-1,1,9,6,30,
2.022E+11,15,6,2022,11:10:00,1,75,75117,2,2,1,3,RUE GUY MOQUET,"488,924,480,000","23,248,280,000",2.022E+11,747 624,A01,1,1,0,2,1,18,5,NULL,2.022E+11,1 011 182,747 622,B01,1,1,1,1,1969,4,1,0,-1,0,0,-1,2.022E+11,4,RUE GUY MOQUET,0,NULL,2,2,0,1,-1,-1,1,NULL,-1,1,0,1,30,
2.022E+11,15,6,2022,11:10:00,1,75,75117,2,2,1,3,RUE GUY MOQUET,"488,924,480,000","23,248,280,000",2.022E+11,747 624,A01,1,1,0,2,1,18,5,NULL,2.022E+11,1 011 183,747 622,B01,3,2,1,1,1994,9,1,0,-1,0,0,-1,2.022E+11,4,RUE GUY MOQUET,0,NULL,2,2,0,1,-1,-1,1,NULL,-1,1,0,1,30,
2.022E+11,15,6,2022,11:10:00,1,75,75117,2,2,1,3,RUE GUY MOQUET,"488,924,480,000","23,248,280,000",2.022E+11,747 624,A01,1,1,0,2,1,18,5,NULL,2.022E+11,1 011 185,747 624,A01,1,1,4,2,1980,9,8,0,-1,0,0,-1,2.022E+11,4,RUE GUY MOQUET,0,NULL,2,2,0,1,-1,-1,1,NULL,-1,1,0,1,30,
2.022E+11,15,6,2022,18:45:00,1,92,92064,2,1,1,7,REPUBLIQUE,"488,526,160,000","22,127,930,000",2.022E+11,747 503,A01,2,1,0,0,0,0,5,NULL,2.022E+11,1 011 028,747 503,A01,1,1,4,1,1967,5,8,0,-1,0,0,-1,2.022E+11,3,985,0,NULL,2,2,0,1,0,0,1,NULL,-1,1,0,1,50,
2.022E+11,16,5,2022,14:00:00,1,11,11202,2,6,1,6,Rond-point AMMAC (piste cyclable),"429,058,770,000","30,364,860,000",2.022E+11,746 716,A01,3,1,0,2,8,19,5,NULL,2.022E+11,1 009 982,746 716,A01,1,1,3,1,1952,5,2,-1,-1,0,0,-1,2.022E+11,4,NULL,-1,NULL,3,1,1,1,-1,-1,3,NULL,4,1,6,5,30,
2.022E+11,16,5,2022,14:00:00,1,11,11202,2,6,1,6,Rond-point AMMAC (piste cyclable),"429,058,770,000","30,364,860,000",2.022E+11,746 716,A01,3,1,0,2,8,19,5,NULL,2.022E+11,1 009 983,746 717,B01,1,1,1,-1,NULL,-1,-1,-1,-1,-1,-1,-1,2.022E+11,4,NULL,-1,NULL,3,1,1,1,-1,-1,3,NULL,4,1,6,5,30,
2.022E+11,27,9,2022,17:40:00,1,85,85194,2,6,2,3,Boulevard du vendée globe-RP de la vannerie,"465,154,200,000","-17,584,400,000",2.022E+11,746 395,B01,3,1,0,2,1,1,5,NULL,2.022E+11,1 009 553,746 395,B01,1,1,3,2,1965,3,8,0,-1,0,0,-1,2.022E+11,4,VANNERIE (ROND POINT),0,NULL,1,2,1,1,-1,-1,2,NULL,-1,2,9,8,50,
2.022E+11,27,9,2022,17:40:00,1,85,85194,2,6,2,3,Boulevard du vendée globe-RP de la vannerie,"465,154,200,000","-17,584,400,000",2.022E+11,746 395,B01,3,1,0,2,1,1,5,NULL,2.022E+11,1 009 554,746 396,A01,1,1,1,1,1971,1,1,8,-1,0,0,-1,2.022E+11,4,VANNERIE (ROND POINT),0,NULL,1,2,1,1,-1,-1,2,NULL,-1,2,9,8,50,
2.022E+11,22,9,2022,16:27:00,1,49,49007,2,2,1,3,PASTEUR,"474,720,500,000"," -0,5409300000",2.022E+11,732 529,B01,1,1,0,2,8,1,5,NULL,2.022E+11,990 855,732 529,B01,1,1,4,1,1988,5,8,0,-1,-1,-1,-1,2.022E+11,4,PASTEUR,0,NULL,2,4,2,1,1,0,1,NULL,-1,1,0,1,30,
2.022E+11,22,9,2022,16:27:00,1,49,49007,2,2,1,3,PASTEUR,"474,720,500,000"," -0,5409300000",2.022E+11,732 529,B01,1,1,0,2,8,1,5,NULL,2.022E+11,990 856,732 530,A01,1,1,1,1,1999,1,8,0,-1,-1,-1,-1,2.022E+11,4,PASTEUR,0,NULL,2,4,2,1,1,0,1,NULL,-1,1,0,1,30,
2.022E+11,9,1,2022,20:10:00,5,75,75113,2,3,1,3,RUE JEANNE D ARC,"488,323,930,000","23,649,070,000",2.022E+11,729 394,B01,3,1,0,2,1,1,5,NULL,2.022E+11,986 697,729 394,B01,1,1,4,2,1974,5,2,4,-1,0,0,-1,2.022E+11,4,RUE JEANNE D ARC,0,NULL,2,2,0,1,-1,-1,1,NULL,-1,2,0,1,30,
2.022E+11,9,1,2022,20:10:00,5,75,75113,2,3,1,3,RUE JEANNE D ARC,"488,323,930,000","23,649,070,000",2.022E+11,729 394,B01,3,1,0,2,1,1,5,NULL,2.022E+11,986 698,729 395,A01,1,1,1,1,1980,4,1,8,-1,0,0,-1,2.022E+11,4,RUE JEANNE D ARC,0,NULL,2,2,0,1,-1,-1,1,NULL,-1,2,0,1,30,
2.022E+11,9,1,2022,20:10:00,5,75,75113,2,3,1,3,RUE JEANNE D ARC,"488,323,930,000","23,649,070,000",2.022E+11,729 394,B01,3,1,0,2,1,1,5,NULL,2.022E+11,986 699,729 395,A01,2,2,1,2,1995,5,1,0,-1,0,0,-1,2.022E+11,4,RUE JEANNE D ARC,0,NULL,2,2,0,1,-1,-1,1,NULL,-1,2,0,1,30,
2.022E+11,21,9,2022,09:15:00,1,13,13001,2,9,1,3,LOQUI (ROUTE DE),"435,078,400,000","53,844,000,000",2.022E+11,725 625,A01,2,1,0,9,2,19,5,NULL,2.022E+11,981 762,725 625,A01,1,1,3,1,1944,3,2,6,-1,0,0,-1,2.022E+11,7,LOQUI (ROUTE DE),0,NULL,2,2,0,1,0,0,1,NULL,-1,1,0,1,50,
2.022E+11,21,9,2022,09:15:00,1,13,13001,2,9,1,3,LOQUI (ROUTE DE),"435,078,400,000","53,844,000,000",2.022E+11,725 625,A01,2,1,0,9,2,19,5,NULL,2.022E+11,981 764,725 627,B01,1,1,1,1,1997,4,1,8,-1,-1,-1,-1,2.022E+11,7,LOQUI (ROUTE DE),0,NULL,2,2,0,1,0,0,1,NULL,-1,1,0,1,50,
2.022E+11,17,5,2022,15:50:00,1,62,62758,2,1,1,7,CROIX ABOT ( Rue ),"507,162,230,000","16,377,830,000",2.022E+11,724 059,A01,2,1,14,0,1,26,5,NULL,2.022E+11,979 683,724 059,A01,1,1,3,1,1992,5,8,0,-1,-1,-1,-1,2.022E+11,4,CROIX ABOT ( Rue ),0,NULL,2,2,0,2,-1,-1,2,NULL,-1,1,9,1,30,
2.022E+11,9,5,2022,09:00:00,1,92,92002,2,9,1,3,SOURCES (RUE DES),"487,537,554,547","22,838,025,391",2.022E+11,723 269,B01,3,1,0,2,3,2,5,NULL,2.022E+11,978 645,723 269,B01,1,1,1,1,1957,0,8,0,-1,-1,-1,-1,2.022E+11,4,SOURCES (RUE DES),0,NULL,-1,2,0,1,0,0,1,NULL,-1,1,6,6,10,
2.022E+11,9,5,2022,09:00:00,1,92,92002,2,9,1,3,SOURCES (RUE DES),"487,537,554,547","22,838,025,391",2.022E+11,723 269,B01,3,1,0,2,3,2,5,NULL,2.022E+11,978 646,723 270,A01,1,1,4,1,2018,0,8,0,-1,-1,-1,-1,2.022E+11,4,SOURCES (RUE DES),0,NULL,-1,2,0,1,0,0,1,NULL,-1,1,6,6,10,
2.022E+11,20,9,2022,08:05:00,1,45,45234,2,2,1,3,1 Rue Royale,"478,980,800,000","19,042,000,000",2.022E+11,722 202,B01,1,1,0,2,7,19,0,NULL,2.022E+11,977 192,722 198,A01,1,1,1,1,2001,1,1,0,-1,-1,-1,-1,2.022E+11,4,CYPIERRE (QUAI),0,NULL,3,4,2,1,-1,-1,1,NULL,-1,1,5,1,50,
2.022E+11,20,9,2022,08:05:00,1,45,45234,2,2,1,3,1 Rue Royale,"478,980,800,000","19,042,000,000",2.022E+11,722 202,B01,1,1,0,2,7,19,0,NULL,2.022E+11,977 198,722 202,B01,1,1,4,1,2011,2,2,4,-1,-1,-1,-1,2.022E+11,4,CYPIERRE (QUAI),0,NULL,3,4,2,1,-1,-1,1,NULL,-1,1,5,1,50,
2.022E+11,20,9,2022,18:35:00,1,33,33281,2,6,1,3,Avenue Pierre Mendès-France,"448,240,500,000"," -0,6371600000",2.022E+11,722 106,A01,3,1,0,2,2,1,5,NULL,2.022E+11,977 071,722 106,A01,1,1,4,1,1976,5,0,-1,-1,-1,-1,-1,2.022E+11,4,AVE FRANCOIS MITTERRAND,0,NULL,3,4,1,1,-1,-1,1,NULL,-1,1,0,1,50,
2.022E+11,20,9,2022,18:35:00,1,33,33281,2,6,1,3,Avenue Pierre Mendès-France,"448,240,500,000"," -0,6371600000",2.022E+11,722 106,A01,3,1,0,2,2,1,5,NULL,2.022E+11,977 082,722 111,B01,1,1,1,2,1957,5,1,-1,-1,-1,-1,-1,2.022E+11,4,AVE FRANCOIS MITTERRAND,0,NULL,3,4,1,1,-1,-1,1,NULL,-1,1,0,1,50,
2.022E+11,25,3,2022,13:29:00,1,75,75106,2,2,1,2,RUE DU FOUR,"488,524,560,000","23,319,300,000",2.022E+11,719 109,A01,2,1,0,2,1,2,5,NULL,2.022E+11,972 967,719 108,B01,1,1,1,2,1991,5,2,0,-1,0,0,-1,2.022E+11,4,RUE DU FOUR,0,NULL,1,2,0,1,-1,-1,1,NULL,-1,1,0,1,30,
2.022E+11,25,3,2022,13:29:00,1,75,75106,2,2,1,2,RUE DU FOUR,"488,524,560,000","23,319,300,000",2.022E+11,719 109,A01,2,1,0,2,1,2,5,NULL,2.022E+11,972 968,719 109,A01,1,1,4,2,2003,5,8,0,-1,0,0,-1,2.022E+11,4,RUE DU FOUR,0,NULL,1,2,0,1,-1,-1,1,NULL,-1,1,0,1,30,
2.022E+11,8,7,2022,17:50:00,1,40,40179,2,3,1,3,route de patesse,"437,053,012,135","-11,102,172,915",2.022E+11,717 897,A01,3,1,0,2,1,9,5,NULL,2.022E+11,971 268,717 897,A01,1,1,4,1,2011,5,0,-1,-1,0,0,-1,2.022E+11,4,NULL,-1,NULL,2,1,0,1,270,-1,1,NULL,3,1,0,1,50,