Accident_Id,jour,mois,an,hrmn,lum,dep,com,agg,int,atm,col,adr,lat,long,Num_Acc,id_vehicule,num_veh,senc,catv,obs,obsm,choc,manv,motor,occutc,Num_Acc,id_usager,id_vehicule,num_veh,place,catu,grav,sexe,an_nais,trajet,secu1,secu2,secu3,locp,actp,etatp,Num_Acc,catr,voie,v1,v2,circ,nbv,vosp,prof,pr,pr1,plan,lartpc,larrout,surf,infra,situ,vma,
2.022E+11,11,1,2022,15:40:00,1,92,92063,2,1,1,3,SOLFERINO (BOULEVARD),"488,736,786,621","21,828,508,973",2.022E+11,736 073,B01,0,1,0,2,0,0,5,NULL,2.022E+11,995 544,736 073,B01,1,1,4,2,2002,0,8,0,-1,-1,-1,-1,2.022E+11,3,39,0,NULL,2,2,0,1,0,0,1,NULL,-1,1,0,1,50,
2.022E+11,28,10,2022,15:00:00,1,42,42097,2,3,1,3,8 Route de Saint-Galmier,"455,022,000,000","43,188,230,000",2.022E+11,734 229,B01,2,1,0,2,1,1,5,NULL,2.022E+11,993 082,734 228,A01,1,1,1,2,1979,0,1,-1,-1,0,0,-1,2.022E+11,7,10,-1,NULL,2,2,0,2,37,900,1,NULL,4,1,0,1,50,
2.022E+11,28,10,2022,15:00:00,1,42,42097,2,3,1,3,8 Route de Saint-Galmier,"455,022,000,000","43,188,230,000",2.022E+11,734 229,B01,2,1,0,2,1,1,5,NULL,2.022E+11,993 085,734 229,B01,1,1,3,1,1963,5,2,-1,-1,0,0,-1,2.022E+11,7,10,-1,NULL,2,2,0,2,37,900,1,NULL,4,1,0,1,50,
2.022E+11,11,8,2022,18:20:00,1,67,67482,2,1,1,3,JACQUES KABLE (RUE),"485,922,000,000","77,440,700,000",2.022E+11,733 742,B01,2,1,0,2,8,19,5,NULL,2.022E+11,992 392,733 742,B01,1,1,4,1,1987,0,8,0,-1,-1,-1,-1,2.022E+11,4,JACQUES KABLE (RUE),0,NULL,2,3,2,1,-1,-1,3,NULL,-1,1,0,5,50,
2.022E+11,11,8,2022,18:20:00,1,67,67482,2,1,1,3,JACQUES KABLE (RUE),"485,922,000,000","77,440,700,000",2.022E+11,733 742,B01,2,1,0,2,8,19,5,NULL,2.022E+11,992 396,733 746,A01,1,1,1,1,1999,0,1,8,-1,-1,-1,-1,2.022E+11,4,JACQUES KABLE (RUE),0,NULL,2,3,2,1,-1,-1,3,NULL,-1,1,0,5,50,
2.022E+11,23,9,2022,17:30:00,1,92,92004,2,1,1,3,VOLTAIRE ( BD ),"489,141,349,805","22,948,663,831",2.022E+11,732 416,B01,1,1,0,2,1,1,5,NULL,2.022E+11,990 709,732 416,B01,1,1,4,1,1990,0,2,0,-1,-1,-1,-1,2.022E+11,3,15,0,NULL,2,-1,0,1,0,0,1,NULL,-1,1,0,1,50,
2.022E+11,23,9,2022,17:30:00,1,92,92004,2,1,1,3,VOLTAIRE ( BD ),"489,141,349,805","22,948,663,831",2.022E+11,732 416,B01,1,1,0,2,1,1,5,NULL,2.022E+11,990 710,732 417,A01,1,1,1,1,1971,0,8,0,-1,-1,-1,-1,2.022E+11,3,15,0,NULL,2,-1,0,1,0,0,1,NULL,-1,1,0,1,50,
2.022E+11,19,2,2022,15:17:00,1,75,75104,2,1,1,6,BOULEVARD DU PALAIS,"488,548,070,000","23,453,780,000",2.022E+11,730 890,A01,2,1,14,0,2,1,5,NULL,2.022E+11,988 669,730 890,A01,1,1,4,1,2004,2,8,0,-1,0,0,-1,2.022E+11,4,BOULEVARD DU PALAIS,0,NULL,2,3,3,1,-1,-1,1,NULL,-1,1,0,6,30,
2.022E+11,11,1,2022,15:15:00,1,3,3010,1,1,1,3,Les Franchises des Barrier,"464,446,290,000","25,137,450,000",2.022E+11,729 495,B01,1,1,0,2,4,1,5,NULL,2.022E+11,986 834,729 494,A01,1,1,1,1,1949,3,8,-1,-1,0,0,-1,2.022E+11,3,40,0,NULL,2,2,0,1,16,800,1,NULL,-1,1,0,1,90,
2.022E+11,11,1,2022,15:15:00,1,3,3010,1,1,1,3,Les Franchises des Barrier,"464,446,290,000","25,137,450,000",2.022E+11,729 495,B01,1,1,0,2,4,1,5,NULL,2.022E+11,986 835,729 495,B01,1,1,4,2,1961,5,2,-1,-1,0,0,-1,2.022E+11,3,40,0,NULL,2,2,0,1,16,800,1,NULL,-1,1,0,1,90,
2.022E+11,8,5,2022,14:30:00,1,81,81237,1,1,1,3,D85,"434,783,200,000","21,093,110,000",2.022E+11,726 386,A01,2,1,1,0,3,5,5,NULL,2.022E+11,982 750,726 386,A01,1,1,3,1,1998,5,2,-1,-1,0,0,-1,2.022E+11,3,85,0,NULL,2,2,0,2,20,360,1,NULL,-1,1,0,1,70,
2.022E+11,8,5,2022,14:30:00,1,81,81237,1,1,1,3,D85,"434,783,200,000","21,093,110,000",2.022E+11,726 386,A01,2,1,1,0,3,5,5,NULL,2.022E+11,982 751,726 387,B01,1,1,1,1,1933,5,1,-1,-1,0,0,-1,2.022E+11,3,85,0,NULL,2,2,0,2,20,360,1,NULL,-1,1,0,1,70,
2.022E+11,28,3,2022,13:30:00,1,26,26198,2,1,1,3,BLUM (Rue Léon),"445,677,000,000","47,540,800,000",2.022E+11,723 327,B01,1,1,0,2,1,1,5,NULL,2.022E+11,978 722,723 327,B01,1,1,3,1,1951,5,2,8,-1,0,0,-1,2.022E+11,4,BLUM (Rue Léon),0,NULL,2,2,0,1,-1,-1,1,NULL,-1,1,0,1,50,
2.022E+11,28,3,2022,13:30:00,1,26,26198,2,1,1,3,BLUM (Rue Léon),"445,677,000,000","47,540,800,000",2.022E+11,723 327,B01,1,1,0,2,1,1,5,NULL,2.022E+11,978 728,723 331,A01,1,1,1,1,1985,5,1,0,-1,0,0,-1,2.022E+11,4,BLUM (Rue Léon),0,NULL,2,2,0,1,-1,-1,1,NULL,-1,1,0,1,50,
2.022E+11,6,5,2022,09:30:00,1,94,94042,2,9,1,3,Rue de Paris,"488,174,520,000","24,674,270,000",2.022E+11,719 176,B01,2,1,0,2,8,2,5,NULL,2.022E+11,973 067,719 174,A01,1,1,1,1,1936,5,1,0,-1,-1,-1,-1,2.022E+11,3,PARIS (R DE),0,NULL,1,1,1,1,1,0,1,NULL,-1,1,0,5,50,
2.022E+11,6,5,2022,09:30:00,1,94,94042,2,9,1,3,Rue de Paris,"488,174,520,000","24,674,270,000",2.022E+11,719 176,B01,2,1,0,2,8,2,5,NULL,2.022E+11,973 069,719 176,B01,1,1,4,1,1971,5,8,0,-1,-1,-1,-1,2.022E+11,3,PARIS (R DE),0,NULL,1,1,1,1,1,0,1,NULL,-1,1,0,5,50,
2.022E+11,22,10,2022,11:15:00,1,59,59398,2,3,1,3, Rue de la Mairie,"505,050,864,955","31,097,155,809",2.022E+11,718 596,A01,2,1,0,2,1,1,5,NULL,2.022E+11,972 264,718 592,B01,1,1,1,2,1976,0,1,-1,-1,0,0,-1,2.022E+11,3,NULL,-1,NULL,2,2,0,1,-1,-1,1,NULL,4,1,0,1,50,
2.022E+11,22,10,2022,11:15:00,1,59,59398,2,3,1,3, Rue de la Mairie,"505,050,864,955","31,097,155,809",2.022E+11,718 596,A01,2,1,0,2,1,1,5,NULL,2.022E+11,972 270,718 596,A01,1,1,4,1,1993,5,8,-1,-1,0,0,-1,2.022E+11,3,NULL,-1,NULL,2,2,0,1,-1,-1,1,NULL,4,1,0,1,50,
2.022E+11,24,3,2022,15:25:00,1,22,22299,1,1,1,3,1 la Gouhardière,"484,723,688,313","-19,738,161,564",2.022E+11,717 126,A01,2,1,0,5,6,1,5,NULL,2.022E+11,970 201,717 119,B01,1,1,1,1,1958,9,0,-1,-1,0,0,-1,2.022E+11,3,29A,-1,A,2,2,0,2,0,-1,1,NULL,-1,1,0,1,80,
2.022E+11,24,3,2022,15:25:00,1,22,22299,1,1,1,3,1 la Gouhardière,"484,723,688,313","-19,738,161,564",2.022E+11,717 126,A01,2,1,0,5,6,1,5,NULL,2.022E+11,970 210,717 126,A01,1,1,3,1,1954,5,2,-1,-1,0,0,-1,2.022E+11,3,29A,-1,A,2,2,0,2,0,-1,1,NULL,-1,1,0,1,80,
2.022E+11,2,6,2022,11:30:00,1,82,82094,1,1,1,3,Marty Paga,"442,439,080,000","11,383,620,000",2.022E+11,716 637,B01,1,1,0,2,7,13,5,NULL,2.022E+11,969 565,716 637,B01,1,1,3,1,1966,5,2,-1,-1,0,0,-1,2.022E+11,3,2,-1,NULL,2,2,0,2,15,30,3,NULL,-1,1,0,1,80,
2.022E+11,2,6,2022,11:30:00,1,82,82094,1,1,1,3,Marty Paga,"442,439,080,000","11,383,620,000",2.022E+11,716 637,B01,1,1,0,2,7,13,5,NULL,2.022E+11,969 570,716 642,A01,1,1,1,2,1968,3,1,-1,-1,0,0,-1,2.022E+11,3,2,-1,NULL,2,2,0,2,15,30,3,NULL,-1,1,0,1,80,
2.022E+11,23,11,2022,16:55:00,1,75,75107,2,2,1,6,BOULEVARD RASPAIL,"488,533,560,000","23,264,150,000",2.022E+11,808 161,A01,2,1,1,0,1,1,5,NULL,2.022E+11,1 091 971,808 161,A01,1,1,4,1,1946,5,2,0,-1,0,0,-1,2.022E+11,4,BOULEVARD RASPAIL,0,NULL,3,2,0,1,-1,-1,1,NULL,-1,1,0,1,30,
2.022E+11,15,9,2022,08:30:00,1,33,33192,2,6,1,3,Route de Léognan,"447,613,200,000"," -0,6125800000",2.022E+11,806 276,B01,2,1,0,2,7,1,0,NULL,2.022E+11,1 089 430,806 276,B01,1,1,4,2,1974,1,0,-1,-1,-1,-1,-1,2.022E+11,4,RTE DE LEOGNAN,0,NULL,2,2,0,1,-1,-1,1,NULL,-1,1,0,1,50,
2.022E+11,15,9,2022,08:30:00,1,33,33192,2,6,1,3,Route de Léognan,"447,613,200,000"," -0,6125800000",2.022E+11,806 276,B01,2,1,0,2,7,1,0,NULL,2.022E+11,1 089 431,806 277,A01,1,1,1,2,1963,1,1,-1,-1,-1,-1,-1,2.022E+11,4,RTE DE LEOGNAN,0,NULL,2,2,0,1,-1,-1,1,NULL,-1,1,0,1,50,
2.022E+11,2,7,2022,22:45:00,3,93,93027,2,1,1,3,Avenue Henri Barbusse,"489,300,800,000","23,870,800,000",2.022E+11,805 854,B01,2,1,0,2,7,19,5,NULL,2.022E+11,1 088 883,805 853,A01,1,1,1,1,1986,5,1,0,-1,0,0,-1,2.022E+11,3,BARBUSSE (RUE HENRI),0,NULL,2,2,2,1,0,1,1,NULL,-1,1,0,1,50,
2.022E+11,2,7,2022,22:45:00,3,93,93027,2,1,1,3,Avenue Henri Barbusse,"489,300,800,000","23,870,800,000",2.022E+11,805 854,B01,2,1,0,2,7,19,5,NULL,2.022E+11,1 088 884,805 854,B01,1,1,3,1,1998,0,8,0,-1,0,0,-1,2.022E+11,3,BARBUSSE (RUE HENRI),0,NULL,2,2,2,1,0,1,1,NULL,-1,1,0,1,50,
2.022E+11,20,10,2022,11:09:00,1,36,36044,2,6,1,3,1 Avenue Marcel Lemoine,"468,142,787,460","16,964,837,909",2.022E+11,805 414,B01,2,1,0,2,3,1,5,NULL,2.022E+11,1 088 298,805 414,B01,1,1,4,1,2000,9,2,8,-1,-1,-1,-1,2.022E+11,4,LEMOINE (AV MARCEL) DU 53 AU 159,0,NULL,2,2,0,1,-1,-1,1,NULL,-1,1,0,1,50,
2.022E+11,20,10,2022,11:09:00,1,36,36044,2,6,1,3,1 Avenue Marcel Lemoine,"468,142,787,460","16,964,837,909",2.022E+11,805 414,B01,2,1,0,2,3,1,5,NULL,2.022E+11,1 088 300,805 416,A01,1,1,1,2,1960,9,1,0,-1,-1,-1,-1,2.022E+11,4,LEMOINE (AV MARCEL) DU 53 AU 159,0,NULL,2,2,0,1,-1,-1,1,NULL,-1,1,0,1,50,
2.022E+11,23,11,2022,10:45:00,1,75,75114,2,7,3,3,PLACE DENFERT ROCHEREAU,"488,336,970,000","23,319,200,000",2.022E+11,805 196,B01,1,1,0,2,8,1,5,NULL,2.022E+11,1 087 989,805 195,A01,1,1,1,1,1976,4,1,0,-1,0,0,-1,2.022E+11,4,PLACE DENFERT ROCHEREAU,0,NULL,2,4,0,1,-1,-1,1,NULL,-1,2,0,1,30,
2.022E+11,23,11,2022,10:45:00,1,75,75114,2,7,3,3,PLACE DENFERT ROCHEREAU,"488,336,970,000","23,319,200,000",2.022E+11,805 196,B01,1,1,0,2,8,1,5,NULL,2.022E+11,1 087 991,805 196,B01,1,1,4,1,1974,5,2,0,-1,0,0,-1,2.022E+11,4,PLACE DENFERT ROCHEREAU,0,NULL,2,4,0,1,-1,-1,1,NULL,-1,2,0,1,30,
2.022E+11,2,8,2022,16:14:00,1,87,87085,2,1,1,6,VIGENAL (BOULEVARD DU),"458,524,300,000","12,548,600,000",2.022E+11,801 703,B01,2,1,0,2,8,19,5,NULL,2.022E+11,1 083 350,801 702,A01,1,1,1,1,1972,4,1,0,-1,-1,-1,-1,2.022E+11,4,VIGENAL (BOULEVARD DU),0,NULL,3,4,0,1,0,0,2,NULL,-1,1,0,1,50,
2.022E+11,2,8,2022,16:14:00,1,87,87085,2,1,1,6,VIGENAL (BOULEVARD DU),"458,524,300,000","12,548,600,000",2.022E+11,801 703,B01,2,1,0,2,8,19,5,NULL,2.022E+11,1 083 352,801 703,B01,1,1,4,1,1999,5,8,0,-1,-1,-1,-1,2.022E+11,4,VIGENAL (BOULEVARD DU),0,NULL,3,4,0,1,0,0,2,NULL,-1,1,0,1,50,
2.022E+11,19,3,2022,13:00:00,1,74,74160,1,4,1,1,4910 Route du Col de la Croix Fry,"458,717,320,000","63,843,920,000",2.022E+11,800 856,B01,2,1,0,2,1,1,5,NULL,2.022E+11,1 082 254,800 856,B01,1,1,3,1,1992,5,2,-1,-1,0,0,-1,2.022E+11,3,16,-1,NULL,2,2,0,2,41,400,4,NULL,-1,1,0,1,80,
2.022E+11,19,3,2022,13:00:00,1,74,74160,1,4,1,1,4910 Route du Col de la Croix Fry,"458,717,320,000","63,843,920,000",2.022E+11,800 856,B01,2,1,0,2,1,1,5,NULL,2.022E+11,1 082 257,800 859,A01,1,1,1,1,1991,5,1,-1,-1,0,0,-1,2.022E+11,3,16,-1,NULL,2,2,0,2,41,400,4,NULL,-1,1,0,1,80,
2.022E+11,1,7,2022,16:50:00,1,69,69383,2,2,1,3,Rue Jeanne d'Arc,"457,503,700,000","48,842,700,000",2.022E+11,799 391,B01,2,1,0,2,8,1,5,NULL,2.022E+11,1 080 325,799 390,A01,1,1,1,1,1977,4,1,-1,-1,-1,-1,-1,2.022E+11,4,JEANNE D'ARC                        (R ),0,NULL,1,1,0,1,-1,-1,1,NULL,-1,1,0,1,30,
2.022E+11,1,7,2022,16:50:00,1,69,69383,2,2,1,3,Rue Jeanne d'Arc,"457,503,700,000","48,842,700,000",2.022E+11,799 391,B01,2,1,0,2,8,1,5,NULL,2.022E+11,1 080 327,799 391,B01,2,2,4,2,2015,2,2,-1,-1,-1,-1,-1,2.022E+11,4,JEANNE D'ARC                        (R ),0,NULL,1,1,0,1,-1,-1,1,NULL,-1,1,0,1,30,
2.022E+11,1,7,2022,16:50:00,1,69,69383,2,2,1,3,Rue Jeanne d'Arc,"457,503,700,000","48,842,700,000",2.022E+11,799 391,B01,2,1,0,2,8,1,5,NULL,2.022E+11,1 080 328,799 391,B01,1,1,4,2,1973,2,8,-1,-1,-1,-1,-1,2.022E+11,4,JEANNE D'ARC                        (R ),0,NULL,1,1,0,1,-1,-1,1,NULL,-1,1,0,1,30,
2.022E+11,26,12,2022,16:43:00,1,49,49007,2,1,1,6,GRAND MONTREJEAU,"474,683,200,000"," -0,5286600000",2.022E+11,797 681,A01,1,1,0,1,1,1,5,NULL,2.022E+11,1 078 123,797 681,A01,10,3,4,1,2014,5,0,-1,-1,5,5,2,2.022E+11,4,GRAND MONTREJEAU,0,NULL,2,3,3,1,-1,-1,1,NULL,-1,1,0,6,20,
2.022E+11,26,12,2022,16:43:00,1,49,49007,2,1,1,6,GRAND MONTREJEAU,"474,683,200,000"," -0,5286600000",2.022E+11,797 681,A01,1,1,0,1,1,1,5,NULL,2.022E+11,1 078 126,797 681,A01,1,1,1,1,1958,9,8,0,-1,0,0,-1,2.022E+11,4,GRAND MONTREJEAU,0,NULL,2,3,3,1,-1,-1,1,NULL,-1,1,0,6,20,
2.022E+11,27,12,2022,12:50:00,1,14,14242,2,2,7,3,D7,"492,191,070,000"," -0,3666350000",2.022E+11,797 581,B01,1,1,0,2,1,1,5,NULL,2.022E+11,1 077 987,797 581,B01,1,1,4,1,2005,9,2,8,-1,0,0,-1,2.022E+11,3,RD N° 7 (DE CAEN A DOUVRES ),0,NULL,3,4,0,1,3,200,1,NULL,-1,1,0,1,50,
2.022E+11,27,12,2022,12:50:00,1,14,14242,2,2,7,3,D7,"492,191,070,000"," -0,3666350000",2.022E+11,797 581,B01,1,1,0,2,1,1,5,NULL,2.022E+11,1 077 992,797 585,A01,1,1,1,1,1988,3,1,0,-1,0,0,-1,2.022E+11,3,RD N° 7 (DE CAEN A DOUVRES ),0,NULL,3,4,0,1,3,200,1,NULL,-1,1,0,1,50,
2.022E+11,10,9,2022,03:15:00,5,74,74281,2,1,2,7,VALLEES (AVENUE DES),"463,705,200,000","64,880,500,000",2.022E+11,796 363,B01,1,1,0,0,1,0,5,NULL,2.022E+11,1 076 348,796 362,A01,1,1,1,1,1984,1,8,8,-1,-1,-1,-1,2.022E+11,4,VALLEES (AVENUE DES),0,NULL,2,2,0,1,1,0,1,NULL,-1,2,0,1,50,
2.022E+11,10,9,2022,03:15:00,5,74,74281,2,1,2,7,VALLEES (AVENUE DES),"463,705,200,000","64,880,500,000",2.022E+11,796 363,B01,1,1,0,0,1,0,5,NULL,2.022E+11,1 076 349,796 363,B01,1,1,3,1,1985,5,8,0,-1,-1,-1,-1,2.022E+11,4,VALLEES (AVENUE DES),0,NULL,2,2,0,1,1,0,1,NULL,-1,2,0,1,50,
2.022E+11,1,8,2022,07:10:00,1,59,59016,2,3,1,3,Rue du Lac,"509,966,540,000","23,352,060,000",2.022E+11,794 992,B01,1,1,0,2,8,15,5,NULL,2.022E+11,1 074 545,794 992,B01,1,1,3,1,2004,1,0,-1,-1,0,0,-1,2.022E+11,3,52,-1,NULL,2,2,0,1,-1,-1,1,NULL,-1,1,0,1,50,
2.022E+11,1,8,2022,07:10:00,1,59,59016,2,3,1,3,Rue du Lac,"509,966,540,000","23,352,060,000",2.022E+11,794 992,B01,1,1,0,2,8,15,5,NULL,2.022E+11,1 074 546,794 993,A01,1,1,1,1,1981,1,1,-1,-1,0,0,-1,2.022E+11,3,52,-1,NULL,2,2,0,1,-1,-1,1,NULL,-1,1,0,1,50,
2.022E+11,18,11,2022,08:00:00,2,45,45274,2,6,1,3,D951 PR 86 + 894,"478,679,600,000","19,576,200,000",2.022E+11,794 349,B01,2,1,0,2,1,1,5,NULL,2.022E+11,1 073 677,794 349,B01,1,1,4,1,2009,0,8,0,-1,0,0,-1,2.022E+11,3,SAINT DENIS  (RUE DE),0,NULL,1,2,0,1,86,894,2,NULL,-1,1,0,1,50,
2.022E+11,18,11,2022,08:00:00,2,45,45274,2,6,1,3,D951 PR 86 + 894,"478,679,600,000","19,576,200,000",2.022E+11,794 349,B01,2,1,0,2,1,1,5,NULL,2.022E+11,1 073 680,794 352,A01,1,1,1,1,1966,1,1,0,-1,-1,-1,-1,2.022E+11,3,SAINT DENIS  (RUE DE),0,NULL,1,2,0,1,86,894,2,NULL,-1,1,0,1,50,
2.022E+11,13,10,2022,09:15:00,1,92,92072,2,1,2,6,Pont de Sèvres,"488,281,820,087","22,261,369,228",2.022E+11,792 029,A01,1,1,0,0,0,1,5,NULL,2.022E+11,1 070 644,792 029,A01,1,1,4,1,1944,5,2,8,-1,0,0,-1,2.022E+11,3,910,0,NULL,3,6,0,1,0,0,1,NULL,-1,2,2,1,50,
2.022E+11,30,5,2022,09:15:00,1,75,75116,2,1,1,6,BOULEVARD SUCHET,"488,575,430,000","22,647,790,000",2.022E+11,790 871,B01,3,1,0,2,6,19,5,NULL,2.022E+11,1 069 000,790 870,A01,1,1,1,1,1961,5,2,6,-1,0,0,-1,2.022E+11,4,BOULEVARD SUCHET,0,NULL,2,5,1,1,-1,-1,1,NULL,-1,1,-1,5,50,
2.022E+11,30,5,2022,09:15:00,1,75,75116,2,1,1,6,BOULEVARD SUCHET,"488,575,430,000","22,647,790,000",2.022E+11,790 871,B01,3,1,0,2,6,19,5,NULL,2.022E+11,1 069 001,790 871,B01,1,1,4,2,1995,5,2,0,-1,0,0,-1,2.022E+11,4,BOULEVARD SUCHET,0,NULL,2,5,1,1,-1,-1,1,NULL,-1,1,-1,5,50,
2.022E+11,13,10,2022,07:00:00,3,28,28324,1,1,9,2,D23 Bois Carron,"484,816,690,000","12,409,720,000",2.022E+11,788 753,B01,2,1,0,2,4,1,5,NULL,2.022E+11,1 066 199,788 753,B01,1,1,2,1,1973,5,0,-1,-1,0,0,-1,2.022E+11,3,23,0,NULL,2,2,0,2,58,500,1,NULL,-1,2,0,1,80,
2.022E+11,13,10,2022,07:00:00,3,28,28324,1,1,9,2,D23 Bois Carron,"484,816,690,000","12,409,720,000",2.022E+11,788 753,B01,2,1,0,2,4,1,5,NULL,2.022E+11,1 066 201,788 755,A01,1,1,1,1,1968,1,1,-1,-1,0,0,-1,2.022E+11,3,23,0,NULL,2,2,0,2,58,500,1,NULL,-1,2,0,1,80,
2.022E+11,16,11,2022,09:40:00,1,45,45234,2,1,8,3,51 Route d'Olivet,"478,821,000,000","19,036,600,000",2.022E+11,787 530,A01,1,1,0,2,7,17,5,NULL,2.022E+11,1 064 554,787 529,B01,1,1,1,1,1977,1,1,0,-1,0,0,-1,2.022E+11,4,OLIVET (ROUTE D'OLIVET),0,NULL,2,4,2,1,-1,-1,1,NULL,-1,1,0,1,50,
2.022E+11,16,11,2022,09:40:00,1,45,45234,2,1,8,3,51 Route d'Olivet,"478,821,000,000","19,036,600,000",2.022E+11,787 530,A01,1,1,0,2,7,17,5,NULL,2.022E+11,1 064 555,787 530,A01,1,1,4,1,1961,5,8,0,-1,-1,-1,-1,2.022E+11,4,OLIVET (ROUTE D'OLIVET),0,NULL,2,4,2,1,-1,-1,1,NULL,-1,1,0,1,50,
2.022E+11,3,2,2022,12:20:00,1,91,91691,2,2,1,3,GABRIEL PERI(RUE) DU N°124 AU N°183,"486,992,300,000","24,868,700,000",2.022E+11,787 121,B01,2,1,0,2,1,1,5,NULL,2.022E+11,1 063 975,787 121,B01,1,1,4,1,1964,-1,2,0,0,-1,-1,-1,2.022E+11,4,GABRIEL PERI(RUE) DU N°124 AU N°183,0,NULL,1,1,0,1,-1,-1,1,NULL,-1,1,0,1,30,
2.022E+11,3,2,2022,12:20:00,1,91,91691,2,2,1,3,GABRIEL PERI(RUE) DU N°124 AU N°183,"486,992,300,000","24,868,700,000",2.022E+11,787 121,B01,2,1,0,2,1,1,5,NULL,2.022E+11,1 063 976,787 123,A01,1,1,1,1,1982,0,1,0,-1,-1,-1,-1,2.022E+11,4,GABRIEL PERI(RUE) DU N°124 AU N°183,0,NULL,1,1,0,1,-1,-1,1,NULL,-1,1,0,1,30,
2.022E+11,7,9,2022,14:00:00,1,34,34150,1,1,1,3,Route de Meze PR 8+490,"433,743,230,000","35,336,520,000",2.022E+11,786 254,A01,0,1,0,2,3,15,5,NULL,2.022E+11,1 062 837,786 253,B01,1,1,1,1,1952,1,8,-1,-1,0,0,-1,2.022E+11,3,51,0,D,2,2,0,1,8,490,1,NULL,-1,1,0,1,80,
2.022E+11,7,9,2022,14:00:00,1,34,34150,1,1,1,3,Route de Meze PR 8+490,"433,743,230,000","35,336,520,000",2.022E+11,786 254,A01,0,1,0,2,3,15,5,NULL,2.022E+11,1 062 838,786 254,A01,1,1,3,2,1969,5,2,-1,-1,0,0,-1,2.022E+11,3,51,0,D,2,2,0,1,8,490,1,NULL,-1,1,0,1,80,
2.022E+11,26,5,2022,10:10:00,1,68,68106,2,1,1,6,19 rue principale,"478,738,350,000","71,053,000,000",2.022E+11,783 986,A01,2,1,15,0,1,1,5,NULL,2.022E+11,1 059 793,783 986,A01,1,1,3,1,1971,5,2,-1,-1,0,0,-1,2.022E+11,3,D13.6,2,NULL,2,2,0,2,6,400,1,NULL,-1,1,0,1,50,
2.022E+11,2,2,2022,14:38:00,1,75,75108,2,7,1,2,PLACE DE LA CONCORDE,"488,667,780,000","23,219,930,000",2.022E+11,783 933,B01,3,1,0,2,4,21,5,NULL,2.022E+11,1 059 730,783 933,B01,1,1,4,1,2004,2,8,0,-1,0,0,-1,2.022E+11,4,PLACE DE LA CONCORDE,0,NULL,1,4,0,1,-1,-1,1,NULL,-1,1,0,1,30,
2.022E+11,2,2,2022,14:38:00,1,75,75108,2,7,1,2,PLACE DE LA CONCORDE,"488,667,780,000","23,219,930,000",2.022E+11,783 933,B01,3,1,0,2,4,21,5,NULL,2.022E+11,1 059 739,783 942,A01,1,1,1,1,1996,9,2,6,-1,0,0,-1,2.022E+11,4,PLACE DE LA CONCORDE,0,NULL,1,4,0,1,-1,-1,1,NULL,-1,1,0,1,30,
2.022E+11,9,10,2022,19:18:00,5,75,75113,2,2,1,3,RUE DE TOLBIAC,"488,261,650,000","23,572,750,000",2.022E+11,781 825,A01,2,1,0,2,1,1,5,NULL,2.022E+11,1 056 926,781 825,A01,1,1,4,1,1971,1,2,0,-1,0,0,-1,2.022E+11,4,RUE DE TOLBIAC,0,NULL,2,3,0,1,-1,-1,1,NULL,-1,1,0,1,30,
2.022E+11,9,10,2022,19:18:00,5,75,75113,2,2,1,3,RUE DE TOLBIAC,"488,261,650,000","23,572,750,000",2.022E+11,781 825,A01,2,1,0,2,1,1,5,NULL,2.022E+11,1 056 927,781 826,Z01,1,1,1,-1,NULL,-1,-1,-1,-1,-1,-1,-1,2.022E+11,4,RUE DE TOLBIAC,0,NULL,2,3,0,1,-1,-1,1,NULL,-1,1,0,1,30,
2.022E+11,23,6,2022,14:05:00,1,68,68149,2,1,1,3,MICHELFELDEN ( RUE DE ),"475,928,500,000","75,771,700,000",2.022E+11,775 377,B01,3,1,0,2,8,19,5,NULL,2.022E+11,1 048 338,775 375,A01,1,1,3,1,1966,1,2,8,-1,-1,-1,-1,2.022E+11,4,MICHELFELDEN ( RUE DE ),0,NULL,2,2,0,1,-1,-1,1,NULL,-1,1,5,1,50,
2.022E+11,23,6,2022,14:05:00,1,68,68149,2,1,1,3,MICHELFELDEN ( RUE DE ),"475,928,500,000","75,771,700,000",2.022E+11,775 377,B01,3,1,0,2,8,19,5,NULL,2.022E+11,1 048 341,775 377,B01,1,1,4,1,1988,5,8,0,-1,-1,-1,-1,2.022E+11,4,MICHELFELDEN ( RUE DE ),0,NULL,2,2,0,1,-1,-1,1,NULL,-1,1,5,1,50,
2.022E+11,26,7,2022,09:25:00,1,74,74003,1,6,1,2,D16,"458,916,290,000","62,509,950,000",2.022E+11,773 679,B01,2,1,0,2,4,2,5,NULL,2.022E+11,1 045 980,773 679,B01,1,1,3,1,1956,5,2,-1,-1,0,0,-1,2.022E+11,3,16,-1,NULL,1,1,0,1,31,130,2,NULL,-1,1,5,1,80,
2.022E+11,26,7,2022,09:25:00,1,74,74003,1,6,1,2,D16,"458,916,290,000","62,509,950,000",2.022E+11,773 679,B01,2,1,0,2,4,2,5,NULL,2.022E+11,1 045 981,773 680,A01,1,1,1,1,1947,5,1,-1,-1,0,0,-1,2.022E+11,3,16,-1,NULL,1,1,0,1,31,130,2,NULL,-1,1,5,1,80,