Accident_Id,jour,mois,an,hrmn,lum,dep,com,agg,int,atm,col,adr,lat,long,Num_Acc,id_vehicule,num_veh,senc,catv,obs,obsm,choc,manv,motor,occutc,Num_Acc,id_usager,id_vehicule,num_veh,place,catu,grav,sexe,an_nais,trajet,secu1,secu2,secu3,locp,actp,etatp,Num_Acc,catr,voie,v1,v2,circ,nbv,vosp,prof,pr,pr1,plan,lartpc,larrout,surf,infra,situ,vma,
2.022E+11,15,12,2022,08:20:00,1,92,92063,2,9,1,6,EMPEREUR (ROUTE DE L') EST,"488,605,296,353","21,867,331,266",2.022E+11,773 088,A01,2,1,0,1,8,1,5,NULL,2.022E+11,1 045 187,773 088,A01,1,1,1,1,1984,1,8,0,-1,0,0,-1,2.022E+11,3,180,0,NULL,2,0,0,2,0,0,1,NULL,-1,1,0,1,50,
2.022E+11,15,12,2022,08:20:00,1,92,92063,2,9,1,6,EMPEREUR (ROUTE DE L') EST,"488,605,296,353","21,867,331,266",2.022E+11,773 088,A01,2,1,0,1,8,1,5,NULL,2.022E+11,1 045 188,773 088,A01,10,3,3,2,1979,9,0,-1,-1,4,3,1,2.022E+11,3,180,0,NULL,2,0,0,2,0,0,1,NULL,-1,1,0,1,50,
2.022E+11,1,9,2022,12:10:00,1,37,37261,2,1,1,3,BERT (QUAI PAUL),"474,028,516,457","0,6980395317",2.022E+11,772 438,B01,2,1,0,2,6,15,5,NULL,2.022E+11,1 044 276,772 437,A01,1,1,1,1,2004,5,1,4,-1,-1,-1,-1,2.022E+11,4,NULL,0,NULL,2,2,2,1,-1,-1,1,NULL,-1,1,0,1,50,
2.022E+11,1,9,2022,12:10:00,1,37,37261,2,1,1,3,BERT (QUAI PAUL),"474,028,516,457","0,6980395317",2.022E+11,772 438,B01,2,1,0,2,6,15,5,NULL,2.022E+11,1 044 277,772 437,A01,2,2,1,2,2004,5,1,4,-1,-1,-1,-1,2.022E+11,4,NULL,0,NULL,2,2,2,1,-1,-1,1,NULL,-1,1,0,1,50,
2.022E+11,1,9,2022,12:10:00,1,37,37261,2,1,1,3,BERT (QUAI PAUL),"474,028,516,457","0,6980395317",2.022E+11,772 438,B01,2,1,0,2,6,15,5,NULL,2.022E+11,1 044 278,772 438,B01,1,1,3,2,1972,5,8,0,-1,-1,-1,-1,2.022E+11,4,NULL,0,NULL,2,2,2,1,-1,-1,1,NULL,-1,1,0,1,50,
2.022E+11,5,10,2022,10:40:00,1,3,3321,2,3,1,7,BERGERON-VEBRET (RUE),"465,652,000,000","33,553,000,000",2.022E+11,771 624,B01,2,1,0,0,0,15,5,NULL,2.022E+11,1 043 187,771 623,A01,1,1,1,2,1955,3,1,0,-1,-1,-1,-1,2.022E+11,4,BERGERON-VEBRET (RUE),0,NULL,2,2,0,1,-1,-1,1,NULL,-1,1,0,1,30,
2.022E+11,5,10,2022,10:40:00,1,3,3321,2,3,1,7,BERGERON-VEBRET (RUE),"465,652,000,000","33,553,000,000",2.022E+11,771 624,B01,2,1,0,0,0,15,5,NULL,2.022E+11,1 043 188,771 624,B01,1,1,4,2,1954,5,8,0,-1,-1,-1,-1,2.022E+11,4,BERGERON-VEBRET (RUE),0,NULL,2,2,0,1,-1,-1,1,NULL,-1,1,0,1,30,
2.022E+11,6,10,2022,15:39:00,1,75,75116,2,2,1,3,PLACE DE LA PORTE D AUTEUIL,"488,485,430,000","22,591,590,000",2.022E+11,771 594,A01,1,1,0,2,8,1,5,NULL,2.022E+11,1 043 140,771 593,B01,1,1,1,1,1961,4,1,0,-1,0,0,-1,2.022E+11,4,PLACE DE LA PORTE D AUTEUIL,0,NULL,1,4,0,1,-1,-1,1,NULL,-1,1,0,1,30,
2.022E+11,6,10,2022,15:39:00,1,75,75116,2,2,1,3,PLACE DE LA PORTE D AUTEUIL,"488,485,430,000","22,591,590,000",2.022E+11,771 594,A01,1,1,0,2,8,1,5,NULL,2.022E+11,1 043 141,771 594,A01,1,1,4,2,1976,9,2,0,-1,0,0,-1,2.022E+11,4,PLACE DE LA PORTE D AUTEUIL,0,NULL,1,4,0,1,-1,-1,1,NULL,-1,1,0,1,30,
2.022E+11,30,8,2022,19:15:00,1,76,76351,2,2,1,3,Rue Frédéric Bellanger,"494,953,200,000","0,1010300000",2.022E+11,769 118,B01,3,1,0,2,1,1,5,NULL,2.022E+11,1 039 846,769 118,B01,1,1,4,2,1978,0,8,-1,-1,-1,-1,-1,2.022E+11,4,FREDERIC BELLANGER,0,NULL,2,2,0,1,0,0,1,NULL,-1,1,0,1,50,
2.022E+11,30,8,2022,19:15:00,1,76,76351,2,2,1,3,Rue Frédéric Bellanger,"494,953,200,000","0,1010300000",2.022E+11,769 118,B01,3,1,0,2,1,1,5,NULL,2.022E+11,1 039 847,769 119,A01,1,1,1,1,2003,0,8,-1,-1,-1,-1,-1,2.022E+11,4,FREDERIC BELLANGER,0,NULL,2,2,0,1,0,0,1,NULL,-1,1,0,1,50,
2.022E+11,21,6,2022,08:00:00,1,91,91421,2,4,1,1,D'YERRES(RUE DE),"487,038,000,000","24,696,500,000",2.022E+11,768 657,B01,2,1,0,2,0,0,5,NULL,2.022E+11,1 039 235,768 657,B01,1,1,4,1,1961,1,2,0,-1,-1,-1,-1,2.022E+11,3,D'YERRES(RUE DE),0,NULL,2,2,0,2,0,1,4,NULL,-1,2,0,1,30,
2.022E+11,21,6,2022,08:00:00,1,91,91421,2,4,1,1,D'YERRES(RUE DE),"487,038,000,000","24,696,500,000",2.022E+11,768 657,B01,2,1,0,2,0,0,5,NULL,2.022E+11,1 039 237,768 659,A01,1,1,1,2,1981,2,1,0,-1,-1,-1,-1,2.022E+11,3,D'YERRES(RUE DE),0,NULL,2,2,0,2,0,1,4,NULL,-1,2,0,1,30,
2.022E+11,23,5,2022,08:20:00,1,75,75110,2,3,8,3,RUE RENE BOULANGER,"488,686,160,000","23,598,440,000",2.022E+11,767 224,B01,1,1,0,2,3,18,5,NULL,2.022E+11,1 037 393,767 224,B01,1,1,4,2,1978,9,2,0,-1,0,0,-1,2.022E+11,4,RUE RENE BOULANGER,0,NULL,2,2,0,1,-1,-1,3,NULL,-1,2,0,1,30,
2.022E+11,23,5,2022,08:20:00,1,75,75110,2,3,8,3,RUE RENE BOULANGER,"488,686,160,000","23,598,440,000",2.022E+11,767 224,B01,1,1,0,2,3,18,5,NULL,2.022E+11,1 037 395,767 225,A01,1,1,1,1,1958,5,1,0,-1,0,0,-1,2.022E+11,4,RUE RENE BOULANGER,0,NULL,2,2,0,1,-1,-1,3,NULL,-1,2,0,1,30,
2.022E+11,31,8,2022,20:20:00,2,75,75101,2,3,1,7,RUE DE VALOIS,"488,639,150,000","23,381,930,000",2.022E+11,765 591,A01,2,1,0,0,1,13,5,NULL,2.022E+11,1 035 158,765 591,A01,1,1,4,1,1976,5,8,0,-1,0,0,-1,2.022E+11,4,RUE DE VALOIS,0,NULL,1,1,0,1,-1,-1,1,NULL,-1,1,0,1,30,
2.022E+11,14,4,2022,17:22:00,1,80,80054,1,1,1,3,D79,"499,059,400,000","29,044,680,000",2.022E+11,764 934,B01,3,1,0,2,0,10,5,NULL,2.022E+11,1 034 342,764 932,A01,1,1,1,1,1994,1,1,-1,-1,0,0,-1,2.022E+11,3,79,-1,D,2,2,0,1,2,0,1,NULL,-1,1,0,1,80,
2.022E+11,14,4,2022,17:22:00,1,80,80054,1,1,1,3,D79,"499,059,400,000","29,044,680,000",2.022E+11,764 934,B01,3,1,0,2,0,10,5,NULL,2.022E+11,1 034 344,764 934,B01,1,1,3,1,1958,9,2,-1,-1,0,0,-1,2.022E+11,3,79,-1,D,2,2,0,1,2,0,1,NULL,-1,1,0,1,80,
2.022E+11,18,7,2022,21:15:00,1,67,67267,2,1,1,3,MOZART (RUE),"485,568,100,000","76,858,900,000",2.022E+11,759 545,B01,2,1,0,2,8,19,5,NULL,2.022E+11,1 027 272,759 544,A01,1,1,1,1,1960,0,1,8,-1,-1,-1,-1,2.022E+11,4,MOZART (RUE),0,NULL,2,2,0,1,-1,-1,1,NULL,-1,1,9,1,50,
2.022E+11,18,7,2022,21:15:00,1,67,67267,2,1,1,3,MOZART (RUE),"485,568,100,000","76,858,900,000",2.022E+11,759 545,B01,2,1,0,2,8,19,5,NULL,2.022E+11,1 027 273,759 545,B01,1,1,4,1,2013,5,8,0,-1,-1,-1,-1,2.022E+11,4,MOZART (RUE),0,NULL,2,2,0,1,-1,-1,1,NULL,-1,1,9,1,50,
2.022E+11,5,11,2022,17:20:00,3,28,28173,1,1,1,2,D32,"484,719,970,000","15,582,350,000",2.022E+11,757 302,B01,1,1,0,2,4,1,5,NULL,2.022E+11,1 024 279,757 302,B01,1,1,4,1,1965,5,2,6,9,0,0,-1,2.022E+11,3,32,0,NULL,2,2,0,1,3,500,1,NULL,-1,1,0,1,90,
2.022E+11,5,11,2022,17:20:00,3,28,28173,1,1,1,2,D32,"484,719,970,000","15,582,350,000",2.022E+11,757 302,B01,1,1,0,2,4,1,5,NULL,2.022E+11,1 024 280,757 303,A01,1,1,1,-1,NULL,-1,-1,-1,-1,-1,-1,-1,2.022E+11,3,32,0,NULL,2,2,0,1,3,500,1,NULL,-1,1,0,1,90,
2.022E+11,10,4,2022,15:50:00,1,84,84017,1,1,7,3,Parking,"441,295,540,000","52,880,290,000",2.022E+11,754 301,A01,1,1,0,2,3,13,5,NULL,2.022E+11,1 020 207,754 300,B01,1,1,1,1,1974,0,1,-1,-1,0,0,-1,2.022E+11,3,974,-1,NULL,2,2,0,2,-1,-1,3,NULL,-1,1,0,1,80,
2.022E+11,10,4,2022,15:50:00,1,84,84017,1,1,7,3,Parking,"441,295,540,000","52,880,290,000",2.022E+11,754 301,A01,1,1,0,2,3,13,5,NULL,2.022E+11,1 020 208,754 301,A01,1,1,3,1,1967,5,2,6,-1,0,0,-1,2.022E+11,3,974,-1,NULL,2,2,0,2,-1,-1,3,NULL,-1,1,0,1,80,
2.022E+11,16,6,2022,18:20:00,1,94,94033,2,3,1,6,Boulevard de Verdun / Rue Edouard Maury,"488,547,900,000","24,684,100,000",2.022E+11,750 880,Y01,1,1,1,0,1,22,5,NULL,2.022E+11,1 015 512,750 878,X01,1,1,1,-1,NULL,-1,-1,-1,-1,-1,-1,-1,2.022E+11,3,VERDUN (BD DE),0,NULL,2,2,0,1,0,1,1,NULL,-1,1,0,1,30,
2.022E+11,16,6,2022,18:20:00,1,94,94033,2,3,1,6,Boulevard de Verdun / Rue Edouard Maury,"488,547,900,000","24,684,100,000",2.022E+11,750 880,Y01,1,1,1,0,1,22,5,NULL,2.022E+11,1 015 514,750 880,Y01,1,1,4,1,1981,0,8,0,-1,-1,-1,-1,2.022E+11,3,VERDUN (BD DE),0,NULL,2,2,0,1,0,1,1,NULL,-1,1,0,1,30,
2.022E+11,29,9,2022,18:12:00,1,94,94071,2,6,1,1,Route de la Queue-en-brie / Avenue Gabriel Péri,"487,613,200,000","25,331,500,000",2.022E+11,749 741,B01,2,1,0,2,4,15,5,NULL,2.022E+11,1 014 076,749 740,A01,1,1,1,1,1977,0,1,0,-1,0,0,-1,2.022E+11,3,QUEUE EN BRIE (RTE DE LA),0,NULL,2,2,1,1,0,1,2,NULL,-1,1,0,3,30,
2.022E+11,29,9,2022,18:12:00,1,94,94071,2,6,1,1,Route de la Queue-en-brie / Avenue Gabriel Péri,"487,613,200,000","25,331,500,000",2.022E+11,749 741,B01,2,1,0,2,4,15,5,NULL,2.022E+11,1 014 077,749 741,B01,1,1,4,1,2005,9,8,0,-1,-1,-1,-1,2.022E+11,3,QUEUE EN BRIE (RTE DE LA),0,NULL,2,2,1,1,0,1,2,NULL,-1,1,0,3,30,
2.022E+11,24,8,2022,19:30:00,1,51,51454,2,6,7,3,Place des Combattants d'A.F.N,"492,204,400,000","40,209,800,000",2.022E+11,748 475,B01,2,1,0,2,5,19,5,NULL,2.022E+11,1 012 318,748 471,A01,2,2,1,2,1995,0,1,-1,-1,-1,-1,-1,2.022E+11,3,JUIN (AVENUE DU MARECHAL),0,NULL,1,2,1,1,23,500,3,NULL,-1,1,0,1,50,
2.022E+11,24,8,2022,19:30:00,1,51,51454,2,6,7,3,Place des Combattants d'A.F.N,"492,204,400,000","40,209,800,000",2.022E+11,748 475,B01,2,1,0,2,5,19,5,NULL,2.022E+11,1 012 320,748 471,A01,1,1,1,1,1988,0,1,-1,-1,-1,-1,-1,2.022E+11,3,JUIN (AVENUE DU MARECHAL),0,NULL,1,2,1,1,23,500,3,NULL,-1,1,0,1,50,
2.022E+11,24,8,2022,19:30:00,1,51,51454,2,6,7,3,Place des Combattants d'A.F.N,"492,204,400,000","40,209,800,000",2.022E+11,748 475,B01,2,1,0,2,5,19,5,NULL,2.022E+11,1 012 323,748 475,B01,1,1,4,1,1990,0,2,-1,-1,-1,-1,-1,2.022E+11,3,JUIN (AVENUE DU MARECHAL),0,NULL,1,2,1,1,23,500,3,NULL,-1,1,0,1,50,
2.022E+11,15,6,2022,00:17:00,5,75,75106,2,4,1,6,RUE DE CONDE,"488,506,100,000","23,380,670,000",2.022E+11,747 645,A01,1,1,1,0,1,14,5,NULL,2.022E+11,1 011 219,747 645,A01,1,1,4,1,1975,5,2,0,-1,0,0,-1,2.022E+11,4,RUE DE CONDE,0,NULL,1,1,0,2,-1,-1,1,NULL,-1,1,0,1,30,
2.022E+11,21,8,2022,05:10:00,5,35,35238,2,2,1,3,METZ (BD DE),"481,217,900,000","-16,627,100,000",2.022E+11,741 473,B01,3,1,0,2,7,0,5,NULL,2.022E+11,1 002 915,741 471,A01,1,1,1,-1,NULL,-1,-1,-1,-1,-1,-1,-1,2.022E+11,4,METZ (BD DE),0,NULL,2,3,2,1,-1,-1,1,NULL,-1,1,5,1,50,
2.022E+11,21,8,2022,05:10:00,5,35,35238,2,2,1,3,METZ (BD DE),"481,217,900,000","-16,627,100,000",2.022E+11,741 473,B01,3,1,0,2,7,0,5,NULL,2.022E+11,1 002 917,741 473,B01,1,1,3,1,1984,5,8,-1,-1,-1,-1,-1,2.022E+11,4,METZ (BD DE),0,NULL,2,3,2,1,-1,-1,1,NULL,-1,1,5,1,50,
2.022E+11,21,8,2022,16:45:00,1,33,33383,1,1,1,2,Route de By,"453,685,040,000"," -0,8349820000",2.022E+11,740 924,B01,1,1,0,2,4,2,5,NULL,2.022E+11,1 002 202,740 923,A01,1,1,1,1,1977,5,1,-1,-1,0,0,-1,2.022E+11,3,2,0,D,2,2,0,1,20,0,1,NULL,-1,1,0,1,80,
2.022E+11,21,8,2022,16:45:00,1,33,33383,1,1,1,2,Route de By,"453,685,040,000"," -0,8349820000",2.022E+11,740 924,B01,1,1,0,2,4,2,5,NULL,2.022E+11,1 002 204,740 924,B01,1,1,3,2,1961,5,0,-1,-1,0,0,-1,2.022E+11,3,2,0,D,2,2,0,1,20,0,1,NULL,-1,1,0,1,80,
2.022E+11,20,8,2022,11:20:00,1,64,64445,2,1,1,3,avenue Trespoey,"432,987,900,000"," -0,3522100000",2.022E+11,738 760,B01,2,1,0,2,0,1,5,NULL,2.022E+11,999 155,738 759,A01,1,1,1,1,1936,0,1,8,-1,-1,-1,-1,2.022E+11,4,TRESPOEY,0,NULL,2,4,1,1,0,0,1,NULL,-1,1,0,6,50,
2.022E+11,20,8,2022,11:20:00,1,64,64445,2,1,1,3,avenue Trespoey,"432,987,900,000"," -0,3522100000",2.022E+11,738 760,B01,2,1,0,2,0,1,5,NULL,2.022E+11,999 157,738 760,B01,1,1,4,1,1969,0,2,8,-1,-1,-1,-1,2.022E+11,4,TRESPOEY,0,NULL,2,4,1,1,0,0,1,NULL,-1,1,0,6,50,
2.022E+11,23,2,2022,08:45:00,1,6,6069,2,6,1,2,Rd point des Quatre Chemins,"436,451,460,000","69,401,550,000",2.022E+11,738 595,B01,3,1,0,2,4,2,5,NULL,2.022E+11,998 943,738 595,B01,1,1,4,1,2005,2,8,0,-1,-1,-1,-1,2.022E+11,4,NULL,0,NULL,1,2,0,1,-1,-1,2,NULL,-1,1,0,1,50,
2.022E+11,23,2,2022,08:45:00,1,6,6069,2,6,1,2,Rd point des Quatre Chemins,"436,451,460,000","69,401,550,000",2.022E+11,738 595,B01,3,1,0,2,4,2,5,NULL,2.022E+11,998 946,738 598,A01,1,1,1,1,1990,-1,8,-1,-1,0,0,-1,2.022E+11,4,NULL,0,NULL,1,2,0,1,-1,-1,2,NULL,-1,1,0,1,50,
2.022E+11,1,12,2022,16:45:00,1,81,81004,2,1,8,6,VIGAN (PL DU),"439,272,600,000","21,481,200,000",2.022E+11,738 554,B01,0,1,0,2,1,2,5,NULL,2.022E+11,998 886,738 552,A01,1,1,1,1,2002,0,1,8,-1,0,0,-1,2.022E+11,4,VIGAN (PL DU),0,NULL,2,2,1,1,1,0,1,NULL,-1,1,0,5,30,
2.022E+11,1,12,2022,16:45:00,1,81,81004,2,1,8,6,VIGAN (PL DU),"439,272,600,000","21,481,200,000",2.022E+11,738 554,B01,0,1,0,2,1,2,5,NULL,2.022E+11,998 889,738 554,B01,1,1,4,1,1993,0,2,8,-1,0,0,-1,2.022E+11,4,VIGAN (PL DU),0,NULL,2,2,1,1,1,0,1,NULL,-1,1,0,5,30,
2.022E+11,1,12,2022,16:45:00,1,81,81004,2,1,8,6,VIGAN (PL DU),"439,272,600,000","21,481,200,000",2.022E+11,738 554,B01,0,1,0,2,1,2,5,NULL,2.022E+11,998 891,738 554,B01,2,2,4,1,2017,0,2,8,-1,0,0,-1,2.022E+11,4,VIGAN (PL DU),0,NULL,2,2,1,1,1,0,1,NULL,-1,1,0,5,30,
2.022E+11,21,10,2022,05:10:00,5,10,10343,2,1,1,2,CANAL (RUE DU),"482,728,700,000","40,898,900,000",2.022E+11,736 679,B01,3,1,1,0,1,1,5,NULL,2.022E+11,996 319,736 678,A01,1,1,1,1,1953,4,1,0,-1,-1,-1,-1,2.022E+11,4,CANAL (RUE DU),0,NULL,1,1,1,1,0,0,1,NULL,-1,2,0,5,50,
2.022E+11,21,10,2022,05:10:00,5,10,10343,2,1,1,2,CANAL (RUE DU),"482,728,700,000","40,898,900,000",2.022E+11,736 679,B01,3,1,1,0,1,1,5,NULL,2.022E+11,996 320,736 679,B01,1,1,4,1,1970,0,1,0,-1,-1,-1,-1,2.022E+11,4,CANAL (RUE DU),0,NULL,1,1,1,1,0,0,1,NULL,-1,2,0,5,50,
2.022E+11,24,9,2022,07:30:00,5,93,93070,2,1,2,6,Avenue Michelet,"489,081,069,457","23,442,151,648",2.022E+11,735 820,B01,0,1,-1,2,0,0,5,NULL,2.022E+11,995 186,735 819,A01,1,1,1,1,1991,1,1,0,-1,0,0,-1,2.022E+11,3,MICHELET (AVE) : DU 1 AU 103,0,NULL,2,2,2,1,0,1,1,NULL,-1,2,8,1,50,
2.022E+11,24,9,2022,07:30:00,5,93,93070,2,1,2,6,Avenue Michelet,"489,081,069,457","23,442,151,648",2.022E+11,735 820,B01,0,1,-1,2,0,0,5,NULL,2.022E+11,995 187,735 820,B01,1,1,3,1,1989,1,8,0,-1,0,0,-1,2.022E+11,3,MICHELET (AVE) : DU 1 AU 103,0,NULL,2,2,2,1,0,1,1,NULL,-1,2,8,1,50,
2.022E+11,5,7,2022,14:12:00,1,87,87085,2,1,1,7,LEVEUF (RUE DU PROFESSEUR JEAN),"458,456,100,000","12,755,200,000",2.022E+11,731 833,A01,2,1,0,0,0,1,5,NULL,2.022E+11,989 909,731 833,A01,1,1,4,1,1952,5,2,0,-1,-1,-1,-1,2.022E+11,4,LEVEUF (RUE DU PROFESSEUR JEAN),0,NULL,2,2,0,2,0,0,1,NULL,-1,1,0,1,30,
2.022E+11,19,2,2022,10:30:00,1,75,75111,2,3,1,3,BOULEVARD DE MENILMONTANT,"488,598,220,000","23,887,650,000",2.022E+11,730 920,B01,2,1,0,2,7,17,5,NULL,2.022E+11,988 702,730 918,A01,1,1,1,2,1989,5,1,8,-1,0,0,-1,2.022E+11,4,BOULEVARD DE MENILMONTANT,0,NULL,1,2,1,1,-1,-1,1,NULL,-1,1,0,1,30,
2.022E+11,19,2,2022,10:30:00,1,75,75111,2,3,1,3,BOULEVARD DE MENILMONTANT,"488,598,220,000","23,887,650,000",2.022E+11,730 920,B01,2,1,0,2,7,17,5,NULL,2.022E+11,988 704,730 920,B01,1,1,4,2,1986,5,2,0,-1,0,0,-1,2.022E+11,4,BOULEVARD DE MENILMONTANT,0,NULL,1,2,1,1,-1,-1,1,NULL,-1,1,0,1,30,
2.022E+11,26,10,2022,15:50:00,1,26,26058,2,2,1,3,MOULIN D'ALBON RUE DU,"449,517,300,000","49,029,200,000",2.022E+11,730 116,A01,1,1,0,2,7,15,5,NULL,2.022E+11,987 639,730 116,A01,1,1,4,1,2006,0,2,0,-1,-1,-1,-1,2.022E+11,4,MOULIN D'ALBON RUE DU,0,NULL,2,0,0,1,-1,-1,1,NULL,-1,1,0,1,50,
2.022E+11,26,10,2022,15:50:00,1,26,26058,2,2,1,3,MOULIN D'ALBON RUE DU,"449,517,300,000","49,029,200,000",2.022E+11,730 116,A01,1,1,0,2,7,15,5,NULL,2.022E+11,987 641,730 118,B01,1,1,1,1,2000,5,1,0,-1,-1,-1,-1,2.022E+11,4,MOULIN D'ALBON RUE DU,0,NULL,2,0,0,1,-1,-1,1,NULL,-1,1,0,1,50,
2.022E+11,9,6,2022,15:10:00,1,33,33063,2,1,1,3,Quai des Chartrons,"448,565,300,000"," -0,5616300000",2.022E+11,728 200,B01,1,1,0,2,7,7,5,NULL,2.022E+11,985 127,728 200,B01,1,1,4,1,1994,9,8,-1,-1,-1,-1,-1,2.022E+11,4,BACALAN (QUAI DE),0,NULL,3,3,3,1,-1,-1,1,NULL,-1,1,0,6,30,
2.022E+11,9,6,2022,15:10:00,1,33,33063,2,1,1,3,Quai des Chartrons,"448,565,300,000"," -0,5616300000",2.022E+11,728 200,B01,1,1,0,2,7,7,5,NULL,2.022E+11,985 130,728 202,A01,1,1,1,1,1952,4,1,-1,-1,-1,-1,-1,2.022E+11,4,BACALAN (QUAI DE),0,NULL,3,3,3,1,-1,-1,1,NULL,-1,1,0,6,30,
2.022E+11,10,5,2022,18:10:00,1,19,19238,1,3,1,3,RD 982,"456,910,838,987","22,711,336,613",2.022E+11,726 392,A01,1,1,0,2,3,15,5,NULL,2.022E+11,982 760,726 392,A01,1,1,3,1,1949,5,8,-1,-1,0,0,-1,2.022E+11,3,982,-1,NULL,2,2,0,3,0,25,1,NULL,-1,1,0,1,90,
2.022E+11,10,5,2022,18:10:00,1,19,19238,1,3,1,3,RD 982,"456,910,838,987","22,711,336,613",2.022E+11,726 392,A01,1,1,0,2,3,15,5,NULL,2.022E+11,982 761,726 393,B01,1,1,1,1,1975,1,1,-1,-1,0,0,-1,2.022E+11,3,982,-1,NULL,2,2,0,3,0,25,1,NULL,-1,1,0,1,90,
2.022E+11,7,7,2022,13:15:00,1,75,75108,2,1,1,7,COURS ALBERT 1ER,"488,648,860,000","23,083,850,000",2.022E+11,725 380,A01,1,1,0,0,0,1,5,NULL,2.022E+11,981 444,725 380,A01,1,1,4,1,1987,4,8,0,-1,0,0,-1,2.022E+11,4,COURS ALBERT 1ER,0,NULL,1,1,1,1,-1,-1,1,NULL,-1,1,-1,5,30,
2.022E+11,19,9,2022,20:30:00,5,75,75105,2,1,1,1,QUAI SAINT BERNARD,"488,462,380,000","23,619,330,000",2.022E+11,721 799,A01,3,1,0,2,1,1,5,NULL,2.022E+11,976 668,721 799,A01,1,1,1,1,1998,5,2,8,-1,0,0,-1,2.022E+11,4,QUAI SAINT BERNARD,0,NULL,-1,0,1,1,-1,-1,1,NULL,-1,1,6,5,30,
2.022E+11,19,9,2022,20:30:00,5,75,75105,2,1,1,1,QUAI SAINT BERNARD,"488,462,380,000","23,619,330,000",2.022E+11,721 799,A01,3,1,0,2,1,1,5,NULL,2.022E+11,976 675,721 805,B01,1,1,4,1,1992,1,0,0,-1,0,0,-1,2.022E+11,4,QUAI SAINT BERNARD,0,NULL,-1,0,1,1,-1,-1,1,NULL,-1,1,6,5,30,
2.022E+11,6,5,2022,19:00:00,1,69,69290,2,3,1,3,Rue du Grisard,"456,972,700,000","49,445,900,000",2.022E+11,719 771,B01,3,1,0,2,1,2,0,NULL,2.022E+11,973 889,719 766,A01,1,1,1,1,1959,1,1,-1,-1,0,0,-1,2.022E+11,4,GRISARD (DU)                        (R ),0,NULL,1,1,2,1,-1,-1,1,NULL,-1,1,0,1,30,
2.022E+11,6,5,2022,19:00:00,1,69,69290,2,3,1,3,Rue du Grisard,"456,972,700,000","49,445,900,000",2.022E+11,719 771,B01,3,1,0,2,1,2,0,NULL,2.022E+11,973 894,719 771,B01,1,1,4,1,1991,9,2,-1,-1,0,0,-1,2.022E+11,4,GRISARD (DU)                        (R ),0,NULL,1,1,2,1,-1,-1,1,NULL,-1,1,0,1,30,
2.022E+11,20,6,2022,12:03:00,1,67,67067,2,3,1,3,Allee des Acacias,"487,296,040,000","77,169,410,000",2.022E+11,718 280,A01,3,1,0,2,3,19,5,NULL,2.022E+11,971 797,718 280,A01,1,1,3,2,2007,5,0,-1,-1,0,0,-1,2.022E+11,3,VC,0,A,1,1,1,1,10,0,2,NULL,-1,1,0,1,30,
2.022E+11,20,6,2022,12:03:00,1,67,67067,2,3,1,3,Allee des Acacias,"487,296,040,000","77,169,410,000",2.022E+11,718 280,A01,3,1,0,2,3,19,5,NULL,2.022E+11,971 802,718 285,B01,1,1,1,2,1973,0,1,-1,-1,0,0,-1,2.022E+11,3,VC,0,A,1,1,1,1,10,0,2,NULL,-1,1,0,1,30,
2.022E+11,25,11,2022,16:15:00,1,14,14735,2,1,1,2,D253A,"490,330,860,000"," -0,0886650000",2.022E+11,807 884,B01,2,1,0,2,4,1,5,NULL,2.022E+11,1 091 589,807 884,B01,1,1,2,2,1942,5,0,-1,-1,0,0,-1,2.022E+11,3,253,-1,A,2,2,0,1,5,846,1,NULL,-1,1,0,1,50,
2.022E+11,25,11,2022,16:15:00,1,14,14735,2,1,1,2,D253A,"490,330,860,000"," -0,0886650000",2.022E+11,807 884,B01,2,1,0,2,4,1,5,NULL,2.022E+11,1 091 593,807 886,A01,1,1,1,1,1936,5,1,-1,-1,0,0,-1,2.022E+11,3,253,-1,A,2,2,0,1,5,846,1,NULL,-1,1,0,1,50,
2.022E+11,29,4,2022,12:20:00,1,37,37261,2,3,1,3,CHOISEUL (PLACE),"474,016,788,683","0,6840088964",2.022E+11,800 993,A01,3,1,0,2,3,25,5,NULL,2.022E+11,1 082 420,800 988,B01,1,1,1,2,1995,5,1,0,-1,-1,-1,-1,2.022E+11,4,CHOISEUL (PLACE),0,NULL,1,1,0,1,-1,-1,1,NULL,-1,1,5,1,30,
2.022E+11,29,4,2022,12:20:00,1,37,37261,2,3,1,3,CHOISEUL (PLACE),"474,016,788,683","0,6840088964",2.022E+11,800 993,A01,3,1,0,2,3,25,5,NULL,2.022E+11,1 082 423,800 988,B01,2,2,1,2,1999,0,1,0,-1,-1,-1,-1,2.022E+11,4,CHOISEUL (PLACE),0,NULL,1,1,0,1,-1,-1,1,NULL,-1,1,5,1,30,
2.022E+11,29,4,2022,12:20:00,1,37,37261,2,3,1,3,CHOISEUL (PLACE),"474,016,788,683","0,6840088964",2.022E+11,800 993,A01,3,1,0,2,3,25,5,NULL,2.022E+11,1 082 428,800 993,A01,1,1,4,1,1996,1,8,0,-1,-1,-1,-1,2.022E+11,4,CHOISEUL (PLACE),0,NULL,1,1,0,1,-1,-1,1,NULL,-1,1,5,1,30,