Accident_Id,jour,mois,an,hrmn,lum,dep,com,agg,int,atm,col,adr,lat,long,Num_Acc,id_vehicule,num_veh,senc,catv,obs,obsm,choc,manv,motor,occutc,Num_Acc,id_usager,id_vehicule,num_veh,place,catu,grav,sexe,an_nais,trajet,secu1,secu2,secu3,locp,actp,etatp,Num_Acc,catr,voie,v1,v2,circ,nbv,vosp,prof,pr,pr1,plan,lartpc,larrout,surf,infra,situ,vma,
2.022E+11,25,8,2022,20:30:00,1,14,14333,2,6,1,3,D580,"494,177,470,000","0,2399780000",2.022E+11,754 890,B01,1,1,0,2,8,1,5,NULL,2.022E+11,1 020 980,754 892,A01,1,1,1,1,1986,0,1,0,-1,0,0,-1,2.022E+11,3,NULL,0,NULL,1,2,0,1,1,500,4,NULL,-1,1,0,1,50,
2.022E+11,17,6,2022,09:50:00,1,75,75116,2,3,1,2,ROUTE DES TRIBUNES,"488,619,890,000","22,303,800,000",2.022E+11,754 481,B01,3,1,0,2,1,1,5,NULL,2.022E+11,1 020 447,754 481,B01,1,1,4,1,1993,5,2,0,-1,0,0,-1,2.022E+11,4,ROUTE DES TRIBUNES,0,NULL,1,2,2,1,-1,-1,1,NULL,-1,1,0,5,30,
2.022E+11,17,6,2022,09:50:00,1,75,75116,2,3,1,2,ROUTE DES TRIBUNES,"488,619,890,000","22,303,800,000",2.022E+11,754 481,B01,3,1,0,2,1,1,5,NULL,2.022E+11,1 020 448,754 482,A01,1,1,1,1,1997,4,1,0,-1,0,0,-1,2.022E+11,4,ROUTE DES TRIBUNES,0,NULL,1,2,2,1,-1,-1,1,NULL,-1,1,0,5,30,
2.022E+11,1,3,2022,12:00:00,1,46,46251,2,3,1,3,Rue de Pommiers,"448,557,210,000","18,773,000,000",2.022E+11,752 260,B01,3,1,0,2,1,1,5,NULL,2.022E+11,1 017 370,752 260,B01,1,1,3,2,1964,1,0,-1,-1,0,0,-1,2.022E+11,4,NULL,-1,NULL,2,2,0,1,-1,-1,1,NULL,4,1,0,1,50,
2.022E+11,1,3,2022,12:00:00,1,46,46251,2,3,1,3,Rue de Pommiers,"448,557,210,000","18,773,000,000",2.022E+11,752 260,B01,3,1,0,2,1,1,5,NULL,2.022E+11,1 017 373,752 262,A01,1,1,1,1,1987,1,1,-1,-1,0,0,-1,2.022E+11,4,NULL,-1,NULL,2,2,0,1,-1,-1,1,NULL,4,1,0,1,50,
2.022E+11,17,5,2022,20:30:00,1,93,93066,2,2,1,3,Boulevard Anatole France / Rue du Docteur Finot,"489,182,856,811","23,416,998,982",2.022E+11,750 202,B01,-1,1,0,2,1,19,5,NULL,2.022E+11,1 014 670,750 201,A01,1,1,1,1,1966,4,1,0,-1,-1,-1,-1,2.022E+11,3,FRANCE ANATOLE (BOULEVARD) NR 2 A 24,0,NULL,2,4,1,1,0,1,1,NULL,-1,1,0,1,50,
2.022E+11,17,5,2022,20:30:00,1,93,93066,2,2,1,3,Boulevard Anatole France / Rue du Docteur Finot,"489,182,856,811","23,416,998,982",2.022E+11,750 202,B01,-1,1,0,2,1,19,5,NULL,2.022E+11,1 014 671,750 201,A01,2,2,1,2,2004,0,1,0,-1,-1,-1,-1,2.022E+11,3,FRANCE ANATOLE (BOULEVARD) NR 2 A 24,0,NULL,2,4,1,1,0,1,1,NULL,-1,1,0,1,50,
2.022E+11,17,5,2022,20:30:00,1,93,93066,2,2,1,3,Boulevard Anatole France / Rue du Docteur Finot,"489,182,856,811","23,416,998,982",2.022E+11,750 202,B01,-1,1,0,2,1,19,5,NULL,2.022E+11,1 014 672,750 202,B01,1,1,4,1,1997,0,8,0,-1,-1,-1,-1,2.022E+11,3,FRANCE ANATOLE (BOULEVARD) NR 2 A 24,0,NULL,2,4,1,1,0,1,1,NULL,-1,1,0,1,50,
2.022E+11,18,5,2022,08:00:00,1,44,44103,2,6,1,1,19 Rue du Docteur Schweitzer,"473,260,470,000","-21,627,940,000",2.022E+11,750 092,B01,3,1,0,2,4,1,5,NULL,2.022E+11,1 014 530,750 091,A01,1,1,1,2,1970,0,1,-1,-1,0,0,-1,2.022E+11,4,NULL,-1,NULL,1,1,0,1,-1,-1,3,NULL,4,1,0,1,50,
2.022E+11,18,5,2022,08:00:00,1,44,44103,2,6,1,1,19 Rue du Docteur Schweitzer,"473,260,470,000","-21,627,940,000",2.022E+11,750 092,B01,3,1,0,2,4,1,5,NULL,2.022E+11,1 014 531,750 092,B01,1,1,3,1,1966,1,2,-1,-1,0,0,-1,2.022E+11,4,NULL,-1,NULL,1,1,0,1,-1,-1,3,NULL,4,1,0,1,50,
2.022E+11,14,6,2022,07:05:00,1,49,49007,2,1,1,1,ARAGON AVENUE,"474,715,800,000"," -0,5671900000",2.022E+11,747 740,A01,1,1,0,2,1,5,5,NULL,2.022E+11,1 011 343,747 740,A01,1,1,1,-1,NULL,-1,-1,-1,-1,-1,-1,-1,2.022E+11,4,ARAGON AVENUE,0,NULL,3,4,0,1,1,0,1,NULL,-1,1,0,1,50,
2.022E+11,14,6,2022,07:05:00,1,49,49007,2,1,1,1,ARAGON AVENUE,"474,715,800,000"," -0,5671900000",2.022E+11,747 740,A01,1,1,0,2,1,5,5,NULL,2.022E+11,1 011 345,747 742,B01,1,1,4,2,1999,1,2,4,-1,-1,-1,-1,2.022E+11,4,ARAGON AVENUE,0,NULL,3,4,0,1,1,0,1,NULL,-1,1,0,1,50,
2.022E+11,25,2,2022,08:35:00,1,92,92046,2,1,1,3,Charles de gaulle,"488,240,280,421","23,005,326,837",2.022E+11,744 365,B01,2,1,0,2,1,1,5,NULL,2.022E+11,1 006 842,744 362,A01,2,2,1,1,1994,4,1,0,-1,-1,-1,-1,2.022E+11,3,61,0,NULL,2,1,1,1,0,0,1,NULL,-1,1,0,5,50,
2.022E+11,25,2,2022,08:35:00,1,92,92046,2,1,1,3,Charles de gaulle,"488,240,280,421","23,005,326,837",2.022E+11,744 365,B01,2,1,0,2,1,1,5,NULL,2.022E+11,1 006 845,744 362,A01,1,1,1,1,1985,4,1,0,-1,-1,-1,-1,2.022E+11,3,61,0,NULL,2,1,1,1,0,0,1,NULL,-1,1,0,5,50,
2.022E+11,25,2,2022,08:35:00,1,92,92046,2,1,1,3,Charles de gaulle,"488,240,280,421","23,005,326,837",2.022E+11,744 365,B01,2,1,0,2,1,1,5,NULL,2.022E+11,1 006 847,744 365,B01,1,1,4,1,1970,0,2,0,-1,-1,-1,-1,2.022E+11,3,61,0,NULL,2,1,1,1,0,0,1,NULL,-1,1,0,5,50,
2.022E+11,4,4,2022,16:22:00,1,33,33063,2,9,1,3,Place de Stalingrad,"448,399,274,424"," -0,5603648099",2.022E+11,743 511,A01,1,1,0,4,3,13,5,NULL,2.022E+11,1 005 712,743 511,A01,1,1,4,1,1955,0,8,-1,-1,-1,-1,-1,2.022E+11,9,PCE DE STALINGRAD,0,NULL,1,2,3,1,-1,-1,1,NULL,-1,1,4,6,30,
2.022E+11,4,4,2022,16:22:00,1,33,33063,2,9,1,3,Place de Stalingrad,"448,399,274,424"," -0,5603648099",2.022E+11,743 511,A01,1,1,0,4,3,13,5,NULL,2.022E+11,1 005 713,743 512,B01,1,1,1,2,1984,1,8,-1,-1,-1,-1,-1,2.022E+11,9,PCE DE STALINGRAD,0,NULL,1,2,3,1,-1,-1,1,NULL,-1,1,4,6,30,
2.022E+11,27,9,2022,16:30:00,1,75,75112,2,3,2,3,RUE BARON LE ROY,"488,347,411,048","23,878,969,252",2.022E+11,742 981,A01,2,1,0,2,1,16,5,NULL,2.022E+11,1 005 011,742 980,B01,1,1,1,1,1995,1,1,0,-1,0,0,-1,2.022E+11,4,RUE BARON LE ROY,0,NULL,2,2,0,1,-1,-1,1,NULL,-1,2,0,1,30,
2.022E+11,27,9,2022,16:30:00,1,75,75112,2,3,2,3,RUE BARON LE ROY,"488,347,411,048","23,878,969,252",2.022E+11,742 981,A01,2,1,0,2,1,16,5,NULL,2.022E+11,1 005 013,742 981,A01,1,1,4,2,1975,5,2,0,-1,0,0,-1,2.022E+11,4,RUE BARON LE ROY,0,NULL,2,2,0,1,-1,-1,1,NULL,-1,2,0,1,30,
2.022E+11,25,9,2022,12:00:00,1,6,6069,2,1,1,1,SAINT LAURENT (AVENUE),"436,802,900,000","69,666,400,000",2.022E+11,739 280,A01,2,1,0,2,1,5,5,NULL,2.022E+11,999 914,739 279,B01,1,1,1,2,1979,5,1,-1,-1,0,0,-1,2.022E+11,4,SAINT LAURENT (AVENUE),0,NULL,2,2,0,2,-1,-1,1,NULL,-1,1,0,1,30,
2.022E+11,25,9,2022,12:00:00,1,6,6069,2,1,1,1,SAINT LAURENT (AVENUE),"436,802,900,000","69,666,400,000",2.022E+11,739 280,A01,2,1,0,2,1,5,5,NULL,2.022E+11,999 915,739 280,A01,1,1,3,1,1952,5,2,0,-1,0,0,-1,2.022E+11,4,SAINT LAURENT (AVENUE),0,NULL,2,2,0,2,-1,-1,1,NULL,-1,1,0,1,30,
2.022E+11,12,1,2022,21:40:00,5,92,92072,2,1,1,3,VILLE D'AVRAY (RUE DE ),"488,256,318,918","22,068,035,603",2.022E+11,736 079,B01,1,1,0,2,8,1,5,NULL,2.022E+11,995 552,736 078,A01,2,2,1,2,1958,0,8,0,-1,0,0,-1,2.022E+11,3,407,0,NULL,2,2,0,2,0,0,2,NULL,-1,1,0,1,30,
2.022E+11,12,1,2022,21:40:00,5,92,92072,2,1,1,3,VILLE D'AVRAY (RUE DE ),"488,256,318,918","22,068,035,603",2.022E+11,736 079,B01,1,1,0,2,8,1,5,NULL,2.022E+11,995 553,736 078,A01,1,1,1,1,1957,5,8,0,-1,0,0,-1,2.022E+11,3,407,0,NULL,2,2,0,2,0,0,2,NULL,-1,1,0,1,30,
2.022E+11,12,1,2022,21:40:00,5,92,92072,2,1,1,3,VILLE D'AVRAY (RUE DE ),"488,256,318,918","22,068,035,603",2.022E+11,736 079,B01,1,1,0,2,8,1,5,NULL,2.022E+11,995 554,736 079,B01,1,1,4,2,1966,5,2,0,-1,0,0,-1,2.022E+11,3,407,0,NULL,2,2,0,2,0,0,2,NULL,-1,1,0,1,30,
2.022E+11,10,1,2022,13:30:00,1,35,35051,2,6,2,3,PEUPLIERS (AVENUE DES),"481,126,478,302","-16,079,393,774",2.022E+11,732 637,B01,3,1,0,0,0,0,5,NULL,2.022E+11,990 989,732 636,A01,1,1,1,1,1975,0,1,0,-1,0,0,-1,2.022E+11,4,PEUPLIERS (AVENUE DES),0,NULL,-1,2,1,1,-1,-1,3,NULL,-1,2,0,5,30,
2.022E+11,10,1,2022,13:30:00,1,35,35051,2,6,2,3,PEUPLIERS (AVENUE DES),"481,126,478,302","-16,079,393,774",2.022E+11,732 637,B01,3,1,0,0,0,0,5,NULL,2.022E+11,990 990,732 637,B01,1,1,4,1,1981,1,8,0,-1,0,0,-1,2.022E+11,4,PEUPLIERS (AVENUE DES),0,NULL,-1,2,1,1,-1,-1,3,NULL,-1,2,0,5,30,
2.022E+11,23,9,2022,19:50:00,2,49,49007,2,2,1,3,BAUDRIERE,"474,725,500,000"," -0,5574900000",2.022E+11,732 533,A01,3,1,0,2,4,26,5,NULL,2.022E+11,990 859,732 533,A01,1,1,4,1,1988,4,8,0,-1,-1,-1,-1,2.022E+11,4,BAUDRIERE,0,NULL,2,2,0,1,1,0,1,NULL,-1,1,0,1,30,
2.022E+11,23,9,2022,19:50:00,2,49,49007,2,2,1,3,BAUDRIERE,"474,725,500,000"," -0,5574900000",2.022E+11,732 533,A01,3,1,0,2,4,26,5,NULL,2.022E+11,990 860,732 534,B01,1,1,1,1,1989,1,1,0,-1,-1,-1,-1,2.022E+11,4,BAUDRIERE,0,NULL,2,2,0,1,1,0,1,NULL,-1,1,0,1,30,
2.022E+11,14,8,2022,10:10:00,1,17,17203,1,1,1,3,D112,"460,622,290,000"," -0,8484150000",2.022E+11,730 841,B01,1,1,0,2,0,0,5,NULL,2.022E+11,988 600,730 841,B01,1,1,3,1,1959,5,2,-1,-1,0,0,-1,2.022E+11,3,D112,-1,NULL,2,2,0,2,29,275,1,NULL,-1,1,0,1,80,
2.022E+11,14,8,2022,10:10:00,1,17,17203,1,1,1,3,D112,"460,622,290,000"," -0,8484150000",2.022E+11,730 841,B01,1,1,0,2,0,0,5,NULL,2.022E+11,988 606,730 845,A01,1,1,1,2,2002,5,1,-1,-1,0,0,-1,2.022E+11,3,D112,-1,NULL,2,2,0,2,29,275,1,NULL,-1,1,0,1,80,
2.022E+11,14,8,2022,10:10:00,1,17,17203,1,1,1,3,D112,"460,622,290,000"," -0,8484150000",2.022E+11,730 841,B01,1,1,0,2,0,0,5,NULL,2.022E+11,988 608,730 845,A01,2,2,1,1,2002,5,1,-1,-1,0,0,-1,2.022E+11,3,D112,-1,NULL,2,2,0,2,29,275,1,NULL,-1,1,0,1,80,
2.022E+11,17,2,2022,18:30:00,5,972,97232,1,1,1,2,Grand Case,"145,715,440,000","-608,643,380,000",2.022E+11,725 586,B01,3,1,0,2,0,2,5,NULL,2.022E+11,981 708,725 584,A01,1,1,1,1,1952,5,1,-1,-1,0,0,-1,2.022E+11,4,NULL,-1,NULL,2,2,0,1,-1,-1,1,NULL,5,1,0,1,80,
2.022E+11,17,2,2022,18:30:00,5,972,97232,1,1,1,2,Grand Case,"145,715,440,000","-608,643,380,000",2.022E+11,725 586,B01,3,1,0,2,0,2,5,NULL,2.022E+11,981 712,725 586,B01,1,1,4,1,1971,5,0,-1,-1,0,0,-1,2.022E+11,4,NULL,-1,NULL,2,2,0,1,-1,-1,1,NULL,5,1,0,1,80,
2.022E+11,8,6,2022,14:55:00,1,84,84070,2,3,1,2,Avenue du Docteur Tondut,"440,220,340,000","51,564,880,000",2.022E+11,721 513,B01,3,1,0,2,1,1,5,NULL,2.022E+11,976 278,721 513,B01,1,1,3,1,1966,5,2,6,-1,0,0,-1,2.022E+11,3,5,0,D,2,2,0,1,5,450,1,NULL,-1,1,0,1,50,
2.022E+11,8,6,2022,14:55:00,1,84,84070,2,3,1,2,Avenue du Docteur Tondut,"440,220,340,000","51,564,880,000",2.022E+11,721 513,B01,3,1,0,2,1,1,5,NULL,2.022E+11,976 281,721 516,A01,1,1,1,2,1973,1,1,-1,-1,0,0,-1,2.022E+11,3,5,0,D,2,2,0,1,5,450,1,NULL,-1,1,0,1,50,
2.022E+11,22,10,2022,14:10:00,1,93,93051,2,1,1,7,Avenue Victor Basch,"488,420,135,780","25,596,572,320",2.022E+11,719 403,A01,0,1,0,0,0,0,5,NULL,2.022E+11,973 391,719 400,Y01,1,1,1,-1,NULL,-1,-1,-1,-1,-1,-1,-1,2.022E+11,4,VICTOR BASCH (AVENUE),0,NULL,2,2,0,1,0,0,1,NULL,-1,1,0,1,50,
2.022E+11,22,10,2022,14:10:00,1,93,93051,2,1,1,7,Avenue Victor Basch,"488,420,135,780","25,596,572,320",2.022E+11,719 403,A01,0,1,0,0,0,0,5,NULL,2.022E+11,973 396,719 403,A01,1,1,3,1,1993,0,-1,0,-1,0,0,-1,2.022E+11,4,VICTOR BASCH (AVENUE),0,NULL,2,2,0,1,0,0,1,NULL,-1,1,0,1,50,
2.022E+11,18,9,2022,14:46:00,1,75,75107,2,2,1,3,QUAI BRANLY,"488,605,370,000","22,956,420,000",2.022E+11,718 433,B01,2,1,0,2,8,1,5,NULL,2.022E+11,972 029,718 431,A01,1,1,1,2,1966,9,1,0,-1,0,0,-1,2.022E+11,4,QUAI BRANLY,0,NULL,-1,2,2,1,-1,-1,1,NULL,-1,1,0,5,30,
2.022E+11,18,9,2022,14:46:00,1,75,75107,2,2,1,3,QUAI BRANLY,"488,605,370,000","22,956,420,000",2.022E+11,718 433,B01,2,1,0,2,8,1,5,NULL,2.022E+11,972 035,718 433,B01,1,1,4,1,1997,5,0,0,-1,0,0,-1,2.022E+11,4,QUAI BRANLY,0,NULL,-1,2,2,1,-1,-1,1,NULL,-1,1,0,5,30,
2.022E+11,10,8,2022,09:45:00,1,87,87111,1,4,1,1,Beausejour,"457,271,690,000","0,8557910000",2.022E+11,717 094,B01,1,1,0,2,1,0,5,NULL,2.022E+11,970 161,717 087,A01,1,1,1,2,1945,3,1,-1,-1,0,0,-1,2.022E+11,3,40,-1,A,2,2,0,2,1,400,1,NULL,-1,1,0,1,80,
2.022E+11,10,8,2022,09:45:00,1,87,87111,1,4,1,1,Beausejour,"457,271,690,000","0,8557910000",2.022E+11,717 094,B01,1,1,0,2,1,0,5,NULL,2.022E+11,970 171,717 094,B01,1,1,3,1,1955,5,2,-1,-1,0,0,-1,2.022E+11,3,40,-1,A,2,2,0,2,1,400,1,NULL,-1,1,0,1,80,
2.022E+11,19,4,2022,16:30:00,1,30,30223,1,3,1,5,341 Route des Fumades,"441,781,260,000","41,749,760,000",2.022E+11,715 692,C01,2,1,0,2,8,15,5,NULL,2.022E+11,968 320,715 692,C01,1,1,4,1,1966,5,2,-1,-1,0,0,-1,2.022E+11,3,16,0,D,2,2,0,1,7,343,1,NULL,-1,1,0,1,70,
2.022E+11,19,4,2022,16:30:00,1,30,30223,1,3,1,5,341 Route des Fumades,"441,781,260,000","41,749,760,000",2.022E+11,715 694,B01,2,1,0,0,4,11,5,NULL,2.022E+11,968 320,715 692,C01,1,1,4,1,1966,5,2,-1,-1,0,0,-1,2.022E+11,3,16,0,D,2,2,0,1,7,343,1,NULL,-1,1,0,1,70,
2.022E+11,19,4,2022,16:30:00,1,30,30223,1,3,1,5,341 Route des Fumades,"441,781,260,000","41,749,760,000",2.022E+11,715 692,C01,2,1,0,2,8,15,5,NULL,2.022E+11,968 323,715 694,B01,1,1,2,1,1967,0,2,-1,-1,0,0,-1,2.022E+11,3,16,0,D,2,2,0,1,7,343,1,NULL,-1,1,0,1,70,
2.022E+11,19,4,2022,16:30:00,1,30,30223,1,3,1,5,341 Route des Fumades,"441,781,260,000","41,749,760,000",2.022E+11,715 694,B01,2,1,0,0,4,11,5,NULL,2.022E+11,968 323,715 694,B01,1,1,2,1,1967,0,2,-1,-1,0,0,-1,2.022E+11,3,16,0,D,2,2,0,1,7,343,1,NULL,-1,1,0,1,70,
2.022E+11,19,4,2022,16:30:00,1,30,30223,1,3,1,5,341 Route des Fumades,"441,781,260,000","41,749,760,000",2.022E+11,715 692,C01,2,1,0,2,8,15,5,NULL,2.022E+11,968 326,715 696,A01,1,1,2,1,1953,0,2,-1,-1,0,0,-1,2.022E+11,3,16,0,D,2,2,0,1,7,343,1,NULL,-1,1,0,1,70,
2.022E+11,19,4,2022,16:30:00,1,30,30223,1,3,1,5,341 Route des Fumades,"441,781,260,000","41,749,760,000",2.022E+11,715 694,B01,2,1,0,0,4,11,5,NULL,2.022E+11,968 326,715 696,A01,1,1,2,1,1953,0,2,-1,-1,0,0,-1,2.022E+11,3,16,0,D,2,2,0,1,7,343,1,NULL,-1,1,0,1,70,
2.022E+11,21,3,2022,10:55:00,1,35,35238,2,3,1,3,SUISSE (DE),"480,865,110,000","-16,646,790,000",2.022E+11,804 431,B01,3,1,0,2,3,26,5,NULL,2.022E+11,1 086 995,804 431,B01,1,1,4,2,2008,0,8,0,-1,0,0,-1,2.022E+11,4,SUISSE (DE),0,NULL,2,2,0,1,-1,-1,1,NULL,-1,1,9,5,30,
2.022E+11,21,3,2022,10:55:00,1,35,35238,2,3,1,3,SUISSE (DE),"480,865,110,000","-16,646,790,000",2.022E+11,804 431,B01,3,1,0,2,3,26,5,NULL,2.022E+11,1 087 001,804 436,A01,1,1,1,1,1995,0,1,0,-1,0,0,-1,2.022E+11,4,SUISSE (DE),0,NULL,2,2,0,1,-1,-1,1,NULL,-1,1,9,5,30,
2.022E+11,20,3,2022,18:20:00,2,91,91687,2,1,1,2,TOUSSAINT CAUROT (AVENUE),"486,819,700,000","23,750,100,000",2.022E+11,803 764,B01,3,1,1,0,1,1,5,NULL,2.022E+11,1 086 123,803 762,A01,1,1,1,1,1983,1,1,0,-1,-1,-1,-1,2.022E+11,4,TOUSSAINT CAUROT (AVENUE),0,NULL,1,1,0,1,0,0,1,NULL,-1,1,0,1,50,
2.022E+11,20,3,2022,18:20:00,2,91,91687,2,1,1,2,TOUSSAINT CAUROT (AVENUE),"486,819,700,000","23,750,100,000",2.022E+11,803 764,B01,3,1,1,0,1,1,5,NULL,2.022E+11,1 086 128,803 764,B01,2,1,4,1,1931,0,8,0,-1,-1,-1,-1,2.022E+11,4,TOUSSAINT CAUROT (AVENUE),0,NULL,1,1,0,1,0,0,1,NULL,-1,1,0,1,50,
2.022E+11,14,9,2022,14:35:00,1,94,94041,2,1,1,7,COLONEL FABIEN - PONT D'IVRY (BD DU),"488,145,700,000","24,093,400,000",2.022E+11,803 010,B01,1,1,0,2,8,1,5,NULL,2.022E+11,1 085 093,803 010,B01,1,1,4,1,1977,1,8,0,-1,-1,-1,-1,2.022E+11,3,COLONEL FABIEN - PONT D'IVRY (BD DU),0,NULL,2,4,1,2,0,0,1,NULL,-1,1,2,1,50,
2.022E+11,14,9,2022,14:35:00,1,94,94041,2,1,1,7,COLONEL FABIEN - PONT D'IVRY (BD DU),"488,145,700,000","24,093,400,000",2.022E+11,803 010,B01,1,1,0,2,8,1,5,NULL,2.022E+11,1 085 094,803 011,A01,1,1,1,-1,NULL,-1,-1,-1,-1,-1,-1,-1,2.022E+11,3,COLONEL FABIEN - PONT D'IVRY (BD DU),0,NULL,2,4,1,2,0,0,1,NULL,-1,1,2,1,50,
2.022E+11,26,4,2022,12:40:00,1,2A,2A104,2,1,1,2,D103,"419,208,800,000","89,039,470,000",2.022E+11,792 877,B01,2,1,1,0,1,1,5,NULL,2.022E+11,1 071 767,792 875,A01,1,1,1,1,1971,4,1,-1,-1,0,0,-1,2.022E+11,3,103,0,D,2,2,0,2,3,300,3,NULL,-1,1,0,1,50,
2.022E+11,26,4,2022,12:40:00,1,2A,2A104,2,1,1,2,D103,"419,208,800,000","89,039,470,000",2.022E+11,792 877,B01,2,1,1,0,1,1,5,NULL,2.022E+11,1 071 769,792 877,B01,1,1,3,1,1953,5,2,-1,-1,0,0,-1,2.022E+11,3,103,0,D,2,2,0,2,3,300,3,NULL,-1,1,0,1,50,
2.022E+11,25,4,2022,11:00:00,1,35,35238,2,1,1,3,BIGNON (DU),"480,966,887,221","-16,363,674,402",2.022E+11,789 594,B01,3,1,0,2,6,1,5,NULL,2.022E+11,1 067 344,789 594,B01,1,1,4,2,1991,0,8,-1,-1,-1,-1,-1,2.022E+11,4,BIGNON (DU),0,NULL,2,2,2,2,-1,-1,2,NULL,-1,1,0,1,50,
2.022E+11,25,4,2022,11:00:00,1,35,35238,2,1,1,3,BIGNON (DU),"480,966,887,221","-16,363,674,402",2.022E+11,789 594,B01,3,1,0,2,6,1,5,NULL,2.022E+11,1 067 346,789 596,A01,1,1,1,2,1990,3,1,-1,-1,-1,-1,-1,2.022E+11,4,BIGNON (DU),0,NULL,2,2,2,2,-1,-1,2,NULL,-1,1,0,1,50,
2.022E+11,30,7,2022,19:00:00,1,38,38498,2,1,7,3,Le Village,"455,280,200,000","53,390,980,000",2.022E+11,788 359,B01,1,1,0,2,7,19,5,NULL,2.022E+11,1 065 664,788 358,A01,1,1,1,1,1972,0,1,-1,-1,0,0,-1,2.022E+11,3,56,-1,D,2,2,0,2,1,24,1,NULL,-1,1,0,1,30,
2.022E+11,30,7,2022,19:00:00,1,38,38498,2,1,7,3,Le Village,"455,280,200,000","53,390,980,000",2.022E+11,788 359,B01,1,1,0,2,7,19,5,NULL,2.022E+11,1 065 665,788 359,B01,1,1,3,1,2012,5,0,-1,-1,0,0,-1,2.022E+11,3,56,-1,D,2,2,0,2,1,24,1,NULL,-1,1,0,1,30,
2.022E+11,5,2,2022,16:15:00,1,34,34157,2,2,7,3,Rue Henri Bessede,"434,348,657,311","35,974,557,254",2.022E+11,787 409,B01,1,1,0,2,1,11,5,NULL,2.022E+11,1 064 386,787 409,B01,1,1,4,1,2010,5,0,-1,-1,0,0,-1,2.022E+11,4,NULL,-1,NULL,2,2,0,2,-1,-1,1,NULL,-1,1,0,1,50,
2.022E+11,5,2,2022,16:15:00,1,34,34157,2,2,7,3,Rue Henri Bessede,"434,348,657,311","35,974,557,254",2.022E+11,787 409,B01,1,1,0,2,1,11,5,NULL,2.022E+11,1 064 390,787 412,A01,1,1,1,1,1969,4,1,-1,-1,0,0,-1,2.022E+11,4,NULL,-1,NULL,2,2,0,2,-1,-1,1,NULL,-1,1,0,1,50,
2.022E+11,2,2,2022,14:01:00,1,63,63113,2,1,1,3,MITTERRAND (BD FRANCOIS),"457,713,500,000","30,834,200,000",2.022E+11,784 199,B01,0,1,0,2,8,1,5,NULL,2.022E+11,1 060 093,784 199,B01,1,1,4,1,2004,0,2,-1,-1,0,0,-1,2.022E+11,4,MITTERRAND (BD FRANCOIS),0,NULL,3,3,0,1,-1,-1,1,NULL,-1,1,0,1,50,
2.022E+11,2,2,2022,14:01:00,1,63,63113,2,1,1,3,MITTERRAND (BD FRANCOIS),"457,713,500,000","30,834,200,000",2.022E+11,784 201,A01,0,1,0,2,1,26,5,NULL,2.022E+11,1 060 093,784 199,B01,1,1,4,1,2004,0,2,-1,-1,0,0,-1,2.022E+11,4,MITTERRAND (BD FRANCOIS),0,NULL,3,3,0,1,-1,-1,1,NULL,-1,1,0,1,50,
2.022E+11,2,2,2022,14:01:00,1,63,63113,2,1,1,3,MITTERRAND (BD FRANCOIS),"457,713,500,000","30,834,200,000",2.022E+11,784 199,B01,0,1,0,2,8,1,5,NULL,2.022E+11,1 060 095,784 201,A01,1,1,1,1,1984,4,2,-1,-1,0,0,-1,2.022E+11,4,MITTERRAND (BD FRANCOIS),0,NULL,3,3,0,1,-1,-1,1,NULL,-1,1,0,1,50,
2.022E+11,2,2,2022,14:01:00,1,63,63113,2,1,1,3,MITTERRAND (BD FRANCOIS),"457,713,500,000","30,834,200,000",2.022E+11,784 201,A01,0,1,0,2,1,26,5,NULL,2.022E+11,1 060 095,784 201,A01,1,1,1,1,1984,4,2,-1,-1,0,0,-1,2.022E+11,4,MITTERRAND (BD FRANCOIS),0,NULL,3,3,0,1,-1,-1,1,NULL,-1,1,0,1,50,
2.022E+11,14,11,2022,12:40:00,1,69,69388,2,1,1,2,3 Rue du Transvaal,"457,380,638,543","48,780,611,157",2.022E+11,781 497,B01,1,1,0,2,4,1,5,NULL,2.022E+11,1 056 493,781 497,B01,1,1,4,1,1984,0,2,-1,-1,-1,-1,-1,2.022E+11,4,TRANSVAAL (DU)                      (R ),0,NULL,1,1,0,1,-1,-1,1,NULL,-1,1,0,1,50,
2.022E+11,14,11,2022,12:40:00,1,69,69388,2,1,1,2,3 Rue du Transvaal,"457,380,638,543","48,780,611,157",2.022E+11,781 497,B01,1,1,0,2,4,1,5,NULL,2.022E+11,1 056 494,781 498,A01,1,1,1,1,1982,0,1,-1,-1,-1,-1,-1,2.022E+11,4,TRANSVAAL (DU)                      (R ),0,NULL,1,1,0,1,-1,-1,1,NULL,-1,1,0,1,50,
2.022E+11,26,5,2022,17:15:00,1,94,94081,2,1,1,1,180 Rue Julian Grimau,"487,794,700,000","23,746,300,000",2.022E+11,780 501,B01,2,1,1,2,1,5,5,NULL,2.022E+11,1 055 219,780 501,B01,1,1,4,2,2005,5,0,0,-1,-1,-1,-1,2.022E+11,4,JULIAN GRIMAU (R),0,NULL,2,2,0,1,0,0,1,NULL,-1,1,0,1,50,