Accident_Id,jour,mois,an,hrmn,lum,dep,com,agg,int,atm,col,adr,lat,long,Num_Acc,id_vehicule,num_veh,senc,catv,obs,obsm,choc,manv,motor,occutc,Num_Acc,id_usager,id_vehicule,num_veh,place,catu,grav,sexe,an_nais,trajet,secu1,secu2,secu3,locp,actp,etatp,Num_Acc,catr,voie,v1,v2,circ,nbv,vosp,prof,pr,pr1,plan,lartpc,larrout,surf,infra,situ,vma,
2.022E+11,13,9,2022,19:05:00,1,92,92012,2,7,1,3,EDOUARD VAILLANT (AVENUE) 57/FIN - 58/FI,"488,337,821,247","22,439,146,042",2.022E+11,799 707,B01,1,1,0,2,8,19,5,NULL,2.022E+11,1 080 755,799 707,B01,1,1,4,2,1994,1,8,0,-1,-1,-1,-1,2.022E+11,3,910,0,NULL,3,4,0,1,-1,-1,1,NULL,-1,1,0,1,50,
2.022E+11,10,2,2022,20:15:00,5,75,75118,2,3,2,6,RUE DE LA CHAPELLE,"488,933,160,000","23,596,240,000",2.022E+11,798 928,Z01,2,1,0,0,1,1,5,NULL,2.022E+11,1 079 731,798 928,Z01,1,1,1,-1,NULL,-1,-1,-1,-1,0,0,-1,2.022E+11,4,RUE DE LA CHAPELLE,0,NULL,1,1,0,1,-1,-1,1,NULL,-1,2,0,1,30,
2.022E+11,10,2,2022,20:15:00,5,75,75118,2,3,2,6,RUE DE LA CHAPELLE,"488,933,160,000","23,596,240,000",2.022E+11,798 928,Z01,2,1,0,0,1,1,5,NULL,2.022E+11,1 079 732,798 928,Z01,10,3,3,1,1933,5,8,8,-1,4,3,1,2.022E+11,4,RUE DE LA CHAPELLE,0,NULL,1,1,0,1,-1,-1,1,NULL,-1,2,0,1,30,
2.022E+11,20,4,2022,19:05:00,1,67,67482,2,1,1,1,WANTZENAU (RTE DE LA),"486,269,297,000","78,048,822,200",2.022E+11,796 767,B01,2,1,0,2,1,1,5,NULL,2.022E+11,1 076 895,796 767,B01,1,1,3,1,1996,5,8,8,-1,-1,-1,-1,2.022E+11,4,NULL,0,NULL,3,4,2,2,-1,-1,4,NULL,-1,1,9,1,30,
2.022E+11,20,4,2022,19:05:00,1,67,67482,2,1,1,1,WANTZENAU (RTE DE LA),"486,269,297,000","78,048,822,200",2.022E+11,796 767,B01,2,1,0,2,1,1,5,NULL,2.022E+11,1 076 900,796 771,A01,1,1,1,2,1990,0,1,8,-1,-1,-1,-1,2.022E+11,4,NULL,0,NULL,3,4,2,2,-1,-1,4,NULL,-1,1,9,1,30,
2.022E+11,8,2,2022,15:17:00,1,21,21247,1,1,1,3,Rue du Bedeau,"475,176,610,000","41,693,810,000",2.022E+11,795 411,B01,1,1,0,2,1,1,5,NULL,2.022E+11,1 075 082,795 410,A01,1,1,1,2,1953,0,1,-1,-1,0,0,-1,2.022E+11,4,NULL,0,NULL,2,2,0,1,-1,-1,1,NULL,4,1,0,1,80,
2.022E+11,8,2,2022,15:17:00,1,21,21247,1,1,1,3,Rue du Bedeau,"475,176,610,000","41,693,810,000",2.022E+11,795 411,B01,1,1,0,2,1,1,5,NULL,2.022E+11,1 075 083,795 411,B01,1,1,4,1,1948,5,2,6,-1,0,0,-1,2.022E+11,4,NULL,0,NULL,2,2,0,1,-1,-1,1,NULL,4,1,0,1,80,
2.022E+11,13,3,2022,15:30:00,1,971,97101,2,1,1,4,Frédéric JALTON,"162,764,300,000","-615,013,100,000",2.022E+11,794 588,B01,1,1,0,2,0,0,5,NULL,2.022E+11,1 074 002,794 585,A01,1,1,1,1,1939,5,1,8,-1,0,0,-1,2.022E+11,3,Frédéric JALTON,0,NULL,2,2,0,1,-1,0,1,NULL,-1,1,9,1,50,
2.022E+11,13,3,2022,15:30:00,1,971,97101,2,1,1,4,Frédéric JALTON,"162,764,300,000","-615,013,100,000",2.022E+11,794 588,B01,1,1,0,2,0,0,5,NULL,2.022E+11,1 074 005,794 588,B01,1,1,4,1,2005,0,8,0,-1,0,0,-1,2.022E+11,3,Frédéric JALTON,0,NULL,2,2,0,1,-1,0,1,NULL,-1,1,9,1,50,
2.022E+11,13,3,2022,15:30:00,1,971,97101,2,1,1,4,Frédéric JALTON,"162,764,300,000","-615,013,100,000",2.022E+11,794 588,B01,1,1,0,2,0,0,5,NULL,2.022E+11,1 074 007,794 589,C01,1,1,1,2,1977,0,1,0,-1,0,0,-1,2.022E+11,3,Frédéric JALTON,0,NULL,2,2,0,1,-1,0,1,NULL,-1,1,9,1,50,
2.022E+11,31,5,2022,19:00:00,1,94,94003,2,3,1,3,Avenue Laplace,"488,075,200,000","23,341,400,000",2.022E+11,794 116,B01,2,1,0,2,3,1,5,NULL,2.022E+11,1 073 369,794 113,Z01,1,1,1,-1,NULL,-1,-1,-1,-1,-1,-1,-1,2.022E+11,3,LAPLACE (AV),0,NULL,2,3,1,2,0,0,1,NULL,-1,1,0,5,30,
2.022E+11,31,5,2022,19:00:00,1,94,94003,2,3,1,3,Avenue Laplace,"488,075,200,000","23,341,400,000",2.022E+11,794 116,B01,2,1,0,2,3,1,5,NULL,2.022E+11,1 073 372,794 116,B01,1,1,4,2,1979,1,2,0,-1,-1,-1,-1,2.022E+11,3,LAPLACE (AV),0,NULL,2,3,1,2,0,0,1,NULL,-1,1,0,5,30,
2.022E+11,16,3,2022,08:00:00,1,94,94028,2,1,1,6,Av du Mal de Lattre de Tassigny,"487,984,800,000","24,550,400,000",2.022E+11,790 689,B01,1,1,1,0,7,2,5,NULL,2.022E+11,1 068 778,790 689,B01,1,1,4,2,1980,1,2,8,-1,-1,-1,-1,2.022E+11,3,TASSIGNY(AVE DU MARECHAL DE LATTRE DE),0,NULL,2,1,1,1,0,0,1,NULL,-1,1,0,5,30,
2.022E+11,16,3,2022,08:00:00,1,94,94028,2,1,1,6,Av du Mal de Lattre de Tassigny,"487,984,800,000","24,550,400,000",2.022E+11,790 689,B01,1,1,1,0,7,2,5,NULL,2.022E+11,1 068 780,790 691,A01,1,1,4,2,1993,1,8,0,-1,-1,-1,-1,2.022E+11,3,TASSIGNY(AVE DU MARECHAL DE LATTRE DE),0,NULL,2,1,1,1,0,0,1,NULL,-1,1,0,5,30,
2.022E+11,27,6,2022,05:50:00,5,974,97407,2,1,1,2,JACQUES DUCLOS (RUE) - RIVIERE DES GAL  ,"-209,627,600,000","553,194,000,000",2.022E+11,789 186,B01,1,1,14,2,4,2,5,NULL,2.022E+11,1 066 757,789 186,B01,1,1,3,1,1980,1,8,0,-1,-1,-1,-1,2.022E+11,4,JACQUES DUCLOS (RUE) - RIVIERE DES GAL  ,0,NULL,2,2,0,1,0,0,1,NULL,-1,1,0,1,30,
2.022E+11,27,6,2022,05:50:00,5,974,97407,2,1,1,2,JACQUES DUCLOS (RUE) - RIVIERE DES GAL  ,"-209,627,600,000","553,194,000,000",2.022E+11,789 186,B01,1,1,14,2,4,2,5,NULL,2.022E+11,1 066 759,789 188,A01,1,1,1,1,1980,1,1,8,-1,-1,-1,-1,2.022E+11,4,JACQUES DUCLOS (RUE) - RIVIERE DES GAL  ,0,NULL,2,2,0,1,0,0,1,NULL,-1,1,0,1,30,
2.022E+11,29,7,2022,17:06:00,1,75,75107,2,3,1,3,RUE VANEAU,"488,505,360,000","23,195,680,000",2.022E+11,787 967,A01,0,1,0,2,7,5,5,NULL,2.022E+11,1 065 147,787 967,A01,1,1,4,2,1996,1,0,0,-1,0,0,-1,2.022E+11,4,RUE VANEAU,0,NULL,1,1,0,1,-1,-1,1,NULL,-1,1,0,1,30,
2.022E+11,29,7,2022,17:06:00,1,75,75107,2,3,1,3,RUE VANEAU,"488,505,360,000","23,195,680,000",2.022E+11,787 967,A01,0,1,0,2,7,5,5,NULL,2.022E+11,1 065 149,787 969,B01,1,1,1,1,1970,1,2,6,-1,0,0,-1,2.022E+11,4,RUE VANEAU,0,NULL,1,1,0,1,-1,-1,1,NULL,-1,1,0,1,30,
2.022E+11,23,5,2022,16:00:00,1,22,22190,2,2,3,3,Rue des Mares,"485,336,290,000","-20,805,790,000",2.022E+11,787 428,A01,1,1,0,2,7,1,5,NULL,2.022E+11,1 064 415,787 428,A01,1,1,4,1,2002,5,2,-1,-1,0,0,-1,2.022E+11,9,NULL,-1,NULL,2,1,0,1,-1,-1,1,NULL,3,2,5,1,50,
2.022E+11,23,5,2022,16:00:00,1,22,22190,2,2,3,3,Rue des Mares,"485,336,290,000","-20,805,790,000",2.022E+11,787 428,A01,1,1,0,2,7,1,5,NULL,2.022E+11,1 064 419,787 430,B01,1,1,1,1,1981,4,8,-1,-1,0,0,-1,2.022E+11,9,NULL,-1,NULL,2,1,0,1,-1,-1,1,NULL,3,2,5,1,50,
2.022E+11,28,5,2022,09:50:00,1,74,74013,2,1,1,6,CROISEE (ROUTE DE LA),"463,547,800,000","64,348,600,000",2.022E+11,783 431,A01,1,1,0,0,0,0,5,NULL,2.022E+11,1 059 065,783 431,A01,1,1,3,1,1989,1,8,0,-1,0,0,-1,2.022E+11,3,CROISEE (ROUTE DE LA),0,NULL,2,2,0,2,-1,0,4,NULL,-1,1,0,1,50,
2.022E+11,28,1,2022,16:00:00,1,80,80725,2,1,1,6,ROUEN (ROUTE),"498,704,900,000","22,425,700,000",2.022E+11,780 557,C01,0,1,0,2,1,1,5,NULL,2.022E+11,1 055 292,780 557,C01,1,1,1,1,1960,0,2,-1,-1,0,0,-1,2.022E+11,3,ROUEN (ROUTE),0,NULL,2,3,0,1,37,0,1,NULL,-1,1,0,1,50,
2.022E+11,28,1,2022,16:00:00,1,80,80725,2,1,1,6,ROUEN (ROUTE),"498,704,900,000","22,425,700,000",2.022E+11,780 560,B01,0,1,0,2,1,1,5,NULL,2.022E+11,1 055 292,780 557,C01,1,1,1,1,1960,0,2,-1,-1,0,0,-1,2.022E+11,3,ROUEN (ROUTE),0,NULL,2,3,0,1,37,0,1,NULL,-1,1,0,1,50,
2.022E+11,28,1,2022,16:00:00,1,80,80725,2,1,1,6,ROUEN (ROUTE),"498,704,900,000","22,425,700,000",2.022E+11,780 557,C01,0,1,0,2,1,1,5,NULL,2.022E+11,1 055 295,780 560,B01,1,1,4,2,1964,0,2,-1,-1,0,0,-1,2.022E+11,3,ROUEN (ROUTE),0,NULL,2,3,0,1,37,0,1,NULL,-1,1,0,1,50,
2.022E+11,28,1,2022,16:00:00,1,80,80725,2,1,1,6,ROUEN (ROUTE),"498,704,900,000","22,425,700,000",2.022E+11,780 560,B01,0,1,0,2,1,1,5,NULL,2.022E+11,1 055 295,780 560,B01,1,1,4,2,1964,0,2,-1,-1,0,0,-1,2.022E+11,3,ROUEN (ROUTE),0,NULL,2,3,0,1,37,0,1,NULL,-1,1,0,1,50,
2.022E+11,28,1,2022,16:00:00,1,80,80725,2,1,1,6,ROUEN (ROUTE),"498,704,900,000","22,425,700,000",2.022E+11,780 557,C01,0,1,0,2,1,1,5,NULL,2.022E+11,1 055 299,780 563,A01,1,1,1,2,1953,0,1,-1,-1,0,0,-1,2.022E+11,3,ROUEN (ROUTE),0,NULL,2,3,0,1,37,0,1,NULL,-1,1,0,1,50,
2.022E+11,28,1,2022,16:00:00,1,80,80725,2,1,1,6,ROUEN (ROUTE),"498,704,900,000","22,425,700,000",2.022E+11,780 560,B01,0,1,0,2,1,1,5,NULL,2.022E+11,1 055 299,780 563,A01,1,1,1,2,1953,0,1,-1,-1,0,0,-1,2.022E+11,3,ROUEN (ROUTE),0,NULL,2,3,0,1,37,0,1,NULL,-1,1,0,1,50,
2.022E+11,13,11,2022,11:30:00,1,13,13004,1,1,1,2,Route des Marais,"435,715,580,000","47,342,080,000",2.022E+11,774 269,B01,1,1,0,0,4,1,5,NULL,2.022E+11,1 046 815,774 268,A01,1,1,1,1,1938,5,1,-1,-1,0,0,-1,2.022E+11,4,D83,0,D,2,2,0,3,-1,-1,1,NULL,-1,1,0,1,70,
2.022E+11,13,11,2022,11:30:00,1,13,13004,1,1,1,2,Route des Marais,"435,715,580,000","47,342,080,000",2.022E+11,774 269,B01,1,1,0,0,4,1,5,NULL,2.022E+11,1 046 816,774 269,B01,1,1,3,2,1968,5,4,9,-1,0,0,-1,2.022E+11,4,D83,0,D,2,2,0,3,-1,-1,1,NULL,-1,1,0,1,70,
2.022E+11,16,12,2022,18:59:00,5,92,92020,2,6,9,7,KLEBER TUE,"487,981,010,271","22,829,670,310",2.022E+11,773 085,A01,2,1,0,0,0,16,5,NULL,2.022E+11,1 045 183,773 085,A01,2,2,4,2,2019,5,2,0,-1,-1,-1,-1,2.022E+11,4,NULL,0,NULL,1,1,0,1,0,1,1,NULL,-1,7,0,1,50,
2.022E+11,16,12,2022,18:59:00,5,92,92020,2,6,9,7,KLEBER TUE,"487,981,010,271","22,829,670,310",2.022E+11,773 085,A01,2,1,0,0,0,16,5,NULL,2.022E+11,1 045 184,773 085,A01,1,1,4,1,1988,5,8,0,-1,0,0,-1,2.022E+11,4,NULL,0,NULL,1,1,0,1,0,1,1,NULL,-1,7,0,1,50,
2.022E+11,27,1,2022,10:46:00,1,49,49007,2,3,1,2,POUSSET,"474,717,700,000"," -0,5382000000",2.022E+11,771 321,A01,1,1,0,2,3,1,5,NULL,2.022E+11,1 042 784,771 319,B01,1,1,1,1,1983,0,8,0,-1,-1,-1,-1,2.022E+11,4,POUSSET,0,NULL,3,4,0,1,1,0,1,NULL,-1,1,0,1,30,
2.022E+11,27,1,2022,10:46:00,1,49,49007,2,3,1,2,POUSSET,"474,717,700,000"," -0,5382000000",2.022E+11,771 321,A01,1,1,0,2,3,1,5,NULL,2.022E+11,1 042 785,771 321,A01,1,1,4,2,2000,1,8,0,-1,-1,-1,-1,2.022E+11,4,POUSSET,0,NULL,3,4,0,1,1,0,1,NULL,-1,1,0,1,30,
2.022E+11,23,5,2022,15:38:00,1,31,31555,2,3,1,2,RTE DE SEYSSES,"435,613,400,000","14,056,500,000",2.022E+11,769 815,B01,2,1,0,2,1,0,5,NULL,2.022E+11,1 040 756,769 815,B01,1,1,3,1,1996,0,2,8,-1,-1,-1,-1,2.022E+11,7,RTE DE SEYSSES,0,NULL,-1,6,1,1,36,2741,1,NULL,-1,1,0,5,50,
2.022E+11,23,5,2022,15:38:00,1,31,31555,2,3,1,2,RTE DE SEYSSES,"435,613,400,000","14,056,500,000",2.022E+11,769 815,B01,2,1,0,2,1,0,5,NULL,2.022E+11,1 040 760,769 817,Z01,1,1,1,-1,NULL,-1,-1,-1,-1,-1,-1,-1,2.022E+11,7,RTE DE SEYSSES,0,NULL,-1,6,1,1,36,2741,1,NULL,-1,1,0,5,50,
2.022E+11,22,7,2022,08:55:00,1,974,97409,2,6,1,3,CAMBUSTON (rue de),"-209,323,400,000","556,460,200,000",2.022E+11,769 787,A01,1,1,0,2,1,9,5,NULL,2.022E+11,1 040 722,769 787,A01,1,1,4,1,1961,5,8,0,-1,0,0,-1,2.022E+11,3,CAMBUSTON (rue de),0,NULL,2,2,0,1,0,0,1,NULL,-1,1,0,1,50,
2.022E+11,22,7,2022,08:55:00,1,974,97409,2,6,1,3,CAMBUSTON (rue de),"-209,323,400,000","556,460,200,000",2.022E+11,769 787,A01,1,1,0,2,1,9,5,NULL,2.022E+11,1 040 726,769 791,B01,1,1,1,2,1999,5,1,0,-1,0,0,-1,2.022E+11,3,CAMBUSTON (rue de),0,NULL,2,2,0,1,0,0,1,NULL,-1,1,0,1,50,
2.022E+11,13,12,2022,13:15:00,1,85,85109,2,1,1,6,Rue de la Guerche,"468,625,400,000","-10,068,523,000",2.022E+11,769 757,A01,0,1,13,0,1,1,5,NULL,2.022E+11,1 040 686,769 757,A01,1,1,3,1,1954,5,2,-1,-1,0,0,-1,2.022E+11,4,NULL,-1,NULL,2,2,0,1,-1,-1,1,NULL,4,1,8,1,50,
2.022E+11,5,3,2022,15:30:00,1,68,68253,2,3,1,7,Rue du Général-de-Gaulle,"477,865,110,000","75,065,000,000",2.022E+11,769 562,B01,1,1,0,0,1,1,5,NULL,2.022E+11,1 040 424,769 562,B01,1,1,3,2,1943,5,2,-1,-1,0,0,-1,2.022E+11,3,468,0,NULL,2,1,0,1,17,685,1,NULL,"3,5",1,0,1,50,
2.022E+11,5,3,2022,15:30:00,1,68,68253,2,3,1,7,Rue du Général-de-Gaulle,"477,865,110,000","75,065,000,000",2.022E+11,769 563,C01,1,1,0,0,1,1,5,NULL,2.022E+11,1 040 424,769 562,B01,1,1,3,2,1943,5,2,-1,-1,0,0,-1,2.022E+11,3,468,0,NULL,2,1,0,1,17,685,1,NULL,"3,5",1,0,1,50,
2.022E+11,5,3,2022,15:30:00,1,68,68253,2,3,1,7,Rue du Général-de-Gaulle,"477,865,110,000","75,065,000,000",2.022E+11,769 562,B01,1,1,0,0,1,1,5,NULL,2.022E+11,1 040 425,769 563,C01,1,1,3,1,1941,5,2,-1,-1,0,0,-1,2.022E+11,3,468,0,NULL,2,1,0,1,17,685,1,NULL,"3,5",1,0,1,50,
2.022E+11,5,3,2022,15:30:00,1,68,68253,2,3,1,7,Rue du Général-de-Gaulle,"477,865,110,000","75,065,000,000",2.022E+11,769 563,C01,1,1,0,0,1,1,5,NULL,2.022E+11,1 040 425,769 563,C01,1,1,3,1,1941,5,2,-1,-1,0,0,-1,2.022E+11,3,468,0,NULL,2,1,0,1,17,685,1,NULL,"3,5",1,0,1,50,
2.022E+11,5,3,2022,15:30:00,1,68,68253,2,3,1,7,Rue du Général-de-Gaulle,"477,865,110,000","75,065,000,000",2.022E+11,769 562,B01,1,1,0,0,1,1,5,NULL,2.022E+11,1 040 426,769 564,A01,1,1,1,2,1967,5,1,-1,-1,0,0,-1,2.022E+11,3,468,0,NULL,2,1,0,1,17,685,1,NULL,"3,5",1,0,1,50,
2.022E+11,5,3,2022,15:30:00,1,68,68253,2,3,1,7,Rue du Général-de-Gaulle,"477,865,110,000","75,065,000,000",2.022E+11,769 563,C01,1,1,0,0,1,1,5,NULL,2.022E+11,1 040 426,769 564,A01,1,1,1,2,1967,5,1,-1,-1,0,0,-1,2.022E+11,3,468,0,NULL,2,1,0,1,17,685,1,NULL,"3,5",1,0,1,50,
2.022E+11,23,5,2022,07:50:00,1,75,75104,2,3,2,3,BOULEVARD DE SEBASTOPOL,"488,600,716,582","23,490,746,319",2.022E+11,767 176,B01,1,1,0,2,1,1,5,NULL,2.022E+11,1 037 328,767 174,A01,1,1,1,1,1968,4,1,0,-1,0,0,-1,2.022E+11,4,BOULEVARD DE SEBASTOPOL,0,NULL,2,5,1,1,-1,-1,1,NULL,-1,2,-1,5,30,
2.022E+11,23,5,2022,07:50:00,1,75,75104,2,3,2,3,BOULEVARD DE SEBASTOPOL,"488,600,716,582","23,490,746,319",2.022E+11,767 176,B01,1,1,0,2,1,1,5,NULL,2.022E+11,1 037 331,767 176,B01,1,1,4,2,1990,1,2,0,-1,0,0,-1,2.022E+11,4,BOULEVARD DE SEBASTOPOL,0,NULL,2,5,1,1,-1,-1,1,NULL,-1,2,-1,5,30,
2.022E+11,13,4,2022,07:54:00,1,17,17300,2,6,1,3,MONNET   AVENUE JEAN,"461,429,800,000","-11,536,100,000",2.022E+11,761 855,B01,3,1,0,2,2,1,5,NULL,2.022E+11,1 030 318,761 855,B01,1,1,4,2,2000,1,8,0,-1,-1,-1,-1,2.022E+11,4,MONNET   AVENUE JEAN,0,NULL,1,2,1,1,-1,-1,2,NULL,-1,1,0,5,50,
2.022E+11,13,4,2022,07:54:00,1,17,17300,2,6,1,3,MONNET   AVENUE JEAN,"461,429,800,000","-11,536,100,000",2.022E+11,761 855,B01,3,1,0,2,2,1,5,NULL,2.022E+11,1 030 323,761 859,A01,1,1,1,2,1984,1,1,8,-1,-1,-1,-1,2.022E+11,4,MONNET   AVENUE JEAN,0,NULL,1,2,1,1,-1,-1,2,NULL,-1,1,0,5,50,
2.022E+11,7,11,2022,16:05:00,1,1,1344,2,1,1,3,TREVOUX (AVENUE DE),"461,996,330,000","51,878,170,000",2.022E+11,760 819,A01,1,1,0,2,8,13,5,NULL,2.022E+11,1 028 923,760 818,B01,1,1,1,1,1984,1,1,0,-1,-1,-1,-1,2.022E+11,3,TREVOUX (AVENUE DE),0,NULL,2,2,0,1,46,0,1,NULL,-1,1,0,1,50,
2.022E+11,7,11,2022,16:05:00,1,1,1344,2,1,1,3,TREVOUX (AVENUE DE),"461,996,330,000","51,878,170,000",2.022E+11,760 819,A01,1,1,0,2,8,13,5,NULL,2.022E+11,1 028 924,760 819,A01,1,1,4,2,1962,1,2,0,-1,0,0,-1,2.022E+11,3,TREVOUX (AVENUE DE),0,NULL,2,2,0,1,46,0,1,NULL,-1,1,0,1,50,
2.022E+11,18,6,2022,09:45:00,1,60,60145,1,1,1,1,D85,"493,497,300,000","30,232,570,000",2.022E+11,754 180,A01,1,1,0,2,1,5,5,NULL,2.022E+11,1 020 048,754 180,A01,1,1,3,1,1948,5,2,-1,-1,0,0,-1,2.022E+11,3,85,-1,NULL,2,2,0,2,19,0,2,NULL,-1,1,0,1,80,
2.022E+11,18,6,2022,09:45:00,1,60,60145,1,1,1,1,D85,"493,497,300,000","30,232,570,000",2.022E+11,754 180,A01,1,1,0,2,1,5,5,NULL,2.022E+11,1 020 050,754 181,B01,1,1,1,1,1984,3,1,-1,-1,0,0,-1,2.022E+11,3,85,-1,NULL,2,2,0,2,19,0,2,NULL,-1,1,0,1,80,
2.022E+11,18,1,2022,11:00:00,1,19,19031,2,6,1,3,DUBAYLE (RUE ANTOINE),"451,481,678,700","14,897,418,022",2.022E+11,752 439,B01,1,1,0,2,8,19,5,NULL,2.022E+11,1 017 621,752 438,A01,1,1,1,1,1938,5,1,8,-1,-1,-1,-1,2.022E+11,3,DUBAYLE (RUE ANTOINE),0,NULL,2,2,1,1,0,47,1,NULL,-1,1,0,1,50,
2.022E+11,18,1,2022,11:00:00,1,19,19031,2,6,1,3,DUBAYLE (RUE ANTOINE),"451,481,678,700","14,897,418,022",2.022E+11,752 439,B01,1,1,0,2,8,19,5,NULL,2.022E+11,1 017 624,752 439,B01,1,1,4,1,1960,5,2,0,-1,-1,-1,-1,2.022E+11,3,DUBAYLE (RUE ANTOINE),0,NULL,2,2,1,1,0,47,1,NULL,-1,1,0,1,50,
2.022E+11,28,2,2022,09:10:00,1,83,83137,2,1,1,3,PONT DE BOIS (CHEMIN DU),"431,313,700,000","59,050,600,000",2.022E+11,751 919,B01,2,1,0,2,1,17,5,NULL,2.022E+11,1 016 911,751 919,B01,1,1,4,1,1977,1,8,0,-1,-1,-1,-1,2.022E+11,4,PONT DE BOIS (CHEMIN DU),0,NULL,2,2,0,1,0,0,1,NULL,-1,1,0,1,50,
2.022E+11,28,2,2022,09:10:00,1,83,83137,2,1,1,3,PONT DE BOIS (CHEMIN DU),"431,313,700,000","59,050,600,000",2.022E+11,751 919,B01,2,1,0,2,1,17,5,NULL,2.022E+11,1 016 914,751 922,A01,1,1,1,1,1988,0,1,-1,-1,-1,-1,-1,2.022E+11,4,PONT DE BOIS (CHEMIN DU),0,NULL,2,2,0,1,0,0,1,NULL,-1,1,0,1,50,
2.022E+11,17,5,2022,16:45:00,1,92,92004,2,1,1,6,DOCTEUR DERVAUX  ( QUAI DU ),"489,091,050,000","22,937,820,000",2.022E+11,750 163,A01,1,1,1,2,1,1,5,NULL,2.022E+11,1 014 624,750 163,A01,1,1,4,1,1979,9,8,0,-1,-1,-1,-1,2.022E+11,3,7,0,NULL,1,0,0,2,0,0,1,NULL,-1,1,0,1,50,
2.022E+11,15,7,2022,22:30:00,5,33,33063,2,3,1,3,Quai des Chartrons,"448,555,800,000"," -0,5635500000",2.022E+11,748 722,A01,3,1,0,2,1,19,5,NULL,2.022E+11,1 012 670,748 717,B01,1,1,1,1,2001,5,1,-1,-1,-1,-1,-1,2.022E+11,4,CHARTRONS (QUAI DES),0,NULL,3,4,0,1,-1,-1,1,NULL,-1,1,5,1,50,
2.022E+11,15,7,2022,22:30:00,5,33,33063,2,3,1,3,Quai des Chartrons,"448,555,800,000"," -0,5635500000",2.022E+11,748 722,A01,3,1,0,2,1,19,5,NULL,2.022E+11,1 012 675,748 722,A01,1,1,4,2,1989,5,0,-1,-1,-1,-1,-1,2.022E+11,4,CHARTRONS (QUAI DES),0,NULL,3,4,0,1,-1,-1,1,NULL,-1,1,5,1,50,
2.022E+11,7,4,2022,21:10:00,4,13,13103,2,1,1,2,ALLEES DE CRAPONNE,"436,346,943,499","51,002,027,272",2.022E+11,747 402,B01,2,1,0,2,6,1,5,NULL,2.022E+11,1 010 902,747 400,Z01,1,1,1,-1,NULL,-1,-1,-1,-1,-1,-1,-1,2.022E+11,4,ALLEES DE CRAPONNE,0,NULL,2,2,0,3,-1,-1,1,NULL,-1,1,0,1,50,
2.022E+11,7,4,2022,21:10:00,4,13,13103,2,1,1,2,ALLEES DE CRAPONNE,"436,346,943,499","51,002,027,272",2.022E+11,747 402,B01,2,1,0,2,6,1,5,NULL,2.022E+11,1 010 905,747 402,B01,1,1,3,1,1971,0,8,0,-1,-1,-1,-1,2.022E+11,4,ALLEES DE CRAPONNE,0,NULL,2,2,0,3,-1,-1,1,NULL,-1,1,0,1,50,
2.022E+11,15,6,2022,15:50:00,1,57,57541,2,1,1,3,15 Route de Baerenthal,"489,836,880,000","75,632,130,000",2.022E+11,744 783,A01,0,1,0,2,1,9,5,NULL,2.022E+11,1 007 379,744 780,B01,1,1,1,2,1967,5,8,-1,-1,0,0,-1,2.022E+11,4,36,0,NULL,1,1,0,3,-1,-1,1,NULL,-1,1,0,1,50,
2.022E+11,15,6,2022,15:50:00,1,57,57541,2,1,1,3,15 Route de Baerenthal,"489,836,880,000","75,632,130,000",2.022E+11,744 783,A01,0,1,0,2,1,9,5,NULL,2.022E+11,1 007 381,744 783,A01,1,1,3,1,2008,5,0,-1,-1,0,0,-1,2.022E+11,4,36,0,NULL,1,1,0,3,-1,-1,1,NULL,-1,1,0,1,50,
2.022E+11,12,5,2022,13:50:00,1,27,27229,2,1,1,6,MEUNIER (RUE ARSENE),"490,208,200,000","11,450,400,000",2.022E+11,736 420,A01,3,1,1,0,1,1,5,NULL,2.022E+11,995 995,736 420,A01,1,1,4,1,1995,5,2,6,-1,0,0,-1,2.022E+11,4,MEUNIER (RUE ARSENE),0,NULL,2,2,0,1,-1,-1,1,NULL,-1,1,0,1,50,
2.022E+11,24,9,2022,15:05:00,1,54,54395,2,1,2,2,ARC ( RUE JEANNE D'N,"486,815,246,378","61,747,804,284",2.022E+11,735 882,B01,1,1,0,2,4,1,5,NULL,2.022E+11,995 271,735 882,B01,1,1,4,1,2001,0,8,0,-1,0,0,-1,2.022E+11,4,ARC ( RUE JEANNE D'N,0,NULL,1,2,1,1,-1,-1,1,NULL,-1,2,0,1,50,
2.022E+11,24,9,2022,15:05:00,1,54,54395,2,1,2,2,ARC ( RUE JEANNE D'N,"486,815,246,378","61,747,804,284",2.022E+11,735 882,B01,1,1,0,2,4,1,5,NULL,2.022E+11,995 272,735 883,A01,1,1,4,2,2006,0,2,0,-1,0,0,-1,2.022E+11,4,ARC ( RUE JEANNE D'N,0,NULL,1,2,1,1,-1,-1,1,NULL,-1,2,0,1,50,
2.022E+11,22,9,2022,07:50:00,1,80,80021,2,1,1,3,PAUL CLAUDEL (AVENUE),"498,752,000,000","22,778,500,000",2.022E+11,735 509,B01,1,1,0,2,8,25,5,NULL,2.022E+11,994 781,735 509,B01,1,1,3,2,1965,0,8,-1,-1,0,0,-1,2.022E+11,6,PAUL CLAUDEL (AVENUE),0,NULL,2,2,1,1,-1,-1,1,NULL,-1,1,0,5,50,
2.022E+11,22,9,2022,07:50:00,1,80,80021,2,1,1,3,PAUL CLAUDEL (AVENUE),"498,752,000,000","22,778,500,000",2.022E+11,735 509,B01,1,1,0,2,8,25,5,NULL,2.022E+11,994 782,735 510,A01,1,1,1,1,1964,0,1,-1,-1,0,0,-1,2.022E+11,6,PAUL CLAUDEL (AVENUE),0,NULL,2,2,1,1,-1,-1,1,NULL,-1,1,0,5,50,