Accident_Id,jour,mois,an,hrmn,lum,dep,com,agg,int,atm,col,adr,lat,long,Num_Acc,id_vehicule,num_veh,senc,catv,obs,obsm,choc,manv,motor,occutc,Num_Acc,id_usager,id_vehicule,num_veh,place,catu,grav,sexe,an_nais,trajet,secu1,secu2,secu3,locp,actp,etatp,Num_Acc,catr,voie,v1,v2,circ,nbv,vosp,prof,pr,pr1,plan,lartpc,larrout,surf,infra,situ,vma,
2.022E+11,11,6,2022,14:00:00,1,56,56083,2,1,1,3,BRUANT ( AV. ARISTIDE ),"478,010,900,000","-32,599,770,000",2.022E+11,734 860,A01,1,1,0,2,1,25,5,NULL,2.022E+11,993 901,734 858,B01,1,1,1,1,2002,0,1,8,-1,-1,-1,-1,2.022E+11,3,BRUANT ( AV. ARISTIDE ),0,NULL,2,2,0,2,1,945,1,NULL,-1,1,6,6,50,
2.022E+11,11,6,2022,14:00:00,1,56,56083,2,1,1,3,BRUANT ( AV. ARISTIDE ),"478,010,900,000","-32,599,770,000",2.022E+11,734 860,A01,1,1,0,2,1,25,5,NULL,2.022E+11,993 903,734 860,A01,1,1,4,1,2008,5,8,0,-1,-1,-1,-1,2.022E+11,3,BRUANT ( AV. ARISTIDE ),0,NULL,2,2,0,2,1,945,1,NULL,-1,1,6,6,50,
2.022E+11,30,11,2022,19:20:00,5,92,92019,2,1,1,3,MONNET JEAN (AVENUE DU),"487,708,706,361","22,851,642,966",2.022E+11,728 885,B01,3,1,0,2,8,1,5,NULL,2.022E+11,986 026,728 885,B01,1,1,4,2,1964,1,2,0,-1,-1,-1,-1,2.022E+11,4,NULL,0,NULL,2,2,0,1,1,0,1,NULL,-1,1,0,1,30,
2.022E+11,30,11,2022,19:20:00,5,92,92019,2,1,1,3,MONNET JEAN (AVENUE DU),"487,708,706,361","22,851,642,966",2.022E+11,728 885,B01,3,1,0,2,8,1,5,NULL,2.022E+11,986 028,728 887,A01,1,1,1,2,1960,1,1,0,-1,0,0,-1,2.022E+11,4,NULL,0,NULL,2,2,0,1,1,0,1,NULL,-1,1,0,1,30,
2.022E+11,10,7,2022,08:25:00,1,54,54099,1,1,7,2,146D (RD),"492,738,500,000","59,103,000,000",2.022E+11,728 867,B01,2,1,0,2,4,2,5,NULL,2.022E+11,985 999,728 865,A01,1,1,1,2,2003,1,1,0,-1,0,0,-1,2.022E+11,3,146D (RD),0,NULL,2,2,0,1,3,722,1,NULL,-1,1,0,1,80,
2.022E+11,10,7,2022,08:25:00,1,54,54099,1,1,7,2,146D (RD),"492,738,500,000","59,103,000,000",2.022E+11,728 867,B01,2,1,0,2,4,2,5,NULL,2.022E+11,986 002,728 867,B01,1,1,4,1,1972,5,2,8,-1,0,0,-1,2.022E+11,3,146D (RD),0,NULL,2,2,0,1,3,722,1,NULL,-1,1,0,1,80,
2.022E+11,12,8,2022,11:00:00,1,56,56162,2,6,7,2,QUEVEN (RUE DE),"477,410,600,000","-34,260,300,000",2.022E+11,723 646,B01,1,1,0,2,4,1,5,NULL,2.022E+11,979 145,723 646,B01,1,1,4,1,1963,5,2,0,-1,0,0,-1,2.022E+11,3,163,0,NULL,1,1,0,1,4,800,2,NULL,-1,1,5,1,50,
2.022E+11,12,8,2022,11:00:00,1,56,56162,2,6,7,2,QUEVEN (RUE DE),"477,410,600,000","-34,260,300,000",2.022E+11,723 646,B01,1,1,0,2,4,1,5,NULL,2.022E+11,979 153,723 652,A01,1,1,1,2,1953,5,1,8,-1,-1,-1,-1,2.022E+11,3,163,0,NULL,1,1,0,1,4,800,2,NULL,-1,1,5,1,50,
2.022E+11,6,1,2022,12:15:00,1,69,69266,2,2,1,5,Cours Emile Zola,"457,655,400,000","49,011,700,000",2.022E+11,723 062,C01,0,1,0,2,1,25,5,NULL,2.022E+11,978 360,723 056,A01,1,1,1,1,1995,0,8,-1,-1,0,0,-1,2.022E+11,4,EMILE ZOLA     (Cours),0,NULL,2,2,2,1,-1,-1,1,NULL,-1,1,0,1,50,
2.022E+11,6,1,2022,12:15:00,1,69,69266,2,2,1,5,Cours Emile Zola,"457,655,400,000","49,011,700,000",2.022E+11,723 062,C01,0,1,0,2,1,25,5,NULL,2.022E+11,978 365,723 061,B01,1,1,1,1,1959,0,8,-1,-1,0,0,-1,2.022E+11,4,EMILE ZOLA     (Cours),0,NULL,2,2,2,1,-1,-1,1,NULL,-1,1,0,1,50,
2.022E+11,6,1,2022,12:15:00,1,69,69266,2,2,1,5,Cours Emile Zola,"457,655,400,000","49,011,700,000",2.022E+11,723 062,C01,0,1,0,2,1,25,5,NULL,2.022E+11,978 370,723 062,C01,1,1,4,2,1988,0,8,-1,-1,0,0,-1,2.022E+11,4,EMILE ZOLA     (Cours),0,NULL,2,2,2,1,-1,-1,1,NULL,-1,1,0,1,50,
2.022E+11,13,8,2022,12:35:00,1,76,76456,1,1,1,1,Rue du Bois Saint-Jacques,"496,433,527,520","0,8429217337",2.022E+11,723 019,B01,2,1,0,2,1,1,5,NULL,2.022E+11,978 311,723 014,A01,1,1,1,1,1980,1,1,-1,-1,0,0,-1,2.022E+11,3,20,0,NULL,2,2,0,1,24,540,1,NULL,6,1,0,1,80,
2.022E+11,13,8,2022,12:35:00,1,76,76456,1,1,1,1,Rue du Bois Saint-Jacques,"496,433,527,520","0,8429217337",2.022E+11,723 019,B01,2,1,0,2,1,1,5,NULL,2.022E+11,978 316,723 019,B01,1,1,2,1,1987,5,2,-1,-1,0,0,-1,2.022E+11,3,20,0,NULL,2,2,0,1,24,540,1,NULL,6,1,0,1,80,
2.022E+11,1,1,2022,12:00:00,1,35,35124,2,6,1,3,Rue de Pierric,"477,205,180,000","-17,324,640,000",2.022E+11,716 570,A01,1,1,0,2,5,9,5,NULL,2.022E+11,969 474,716 570,A01,1,1,4,1,1953,5,2,-1,-1,0,0,-1,2.022E+11,3,69,-1,NULL,2,2,0,2,39,900,1,NULL,-1,1,5,1,50,
2.022E+11,1,1,2022,12:00:00,1,35,35124,2,6,1,3,Rue de Pierric,"477,205,180,000","-17,324,640,000",2.022E+11,716 570,A01,1,1,0,2,5,9,5,NULL,2.022E+11,969 481,716 575,B01,1,1,1,1,1978,3,1,-1,-1,0,0,-1,2.022E+11,3,69,-1,NULL,2,2,0,2,39,900,1,NULL,-1,1,5,1,50,
2.022E+11,13,2,2022,00:50:00,5,35,35238,2,9,1,2,Rue de Saint-Brieuc,"481,178,000,000","-17,139,000,000",2.022E+11,715 814,B01,3,1,0,2,4,1,5,NULL,2.022E+11,968 472,715 811,A01,1,1,1,1,2003,5,1,0,-1,-1,-1,-1,2.022E+11,4,SAINT-BRIEUC (DE),0,NULL,1,1,2,1,-1,-1,3,NULL,-1,1,9,1,50,
2.022E+11,13,2,2022,00:50:00,5,35,35238,2,9,1,2,Rue de Saint-Brieuc,"481,178,000,000","-17,139,000,000",2.022E+11,715 814,B01,3,1,0,2,4,1,5,NULL,2.022E+11,968 474,715 811,A01,2,2,1,1,2003,0,1,0,-1,-1,-1,-1,2.022E+11,4,SAINT-BRIEUC (DE),0,NULL,1,1,2,1,-1,-1,3,NULL,-1,1,9,1,50,
2.022E+11,13,2,2022,00:50:00,5,35,35238,2,9,1,2,Rue de Saint-Brieuc,"481,178,000,000","-17,139,000,000",2.022E+11,715 814,B01,3,1,0,2,4,1,5,NULL,2.022E+11,968 477,715 814,B01,1,1,4,1,1985,4,8,0,-1,-1,-1,-1,2.022E+11,4,SAINT-BRIEUC (DE),0,NULL,1,1,2,1,-1,-1,3,NULL,-1,1,9,1,50,
2.022E+11,18,10,2022,19:45:00,5,54,54395,2,2,1,3,RHIN (AV. DU),"486,951,300,000","61,381,800,000",2.022E+11,809 568,B01,1,1,0,2,0,15,5,NULL,2.022E+11,1 093 849,809 568,B01,1,1,4,1,1990,0,2,0,-1,0,0,-1,2.022E+11,4,RHIN (AV. DU),0,NULL,2,2,0,2,-1,-1,1,NULL,-1,1,0,1,50,
2.022E+11,18,10,2022,19:45:00,5,54,54395,2,2,1,3,RHIN (AV. DU),"486,951,300,000","61,381,800,000",2.022E+11,809 568,B01,1,1,0,2,0,15,5,NULL,2.022E+11,1 093 851,809 570,A01,1,1,1,1,1990,0,1,0,-1,0,0,-1,2.022E+11,4,RHIN (AV. DU),0,NULL,2,2,0,2,-1,-1,1,NULL,-1,1,0,1,50,
2.022E+11,16,9,2022,17:30:00,1,93,93048,2,3,8,1,Rue Pepin / Place de l’Eglise,"488,641,500,000","24,448,600,000",2.022E+11,809 186,B01,3,1,0,2,8,19,5,NULL,2.022E+11,1 093 343,809 185,A01,1,1,1,1,1959,2,1,0,-1,0,0,-1,2.022E+11,4,PEPIN (RUE),0,NULL,1,1,0,4,0,0,1,NULL,-1,1,0,1,30,
2.022E+11,16,9,2022,17:30:00,1,93,93048,2,3,8,1,Rue Pepin / Place de l’Eglise,"488,641,500,000","24,448,600,000",2.022E+11,809 186,B01,3,1,0,2,8,19,5,NULL,2.022E+11,1 093 344,809 186,B01,1,1,4,1,2004,2,8,0,-1,0,0,-1,2.022E+11,4,PEPIN (RUE),0,NULL,1,1,0,4,0,0,1,NULL,-1,1,0,1,30,
2.022E+11,4,7,2022,16:30:00,1,75,75102,2,2,1,3,BOULEVARD DE SEBASTOPOL,"488,670,310,000","23,529,740,000",2.022E+11,808 850,Z01,1,1,0,2,8,15,5,NULL,2.022E+11,1 092 907,808 850,Z01,1,1,1,-1,NULL,-1,-1,-1,-1,0,0,-1,2.022E+11,4,BOULEVARD DE SEBASTOPOL,0,NULL,2,4,1,2,-1,-1,1,NULL,-1,1,0,5,30,
2.022E+11,4,7,2022,16:30:00,1,75,75102,2,2,1,3,BOULEVARD DE SEBASTOPOL,"488,670,310,000","23,529,740,000",2.022E+11,808 851,A01,1,1,0,2,1,17,5,NULL,2.022E+11,1 092 907,808 850,Z01,1,1,1,-1,NULL,-1,-1,-1,-1,0,0,-1,2.022E+11,4,BOULEVARD DE SEBASTOPOL,0,NULL,2,4,1,2,-1,-1,1,NULL,-1,1,0,5,30,
2.022E+11,4,7,2022,16:30:00,1,75,75102,2,2,1,3,BOULEVARD DE SEBASTOPOL,"488,670,310,000","23,529,740,000",2.022E+11,808 850,Z01,1,1,0,2,8,15,5,NULL,2.022E+11,1 092 908,808 851,A01,1,1,4,1,1973,9,2,0,-1,0,0,-1,2.022E+11,4,BOULEVARD DE SEBASTOPOL,0,NULL,2,4,1,2,-1,-1,1,NULL,-1,1,0,5,30,
2.022E+11,4,7,2022,16:30:00,1,75,75102,2,2,1,3,BOULEVARD DE SEBASTOPOL,"488,670,310,000","23,529,740,000",2.022E+11,808 851,A01,1,1,0,2,1,17,5,NULL,2.022E+11,1 092 908,808 851,A01,1,1,4,1,1973,9,2,0,-1,0,0,-1,2.022E+11,4,BOULEVARD DE SEBASTOPOL,0,NULL,2,4,1,2,-1,-1,1,NULL,-1,1,0,5,30,
2.022E+11,2,5,2022,13:00:00,1,29,29165,1,1,1,6,D102 - Ty Mejour,"478,159,070,000","-42,286,800,000",2.022E+11,803 565,A01,2,1,8,0,1,1,5,NULL,2.022E+11,1 085 811,803 565,A01,1,1,4,1,1949,5,0,-1,-1,0,0,-1,2.022E+11,3,102,-1,NULL,2,2,1,1,5,612,1,NULL,-1,1,0,5,80,
2.022E+11,12,11,2022,17:00:00,1,35,35047,1,1,1,1,Champcors,"480,651,390,000","-17,605,590,000",2.022E+11,801 304,B01,3,1,0,2,3,3,5,NULL,2.022E+11,1 082 845,801 304,B01,1,1,1,1,2000,5,8,-1,-1,0,0,-1,2.022E+11,9,NULL,-1,NULL,2,2,0,1,-1,-1,1,NULL,4,1,9,8,50,
2.022E+11,12,11,2022,17:00:00,1,35,35047,1,1,1,1,Champcors,"480,651,390,000","-17,605,590,000",2.022E+11,801 307,A01,3,1,0,2,3,1,5,NULL,2.022E+11,1 082 845,801 304,B01,1,1,1,1,2000,5,8,-1,-1,0,0,-1,2.022E+11,9,NULL,-1,NULL,2,2,0,1,-1,-1,1,NULL,4,1,9,8,50,
2.022E+11,12,11,2022,17:00:00,1,35,35047,1,1,1,1,Champcors,"480,651,390,000","-17,605,590,000",2.022E+11,801 304,B01,3,1,0,2,3,3,5,NULL,2.022E+11,1 082 848,801 307,A01,1,1,3,1,1967,5,8,-1,-1,0,0,-1,2.022E+11,9,NULL,-1,NULL,2,2,0,1,-1,-1,1,NULL,4,1,9,8,50,
2.022E+11,12,11,2022,17:00:00,1,35,35047,1,1,1,1,Champcors,"480,651,390,000","-17,605,590,000",2.022E+11,801 307,A01,3,1,0,2,3,1,5,NULL,2.022E+11,1 082 848,801 307,A01,1,1,3,1,1967,5,8,-1,-1,0,0,-1,2.022E+11,9,NULL,-1,NULL,2,2,0,1,-1,-1,1,NULL,4,1,9,8,50,
2.022E+11,28,4,2022,10:10:00,1,34,34028,1,6,1,3,D908e2,"435,981,770,000","31,395,260,000",2.022E+11,800 414,B01,1,1,0,2,1,1,5,NULL,2.022E+11,1 081 671,800 411,A01,1,1,1,1,1983,3,1,-1,-1,0,0,-1,2.022E+11,3,908,2,E,2,2,0,1,5,776,2,NULL,-1,1,0,1,50,
2.022E+11,28,4,2022,10:10:00,1,34,34028,1,6,1,3,D908e2,"435,981,770,000","31,395,260,000",2.022E+11,800 414,B01,1,1,0,2,1,1,5,NULL,2.022E+11,1 081 674,800 414,B01,1,1,4,2,1972,0,2,4,-1,0,0,-1,2.022E+11,3,908,2,E,2,2,0,1,5,776,2,NULL,-1,1,0,1,50,
2.022E+11,8,9,2022,14:21:00,1,74,74119,2,1,1,2,CORNICHE (ROUTE DE LA)  CD21,"463,857,400,000","65,830,800,000",2.022E+11,799 940,B01,1,1,0,0,4,1,5,NULL,2.022E+11,1 081 055,799 940,B01,1,1,3,1,1959,5,2,0,-1,-1,-1,-1,2.022E+11,3,CORNICHE (ROUTE DE LA)  CD21,0,NULL,2,2,0,2,8,200,3,NULL,-1,1,0,1,50,
2.022E+11,8,9,2022,14:21:00,1,74,74119,2,1,1,2,CORNICHE (ROUTE DE LA)  CD21,"463,857,400,000","65,830,800,000",2.022E+11,799 940,B01,1,1,0,0,4,1,5,NULL,2.022E+11,1 081 056,799 941,A01,1,1,1,1,1986,4,1,0,-1,-1,-1,-1,2.022E+11,3,CORNICHE (ROUTE DE LA)  CD21,0,NULL,2,2,0,2,8,200,3,NULL,-1,1,0,1,50,
2.022E+11,12,9,2022,08:00:00,1,73,73008,2,1,1,1,D991 - MARLIOZ AVENUE DE,"456,769,532,445","59,093,163,014",2.022E+11,799 939,A01,1,1,0,2,0,0,5,NULL,2.022E+11,1 081 053,799 938,B01,1,1,1,1,1976,1,1,0,-1,-1,-1,-1,2.022E+11,3,MARLIOZ AVENUE DE,0,NULL,2,2,2,1,31,550,1,NULL,-1,1,0,1,50,
2.022E+11,12,9,2022,08:00:00,1,73,73008,2,1,1,1,D991 - MARLIOZ AVENUE DE,"456,769,532,445","59,093,163,014",2.022E+11,799 939,A01,1,1,0,2,0,0,5,NULL,2.022E+11,1 081 054,799 939,A01,1,1,4,1,1954,9,2,0,-1,-1,-1,-1,2.022E+11,3,MARLIOZ AVENUE DE,0,NULL,2,2,2,1,31,550,1,NULL,-1,1,0,1,50,
2.022E+11,14,10,2022,17:45:00,1,17,17200,1,1,1,1,BRIDENELLE   CHEMIN DE LA,"461,918,500,000","-11,661,300,000",2.022E+11,796 301,Z01,0,1,0,2,1,1,5,NULL,2.022E+11,1 076 261,796 301,Z01,1,1,4,2,1978,0,8,0,-1,-1,-1,-1,2.022E+11,9,BRIDENELLE   CHEMIN DE LA,0,NULL,1,1,1,1,-1,-1,1,NULL,-1,1,0,5,30,
2.022E+11,14,10,2022,17:45:00,1,17,17200,1,1,1,1,BRIDENELLE   CHEMIN DE LA,"461,918,500,000","-11,661,300,000",2.022E+11,796 301,Z01,0,1,0,2,1,1,5,NULL,2.022E+11,1 076 262,796 302,A01,1,1,4,1,2003,9,2,6,-1,-1,-1,-1,2.022E+11,9,BRIDENELLE   CHEMIN DE LA,0,NULL,1,1,1,1,-1,-1,1,NULL,-1,1,0,5,30,
2.022E+11,31,7,2022,23:45:00,5,75,75110,2,2,1,3,QUAI DE JEMMAPES,"488,710,270,000","23,659,080,000",2.022E+11,795 013,B01,1,1,1,0,0,1,5,NULL,2.022E+11,1 074 567,795 012,A01,3,2,1,2,1991,5,1,0,-1,0,0,-1,2.022E+11,4,QUAI DE JEMMAPES,0,NULL,1,2,2,1,-1,-1,1,NULL,-1,1,0,5,30,
2.022E+11,31,7,2022,23:45:00,5,75,75110,2,2,1,3,QUAI DE JEMMAPES,"488,710,270,000","23,659,080,000",2.022E+11,795 013,B01,1,1,1,0,0,1,5,NULL,2.022E+11,1 074 568,795 012,A01,1,1,1,1,1987,4,1,0,-1,0,0,-1,2.022E+11,4,QUAI DE JEMMAPES,0,NULL,1,2,2,1,-1,-1,1,NULL,-1,1,0,5,30,
2.022E+11,31,7,2022,23:45:00,5,75,75110,2,2,1,3,QUAI DE JEMMAPES,"488,710,270,000","23,659,080,000",2.022E+11,795 013,B01,1,1,1,0,0,1,5,NULL,2.022E+11,1 074 569,795 013,B01,1,1,4,2,1981,5,0,0,-1,0,0,-1,2.022E+11,4,QUAI DE JEMMAPES,0,NULL,1,2,2,1,-1,-1,1,NULL,-1,1,0,5,30,
2.022E+11,8,9,2022,13:35:00,1,61,61143,2,6,8,7,PONT DU FRESNE (RUE DU),"484,458,900,000","0,0632100000",2.022E+11,793 236,A01,2,1,0,0,0,9,5,NULL,2.022E+11,1 072 240,793 236,A01,1,1,4,1,2000,1,2,-1,-1,-1,-1,-1,2.022E+11,3,PONT DU FRESNE (RUE DU),0,NULL,1,1,0,1,1,415,2,NULL,-1,9,0,1,50,
2.022E+11,29,4,2022,18:50:00,1,33,33063,2,1,1,2,Rue de la Reole,"448,221,000,000"," -0,5672800000",2.022E+11,792 280,A01,2,1,0,2,4,2,5,NULL,2.022E+11,1 070 973,792 280,A01,1,1,3,1,1980,1,2,-1,-1,-1,-1,-1,2.022E+11,4,RUE DE LA REOLE,0,NULL,-1,1,2,1,-1,-1,1,NULL,-1,1,0,1,30,
2.022E+11,29,4,2022,18:50:00,1,33,33063,2,1,1,2,Rue de la Reole,"448,221,000,000"," -0,5672800000",2.022E+11,792 280,A01,2,1,0,2,4,2,5,NULL,2.022E+11,1 070 974,792 281,Z01,1,1,1,1,1987,0,1,-1,-1,-1,-1,-1,2.022E+11,4,RUE DE LA REOLE,0,NULL,-1,1,2,1,-1,-1,1,NULL,-1,1,0,1,30,
2.022E+11,27,4,2022,16:20:00,1,74,74019,2,1,1,7,RD 1203,"459,392,320,000","61,438,950,000",2.022E+11,789 365,A01,2,1,0,0,0,2,5,NULL,2.022E+11,1 067 041,789 365,A01,1,1,2,1,1943,5,2,-1,-1,0,0,-1,2.022E+11,3,1203,-1,NULL,2,2,1,2,1,430,2,NULL,-1,1,0,5,-1,
2.022E+11,14,3,2022,19:00:00,5,75,75117,2,1,1,6,RUE DE TOCQUEVILLE,"488,837,460,000","23,120,840,000",2.022E+11,786 953,A01,1,1,0,1,2,1,5,NULL,2.022E+11,1 063 763,786 953,A01,10,3,4,1,1946,5,0,-1,-1,2,3,1,2.022E+11,4,RUE DE TOCQUEVILLE,0,NULL,2,2,0,1,-1,-1,1,NULL,-1,1,0,1,30,
2.022E+11,14,3,2022,19:00:00,5,75,75117,2,1,1,6,RUE DE TOCQUEVILLE,"488,837,460,000","23,120,840,000",2.022E+11,786 953,A01,1,1,0,1,2,1,5,NULL,2.022E+11,1 063 765,786 953,A01,1,1,1,1,1988,5,8,0,-1,0,0,-1,2.022E+11,4,RUE DE TOCQUEVILLE,0,NULL,2,2,0,1,-1,-1,1,NULL,-1,1,0,1,30,
2.022E+11,11,2,2022,11:10:00,1,83,83118,2,1,1,3,PLACE SADI CARNOT,"434,252,499,322","67,688,065,320",2.022E+11,783 900,B01,0,1,0,2,3,11,5,NULL,2.022E+11,1 059 681,783 899,A01,1,1,1,1,1984,0,2,6,-1,-1,-1,-1,2.022E+11,4,PLACE SADI CARNOT,0,NULL,1,2,0,1,0,0,1,NULL,-1,1,0,1,30,
2.022E+11,11,2,2022,11:10:00,1,83,83118,2,1,1,3,PLACE SADI CARNOT,"434,252,499,322","67,688,065,320",2.022E+11,783 900,B01,0,1,0,2,3,11,5,NULL,2.022E+11,1 059 682,783 900,B01,1,1,3,1,1943,5,8,-1,-1,-1,-1,-1,2.022E+11,4,PLACE SADI CARNOT,0,NULL,1,2,0,1,0,0,1,NULL,-1,1,0,1,30,
2.022E+11,3,9,2022,17:00:00,1,29,29019,2,2,1,3,rue de Kerourien,"483,828,800,000","-45,386,200,000",2.022E+11,772 817,A01,3,1,0,2,1,0,5,NULL,2.022E+11,1 044 813,772 816,B01,1,1,1,1,2003,5,1,-1,-1,-1,-1,-1,2.022E+11,4,KEROURIEN (DE 43 ET 66 A FIN),0,NULL,1,2,1,1,-1,-1,1,NULL,-1,1,0,1,50,
2.022E+11,3,9,2022,17:00:00,1,29,29019,2,2,1,3,rue de Kerourien,"483,828,800,000","-45,386,200,000",2.022E+11,772 817,A01,3,1,0,2,1,0,5,NULL,2.022E+11,1 044 814,772 817,A01,1,1,4,1,2003,5,8,-1,-1,-1,-1,-1,2.022E+11,4,KEROURIEN (DE 43 ET 66 A FIN),0,NULL,1,2,1,1,-1,-1,1,NULL,-1,1,0,1,50,
2.022E+11,28,1,2022,20:20:00,5,76,76216,2,1,8,2,Rue des Grosses Pierres,"494,690,000,000","10,380,000,000",2.022E+11,771 422,A01,1,1,0,2,4,1,5,NULL,2.022E+11,1 042 919,771 422,A01,1,1,4,1,1979,9,8,-1,-1,-1,-1,-1,2.022E+11,7,GROSSES PIERRES. RUE DES,0,NULL,2,2,0,1,19,750,1,NULL,-1,1,0,1,50,
2.022E+11,28,1,2022,20:20:00,5,76,76216,2,1,8,2,Rue des Grosses Pierres,"494,690,000,000","10,380,000,000",2.022E+11,771 422,A01,1,1,0,2,4,1,5,NULL,2.022E+11,1 042 920,771 424,Z01,1,1,1,1,1968,0,1,0,-1,-1,-1,-1,2.022E+11,7,GROSSES PIERRES. RUE DES,0,NULL,2,2,0,1,19,750,1,NULL,-1,1,0,1,50,
2.022E+11,23,5,2022,13:00:00,1,38,38547,2,1,1,3,20 boulevard Jules FERRY,"452,384,180,000","58,883,690,000",2.022E+11,770 328,B01,2,1,0,0,8,2,5,NULL,2.022E+11,1 041 464,770 326,A01,1,1,1,1,1974,4,1,-1,-1,0,0,-1,2.022E+11,3,523,-1,D,2,2,0,1,12,478,1,NULL,-1,1,6,1,30,
2.022E+11,23,5,2022,13:00:00,1,38,38547,2,1,1,3,20 boulevard Jules FERRY,"452,384,180,000","58,883,690,000",2.022E+11,770 328,B01,2,1,0,0,8,2,5,NULL,2.022E+11,1 041 465,770 328,B01,1,1,3,2,1962,5,2,-1,-1,0,0,-1,2.022E+11,3,523,-1,D,2,2,0,1,12,478,1,NULL,-1,1,6,1,30,
2.022E+11,21,6,2022,08:25:00,1,29,29232,1,1,1,3,Boulevard Gutenberg,"479,826,900,000","-40,752,700,000",2.022E+11,768 511,B01,1,1,0,2,0,1,5,NULL,2.022E+11,1 039 056,768 511,B01,1,1,4,1,1984,1,2,-1,-1,-1,-1,-1,2.022E+11,3,GUTENBERG BOULEVARD,0,NULL,2,2,0,3,1,491,1,NULL,-1,1,5,1,50,
2.022E+11,21,6,2022,08:25:00,1,29,29232,1,1,1,3,Boulevard Gutenberg,"479,826,900,000","-40,752,700,000",2.022E+11,768 511,B01,1,1,0,2,0,1,5,NULL,2.022E+11,1 039 058,768 512,A01,1,1,1,2,2001,2,1,-1,-1,-1,-1,-1,2.022E+11,3,GUTENBERG BOULEVARD,0,NULL,2,2,0,3,1,491,1,NULL,-1,1,5,1,50,
2.022E+11,30,8,2022,21:45:00,3,76,76447,2,4,1,2,MANOIR (DU),"495,555,000,000","0,1679800000",2.022E+11,765 672,A01,0,1,0,2,4,1,5,NULL,2.022E+11,1 035 263,765 672,A01,1,1,4,1,2008,0,8,-1,-1,-1,-1,-1,2.022E+11,3,RAOUL DUFY,0,NULL,2,2,0,1,0,226,1,NULL,-1,1,0,1,50,
2.022E+11,30,8,2022,21:45:00,3,76,76447,2,4,1,2,MANOIR (DU),"495,555,000,000","0,1679800000",2.022E+11,765 672,A01,0,1,0,2,4,1,5,NULL,2.022E+11,1 035 264,765 673,Z01,1,1,1,-1,NULL,-1,-1,-1,-1,-1,-1,-1,2.022E+11,3,RAOUL DUFY,0,NULL,2,2,0,1,0,226,1,NULL,-1,1,0,1,50,
2.022E+11,6,3,2022,11:15:00,1,85,85017,1,1,1,2,Rue d’Anjou,"469,119,450,000","-11,287,380,000",2.022E+11,762 635,A01,2,1,0,9,1,1,5,NULL,2.022E+11,1 031 310,762 635,A01,1,1,4,1,1953,5,2,-1,-1,0,0,-1,2.022E+11,3,6,-1,NULL,2,2,0,1,72,404,2,NULL,-1,1,0,1,80,
2.022E+11,6,3,2022,11:15:00,1,85,85017,1,1,1,2,Rue d’Anjou,"469,119,450,000","-11,287,380,000",2.022E+11,762 636,B01,2,1,0,9,4,1,5,NULL,2.022E+11,1 031 310,762 635,A01,1,1,4,1,1953,5,2,-1,-1,0,0,-1,2.022E+11,3,6,-1,NULL,2,2,0,1,72,404,2,NULL,-1,1,0,1,80,
2.022E+11,6,3,2022,11:15:00,1,85,85017,1,1,1,2,Rue d’Anjou,"469,119,450,000","-11,287,380,000",2.022E+11,762 635,A01,2,1,0,9,1,1,5,NULL,2.022E+11,1 031 311,762 636,B01,1,1,4,1,1969,5,2,-1,-1,0,0,-1,2.022E+11,3,6,-1,NULL,2,2,0,1,72,404,2,NULL,-1,1,0,1,80,
2.022E+11,6,3,2022,11:15:00,1,85,85017,1,1,1,2,Rue d’Anjou,"469,119,450,000","-11,287,380,000",2.022E+11,762 636,B01,2,1,0,9,4,1,5,NULL,2.022E+11,1 031 311,762 636,B01,1,1,4,1,1969,5,2,-1,-1,0,0,-1,2.022E+11,3,6,-1,NULL,2,2,0,1,72,404,2,NULL,-1,1,0,1,80,
2.022E+11,19,7,2022,19:10:00,1,92,92062,2,1,1,6,FRANCE (RUE  ANATOLE) N° 2 AU 20,"488,832,294,551","22,397,129,238",2.022E+11,759 222,B01,1,1,0,1,1,0,5,NULL,2.022E+11,1 026 833,759 222,B01,1,1,1,1,1998,1,8,0,-1,0,0,-1,2.022E+11,3,9,0,NULL,1,1,0,1,0,0,1,NULL,-1,1,0,1,30,
2.022E+11,19,7,2022,19:10:00,1,92,92062,2,1,1,6,FRANCE (RUE  ANATOLE) N° 2 AU 20,"488,832,294,551","22,397,129,238",2.022E+11,759 222,B01,1,1,0,1,1,0,5,NULL,2.022E+11,1 026 834,759 222,B01,10,3,4,2,1979,1,0,-1,-1,2,3,1,2.022E+11,3,9,0,NULL,1,1,0,1,0,0,1,NULL,-1,1,0,1,30,
2.022E+11,28,8,2022,18:30:00,1,75,75116,2,1,1,3,CHEMIN DE CEINTURE DU LAC INFERIEUR,"488,677,800,000","22,623,880,000",2.022E+11,759 022,B01,3,1,0,2,8,13,5,NULL,2.022E+11,1 026 563,759 022,B01,1,1,4,1,2015,5,8,0,-1,0,0,-1,2.022E+11,4,CHEMIN DE CEINTURE DU LAC INFERIEUR,0,NULL,-1,0,0,1,-1,-1,1,NULL,-1,1,0,1,20,
2.022E+11,28,8,2022,18:30:00,1,75,75116,2,1,1,3,CHEMIN DE CEINTURE DU LAC INFERIEUR,"488,677,800,000","22,623,880,000",2.022E+11,759 023,A01,3,1,0,2,1,1,5,NULL,2.022E+11,1 026 563,759 022,B01,1,1,4,1,2015,5,8,0,-1,0,0,-1,2.022E+11,4,CHEMIN DE CEINTURE DU LAC INFERIEUR,0,NULL,-1,0,0,1,-1,-1,1,NULL,-1,1,0,1,20,