Accident_Id,jour,mois,an,hrmn,lum,dep,com,agg,int,atm,col,adr,lat,long,Num_Acc,id_vehicule,num_veh,senc,catv,obs,obsm,choc,manv,motor,occutc,Num_Acc,id_usager,id_vehicule,num_veh,place,catu,grav,sexe,an_nais,trajet,secu1,secu2,secu3,locp,actp,etatp,Num_Acc,catr,voie,v1,v2,circ,nbv,vosp,prof,pr,pr1,plan,lartpc,larrout,surf,infra,situ,vma,
2.022E+11,28,5,2022,17:10:00,1,69,69272,2,9,1,3,45 Rue du Mazet,"456,102,210,000","48,392,420,000",2.022E+11,783 897,A01,3,1,0,2,1,19,5,NULL,2.022E+11,1 059 680,783 898,B01,1,1,1,2,1949,5,1,-1,-1,0,0,-1,2.022E+11,4,NULL,-1,NULL,2,2,0,1,-1,-1,1,NULL,3,1,0,1,-1,
2.022E+11,9,10,2022,12:30:00,1,92,92073,2,2,1,3,CARON (RUE ALBERT),"488,651,500,000","22,086,000,000",2.022E+11,781 799,B01,3,1,0,2,0,0,5,NULL,2.022E+11,1 056 894,781 799,B01,1,1,4,1,1970,0,2,0,-1,0,0,-1,2.022E+11,4,NULL,0,NULL,1,0,0,1,0,0,1,NULL,-1,1,0,1,50,
2.022E+11,9,10,2022,12:30:00,1,92,92073,2,2,1,3,CARON (RUE ALBERT),"488,651,500,000","22,086,000,000",2.022E+11,781 799,B01,3,1,0,2,0,0,5,NULL,2.022E+11,1 056 895,781 800,A01,1,1,1,1,1943,0,1,0,-1,0,0,-1,2.022E+11,4,NULL,0,NULL,1,0,0,1,0,0,1,NULL,-1,1,0,1,50,
2.022E+11,31,1,2022,12:50:00,1,973,97304,2,1,1,1,Avenue des Roches,"51,575,820,000","-526,426,540,000",2.022E+11,777 420,A01,1,1,0,2,1,1,5,NULL,2.022E+11,1 051 127,777 420,A01,1,1,4,2,2006,2,0,-1,-1,0,0,-1,2.022E+11,4,NULL,-1,NULL,-1,1,1,1,-1,-1,1,NULL,3,1,0,5,-1,
2.022E+11,31,1,2022,12:50:00,1,973,97304,2,1,1,1,Avenue des Roches,"51,575,820,000","-526,426,540,000",2.022E+11,777 420,A01,1,1,0,2,1,1,5,NULL,2.022E+11,1 051 128,777 421,B01,1,1,1,1,1967,5,0,-1,-1,0,0,-1,2.022E+11,4,NULL,-1,NULL,-1,1,1,1,-1,-1,1,NULL,3,1,0,5,-1,
2.022E+11,16,4,2022,16:35:00,1,69,69383,2,1,1,3,Boulevard Marius Vivier-Merle,"457,584,300,000","48,581,900,000",2.022E+11,772 308,B01,0,1,0,2,3,2,0,NULL,2.022E+11,1 044 107,772 308,B01,1,1,4,2,1995,0,8,-1,-1,0,0,-1,2.022E+11,4,MARIUS VIVIER MERLE                 (BD),0,NULL,1,2,3,1,-1,-1,1,NULL,-1,1,0,1,50,
2.022E+11,16,4,2022,16:35:00,1,69,69383,2,1,1,3,Boulevard Marius Vivier-Merle,"457,584,300,000","48,581,900,000",2.022E+11,772 308,B01,0,1,0,2,3,2,0,NULL,2.022E+11,1 044 108,772 309,A01,1,1,1,1,1999,0,2,-1,-1,0,0,-1,2.022E+11,4,MARIUS VIVIER MERLE                 (BD),0,NULL,1,2,3,1,-1,-1,1,NULL,-1,1,0,1,50,
2.022E+11,6,10,2022,09:40:00,1,75,75106,2,5,1,1,RUE DE VAUGIRARD,"488,450,960,000","23,201,460,000",2.022E+11,771 611,B01,1,1,0,2,1,13,5,NULL,2.022E+11,1 043 173,771 611,B01,1,1,4,2,2000,1,8,0,-1,0,0,-1,2.022E+11,4,RUE DE VAUGIRARD,0,NULL,2,3,1,1,-1,-1,1,NULL,-1,1,0,5,30,
2.022E+11,6,10,2022,09:40:00,1,75,75106,2,5,1,1,RUE DE VAUGIRARD,"488,450,960,000","23,201,460,000",2.022E+11,771 612,A01,2,1,0,2,1,1,5,NULL,2.022E+11,1 043 173,771 611,B01,1,1,4,2,2000,1,8,0,-1,0,0,-1,2.022E+11,4,RUE DE VAUGIRARD,0,NULL,2,3,1,1,-1,-1,1,NULL,-1,1,0,5,30,
2.022E+11,6,10,2022,09:40:00,1,75,75106,2,5,1,1,RUE DE VAUGIRARD,"488,450,960,000","23,201,460,000",2.022E+11,771 611,B01,1,1,0,2,1,13,5,NULL,2.022E+11,1 043 174,771 612,A01,1,1,1,1,1997,1,2,0,-1,0,0,-1,2.022E+11,4,RUE DE VAUGIRARD,0,NULL,2,3,1,1,-1,-1,1,NULL,-1,1,0,5,30,
2.022E+11,6,10,2022,09:40:00,1,75,75106,2,5,1,1,RUE DE VAUGIRARD,"488,450,960,000","23,201,460,000",2.022E+11,771 612,A01,2,1,0,2,1,1,5,NULL,2.022E+11,1 043 174,771 612,A01,1,1,1,1,1997,1,2,0,-1,0,0,-1,2.022E+11,4,RUE DE VAUGIRARD,0,NULL,2,3,1,1,-1,-1,1,NULL,-1,1,0,5,30,
2.022E+11,27,1,2022,17:28:00,2,60,60259,1,2,1,3,D929,"491,996,166,392","22,818,128,765",2.022E+11,768 046,B01,0,1,0,2,1,1,5,NULL,2.022E+11,1 038 455,768 045,A01,1,1,1,1,1993,0,1,-1,-1,0,0,-1,2.022E+11,3,D929,-1,NULL,2,2,0,2,3,995,1,NULL,-1,1,0,1,80,
2.022E+11,27,1,2022,17:28:00,2,60,60259,1,2,1,3,D929,"491,996,166,392","22,818,128,765",2.022E+11,768 046,B01,0,1,0,2,1,1,5,NULL,2.022E+11,1 038 456,768 046,B01,1,1,3,1,2000,0,0,-1,-1,0,0,-1,2.022E+11,3,D929,-1,NULL,2,2,0,2,3,995,1,NULL,-1,1,0,1,80,
2.022E+11,6,10,2022,18:15:00,1,69,69153,1,1,1,5,Route des Gambins,"458,506,805,387","47,952,076,793",2.022E+11,767 690,C01,1,1,0,2,1,13,5,NULL,2.022E+11,1 037 982,767 690,C01,1,1,2,1,1972,5,2,9,-1,0,0,-1,2.022E+11,7,73,0,D,2,2,3,2,12,500,1,NULL,-1,1,9,1,30,
2.022E+11,6,10,2022,18:15:00,1,69,69153,1,1,1,5,Route des Gambins,"458,506,805,387","47,952,076,793",2.022E+11,767 690,C01,1,1,0,2,1,13,5,NULL,2.022E+11,1 037 983,767 691,B01,1,1,1,1,1998,1,1,-1,-1,0,0,-1,2.022E+11,7,73,0,D,2,2,3,2,12,500,1,NULL,-1,1,9,1,30,
2.022E+11,6,10,2022,18:15:00,1,69,69153,1,1,1,5,Route des Gambins,"458,506,805,387","47,952,076,793",2.022E+11,767 690,C01,1,1,0,2,1,13,5,NULL,2.022E+11,1 037 985,767 693,A01,1,1,1,1,1996,1,1,-1,-1,0,0,-1,2.022E+11,7,73,0,D,2,2,3,2,12,500,1,NULL,-1,1,9,1,30,
2.022E+11,14,4,2022,16:15:00,1,75,75103,2,2,1,3,RUE DU TEMPLE,"488,619,030,000","23,569,340,000",2.022E+11,765 070,B01,1,1,1,0,7,1,5,NULL,2.022E+11,1 034 501,765 069,A01,1,1,1,1,1972,4,8,0,-1,0,0,-1,2.022E+11,4,RUE DU TEMPLE,0,NULL,1,1,0,1,-1,-1,1,NULL,-1,1,0,1,30,
2.022E+11,14,4,2022,16:15:00,1,75,75103,2,2,1,3,RUE DU TEMPLE,"488,619,030,000","23,569,340,000",2.022E+11,765 070,B01,1,1,1,0,7,1,5,NULL,2.022E+11,1 034 502,765 070,B01,1,1,4,1,2003,2,8,0,-1,0,0,-1,2.022E+11,4,RUE DU TEMPLE,0,NULL,1,1,0,1,-1,-1,1,NULL,-1,1,0,1,30,
2.022E+11,30,9,2022,14:00:00,1,55,55545,2,1,1,2,PELAS ( DU ),"491,571,100,000","53,998,100,000",2.022E+11,764 162,B01,0,1,0,2,4,1,5,NULL,2.022E+11,1 033 307,764 162,B01,1,1,3,1,1967,5,8,0,-1,0,0,-1,2.022E+11,4,PELAS ( DU ),0,NULL,2,2,0,1,0,0,1,NULL,-1,1,0,1,50,
2.022E+11,30,9,2022,14:00:00,1,55,55545,2,1,1,2,PELAS ( DU ),"491,571,100,000","53,998,100,000",2.022E+11,764 162,B01,0,1,0,2,4,1,5,NULL,2.022E+11,1 033 309,764 164,A01,1,1,1,1,1975,5,1,0,-1,0,0,-1,2.022E+11,4,PELAS ( DU ),0,NULL,2,2,0,1,0,0,1,NULL,-1,1,0,1,50,
2.022E+11,4,10,2022,09:37:00,1,92,92073,2,1,1,6,ROUSSEAU (RUE JEAN-JACQUES),"488,641,190,000","22,198,780,000",2.022E+11,763 693,B01,3,1,0,0,0,0,5,NULL,2.022E+11,1 032 711,763 693,B01,1,1,4,1,1978,0,8,0,-1,-1,-1,-1,2.022E+11,4,NULL,0,NULL,-1,2,1,1,0,0,1,NULL,-1,1,0,1,50,
2.022E+11,4,10,2022,09:37:00,1,92,92073,2,1,1,6,ROUSSEAU (RUE JEAN-JACQUES),"488,641,190,000","22,198,780,000",2.022E+11,763 693,B01,3,1,0,0,0,0,5,NULL,2.022E+11,1 032 712,763 694,A01,1,1,1,1,1980,0,1,0,-1,0,0,-1,2.022E+11,4,NULL,0,NULL,-1,2,1,1,0,0,1,NULL,-1,1,0,1,50,
2.022E+11,29,8,2022,19:25:00,1,33,33167,2,1,1,3,Chemin Richelieu,"448,353,594,801"," -0,5404248834",2.022E+11,761 999,B01,1,1,0,2,1,1,0,NULL,2.022E+11,1 030 488,761 999,B01,1,1,4,1,1991,5,0,-1,-1,0,0,-1,2.022E+11,4,CHEM RICHELIEU,0,NULL,2,1,0,1,-1,-1,1,NULL,-1,1,0,5,50,
2.022E+11,29,8,2022,19:25:00,1,33,33167,2,1,1,3,Chemin Richelieu,"448,353,594,801"," -0,5404248834",2.022E+11,761 999,B01,1,1,0,2,1,1,0,NULL,2.022E+11,1 030 489,762 000,A01,1,1,1,1,1987,0,1,-1,-1,-1,-1,-1,2.022E+11,4,CHEM RICHELIEU,0,NULL,2,1,0,1,-1,-1,1,NULL,-1,1,0,5,50,
2.022E+11,18,7,2022,19:41:00,1,93,93001,2,1,2,3,Rue Danielle Casanova,"489,187,974,304","23,911,692,202",2.022E+11,759 225,A01,1,1,0,2,2,1,5,NULL,2.022E+11,1 026 838,759 224,Z01,1,1,1,-1,NULL,-1,-1,-1,-1,-1,-1,-1,2.022E+11,3,DANIELLE CASANOVA (RUE)  59 =>,0,NULL,2,2,0,1,0,1,1,NULL,-1,2,0,1,30,
2.022E+11,18,7,2022,19:41:00,1,93,93001,2,1,2,3,Rue Danielle Casanova,"489,187,974,304","23,911,692,202",2.022E+11,759 225,A01,1,1,0,2,2,1,5,NULL,2.022E+11,1 026 839,759 225,A01,1,1,4,1,1995,0,8,0,-1,-1,-1,-1,2.022E+11,3,DANIELLE CASANOVA (RUE)  59 =>,0,NULL,2,2,0,1,0,1,1,NULL,-1,2,0,1,30,
2.022E+11,12,4,2022,13:05:00,1,67,67067,2,2,1,1,rue des acacias,"487,306,980,000","77,143,280,000",2.022E+11,755 067,B01,3,1,0,0,1,25,5,NULL,2.022E+11,1 021 214,755 066,A01,1,1,1,2,1985,1,1,-1,-1,0,0,-1,2.022E+11,4,NULL,-1,NULL,1,2,1,1,-1,-1,1,NULL,4,1,0,1,30,
2.022E+11,12,4,2022,13:05:00,1,67,67067,2,2,1,1,rue des acacias,"487,306,980,000","77,143,280,000",2.022E+11,755 067,B01,3,1,0,0,1,25,5,NULL,2.022E+11,1 021 215,755 067,B01,1,1,4,1,2001,1,0,-1,-1,0,0,-1,2.022E+11,4,NULL,-1,NULL,1,2,1,1,-1,-1,1,NULL,4,1,0,1,30,
2.022E+11,26,6,2022,10:15:00,1,74,74242,1,1,1,7,Route de la Magne,"458,163,950,000","61,716,130,000",2.022E+11,753 483,A01,2,1,0,0,0,1,5,NULL,2.022E+11,1 019 078,753 483,A01,1,1,3,1,1983,5,2,-1,-1,0,0,-1,2.022E+11,3,D10,0,B,2,2,0,2,3,520,1,NULL,-1,1,0,3,80,
2.022E+11,8,12,2022,17:30:00,5,75,75119,2,1,1,2,RUE ARMAND CARREL,"488,827,530,000","23,766,800,000",2.022E+11,749 657,A01,2,1,0,2,1,2,5,NULL,2.022E+11,1 013 946,749 656,Z01,1,1,1,-1,NULL,-1,-1,-1,-1,-1,-1,-1,2.022E+11,4,RUE ARMAND CARREL,0,NULL,2,2,0,1,-1,-1,1,NULL,-1,1,0,1,30,
2.022E+11,8,12,2022,17:30:00,5,75,75119,2,1,1,2,RUE ARMAND CARREL,"488,827,530,000","23,766,800,000",2.022E+11,749 657,A01,2,1,0,2,1,2,5,NULL,2.022E+11,1 013 947,749 657,A01,1,1,4,2,1982,9,8,0,-1,0,0,-1,2.022E+11,4,RUE ARMAND CARREL,0,NULL,2,2,0,1,-1,-1,1,NULL,-1,1,0,1,30,
2.022E+11,25,3,2022,17:20:00,1,69,69092,2,1,1,6,Rue du Stade Pierre Montmartin,"460,020,200,000","47,163,600,000",2.022E+11,743 613,A01,2,1,0,0,0,1,5,NULL,2.022E+11,1 005 849,743 613,A01,1,1,4,2,2009,5,8,0,-1,-1,-1,-1,2.022E+11,4,MONTMARTIN (rue du Stade),0,NULL,2,2,0,2,-1,-1,1,NULL,-1,1,0,1,50,
2.022E+11,22,2,2022,16:08:00,1,87,87085,2,1,1,3,BRIQUET (RUE GEORGES),"458,403,800,000","12,347,300,000",2.022E+11,740 929,B01,1,1,0,2,7,15,5,NULL,2.022E+11,1 002 209,740 928,A01,1,1,1,1,1991,4,1,0,-1,-1,-1,-1,2.022E+11,4,BRIQUET (RUE GEORGES),0,NULL,4,3,0,1,0,0,1,NULL,-1,1,0,1,50,
2.022E+11,22,2,2022,16:08:00,1,87,87085,2,1,1,3,BRIQUET (RUE GEORGES),"458,403,800,000","12,347,300,000",2.022E+11,740 929,B01,1,1,0,2,7,15,5,NULL,2.022E+11,1 002 210,740 929,B01,1,1,4,2,1962,5,2,0,-1,-1,-1,-1,2.022E+11,4,BRIQUET (RUE GEORGES),0,NULL,4,3,0,1,0,0,1,NULL,-1,1,0,1,50,
2.022E+11,24,9,2022,15:00:00,1,69,69386,2,2,1,3,Rue Bossuet,"457,683,600,000","48,564,300,000",2.022E+11,735 928,A01,0,1,0,2,0,0,0,NULL,2.022E+11,995 346,735 928,A01,1,1,4,2,1967,0,2,-1,-1,0,0,-1,2.022E+11,4,BOSSUET                             (R ),0,NULL,1,1,0,1,-1,-1,1,NULL,-1,1,0,1,30,
2.022E+11,24,9,2022,15:00:00,1,69,69386,2,2,1,3,Rue Bossuet,"457,683,600,000","48,564,300,000",2.022E+11,735 928,A01,0,1,0,2,0,0,0,NULL,2.022E+11,995 347,735 929,B01,1,1,1,2,1993,0,1,-1,-1,0,0,-1,2.022E+11,4,BOSSUET                             (R ),0,NULL,1,1,0,1,-1,-1,1,NULL,-1,1,0,1,30,
2.022E+11,31,7,2022,11:45:00,1,56,56101,2,1,1,7,Rue de Pont Kerran,"478,297,990,000","-31,546,430,000",2.022E+11,734 351,A01,1,1,0,0,8,1,5,NULL,2.022E+11,993 252,734 351,A01,1,1,4,2,1966,5,0,-1,-1,0,0,-1,2.022E+11,3,102,-1,NULL,2,2,0,2,19,435,1,NULL,-1,9,0,1,30,
2.022E+11,13,8,2022,07:45:00,2,71,71581,1,2,1,3,RD 130,"463,514,380,000","40,141,300,000",2.022E+11,728 090,B01,1,1,0,2,1,1,5,NULL,2.022E+11,984 978,728 085,A01,1,1,1,2,1968,1,1,-1,-1,0,0,-1,2.022E+11,3,130,-1,NULL,2,2,0,1,11,500,1,NULL,4,1,0,1,70,
2.022E+11,13,8,2022,07:45:00,2,71,71581,1,2,1,3,RD 130,"463,514,380,000","40,141,300,000",2.022E+11,728 090,B01,1,1,0,2,1,1,5,NULL,2.022E+11,984 984,728 090,B01,1,1,3,1,1954,5,2,-1,-1,0,0,-1,2.022E+11,3,130,-1,NULL,2,2,0,1,11,500,1,NULL,4,1,0,1,70,
2.022E+11,25,10,2022,15:00:00,1,92,92002,2,1,1,7,ADOLPHE PAJEAUD (RUE),"487,385,559,517","22,760,697,305",2.022E+11,726 794,B01,1,1,0,0,0,1,5,NULL,2.022E+11,983 267,726 794,B01,1,1,4,2,1960,5,8,0,-1,-1,-1,-1,2.022E+11,3,67A,0,NULL,3,3,0,1,0,0,1,NULL,-1,1,0,1,50,
2.022E+11,25,10,2022,15:00:00,1,92,92002,2,1,1,7,ADOLPHE PAJEAUD (RUE),"487,385,559,517","22,760,697,305",2.022E+11,726 794,B01,1,1,0,0,0,1,5,NULL,2.022E+11,983 268,726 795,A01,1,1,1,1,1965,9,1,0,-1,-1,-1,-1,2.022E+11,3,67A,0,NULL,3,3,0,1,0,0,1,NULL,-1,1,0,1,50,
2.022E+11,10,8,2022,18:20:00,1,973,97302,2,1,1,3,CATAYEE (JUSTIN),"49,388,421,668","-523,304,383,457",2.022E+11,718 754,B01,1,1,1,0,0,0,5,NULL,2.022E+11,972 466,718 754,B01,1,1,4,1,2003,0,8,0,-1,0,0,-1,2.022E+11,4,CATAYEE (JUSTIN),0,NULL,1,1,0,1,-1,-1,1,NULL,-1,1,0,1,50,
2.022E+11,10,8,2022,18:20:00,1,973,97302,2,1,1,3,CATAYEE (JUSTIN),"49,388,421,668","-523,304,383,457",2.022E+11,718 754,B01,1,1,1,0,0,0,5,NULL,2.022E+11,972 470,718 756,A01,2,2,1,2,1998,0,1,8,-1,-1,-1,-1,2.022E+11,4,CATAYEE (JUSTIN),0,NULL,1,1,0,1,-1,-1,1,NULL,-1,1,0,1,50,
2.022E+11,10,8,2022,18:20:00,1,973,97302,2,1,1,3,CATAYEE (JUSTIN),"49,388,421,668","-523,304,383,457",2.022E+11,718 754,B01,1,1,1,0,0,0,5,NULL,2.022E+11,972 472,718 756,A01,1,1,1,2,1991,0,1,8,-1,-1,-1,-1,2.022E+11,4,CATAYEE (JUSTIN),0,NULL,1,1,0,1,-1,-1,1,NULL,-1,1,0,1,50,
2.022E+11,6,6,2022,19:00:00,1,75,75102,2,2,1,3,BOULEVARD DES CAPUCINES,"488,702,340,000","23,301,370,000",2.022E+11,718 310,B01,2,1,0,2,1,1,5,NULL,2.022E+11,971 831,718 306,A01,1,1,1,2,1990,5,1,0,-1,0,0,-1,2.022E+11,4,BOULEVARD DES CAPUCINES,0,NULL,2,4,3,1,-1,-1,1,NULL,-1,1,0,1,30,
2.022E+11,6,6,2022,19:00:00,1,75,75102,2,2,1,3,BOULEVARD DES CAPUCINES,"488,702,340,000","23,301,370,000",2.022E+11,718 310,B01,2,1,0,2,1,1,5,NULL,2.022E+11,971 837,718 310,B01,1,1,4,1,1998,9,0,0,-1,0,0,-1,2.022E+11,4,BOULEVARD DES CAPUCINES,0,NULL,2,4,3,1,-1,-1,1,NULL,-1,1,0,1,30,
2.022E+11,3,6,2022,20:20:00,1,91,91421,2,1,1,3,NARCISSES (ALLEE DES),"487,023,900,000","24,409,800,000",2.022E+11,808 186,B01,0,1,0,2,0,0,5,NULL,2.022E+11,1 092 003,808 184,A01,1,1,1,2,1985,0,8,0,-1,-1,-1,-1,2.022E+11,4,NARCISSES (ALLEE DES),0,NULL,2,2,0,2,0,100,1,NULL,-1,1,0,1,30,
2.022E+11,3,6,2022,20:20:00,1,91,91421,2,1,1,3,NARCISSES (ALLEE DES),"487,023,900,000","24,409,800,000",2.022E+11,808 186,B01,0,1,0,2,0,0,5,NULL,2.022E+11,1 092 005,808 186,B01,1,1,4,2,2017,0,8,0,-1,-1,-1,-1,2.022E+11,4,NARCISSES (ALLEE DES),0,NULL,2,2,0,2,0,100,1,NULL,-1,1,0,1,30,
2.022E+11,25,11,2022,15:30:00,1,14,14302,1,3,7,3,D275,"492,897,750,000","0,0786910000",2.022E+11,807 880,B01,2,1,0,2,1,1,5,NULL,2.022E+11,1 091 584,807 879,A01,1,1,1,1,1972,2,1,-1,-1,0,0,-1,2.022E+11,3,275,-1,NULL,2,2,0,2,13,200,1,NULL,-1,1,0,1,80,
2.022E+11,25,11,2022,15:30:00,1,14,14302,1,3,7,3,D275,"492,897,750,000","0,0786910000",2.022E+11,807 880,B01,2,1,0,2,1,1,5,NULL,2.022E+11,1 091 586,807 880,B01,1,1,3,1,1954,5,0,-1,-1,0,0,-1,2.022E+11,3,275,-1,NULL,2,2,0,2,13,200,1,NULL,-1,1,0,1,80,
2.022E+11,21,3,2022,19:45:00,2,80,80424,1,1,1,2,D1001,"498,074,370,000","22,602,760,000",2.022E+11,804 057,B01,3,1,0,0,4,2,5,NULL,2.022E+11,1 086 503,804 057,B01,1,1,2,1,1946,3,0,-1,-1,0,0,-1,2.022E+11,3,1001,-1,NULL,2,2,0,1,12,160,1,NULL,7,1,0,1,80,
2.022E+11,21,3,2022,19:45:00,2,80,80424,1,1,1,2,D1001,"498,074,370,000","22,602,760,000",2.022E+11,804 057,B01,3,1,0,0,4,2,5,NULL,2.022E+11,1 086 512,804 060,A01,1,1,1,2,1990,0,8,-1,-1,0,0,-1,2.022E+11,3,1001,-1,NULL,2,2,0,1,12,160,1,NULL,7,1,0,1,80,
2.022E+11,11,2,2022,17:25:00,1,81,81156,1,3,1,3,Chemin de Guille,"439,142,220,000","20,456,300,000",2.022E+11,802 256,B01,2,1,0,2,8,1,5,NULL,2.022E+11,1 084 093,802 256,B01,1,1,4,1,1962,5,0,-1,-1,0,0,-1,2.022E+11,3,1,0,C,2,2,1,1,44,0,1,NULL,-1,1,0,5,50,
2.022E+11,11,2,2022,17:25:00,1,81,81156,1,3,1,3,Chemin de Guille,"439,142,220,000","20,456,300,000",2.022E+11,802 256,B01,2,1,0,2,8,1,5,NULL,2.022E+11,1 084 094,802 257,A01,1,1,1,1,1982,1,1,-1,-1,0,0,-1,2.022E+11,3,1,0,C,2,2,1,1,44,0,1,NULL,-1,1,0,5,50,
2.022E+11,13,3,2022,15:30:00,1,29,29077,1,3,1,3,Lieu Dit Keribert,"486,118,265,405","-43,856,030,703",2.022E+11,800 096,A01,2,1,0,0,2,2,5,NULL,2.022E+11,1 081 247,800 094,B01,1,1,1,-1,NULL,-1,-1,-1,-1,-1,-1,-1,2.022E+11,4,25,0,NULL,2,2,0,1,-1,-1,1,NULL,4,1,0,1,70,
2.022E+11,13,3,2022,15:30:00,1,29,29077,1,3,1,3,Lieu Dit Keribert,"486,118,265,405","-43,856,030,703",2.022E+11,800 096,A01,2,1,0,0,2,2,5,NULL,2.022E+11,1 081 248,800 096,A01,1,1,4,1,1994,5,2,-1,-1,0,0,-1,2.022E+11,4,25,0,NULL,2,2,0,1,-1,-1,1,NULL,4,1,0,1,70,
2.022E+11,14,6,2022,08:10:00,1,92,92063,2,1,1,3,CARREY DE BELLEMARE (RUE DU GENERAL),"488,650,200,000","21,877,500,000",2.022E+11,792 037,B01,2,1,0,2,3,2,5,NULL,2.022E+11,1 070 655,792 037,B01,1,1,4,2,2000,9,8,0,-1,-1,-1,-1,2.022E+11,4,NULL,0,NULL,2,2,0,1,0,0,1,NULL,-1,1,0,1,50,
2.022E+11,14,6,2022,08:10:00,1,92,92063,2,1,1,3,CARREY DE BELLEMARE (RUE DU GENERAL),"488,650,200,000","21,877,500,000",2.022E+11,792 037,B01,2,1,0,2,3,2,5,NULL,2.022E+11,1 070 657,792 039,A01,1,1,1,2,1974,0,8,0,-1,-1,-1,-1,2.022E+11,4,NULL,0,NULL,2,2,0,1,0,0,1,NULL,-1,1,0,1,50,
2.022E+11,28,7,2022,15:34:00,1,65,65175,1,1,8,6,Route du Port de Balès,"429,156,090,000","0,5122800000",2.022E+11,787 795,A01,2,1,5,0,1,1,5,NULL,2.022E+11,1 064 924,787 795,A01,1,1,3,1,1963,5,2,-1,-1,0,0,-1,2.022E+11,3,925,0,D,2,2,0,2,17,620,4,NULL,-1,9,0,1,80,
2.022E+11,23,4,2022,11:00:00,1,44,44204,1,6,1,3,760 Rue des Etangs,"472,803,070,000","-14,516,550,000",2.022E+11,785 481,A01,2,1,0,2,2,1,5,NULL,2.022E+11,1 061 752,785 479,B01,1,1,1,1,1990,5,8,-1,-1,0,0,-1,2.022E+11,7,37,0,D,2,2,0,1,29,979,1,NULL,-1,1,0,1,70,
2.022E+11,23,4,2022,11:00:00,1,44,44204,1,6,1,3,760 Rue des Etangs,"472,803,070,000","-14,516,550,000",2.022E+11,785 481,A01,2,1,0,2,2,1,5,NULL,2.022E+11,1 061 753,785 481,A01,1,1,4,1,1972,5,2,6,-1,0,0,-1,2.022E+11,7,37,0,D,2,2,0,1,29,979,1,NULL,-1,1,0,1,70,
2.022E+11,27,7,2022,18:30:00,1,75,75119,2,1,1,3,RUE DE CRIMEE,"488,883,680,000","23,793,950,000",2.022E+11,784 463,A01,1,1,0,2,8,13,5,NULL,2.022E+11,1 060 422,784 460,B01,1,1,1,1,1961,1,2,6,-1,0,0,-1,2.022E+11,4,RUE DE CRIMEE,0,NULL,1,1,1,1,-1,-1,1,NULL,-1,1,2,1,30,
2.022E+11,27,7,2022,18:30:00,1,75,75119,2,1,1,3,RUE DE CRIMEE,"488,883,680,000","23,793,950,000",2.022E+11,784 463,A01,1,1,0,2,8,13,5,NULL,2.022E+11,1 060 426,784 463,A01,1,1,4,1,1958,5,8,0,-1,0,0,-1,2.022E+11,4,RUE DE CRIMEE,0,NULL,1,1,1,1,-1,-1,1,NULL,-1,1,2,1,30,
2.022E+11,27,5,2022,16:25:00,1,72,72181,2,1,1,3,ZAMENHOF DOCTEUR (AV DU),"480,174,900,000","0,2180100000",2.022E+11,783 391,A01,3,1,0,2,1,25,5,NULL,2.022E+11,1 059 020,783 391,A01,1,1,4,1,1984,9,2,0,-1,-1,-1,-1,2.022E+11,4,ZAMENHOF DOCTEUR (AV DU),0,NULL,2,2,0,1,0,0,1,NULL,-1,1,0,8,50,
2.022E+11,27,5,2022,16:25:00,1,72,72181,2,1,1,3,ZAMENHOF DOCTEUR (AV DU),"480,174,900,000","0,2180100000",2.022E+11,783 391,A01,3,1,0,2,1,25,5,NULL,2.022E+11,1 059 025,783 395,B01,1,1,1,1,1966,4,1,8,-1,-1,-1,-1,2.022E+11,4,ZAMENHOF DOCTEUR (AV DU),0,NULL,2,2,0,1,0,0,1,NULL,-1,1,0,8,50,
2.022E+11,17,12,2022,20:29:00,5,92,92014,2,9,1,6,BIEVRE (RUE DE LA),"487,799,441,259","23,247,054,219",2.022E+11,779 833,Z01,1,1,0,1,0,17,5,NULL,2.022E+11,1 054 289,779 833,Z01,10,3,4,2,1979,1,8,8,-1,4,3,1,2.022E+11,3,BIEVRE (RUE DE LA),0,NULL,2,2,2,1,0,0,1,NULL,-1,9,5,8,50,
2.022E+11,17,12,2022,20:29:00,5,92,92014,2,9,1,6,BIEVRE (RUE DE LA),"487,799,441,259","23,247,054,219",2.022E+11,779 833,Z01,1,1,0,1,0,17,5,NULL,2.022E+11,1 054 290,779 833,Z01,1,1,1,-1,NULL,-1,-1,-1,-1,-1,-1,-1,2.022E+11,3,BIEVRE (RUE DE LA),0,NULL,2,2,2,1,0,0,1,NULL,-1,9,5,8,50,
2.022E+11,24,6,2022,19:26:00,1,64,64445,2,1,1,3,rue Ronsard,"433,187,600,000"," -0,3598700000",2.022E+11,778 778,A01,3,1,0,2,1,19,5,NULL,2.022E+11,1 052 868,778 778,A01,1,1,4,2,2009,0,8,0,-1,-1,-1,-1,2.022E+11,4,RONSARD,0,NULL,2,2,0,1,0,0,1,NULL,-1,1,0,1,50,
2.022E+11,24,6,2022,19:26:00,1,64,64445,2,1,1,3,rue Ronsard,"433,187,600,000"," -0,3598700000",2.022E+11,778 778,A01,3,1,0,2,1,19,5,NULL,2.022E+11,1 052 870,778 780,B01,1,1,1,1,1997,1,1,8,-1,-1,-1,-1,2.022E+11,4,RONSARD,0,NULL,2,2,0,1,0,0,1,NULL,-1,1,0,1,50,