Accident_Id,jour,mois,an,hrmn,lum,dep,com,agg,int,atm,col,adr,lat,long,Num_Acc,id_vehicule,num_veh,senc,catv,obs,obsm,choc,manv,motor,occutc,Num_Acc,id_usager,id_vehicule,num_veh,place,catu,grav,sexe,an_nais,trajet,secu1,secu2,secu3,locp,actp,etatp,Num_Acc,catr,voie,v1,v2,circ,nbv,vosp,prof,pr,pr1,plan,lartpc,larrout,surf,infra,situ,vma,
2.022E+11,29,9,2022,16:45:00,1,69,69091,2,1,1,5,Rue Edouard Idoux,"455,916,000,000","47,629,100,000",2.022E+11,749 837,C01,2,1,0,2,8,2,0,NULL,2.022E+11,1 014 189,749 837,C01,1,1,4,1,2001,0,8,-1,-1,0,0,-1,2.022E+11,4,EDOUART IDOUX ( R ),0,NULL,2,2,0,1,-1,-1,1,NULL,-1,1,0,1,50,
2.022E+11,29,9,2022,16:45:00,1,69,69091,2,1,1,5,Rue Edouard Idoux,"455,916,000,000","47,629,100,000",2.022E+11,749 837,C01,2,1,0,2,8,2,0,NULL,2.022E+11,1 014 190,749 838,B01,1,1,1,1,1958,0,1,-1,-1,0,0,-1,2.022E+11,4,EDOUART IDOUX ( R ),0,NULL,2,2,0,1,-1,-1,1,NULL,-1,1,0,1,50,
2.022E+11,29,9,2022,16:45:00,1,69,69091,2,1,1,5,Rue Edouard Idoux,"455,916,000,000","47,629,100,000",2.022E+11,749 837,C01,2,1,0,2,8,2,0,NULL,2.022E+11,1 014 191,749 839,A01,1,1,-1,-1,NULL,-1,-1,-1,-1,0,0,-1,2.022E+11,4,EDOUART IDOUX ( R ),0,NULL,2,2,0,1,-1,-1,1,NULL,-1,1,0,1,50,
2.022E+11,15,7,2022,02:20:00,5,33,33529,2,1,1,6,OCEAN (BD DE L'),"446,303,800,000","-12,026,310,000",2.022E+11,748 709,A01,1,1,0,1,1,1,5,NULL,2.022E+11,1 012 656,748 709,A01,10,3,4,2,1999,5,0,-1,-1,1,1,2,2.022E+11,3,OCEAN (BD DE L'),0,NULL,2,2,1,1,5,425,1,NULL,-1,1,0,5,50,
2.022E+11,15,7,2022,02:20:00,5,33,33529,2,1,1,6,OCEAN (BD DE L'),"446,303,800,000","-12,026,310,000",2.022E+11,748 709,A01,1,1,0,1,1,1,5,NULL,2.022E+11,1 012 661,748 709,A01,1,1,4,1,1999,0,0,-1,-1,-1,-1,-1,2.022E+11,3,OCEAN (BD DE L'),0,NULL,2,2,1,1,5,425,1,NULL,-1,1,0,5,50,
2.022E+11,15,5,2022,18:50:00,2,52,52432,1,1,1,7,pk 10 D121,"479,480,210,000","52,954,640,000",2.022E+11,746 695,A01,1,1,0,0,0,1,5,NULL,2.022E+11,1 009 953,746 695,A01,1,1,3,1,1984,9,0,-1,-1,0,0,-1,2.022E+11,3,121,0,NULL,2,2,0,2,9,930,1,NULL,-1,1,0,1,80,
2.022E+11,13,5,2022,10:05:00,1,1,1283,2,1,1,3,CASTELLION,"462,490,410,000","56,474,450,000",2.022E+11,746 565,B01,2,1,0,2,1,13,5,NULL,2.022E+11,1 009 775,746 564,A01,1,1,1,1,1983,4,1,0,-1,0,0,-1,2.022E+11,3,CASTELLION,0,NULL,2,2,0,4,11,405,3,NULL,-1,1,0,1,50,
2.022E+11,13,5,2022,10:05:00,1,1,1283,2,1,1,3,CASTELLION,"462,490,410,000","56,474,450,000",2.022E+11,746 565,B01,2,1,0,2,1,13,5,NULL,2.022E+11,1 009 776,746 564,A01,2,2,1,1,1974,0,1,0,-1,0,0,-1,2.022E+11,3,CASTELLION,0,NULL,2,2,0,4,11,405,3,NULL,-1,1,0,1,50,
2.022E+11,13,5,2022,10:05:00,1,1,1283,2,1,1,3,CASTELLION,"462,490,410,000","56,474,450,000",2.022E+11,746 565,B01,2,1,0,2,1,13,5,NULL,2.022E+11,1 009 777,746 565,B01,1,1,3,1,1996,0,8,0,-1,0,0,-1,2.022E+11,3,CASTELLION,0,NULL,2,2,0,4,11,405,3,NULL,-1,1,0,1,50,
2.022E+11,14,7,2022,11:30:00,1,26,26117,1,9,1,1,3545 Route des Grands Goulets,"450,298,390,000","53,846,310,000",2.022E+11,744 960,B01,2,1,0,2,4,1,5,NULL,2.022E+11,1 007 640,744 960,B01,1,1,3,1,1978,5,2,6,-1,0,0,-1,2.022E+11,3,518,0,NULL,2,2,0,2,6,100,1,NULL,-1,1,0,1,50,
2.022E+11,14,7,2022,11:30:00,1,26,26117,1,9,1,1,3545 Route des Grands Goulets,"450,298,390,000","53,846,310,000",2.022E+11,744 960,B01,2,1,0,2,4,1,5,NULL,2.022E+11,1 007 642,744 961,A01,1,1,1,1,1964,5,1,-1,-1,0,0,-1,2.022E+11,3,518,0,NULL,2,2,0,2,6,100,1,NULL,-1,1,0,1,50,
2.022E+11,6,4,2022,21:45:00,5,69,69382,2,1,1,3,2 Cours Charlemagne,"457,474,800,000","48,249,700,000",2.022E+11,744 152,B01,2,1,1,0,3,18,5,NULL,2.022E+11,1 006 556,744 150,A01,1,1,1,-1,NULL,-1,-1,-1,-1,-1,-1,-1,2.022E+11,4,NULL,0,NULL,1,0,1,1,-1,-1,1,NULL,-1,1,0,5,30,
2.022E+11,6,4,2022,21:45:00,5,69,69382,2,1,1,3,2 Cours Charlemagne,"457,474,800,000","48,249,700,000",2.022E+11,744 152,B01,2,1,1,0,3,18,5,NULL,2.022E+11,1 006 558,744 152,B01,1,1,4,1,1961,0,2,-1,-1,-1,-1,-1,2.022E+11,4,NULL,0,NULL,1,0,1,1,-1,-1,1,NULL,-1,1,0,5,30,
2.022E+11,13,6,2022,17:20:00,1,75,75112,2,2,1,3,RUE DE CHARENTON,"488,373,070,000","23,912,090,000",2.022E+11,741 049,A01,2,1,0,2,5,1,5,NULL,2.022E+11,1 002 353,741 047,B01,1,1,1,1,1986,4,1,0,-1,0,0,-1,2.022E+11,4,RUE DE CHARENTON,0,NULL,2,2,0,1,-1,-1,1,NULL,-1,1,0,1,30,
2.022E+11,13,6,2022,17:20:00,1,75,75112,2,2,1,3,RUE DE CHARENTON,"488,373,070,000","23,912,090,000",2.022E+11,741 049,A01,2,1,0,2,5,1,5,NULL,2.022E+11,1 002 355,741 049,A01,1,1,4,2,1965,9,2,4,-1,0,0,-1,2.022E+11,4,RUE DE CHARENTON,0,NULL,2,2,0,1,-1,-1,1,NULL,-1,1,0,1,30,
2.022E+11,18,8,2022,18:50:00,1,75,75107,2,1,1,6,PORT DES INVALIDES,"488,631,280,000","23,141,210,000",2.022E+11,737 738,A01,3,1,0,1,8,1,5,NULL,2.022E+11,997 786,737 738,A01,10,3,4,2,2016,5,8,8,-1,2,3,2,2.022E+11,4,PORT DES INVALIDES,0,NULL,2,1,1,1,-1,-1,1,NULL,-1,1,6,5,20,
2.022E+11,18,8,2022,18:50:00,1,75,75107,2,1,1,6,PORT DES INVALIDES,"488,631,280,000","23,141,210,000",2.022E+11,737 738,A01,3,1,0,1,8,1,5,NULL,2.022E+11,997 788,737 738,A01,1,1,1,2,1992,9,2,0,-1,0,0,-1,2.022E+11,4,PORT DES INVALIDES,0,NULL,2,1,1,1,-1,-1,1,NULL,-1,1,6,5,20,
2.022E+11,11,1,2022,14:00:00,1,81,81163,2,2,1,3,REPUBLIQUE,"434,895,280,223","23,727,989,942",2.022E+11,736 248,B01,2,1,0,2,1,1,5,NULL,2.022E+11,995 782,736 247,A01,1,1,1,2,1960,4,1,0,-1,-1,-1,-1,2.022E+11,3,REPUBLIQUE,0,NULL,2,1,0,1,13,400,1,NULL,-1,1,0,1,50,
2.022E+11,11,1,2022,14:00:00,1,81,81163,2,2,1,3,REPUBLIQUE,"434,895,280,223","23,727,989,942",2.022E+11,736 248,B01,2,1,0,2,1,1,5,NULL,2.022E+11,995 783,736 248,B01,1,1,3,1,1947,5,2,6,-1,-1,-1,-1,2.022E+11,3,REPUBLIQUE,0,NULL,2,1,0,1,13,400,1,NULL,-1,1,0,1,50,
2.022E+11,16,3,2022,17:00:00,1,62,62193,2,1,8,2,LAFAYETTE (BOULEVARD),"509,455,800,000","18,618,500,000",2.022E+11,734 391,B01,2,1,1,0,1,17,5,NULL,2.022E+11,993 306,734 391,B01,1,1,4,1,1991,1,8,0,-1,-1,-1,-1,2.022E+11,4,LAFAYETTE (BOULEVARD),0,NULL,2,2,0,1,-1,-1,1,NULL,-1,1,0,1,50,
2.022E+11,16,3,2022,17:00:00,1,62,62193,2,1,8,2,LAFAYETTE (BOULEVARD),"509,455,800,000","18,618,500,000",2.022E+11,734 391,B01,2,1,1,0,1,17,5,NULL,2.022E+11,993 310,734 393,A01,1,1,1,2,1977,3,8,0,-1,-1,-1,-1,2.022E+11,4,LAFAYETTE (BOULEVARD),0,NULL,2,2,0,1,-1,-1,1,NULL,-1,1,0,1,50,
2.022E+11,11,5,2022,17:00:00,1,83,83107,2,1,1,3,"Corniche des Issambres, RD559","433,422,186,339","66,974,115,372",2.022E+11,733 149,B01,2,1,0,2,8,15,5,NULL,2.022E+11,991 630,733 148,A01,1,1,4,2,1991,5,2,6,-1,0,0,-1,2.022E+11,3,559,0,NULL,2,2,0,1,105,420,1,NULL,-1,1,0,1,50,
2.022E+11,11,5,2022,17:00:00,1,83,83107,2,1,1,3,"Corniche des Issambres, RD559","433,422,186,339","66,974,115,372",2.022E+11,733 149,B01,2,1,0,2,8,15,5,NULL,2.022E+11,991 631,733 149,B01,1,1,1,1,1983,5,0,-1,-1,0,0,-1,2.022E+11,3,559,0,NULL,2,2,0,1,105,420,1,NULL,-1,1,0,1,50,
2.022E+11,7,7,2022,19:10:00,1,32,32013,2,1,1,7,BARONNE (RUE DE LA),"436,339,800,000","0,5822600000",2.022E+11,728 290,A01,1,1,12,0,0,0,5,NULL,2.022E+11,985 249,728 290,A01,1,1,3,1,1965,1,8,0,-1,-1,-1,-1,2.022E+11,4,BARONNE (RUE DE LA),0,NULL,2,2,0,2,-1,-1,1,NULL,-1,1,0,8,50,
2.022E+11,24,10,2022,11:48:00,1,6,6161,2,1,1,6,482 Chemin de l Abreuvoir,"436,499,840,000","71,307,850,000",2.022E+11,726 777,A01,1,1,12,0,8,1,5,NULL,2.022E+11,983 248,726 777,A01,1,1,4,1,1972,5,2,-1,-1,0,0,-1,2.022E+11,3,2,0,D,2,2,1,1,0,915,1,NULL,-1,1,9,5,50,
2.022E+11,8,7,2022,00:45:00,5,75,75111,2,1,1,3,RUE DU CHEMIN VERT,"488,600,040,000","23,776,630,000",2.022E+11,725 430,A01,2,1,0,2,1,1,5,NULL,2.022E+11,981 509,725 430,A01,1,1,1,1,2003,5,0,0,-1,0,0,-1,2.022E+11,4,RUE DU CHEMIN VERT,0,NULL,1,1,0,2,-1,-1,1,NULL,-1,1,0,1,30,
2.022E+11,8,7,2022,00:45:00,5,75,75111,2,1,1,3,RUE DU CHEMIN VERT,"488,600,040,000","23,776,630,000",2.022E+11,725 430,A01,2,1,0,2,1,1,5,NULL,2.022E+11,981 513,725 432,B01,2,2,4,1,2004,5,8,0,-1,0,0,-1,2.022E+11,4,RUE DU CHEMIN VERT,0,NULL,1,1,0,2,-1,-1,1,NULL,-1,1,0,1,30,
2.022E+11,8,7,2022,00:45:00,5,75,75111,2,1,1,3,RUE DU CHEMIN VERT,"488,600,040,000","23,776,630,000",2.022E+11,725 430,A01,2,1,0,2,1,1,5,NULL,2.022E+11,981 515,725 432,B01,1,1,4,1,2004,5,8,0,-1,0,0,-1,2.022E+11,4,RUE DU CHEMIN VERT,0,NULL,1,1,0,2,-1,-1,1,NULL,-1,1,0,1,30,
2.022E+11,4,1,2022,11:30:00,1,24,24547,2,2,1,1,rue général de gaulle,"451,276,380,000","13,029,740,000",2.022E+11,717 856,B01,1,1,0,2,1,1,5,NULL,2.022E+11,971 203,717 856,B01,1,1,3,1,1953,5,2,-1,-1,0,0,-1,2.022E+11,3,NULL,-1,NULL,2,2,0,1,1,450,1,NULL,4,1,0,1,50,
2.022E+11,4,1,2022,11:30:00,1,24,24547,2,2,1,1,rue général de gaulle,"451,276,380,000","13,029,740,000",2.022E+11,717 856,B01,1,1,0,2,1,1,5,NULL,2.022E+11,971 209,717 860,A01,1,1,1,2,1957,5,1,-1,-1,0,0,-1,2.022E+11,3,NULL,-1,NULL,2,2,0,1,1,450,1,NULL,4,1,0,1,50,
2.022E+11,4,6,2022,11:25:00,1,60,60432,2,1,1,2,Rue des Vignes,"491,146,480,000","25,979,290,000",2.022E+11,809 923,B01,3,1,0,2,1,1,5,NULL,2.022E+11,1 094 336,809 920,A01,1,1,1,1,2001,4,0,-1,-1,0,0,-1,2.022E+11,4,NULL,0,NULL,2,2,0,1,-1,-1,1,NULL,4,1,0,1,50,
2.022E+11,4,6,2022,11:25:00,1,60,60432,2,1,1,2,Rue des Vignes,"491,146,480,000","25,979,290,000",2.022E+11,809 923,B01,3,1,0,2,1,1,5,NULL,2.022E+11,1 094 337,809 923,B01,1,1,4,1,2013,5,2,-1,-1,0,0,-1,2.022E+11,4,NULL,0,NULL,2,2,0,1,-1,-1,1,NULL,4,1,0,1,50,
2.022E+11,22,3,2022,17:40:00,1,27,27229,2,1,1,2,LEPOUZE (RUE),"490,274,900,000","11,554,600,000",2.022E+11,807 555,B01,3,1,0,2,1,1,5,NULL,2.022E+11,1 091 155,807 553,A01,1,1,1,2,1991,5,1,-1,-1,0,0,-1,2.022E+11,4,LEPOUZE (RUE),0,NULL,2,0,1,2,-1,-1,1,NULL,-1,1,0,1,50,
2.022E+11,22,3,2022,17:40:00,1,27,27229,2,1,1,2,LEPOUZE (RUE),"490,274,900,000","11,554,600,000",2.022E+11,807 555,B01,3,1,0,2,1,1,5,NULL,2.022E+11,1 091 158,807 555,B01,1,1,4,2,1957,5,2,6,-1,0,0,-1,2.022E+11,4,LEPOUZE (RUE),0,NULL,2,0,1,2,-1,-1,1,NULL,-1,1,0,1,50,
2.022E+11,15,9,2022,15:10:00,1,75,75115,2,3,1,3,AVENUE DE LA MOTTE PICQUET,"488,492,600,000","22,981,970,000",2.022E+11,806 181,B01,1,1,0,2,1,22,5,NULL,2.022E+11,1 089 309,806 181,B01,1,1,4,1,1963,2,8,0,-1,0,0,-1,2.022E+11,4,AVENUE DE LA MOTTE PICQUET,0,NULL,2,2,0,1,-1,-1,1,NULL,-1,1,0,1,30,
2.022E+11,15,9,2022,15:10:00,1,75,75115,2,3,1,3,AVENUE DE LA MOTTE PICQUET,"488,492,600,000","22,981,970,000",2.022E+11,806 181,B01,1,1,0,2,1,22,5,NULL,2.022E+11,1 089 311,806 183,A01,1,1,1,1,1982,4,1,0,-1,0,0,-1,2.022E+11,4,AVENUE DE LA MOTTE PICQUET,0,NULL,2,2,0,1,-1,-1,1,NULL,-1,1,0,1,30,
2.022E+11,5,8,2022,08:50:00,1,30,30083,1,1,1,2,NULL,"437,300,117,583","42,119,774,222",2.022E+11,801 859,B01,2,1,0,2,4,1,5,NULL,2.022E+11,1 083 560,801 858,A01,1,1,1,-1,NULL,-1,-1,-1,-1,-1,-1,-1,2.022E+11,3,1,-1,NULL,2,2,0,1,-1,-1,1,NULL,7,1,0,1,80,
2.022E+11,5,8,2022,08:50:00,1,30,30083,1,1,1,2,NULL,"437,300,117,583","42,119,774,222",2.022E+11,801 859,B01,2,1,0,2,4,1,5,NULL,2.022E+11,1 083 561,801 859,B01,1,1,4,1,1949,5,2,9,-1,0,0,-1,2.022E+11,3,1,-1,NULL,2,2,0,1,-1,-1,1,NULL,7,1,0,1,80,
2.022E+11,2,8,2022,15:36:00,1,10,10387,2,1,1,3,CHOMEDEY DE MAISONNEUVE (AVE),"483,056,000,000","40,713,489,000",2.022E+11,801 537,B01,2,1,0,2,1,1,5,NULL,2.022E+11,1 083 146,801 534,A01,1,1,1,2,1986,3,1,0,-1,0,0,-1,2.022E+11,4,CHOMEDEY DE MAISONNEUVE (AVE),0,NULL,2,2,1,1,-1,-1,1,NULL,-1,1,0,5,50,
2.022E+11,2,8,2022,15:36:00,1,10,10387,2,1,1,3,CHOMEDEY DE MAISONNEUVE (AVE),"483,056,000,000","40,713,489,000",2.022E+11,801 537,B01,2,1,0,2,1,1,5,NULL,2.022E+11,1 083 149,801 537,B01,1,1,4,1,1996,5,1,0,-1,-1,-1,-1,2.022E+11,4,CHOMEDEY DE MAISONNEUVE (AVE),0,NULL,2,2,1,1,-1,-1,1,NULL,-1,1,0,5,50,
2.022E+11,7,2,2022,11:05:00,1,75,75107,2,1,1,6,QUAI BRANLY,"488,604,704,621","22,952,574,492",2.022E+11,792 579,A01,2,1,14,0,7,13,5,NULL,2.022E+11,1 071 373,792 579,A01,1,1,4,2,1964,1,2,8,-1,-1,-1,-1,2.022E+11,4,QUAI BRANLY,0,NULL,2,4,1,1,-1,-1,1,NULL,-1,1,0,5,30,
2.022E+11,28,6,2022,20:07:00,1,10,10081,2,1,1,7,NOZEAUX (RUE),"483,266,182,603","40,341,281,891",2.022E+11,792 235,A01,3,1,0,0,0,26,5,NULL,2.022E+11,1 070 915,792 235,A01,1,1,4,1,1964,1,2,0,-1,0,0,-1,2.022E+11,4,NOZEAUX (RUE),0,NULL,2,2,0,3,-1,-1,1,NULL,-1,1,2,1,50,
2.022E+11,24,8,2022,18:10:00,1,36,36044,1,6,1,3, Rue Montaigne,"467,919,400,000","17,117,500,000",2.022E+11,790 127,B01,1,1,0,2,3,1,5,NULL,2.022E+11,1 068 053,790 125,A01,1,1,1,1,1986,9,1,0,-1,-1,-1,-1,2.022E+11,3,MONTAIGNE,0,NULL,2,2,0,1,37,600,1,NULL,-1,1,5,1,50,
2.022E+11,24,8,2022,18:10:00,1,36,36044,1,6,1,3, Rue Montaigne,"467,919,400,000","17,117,500,000",2.022E+11,790 127,B01,1,1,0,2,3,1,5,NULL,2.022E+11,1 068 055,790 127,B01,1,1,3,1,1967,5,8,0,-1,-1,-1,-1,2.022E+11,3,MONTAIGNE,0,NULL,2,2,0,1,37,600,1,NULL,-1,1,5,1,50,
2.022E+11,11,10,2022,16:15:00,1,31,31555,2,3,1,3,RUE DES IFS,"435,954,100,000","14,892,400,000",2.022E+11,789 061,A01,0,1,0,2,1,16,5,NULL,2.022E+11,1 066 587,789 061,A01,1,1,3,1,2009,2,2,0,-1,-1,-1,-1,2.022E+11,4,RUE DES IFS,0,NULL,1,1,0,4,-1,-1,1,NULL,-1,1,0,1,30,
2.022E+11,11,10,2022,16:15:00,1,31,31555,2,3,1,3,RUE DES IFS,"435,954,100,000","14,892,400,000",2.022E+11,789 061,A01,0,1,0,2,1,16,5,NULL,2.022E+11,1 066 590,789 064,B01,1,1,1,1,1982,4,1,0,-1,-1,-1,-1,2.022E+11,4,RUE DES IFS,0,NULL,1,1,0,4,-1,-1,1,NULL,-1,1,0,1,30,
2.022E+11,28,6,2022,08:10:00,1,13,13103,2,1,1,3,BOULEVARD DANTON,"436,377,546,591","50,883,164,241",2.022E+11,788 866,B01,1,1,0,2,8,19,5,NULL,2.022E+11,1 066 337,788 865,A01,1,1,1,2,1989,0,1,0,-1,-1,-1,-1,2.022E+11,4,BOULEVARD DANTON,0,NULL,2,2,1,1,0,0,1,NULL,-1,1,6,1,30,
2.022E+11,28,6,2022,08:10:00,1,13,13103,2,1,1,3,BOULEVARD DANTON,"436,377,546,591","50,883,164,241",2.022E+11,788 866,B01,1,1,0,2,8,19,5,NULL,2.022E+11,1 066 338,788 866,B01,1,1,4,1,2007,2,8,0,-1,-1,-1,-1,2.022E+11,4,BOULEVARD DANTON,0,NULL,2,2,1,1,0,0,1,NULL,-1,1,6,1,30,
2.022E+11,10,10,2022,09:06:00,1,56,56121,2,6,1,3,2 Avenue du Faouëdic,"477,478,400,000","-33,648,900,000",2.022E+11,788 542,B01,2,1,0,2,8,8,5,NULL,2.022E+11,1 065 919,788 540,A01,1,1,1,2,1973,0,1,8,-1,-1,-1,-1,2.022E+11,4,FAOUEDIC ( AVE DU ),0,NULL,2,2,3,1,-1,-1,1,NULL,-1,1,5,1,30,
2.022E+11,10,10,2022,09:06:00,1,56,56121,2,6,1,3,2 Avenue du Faouëdic,"477,478,400,000","-33,648,900,000",2.022E+11,788 542,B01,2,1,0,2,8,8,5,NULL,2.022E+11,1 065 921,788 542,B01,1,1,4,2,1987,0,2,0,-1,0,0,-1,2.022E+11,4,FAOUEDIC ( AVE DU ),0,NULL,2,2,3,1,-1,-1,1,NULL,-1,1,5,1,30,
2.022E+11,27,6,2022,10:10:00,1,75,75119,2,2,1,3,AVENUE DE FLANDRE,"488,911,320,000","23,775,720,000",2.022E+11,785 746,B01,1,1,0,2,1,1,5,NULL,2.022E+11,1 062 112,785 746,B01,1,1,4,1,1984,1,2,4,-1,0,0,-1,2.022E+11,4,AVENUE DE FLANDRE,0,NULL,3,3,1,1,-1,-1,1,NULL,-1,1,-1,5,30,
2.022E+11,27,6,2022,10:10:00,1,75,75119,2,2,1,3,AVENUE DE FLANDRE,"488,911,320,000","23,775,720,000",2.022E+11,785 746,B01,1,1,0,2,1,1,5,NULL,2.022E+11,1 062 113,785 747,A01,1,1,1,1,1966,9,1,0,-1,0,0,-1,2.022E+11,4,AVENUE DE FLANDRE,0,NULL,3,3,1,1,-1,-1,1,NULL,-1,1,-1,5,30,
2.022E+11,28,7,2022,20:10:00,1,94,94015,1,1,1,3,Boulevard Pasteur,"488,327,900,000","25,296,700,000",2.022E+11,784 354,B01,1,1,0,2,1,1,5,NULL,2.022E+11,1 060 289,784 352,A01,1,1,1,1,1975,0,1,0,-1,-1,-1,-1,2.022E+11,3,PASTEUR (BD),0,NULL,2,2,0,1,1,0,1,NULL,-1,1,0,1,50,
2.022E+11,28,7,2022,20:10:00,1,94,94015,1,1,1,3,Boulevard Pasteur,"488,327,900,000","25,296,700,000",2.022E+11,784 354,B01,1,1,0,2,1,1,5,NULL,2.022E+11,1 060 291,784 354,B01,1,1,4,2,1968,1,2,4,-1,-1,-1,-1,2.022E+11,3,PASTEUR (BD),0,NULL,2,2,0,1,1,0,1,NULL,-1,1,0,1,50,
2.022E+11,14,11,2022,16:20:00,1,44,44125,2,1,1,2,103 avenue du général de gaulle,"473,798,120,000","-25,387,640,000",2.022E+11,777 691,B01,2,1,0,0,4,2,5,NULL,2.022E+11,1 051 463,777 689,A01,1,1,1,2,1975,4,1,-1,-1,0,0,-1,2.022E+11,3,452,-1,NULL,2,2,0,3,0,329,1,NULL,-1,1,0,1,50,
2.022E+11,14,11,2022,16:20:00,1,44,44125,2,1,1,2,103 avenue du général de gaulle,"473,798,120,000","-25,387,640,000",2.022E+11,777 691,B01,2,1,0,0,4,2,5,NULL,2.022E+11,1 051 466,777 691,B01,1,1,4,2,1948,5,0,-1,-1,0,0,-1,2.022E+11,3,452,-1,NULL,2,2,0,3,0,329,1,NULL,-1,1,0,1,50,
2.022E+11,26,1,2022,16:15:00,1,34,34179,1,1,1,3,D27,"436,102,900,000","37,169,410,000",2.022E+11,777 425,B01,0,1,0,2,8,1,5,NULL,2.022E+11,1 051 133,777 424,A01,1,1,1,1,1986,4,1,-1,-1,0,0,-1,2.022E+11,7,27,-1,NULL,2,2,0,4,18,152,1,NULL,-1,1,0,1,90,
2.022E+11,26,1,2022,16:15:00,1,34,34179,1,1,1,3,D27,"436,102,900,000","37,169,410,000",2.022E+11,777 425,B01,0,1,0,2,8,1,5,NULL,2.022E+11,1 051 134,777 425,B01,1,1,3,1,1954,5,2,-1,-1,0,0,-1,2.022E+11,7,27,-1,NULL,2,2,0,4,18,152,1,NULL,-1,1,0,1,90,
2.022E+11,10,3,2022,14:55:00,1,75,75120,2,7,1,1,RUE DES PRAIRIES,"488,639,200,000","24,005,140,000",2.022E+11,776 299,B01,1,1,0,2,1,5,5,NULL,2.022E+11,1 049 574,776 298,A01,1,1,1,1,1972,4,1,0,-1,0,0,-1,2.022E+11,4,RUE DES PRAIRIES,0,NULL,1,3,0,1,-1,-1,1,NULL,-1,1,0,1,30,
2.022E+11,10,3,2022,14:55:00,1,75,75120,2,7,1,1,RUE DES PRAIRIES,"488,639,200,000","24,005,140,000",2.022E+11,776 299,B01,1,1,0,2,1,5,5,NULL,2.022E+11,1 049 577,776 299,B01,1,1,4,1,2003,5,0,0,-1,0,0,-1,2.022E+11,4,RUE DES PRAIRIES,0,NULL,1,3,0,1,-1,-1,1,NULL,-1,1,0,1,30,
2.022E+11,6,10,2022,14:20:00,1,75,75117,2,1,1,3,RUE DE COURCELLES,"488,887,060,000","22,935,760,000",2.022E+11,771 598,B01,2,1,0,2,8,1,5,NULL,2.022E+11,1 043 144,771 597,A01,1,1,1,1,1982,1,1,0,-1,0,0,-1,2.022E+11,4,RUE DE COURCELLES,0,NULL,2,2,0,1,-1,-1,1,NULL,-1,1,0,1,30,
2.022E+11,6,10,2022,14:20:00,1,75,75117,2,1,1,3,RUE DE COURCELLES,"488,887,060,000","22,935,760,000",2.022E+11,771 598,B01,2,1,0,2,8,1,5,NULL,2.022E+11,1 043 145,771 598,B01,1,1,4,2,1985,1,2,0,-1,0,0,-1,2.022E+11,4,RUE DE COURCELLES,0,NULL,2,2,0,1,-1,-1,1,NULL,-1,1,0,1,30,
2.022E+11,5,10,2022,20:10:00,5,972,97209,1,1,2,3,MARNE (BOULEVARD DE LA),"146,047,700,000","-610,845,800,000",2.022E+11,771 191,B01,3,1,0,2,9,1,5,NULL,2.022E+11,1 042 631,771 191,B01,1,1,4,1,1964,1,8,0,-1,-1,-1,-1,2.022E+11,4,MARNE (BOULEVARD DE LA),0,NULL,3,8,0,2,0,617,2,NULL,-1,2,0,1,50,
2.022E+11,5,10,2022,20:10:00,5,972,97209,1,1,2,3,MARNE (BOULEVARD DE LA),"146,047,700,000","-610,845,800,000",2.022E+11,771 191,B01,3,1,0,2,9,1,5,NULL,2.022E+11,1 042 633,771 193,A01,1,1,1,2,1993,1,1,0,-1,-1,-1,-1,2.022E+11,4,MARNE (BOULEVARD DE LA),0,NULL,3,8,0,2,0,617,2,NULL,-1,2,0,1,50,
2.022E+11,31,8,2022,16:25:00,1,1,1159,2,1,1,3,970 Grande Rue,"463,369,270,000","48,907,730,000",2.022E+11,765 448,B01,2,1,0,2,1,25,5,NULL,2.022E+11,1 034 975,765 448,B01,1,1,3,2,1942,5,0,-1,-1,0,0,-1,2.022E+11,3,933,0,NULL,2,2,1,2,21,545,1,NULL,-1,1,0,4,50,
2.022E+11,31,8,2022,16:25:00,1,1,1159,2,1,1,3,970 Grande Rue,"463,369,270,000","48,907,730,000",2.022E+11,765 448,B01,2,1,0,2,1,25,5,NULL,2.022E+11,1 034 977,765 449,A01,1,1,1,1,1988,5,1,-1,-1,0,0,-1,2.022E+11,3,933,0,NULL,2,2,1,2,21,545,1,NULL,-1,1,0,4,50,
2.022E+11,10,11,2022,11:15:00,1,76,76624,2,3,1,3,Rue du Docteur Vitet,"498,770,290,000","12,209,570,000",2.022E+11,764 320,A01,3,1,0,2,3,1,5,NULL,2.022E+11,1 033 518,764 320,A01,1,1,4,1,2009,2,0,-1,-1,0,0,-1,2.022E+11,4,NULL,-1,NULL,2,2,0,1,-1,-1,1,NULL,-1,1,0,1,50,
2.022E+11,10,11,2022,11:15:00,1,76,76624,2,3,1,3,Rue du Docteur Vitet,"498,770,290,000","12,209,570,000",2.022E+11,764 320,A01,3,1,0,2,3,1,5,NULL,2.022E+11,1 033 519,764 321,B01,1,1,1,1,1991,5,1,-1,-1,0,0,-1,2.022E+11,4,NULL,-1,NULL,2,2,0,1,-1,-1,1,NULL,-1,1,0,1,50,