Accident_Id,jour,mois,an,hrmn,lum,dep,com,agg,int,atm,col,adr,lat,long,Num_Acc,id_vehicule,num_veh,senc,catv,obs,obsm,choc,manv,motor,occutc,Num_Acc,id_usager,id_vehicule,num_veh,place,catu,grav,sexe,an_nais,trajet,secu1,secu2,secu3,locp,actp,etatp,Num_Acc,catr,voie,v1,v2,circ,nbv,vosp,prof,pr,pr1,plan,lartpc,larrout,surf,infra,situ,vma,
2.022E+11,19,12,2022,19:35:00,5,17,17306,2,1,1,1,Avenue de l'Oasis,"456,229,690,000","-10,169,660,000",2.022E+11,782 732,A01,3,1,0,2,1,19,5,NULL,2.022E+11,1 058 145,782 731,B01,1,1,1,2,1968,5,1,0,-1,0,0,-1,2.022E+11,4,OASIS (DE L')  (AVENUE),0,NULL,1,1,0,1,-1,-1,1,NULL,-1,1,0,1,50,
2.022E+11,19,12,2022,19:35:00,5,17,17306,2,1,1,1,Avenue de l'Oasis,"456,229,690,000","-10,169,660,000",2.022E+11,782 732,A01,3,1,0,2,1,19,5,NULL,2.022E+11,1 058 146,782 732,A01,1,1,4,2,1948,5,8,0,-1,0,0,-1,2.022E+11,4,OASIS (DE L')  (AVENUE),0,NULL,1,1,0,1,-1,-1,1,NULL,-1,1,0,1,50,
2.022E+11,11,3,2022,08:30:00,1,69,69382,2,3,1,3,Quai Maréchal Joffre,"457,526,500,000","48,246,000,000",2.022E+11,780 028,B01,1,1,0,2,6,15,5,NULL,2.022E+11,1 054 549,780 028,B01,1,1,3,2,1979,1,2,-1,-1,-1,-1,-1,2.022E+11,4,MARECHAL JOFFRE (DU)                (QU),0,NULL,1,2,3,1,-1,-1,1,NULL,-1,1,0,1,50,
2.022E+11,11,3,2022,08:30:00,1,69,69382,2,3,1,3,Quai Maréchal Joffre,"457,526,500,000","48,246,000,000",2.022E+11,780 028,B01,1,1,0,2,6,15,5,NULL,2.022E+11,1 054 553,780 031,A01,1,1,2,1,1959,1,2,6,-1,-1,-1,-1,2.022E+11,4,MARECHAL JOFFRE (DU)                (QU),0,NULL,1,2,3,1,-1,-1,1,NULL,-1,1,0,1,50,
2.022E+11,14,11,2022,18:25:00,5,92,92077,2,1,1,6,VERSAILLES (RUE DE),"488,189,580,000","21,677,630,000",2.022E+11,777 782,A01,1,1,8,0,1,1,5,NULL,2.022E+11,1 051 595,777 782,A01,1,1,4,2,1972,0,2,8,-1,0,0,-1,2.022E+11,3,985,0,NULL,-1,0,1,1,0,0,1,NULL,-1,1,0,5,50,
2.022E+11,23,6,2022,16:30:00,1,17,17300,2,2,1,3,GUITON   AVENUE JEAN (9-165 et 4),"461,598,200,000","-11,662,100,000",2.022E+11,775 199,A01,3,1,0,2,1,19,5,NULL,2.022E+11,1 048 111,775 199,A01,1,1,4,1,1942,5,8,0,-1,-1,-1,-1,2.022E+11,4,GUITON   AVENUE JEAN (9-165 et 4),0,NULL,2,2,0,1,-1,-1,1,NULL,-1,1,5,1,50,
2.022E+11,23,6,2022,16:30:00,1,17,17300,2,2,1,3,GUITON   AVENUE JEAN (9-165 et 4),"461,598,200,000","-11,662,100,000",2.022E+11,775 199,A01,3,1,0,2,1,19,5,NULL,2.022E+11,1 048 112,775 200,B01,1,1,1,1,1969,0,1,0,-1,-1,-1,-1,2.022E+11,4,GUITON   AVENUE JEAN (9-165 et 4),0,NULL,2,2,0,1,-1,-1,1,NULL,-1,1,5,1,50,
2.022E+11,30,1,2022,07:22:00,5,59,59646,2,6,1,3,JAURES (RUE JEAN),"506,790,409,052","31,363,338,232",2.022E+11,774 613,B01,3,1,0,2,4,1,5,NULL,2.022E+11,1 047 304,774 613,B01,1,1,4,2,1969,1,2,0,-1,0,0,-1,2.022E+11,7,GRAND COTTIGNIES (AVENUE DU),0,NULL,2,1,0,1,-1,-1,1,NULL,-1,1,0,1,50,
2.022E+11,30,1,2022,07:22:00,5,59,59646,2,6,1,3,JAURES (RUE JEAN),"506,790,409,052","31,363,338,232",2.022E+11,774 613,B01,3,1,0,2,4,1,5,NULL,2.022E+11,1 047 306,774 615,A01,1,1,1,1,1978,1,1,0,-1,0,0,-1,2.022E+11,7,GRAND COTTIGNIES (AVENUE DU),0,NULL,2,1,0,1,-1,-1,1,NULL,-1,1,0,1,50,
2.022E+11,22,6,2022,09:30:00,1,71,71270,1,1,1,3,Route des Allemands,"462,838,830,000","47,760,470,000",2.022E+11,771 912,B01,1,1,0,2,0,0,5,NULL,2.022E+11,1 043 562,771 912,B01,1,1,2,1,1966,5,2,-1,-1,0,0,-1,2.022E+11,3,Route des Allemands,0,NULL,1,2,0,1,4,350,1,NULL,-1,1,5,1,70,
2.022E+11,22,6,2022,09:30:00,1,71,71270,1,1,1,3,Route des Allemands,"462,838,830,000","47,760,470,000",2.022E+11,771 912,B01,1,1,0,2,0,0,5,NULL,2.022E+11,1 043 563,771 913,A01,1,1,3,1,1948,5,1,0,-1,-1,-1,-1,2.022E+11,3,Route des Allemands,0,NULL,1,2,0,1,4,350,1,NULL,-1,1,5,1,70,
2.022E+11,12,11,2022,20:30:00,5,94,94018,2,1,1,3,1bis Avenue de la Liberte,"488,217,669,816","24,022,749,066",2.022E+11,770 948,B01,2,1,0,2,0,0,5,NULL,2.022E+11,1 042 314,770 945,A01,1,1,1,1,1980,5,1,0,-1,0,0,-1,2.022E+11,3,LIBERTE (AV DE LA),0,NULL,1,1,1,2,0,1,1,NULL,-1,1,0,5,50,
2.022E+11,12,11,2022,20:30:00,5,94,94018,2,1,1,3,1bis Avenue de la Liberte,"488,217,669,816","24,022,749,066",2.022E+11,770 948,B01,2,1,0,2,0,0,5,NULL,2.022E+11,1 042 317,770 948,B01,1,1,4,1,1980,5,8,0,-1,-1,-1,-1,2.022E+11,3,LIBERTE (AV DE LA),0,NULL,1,1,1,2,0,1,1,NULL,-1,1,0,5,50,
2.022E+11,15,12,2022,07:15:00,1,974,97407,2,1,1,3,CARPAYE(AVENUE),"-209,478,100,000","552,992,800,000",2.022E+11,770 253,B01,1,1,0,2,2,19,5,NULL,2.022E+11,1 041 357,770 253,B01,1,1,4,2,2001,2,8,0,-1,0,0,-1,2.022E+11,2,CARPAYE(AVENUE),0,NULL,1,1,0,1,3,0,3,NULL,-1,1,0,1,50,
2.022E+11,15,12,2022,07:15:00,1,974,97407,2,1,1,3,CARPAYE(AVENUE),"-209,478,100,000","552,992,800,000",2.022E+11,770 253,B01,1,1,0,2,2,19,5,NULL,2.022E+11,1 041 363,770 256,A01,1,1,1,1,1966,4,1,0,-1,0,0,-1,2.022E+11,2,CARPAYE(AVENUE),0,NULL,1,1,0,1,3,0,3,NULL,-1,1,0,1,50,
2.022E+11,8,3,2022,13:00:00,1,92,92026,2,3,1,3,BAUDIN,"488,965,492,919","22,526,575,327",2.022E+11,769 573,A01,2,1,0,2,8,1,5,NULL,2.022E+11,1 040 438,769 573,A01,1,1,4,1,1961,5,8,0,-1,-1,-1,-1,2.022E+11,4,BAUDIN,0,NULL,3,2,1,1,0,0,1,NULL,-1,1,0,5,50,
2.022E+11,8,3,2022,13:00:00,1,92,92026,2,3,1,3,BAUDIN,"488,965,492,919","22,526,575,327",2.022E+11,769 573,A01,2,1,0,2,8,1,5,NULL,2.022E+11,1 040 439,769 574,B01,1,1,1,1,1979,0,1,0,-1,-1,-1,-1,2.022E+11,4,BAUDIN,0,NULL,3,2,1,1,0,0,1,NULL,-1,1,0,5,50,
2.022E+11,20,6,2022,19:10:00,1,75,75116,2,7,1,3,PLACE DE LA PORTE DE SAINT CLOUD,"488,383,990,000","22,569,970,000",2.022E+11,768 401,A01,3,1,0,2,2,1,5,NULL,2.022E+11,1 038 921,768 399,Z01,1,1,1,-1,NULL,-1,-1,-1,-1,-1,-1,-1,2.022E+11,4,PLACE DE LA PORTE DE SAINT CLOUD,0,NULL,1,3,1,1,-1,-1,2,NULL,-1,1,-1,5,30,
2.022E+11,20,6,2022,19:10:00,1,75,75116,2,7,1,3,PLACE DE LA PORTE DE SAINT CLOUD,"488,383,990,000","22,569,970,000",2.022E+11,768 401,A01,3,1,0,2,2,1,5,NULL,2.022E+11,1 038 923,768 401,A01,1,1,4,1,1970,1,2,0,-1,0,0,-1,2.022E+11,4,PLACE DE LA PORTE DE SAINT CLOUD,0,NULL,1,3,1,1,-1,-1,2,NULL,-1,1,-1,5,30,
2.022E+11,11,4,2022,17:00:00,1,64,64024,2,6,1,3,Place de la Chapelle,"434,965,900,000","-15,380,900,000",2.022E+11,761 910,B01,3,1,0,2,0,1,5,NULL,2.022E+11,1 030 380,761 909,A01,1,1,1,2,1953,5,1,0,-1,-1,-1,-1,2.022E+11,4,CHAPELLE (ROND POINT DE LA),0,NULL,2,2,1,1,0,0,1,NULL,-1,1,0,1,50,
2.022E+11,11,4,2022,17:00:00,1,64,64024,2,6,1,3,Place de la Chapelle,"434,965,900,000","-15,380,900,000",2.022E+11,761 910,B01,3,1,0,2,0,1,5,NULL,2.022E+11,1 030 381,761 910,B01,1,1,4,1,1965,5,2,8,-1,-1,-1,-1,2.022E+11,4,CHAPELLE (ROND POINT DE LA),0,NULL,2,2,1,1,0,0,1,NULL,-1,1,0,1,50,
2.022E+11,12,4,2022,21:50:00,5,75,75118,2,2,1,3,RUE ERNESTINE,"488,903,510,000","23,545,360,000",2.022E+11,761 050,A01,2,1,0,2,1,1,5,NULL,2.022E+11,1 029 216,761 047,Z01,1,1,1,-1,NULL,-1,-1,-1,-1,0,0,-1,2.022E+11,4,RUE ERNESTINE,0,NULL,2,2,0,1,-1,-1,1,NULL,-1,1,0,1,30,
2.022E+11,12,4,2022,21:50:00,5,75,75118,2,2,1,3,RUE ERNESTINE,"488,903,510,000","23,545,360,000",2.022E+11,761 050,A01,2,1,0,2,1,1,5,NULL,2.022E+11,1 029 221,761 050,A01,1,1,4,1,1981,9,2,0,-1,0,0,-1,2.022E+11,4,RUE ERNESTINE,0,NULL,2,2,0,1,-1,-1,1,NULL,-1,1,0,1,30,
2.022E+11,3,10,2022,13:35:00,1,68,68224,2,2,1,3,SCHWILGUE (RUE),"477,500,900,000","73,274,900,000",2.022E+11,760 459,A01,1,1,0,2,1,1,5,NULL,2.022E+11,1 028 452,760 456,B01,1,1,1,1,1988,1,1,8,-1,-1,-1,-1,2.022E+11,4,SCHWILGUE (RUE),0,NULL,2,2,0,1,-1,-1,1,NULL,-1,1,5,1,50,
2.022E+11,3,10,2022,13:35:00,1,68,68224,2,2,1,3,SCHWILGUE (RUE),"477,500,900,000","73,274,900,000",2.022E+11,760 459,A01,1,1,0,2,1,1,5,NULL,2.022E+11,1 028 455,760 459,A01,1,1,3,1,1972,3,8,0,-1,-1,-1,-1,2.022E+11,4,SCHWILGUE (RUE),0,NULL,2,2,0,1,-1,-1,1,NULL,-1,1,5,1,50,
2.022E+11,19,5,2022,14:40:00,1,95,95487,2,1,1,3,60 Avenue Gaston Vermeire,"491,491,299,805","22,799,769,044",2.022E+11,753 619,B01,1,1,0,0,1,25,5,NULL,2.022E+11,1 019 254,753 618,A01,1,1,1,2,1971,5,1,-1,-1,0,0,-1,2.022E+11,3,NULL,0,NULL,2,2,0,1,9,0,1,NULL,5,1,0,4,50,
2.022E+11,19,5,2022,14:40:00,1,95,95487,2,1,1,3,60 Avenue Gaston Vermeire,"491,491,299,805","22,799,769,044",2.022E+11,753 619,B01,1,1,0,0,1,25,5,NULL,2.022E+11,1 019 255,753 619,B01,1,1,3,1,1963,5,0,-1,-1,0,0,-1,2.022E+11,3,NULL,0,NULL,2,2,0,1,9,0,1,NULL,5,1,0,4,50,
2.022E+11,29,9,2022,12:00:00,1,93,93066,2,1,1,3,Boulevard Anatole France,"489,267,600,000","23,518,300,000",2.022E+11,749 735,B01,0,1,1,0,0,1,5,NULL,2.022E+11,1 014 071,749 735,B01,1,1,4,1,1986,5,8,8,-1,0,0,-1,2.022E+11,3,FRANCE ANATOLE (BOULEVARD) NR 2 A 24,0,NULL,2,4,1,1,0,1,1,NULL,-1,1,0,1,50,
2.022E+11,29,9,2022,12:00:00,1,93,93066,2,1,1,3,Boulevard Anatole France,"489,267,600,000","23,518,300,000",2.022E+11,749 735,B01,0,1,1,0,0,1,5,NULL,2.022E+11,1 014 072,749 736,A01,1,1,1,1,1961,4,1,0,-1,0,0,-1,2.022E+11,3,FRANCE ANATOLE (BOULEVARD) NR 2 A 24,0,NULL,2,4,1,1,0,1,1,NULL,-1,1,0,1,50,
2.022E+11,28,2,2022,17:40:00,1,80,80440,2,2,1,3,route d'abbeville,"501,959,370,000","20,768,370,000",2.022E+11,748 404,B01,3,1,0,2,1,1,5,NULL,2.022E+11,1 012 225,748 400,A01,1,1,1,2,1949,0,1,-1,-1,0,0,-1,2.022E+11,3,941,0,D,-1,2,0,1,11,200,1,NULL,5,1,0,1,50,
2.022E+11,28,2,2022,17:40:00,1,80,80440,2,2,1,3,route d'abbeville,"501,959,370,000","20,768,370,000",2.022E+11,748 404,B01,3,1,0,2,1,1,5,NULL,2.022E+11,1 012 229,748 404,B01,1,1,3,1,1934,0,2,-1,-1,0,0,-1,2.022E+11,3,941,0,D,-1,2,0,1,11,200,1,NULL,5,1,0,1,50,
2.022E+11,7,4,2022,08:59:00,1,75,75105,2,2,1,7,RUE GAY LUSSAC,"488,459,560,000","23,412,090,000",2.022E+11,747 338,A01,2,1,0,0,0,1,5,NULL,2.022E+11,1 010 823,747 338,A01,1,1,4,2,1993,1,2,0,-1,0,0,-1,2.022E+11,4,RUE GAY LUSSAC,0,NULL,2,3,1,2,-1,-1,1,NULL,-1,2,-1,5,30,
2.022E+11,27,9,2022,08:10:00,1,61,61143,2,1,1,3,PONT DU FRESNE (RUE DU),"484,444,100,000","0,0609100000",2.022E+11,746 362,B01,1,1,0,2,4,1,5,NULL,2.022E+11,1 009 509,746 362,B01,1,1,1,1,2004,2,0,0,-1,-1,-1,-1,2.022E+11,4,PONT DU FRESNE (RUE DU),0,NULL,2,2,0,2,0,0,1,NULL,-1,1,0,1,50,
2.022E+11,27,9,2022,08:10:00,1,61,61143,2,1,1,3,PONT DU FRESNE (RUE DU),"484,444,100,000","0,0609100000",2.022E+11,746 362,B01,1,1,0,2,4,1,5,NULL,2.022E+11,1 009 510,746 363,A01,1,1,4,1,2002,0,0,0,-1,-1,-1,-1,2.022E+11,4,PONT DU FRESNE (RUE DU),0,NULL,2,2,0,2,0,0,1,NULL,-1,1,0,1,50,
2.022E+11,12,1,2022,16:45:00,1,18,18255,1,6,1,3,ZAC du Bois des Chagnières,"470,489,100,000","23,303,700,000",2.022E+11,745 895,B01,3,1,0,2,1,1,5,NULL,2.022E+11,1 008 916,745 895,B01,1,1,4,1,1946,5,8,0,-1,-1,-1,-1,2.022E+11,4,ZAC BOIS DE CHAGNIERES,0,NULL,1,2,0,1,-1,-1,2,NULL,-1,1,9,1,50,
2.022E+11,12,1,2022,16:45:00,1,18,18255,1,6,1,3,ZAC du Bois des Chagnières,"470,489,100,000","23,303,700,000",2.022E+11,745 895,B01,3,1,0,2,1,1,5,NULL,2.022E+11,1 008 918,745 897,A01,1,1,1,1,1996,5,1,0,-1,-1,-1,-1,2.022E+11,4,ZAC BOIS DE CHAGNIERES,0,NULL,1,2,0,1,-1,-1,2,NULL,-1,1,9,1,50,
2.022E+11,14,6,2022,16:30:00,1,45,45004,2,1,1,6,91 Avenue d'Antibes,"479,865,300,000","27,325,500,000",2.022E+11,744 194,B01,2,1,0,2,7,10,5,NULL,2.022E+11,1 006 612,744 194,B01,1,1,4,1,2006,0,0,-1,-1,-1,-1,-1,2.022E+11,3,ANTIBES (AVENUE D'),0,NULL,2,2,0,1,0,830,1,NULL,-1,1,0,1,50,
2.022E+11,14,6,2022,16:30:00,1,45,45004,2,1,1,6,91 Avenue d'Antibes,"479,865,300,000","27,325,500,000",2.022E+11,744 194,B01,2,1,0,2,7,10,5,NULL,2.022E+11,1 006 613,744 195,A01,1,1,1,1,1975,0,1,8,-1,-1,-1,-1,2.022E+11,3,ANTIBES (AVENUE D'),0,NULL,2,2,0,1,0,830,1,NULL,-1,1,0,1,50,
2.022E+11,14,1,2022,15:30:00,1,28,28134,1,1,1,1,VALLEE VAUBREU (RTE DE LA),"487,680,000,000","13,515,800,000",2.022E+11,742 580,B01,-1,1,0,2,1,1,5,NULL,2.022E+11,1 004 443,742 578,A01,1,1,4,1,2001,5,2,6,-1,-1,-1,-1,2.022E+11,3,VALLEE VAUBREU (RTE DE LA),0,NULL,2,2,0,1,2,800,3,NULL,-1,1,0,1,80,
2.022E+11,14,1,2022,15:30:00,1,28,28134,1,1,1,1,VALLEE VAUBREU (RTE DE LA),"487,680,000,000","13,515,800,000",2.022E+11,742 580,B01,-1,1,0,2,1,1,5,NULL,2.022E+11,1 004 445,742 580,B01,1,1,4,1,1985,5,8,0,-1,-1,-1,-1,2.022E+11,3,VALLEE VAUBREU (RTE DE LA),0,NULL,2,2,0,1,2,800,3,NULL,-1,1,0,1,80,
2.022E+11,13,6,2022,08:25:00,1,94,94041,2,1,7,3,MAURICE GUNSBOURG (R),"488,114,000,000","24,024,700,000",2.022E+11,740 988,B01,3,1,0,2,3,15,5,NULL,2.022E+11,1 002 280,740 988,B01,1,1,4,1,1998,1,8,0,-1,-1,-1,-1,2.022E+11,4,MAURICE GUNSBOURG (R),0,NULL,4,2,0,1,0,0,1,NULL,-1,1,9,1,50,
2.022E+11,13,6,2022,08:25:00,1,94,94041,2,1,7,3,MAURICE GUNSBOURG (R),"488,114,000,000","24,024,700,000",2.022E+11,740 988,B01,3,1,0,2,3,15,5,NULL,2.022E+11,1 002 282,740 989,A01,1,1,1,2,1994,1,1,0,-1,-1,-1,-1,2.022E+11,4,MAURICE GUNSBOURG (R),0,NULL,4,2,0,1,0,0,1,NULL,-1,1,9,1,50,
2.022E+11,30,3,2022,11:40:00,1,35,35238,2,1,8,6,Avenue du Canada,"480,892,086,362","-16,823,378,205",2.022E+11,729 826,A01,3,1,1,0,1,16,5,NULL,2.022E+11,987 279,729 826,A01,1,1,3,1,1998,1,0,0,-1,0,0,-1,2.022E+11,4,CANADA (AVENUE DU),0,NULL,3,2,2,1,-1,-1,1,NULL,-1,1,0,5,50,
2.022E+11,21,9,2022,18:42:00,1,51,51454,2,2,1,1,boulevard Henry Vasnier,"492,460,600,000","40,468,100,000",2.022E+11,727 942,B01,2,1,0,2,1,1,5,NULL,2.022E+11,984 792,727 942,B01,1,1,4,1,2004,2,8,-1,-1,-1,-1,-1,2.022E+11,4,VASNIER (BOULEVARD HENRI) COTE IMPAIR,0,NULL,2,2,1,2,-1,-1,1,NULL,-1,1,0,1,50,
2.022E+11,21,9,2022,18:42:00,1,51,51454,2,2,1,1,boulevard Henry Vasnier,"492,460,600,000","40,468,100,000",2.022E+11,727 942,B01,2,1,0,2,1,1,5,NULL,2.022E+11,984 795,727 945,A01,2,2,1,2,1999,0,1,-1,-1,-1,-1,-1,2.022E+11,4,VASNIER (BOULEVARD HENRI) COTE IMPAIR,0,NULL,2,2,1,2,-1,-1,1,NULL,-1,1,0,1,50,
2.022E+11,21,9,2022,18:42:00,1,51,51454,2,2,1,1,boulevard Henry Vasnier,"492,460,600,000","40,468,100,000",2.022E+11,727 942,B01,2,1,0,2,1,1,5,NULL,2.022E+11,984 796,727 945,A01,1,1,1,1,1999,0,1,-1,-1,-1,-1,-1,2.022E+11,4,VASNIER (BOULEVARD HENRI) COTE IMPAIR,0,NULL,2,2,1,2,-1,-1,1,NULL,-1,1,0,1,50,
2.022E+11,7,6,2022,08:05:00,1,75,75120,2,3,2,3,BOULEVARD DAVOUT,"488,633,770,000","24,091,110,000",2.022E+11,723 268,A01,2,1,0,2,3,19,5,NULL,2.022E+11,978 644,723 268,A01,1,1,4,1,2006,2,8,0,-1,0,0,-1,2.022E+11,4,BOULEVARD DAVOUT,0,NULL,2,4,1,1,-1,-1,1,NULL,-1,2,-1,5,30,
2.022E+11,7,6,2022,08:05:00,1,75,75120,2,3,2,3,BOULEVARD DAVOUT,"488,633,770,000","24,091,110,000",2.022E+11,723 268,A01,2,1,0,2,3,19,5,NULL,2.022E+11,978 662,723 284,B01,1,1,1,1,1970,1,1,8,-1,0,0,-1,2.022E+11,4,BOULEVARD DAVOUT,0,NULL,2,4,1,1,-1,-1,1,NULL,-1,2,-1,5,30,
2.022E+11,11,7,2022,09:08:00,1,79,79049,1,2,7,3,NULL,"468,358,770,000"," -0,4244270000",2.022E+11,717 996,B01,3,1,0,2,0,16,5,NULL,2.022E+11,971 395,717 985,A01,1,1,1,2,1985,1,1,-1,-1,0,0,-1,2.022E+11,3,1,0,C,2,2,0,1,34,50,3,NULL,8,1,0,1,80,
2.022E+11,11,7,2022,09:08:00,1,79,79049,1,2,7,3,NULL,"468,358,770,000"," -0,4244270000",2.022E+11,717 996,B01,3,1,0,2,0,16,5,NULL,2.022E+11,971 407,717 996,B01,1,1,4,1,2005,1,0,-1,-1,0,0,-1,2.022E+11,3,1,0,C,2,2,0,1,34,50,3,NULL,8,1,0,1,80,
2.022E+11,6,8,2022,05:30:00,5,75,75116,2,1,1,2,PONT DE SURESNES,"488,666,750,000","22,302,470,000",2.022E+11,808 647,B01,3,1,0,2,4,2,5,NULL,2.022E+11,1 092 628,808 647,B01,1,1,3,1,1968,9,8,0,-1,0,0,-1,2.022E+11,4,PONT DE SURESNES,0,NULL,3,2,0,1,-1,-1,1,NULL,-1,1,0,1,30,
2.022E+11,6,8,2022,05:30:00,5,75,75116,2,1,1,2,PONT DE SURESNES,"488,666,750,000","22,302,470,000",2.022E+11,808 647,B01,3,1,0,2,4,2,5,NULL,2.022E+11,1 092 629,808 648,A01,1,1,3,1,1986,9,2,0,-1,0,0,-1,2.022E+11,4,PONT DE SURESNES,0,NULL,3,2,0,1,-1,-1,1,NULL,-1,1,0,1,30,
2.022E+11,6,8,2022,05:30:00,5,75,75116,2,1,1,2,PONT DE SURESNES,"488,666,750,000","22,302,470,000",2.022E+11,808 647,B01,3,1,0,2,4,2,5,NULL,2.022E+11,1 092 630,808 648,A01,2,2,4,1,1990,9,2,0,-1,0,0,-1,2.022E+11,4,PONT DE SURESNES,0,NULL,3,2,0,1,-1,-1,1,NULL,-1,1,0,1,30,
2.022E+11,2,6,2022,08:15:00,1,75,75116,2,1,1,3,BOULEVARD SUCHET,"488,543,220,000","22,627,150,000",2.022E+11,804 150,A01,1,1,0,2,5,12,5,NULL,2.022E+11,1 086 619,804 150,A01,1,1,4,1,1969,9,8,0,-1,0,0,-1,2.022E+11,4,BOULEVARD SUCHET,0,NULL,2,4,0,1,-1,-1,1,NULL,-1,1,0,1,50,
2.022E+11,2,6,2022,08:15:00,1,75,75116,2,1,1,3,BOULEVARD SUCHET,"488,543,220,000","22,627,150,000",2.022E+11,804 150,A01,1,1,0,2,5,12,5,NULL,2.022E+11,1 086 620,804 151,B01,1,1,1,1,1963,5,2,6,-1,0,0,-1,2.022E+11,4,BOULEVARD SUCHET,0,NULL,2,4,0,1,-1,-1,1,NULL,-1,1,0,1,50,
2.022E+11,15,10,2022,18:35:00,2,25,25040,2,3,1,3,rue de delle,"475,034,570,000","69,393,900,000",2.022E+11,802 994,B01,2,1,0,2,3,1,5,NULL,2.022E+11,1 085 075,802 994,B01,1,1,3,1,1994,5,2,9,-1,0,0,-1,2.022E+11,3,NULL,0,D,2,2,0,2,-1,-1,1,NULL,-1,1,0,1,50,
2.022E+11,15,10,2022,18:35:00,2,25,25040,2,3,1,3,rue de delle,"475,034,570,000","69,393,900,000",2.022E+11,802 994,B01,2,1,0,2,3,1,5,NULL,2.022E+11,1 085 078,802 996,A01,1,1,1,1,2001,1,1,-1,-1,0,0,-1,2.022E+11,3,NULL,0,D,2,2,0,2,-1,-1,1,NULL,-1,1,0,1,50,
2.022E+11,2,6,2022,16:55:00,1,92,92014,2,1,1,3,MARECHAL JOFFRE (BD DU) (43 A 97 - 58 A,"487,820,300,000","23,145,500,000",2.022E+11,801 419,B01,1,1,0,9,7,1,5,NULL,2.022E+11,1 083 005,801 419,B01,1,1,4,1,1994,1,2,0,-1,-1,-1,-1,2.022E+11,3,920,0,NULL,2,1,1,2,0,0,1,NULL,-1,1,0,5,50,
2.022E+11,2,6,2022,16:55:00,1,92,92014,2,1,1,3,MARECHAL JOFFRE (BD DU) (43 A 97 - 58 A,"487,820,300,000","23,145,500,000",2.022E+11,801 420,A01,1,1,0,9,8,1,5,NULL,2.022E+11,1 083 005,801 419,B01,1,1,4,1,1994,1,2,0,-1,-1,-1,-1,2.022E+11,3,920,0,NULL,2,1,1,2,0,0,1,NULL,-1,1,0,5,50,
2.022E+11,2,6,2022,16:55:00,1,92,92014,2,1,1,3,MARECHAL JOFFRE (BD DU) (43 A 97 - 58 A,"487,820,300,000","23,145,500,000",2.022E+11,801 419,B01,1,1,0,9,7,1,5,NULL,2.022E+11,1 083 006,801 420,A01,1,1,4,1,1970,0,8,0,-1,-1,-1,-1,2.022E+11,3,920,0,NULL,2,1,1,2,0,0,1,NULL,-1,1,0,5,50,
2.022E+11,2,6,2022,16:55:00,1,92,92014,2,1,1,3,MARECHAL JOFFRE (BD DU) (43 A 97 - 58 A,"487,820,300,000","23,145,500,000",2.022E+11,801 420,A01,1,1,0,9,8,1,5,NULL,2.022E+11,1 083 006,801 420,A01,1,1,4,1,1970,0,8,0,-1,-1,-1,-1,2.022E+11,3,920,0,NULL,2,1,1,2,0,0,1,NULL,-1,1,0,5,50,
2.022E+11,23,5,2022,13:20:00,1,75,75119,2,7,3,1,AVENUE JEAN JAURES,"488,827,820,000","23,703,590,000",2.022E+11,801 037,A01,2,1,0,2,1,1,5,NULL,2.022E+11,1 082 491,801 034,Z01,1,1,1,-1,NULL,-1,-1,-1,-1,0,0,-1,2.022E+11,4,AVENUE JEAN JAURES,0,NULL,3,3,1,1,-1,-1,2,NULL,-1,2,-1,5,30,
2.022E+11,23,5,2022,13:20:00,1,75,75119,2,7,3,1,AVENUE JEAN JAURES,"488,827,820,000","23,703,590,000",2.022E+11,801 037,A01,2,1,0,2,1,1,5,NULL,2.022E+11,1 082 495,801 037,A01,1,1,4,1,1984,9,2,0,-1,0,0,-1,2.022E+11,4,AVENUE JEAN JAURES,0,NULL,3,3,1,1,-1,-1,2,NULL,-1,2,-1,5,30,
2.022E+11,15,10,2022,17:15:00,1,1,1202,2,3,7,3,Avenue Montferrand,"458,987,110,000","53,463,400,000",2.022E+11,799 492,A01,3,1,0,2,1,1,5,NULL,2.022E+11,1 080 467,799 492,A01,1,1,4,1,1974,5,2,9,-1,0,0,-1,2.022E+11,4,NULL,-1,NULL,2,2,0,2,-1,-1,1,NULL,4,1,0,1,50,
2.022E+11,15,10,2022,17:15:00,1,1,1202,2,3,7,3,Avenue Montferrand,"458,987,110,000","53,463,400,000",2.022E+11,799 492,A01,3,1,0,2,1,1,5,NULL,2.022E+11,1 080 469,799 495,B01,1,1,1,2,1995,5,8,-1,-1,0,0,-1,2.022E+11,4,NULL,-1,NULL,2,2,0,2,-1,-1,1,NULL,4,1,0,1,50,
2.022E+11,1,8,2022,16:30:00,1,80,80021,2,1,1,2,MIRAUMONT (RUE),"498,857,400,000","23,260,000,000",2.022E+11,798 441,B01,0,1,0,2,2,2,5,NULL,2.022E+11,1 079 112,798 440,A01,1,1,1,-1,NULL,-1,-1,-1,-1,-1,-1,-1,2.022E+11,4,MIRAUMONT (RUE),0,NULL,1,1,0,1,-1,-1,1,NULL,-1,1,0,1,50,
2.022E+11,1,8,2022,16:30:00,1,80,80021,2,1,1,2,MIRAUMONT (RUE),"498,857,400,000","23,260,000,000",2.022E+11,798 441,B01,0,1,0,2,2,2,5,NULL,2.022E+11,1 079 113,798 441,B01,1,1,4,1,2004,0,2,-1,-1,0,0,-1,2.022E+11,4,MIRAUMONT (RUE),0,NULL,1,1,0,1,-1,-1,1,NULL,-1,1,0,1,50,