Accident_Id,jour,mois,an,hrmn,lum,dep,com,agg,int,atm,col,adr,lat,long,Num_Acc,id_vehicule,num_veh,senc,catv,obs,obsm,choc,manv,motor,occutc,Num_Acc,id_usager,id_vehicule,num_veh,place,catu,grav,sexe,an_nais,trajet,secu1,secu2,secu3,locp,actp,etatp,Num_Acc,catr,voie,v1,v2,circ,nbv,vosp,prof,pr,pr1,plan,lartpc,larrout,surf,infra,situ,vma,
2.022E+11,4,6,2022,17:00:00,1,77,77251,1,1,2,3,D50,"486,095,100,000","25,551,500,000",2.022E+11,724 780,B01,2,1,0,2,7,8,5,NULL,2.022E+11,980 642,724 784,A01,1,1,1,1,1990,4,1,0,-1,-1,-1,-1,2.022E+11,3,RD 50,0,NULL,2,4,3,1,11,250,4,NULL,-1,2,5,1,80,
2.022E+11,25,3,2022,14:55:00,1,75,75107,2,7,1,6,RUE DE GRENELLE,"488,584,350,000","23,123,950,000",2.022E+11,723 175,A01,3,1,0,5,0,1,5,NULL,2.022E+11,978 528,723 175,A01,1,1,4,2,1938,5,8,0,-1,-1,-1,-1,2.022E+11,4,RUE DE GRENELLE,0,NULL,-1,2,0,1,-1,-1,1,NULL,-1,1,0,1,30,
2.022E+11,26,3,2022,23:30:00,5,75,75113,2,2,1,3,RUE JEANNE D ARC,"488,313,170,000","23,663,340,000",2.022E+11,720 786,A01,2,1,0,2,3,1,5,NULL,2.022E+11,975 271,720 775,Z01,1,1,1,-1,NULL,-1,-1,-1,-1,-1,-1,-1,2.022E+11,4,RUE JEANNE D ARC,0,NULL,2,2,0,2,-1,-1,1,NULL,-1,1,0,1,30,
2.022E+11,26,3,2022,23:30:00,5,75,75113,2,2,1,3,RUE JEANNE D ARC,"488,313,170,000","23,663,340,000",2.022E+11,720 786,A01,2,1,0,2,3,1,5,NULL,2.022E+11,975 285,720 786,A01,1,1,4,1,1997,5,8,0,-1,0,0,-1,2.022E+11,4,RUE JEANNE D ARC,0,NULL,2,2,0,2,-1,-1,1,NULL,-1,1,0,1,30,
2.022E+11,22,10,2022,12:10:00,1,77,77186,1,6,1,2,D606 / D301,"483,904,790,000","27,544,180,000",2.022E+11,720 202,B01,2,1,0,2,3,0,5,NULL,2.022E+11,974 475,720 191,A01,1,1,1,1,1969,5,1,0,-1,-1,-1,-1,2.022E+11,3,D606 de l'obélisque à limite MORET,0,NULL,3,2,0,1,36,418,2,NULL,-1,1,5,1,80,
2.022E+11,22,10,2022,12:10:00,1,77,77186,1,6,1,2,D606 / D301,"483,904,790,000","27,544,180,000",2.022E+11,720 202,B01,2,1,0,2,3,0,5,NULL,2.022E+11,974 479,720 191,A01,2,2,1,2,1964,0,1,0,-1,-1,-1,-1,2.022E+11,3,D606 de l'obélisque à limite MORET,0,NULL,3,2,0,1,36,418,2,NULL,-1,1,5,1,80,
2.022E+11,22,10,2022,12:10:00,1,77,77186,1,6,1,2,D606 / D301,"483,904,790,000","27,544,180,000",2.022E+11,720 202,B01,2,1,0,2,3,0,5,NULL,2.022E+11,974 491,720 202,B01,1,1,4,1,1940,5,2,0,-1,-1,-1,-1,2.022E+11,3,D606 de l'obélisque à limite MORET,0,NULL,3,2,0,1,36,418,2,NULL,-1,1,5,1,80,
2.022E+11,14,2,2022,09:30:00,1,75,75114,2,4,8,6,AVENUE DU MAINE,"488,401,180,000","23,218,230,000",2.022E+11,718 836,A01,2,1,0,1,1,1,5,NULL,2.022E+11,972 572,718 836,A01,10,3,1,1,1984,1,0,-1,-1,4,3,1,2.022E+11,4,AVENUE DU MAINE,0,NULL,3,2,0,1,-1,-1,1,NULL,-1,1,0,1,30,
2.022E+11,14,2,2022,09:30:00,1,75,75114,2,4,8,6,AVENUE DU MAINE,"488,401,180,000","23,218,230,000",2.022E+11,718 836,A01,2,1,0,1,1,1,5,NULL,2.022E+11,972 575,718 836,A01,1,1,4,2,1992,1,2,0,-1,0,0,-1,2.022E+11,4,AVENUE DU MAINE,0,NULL,3,2,0,1,-1,-1,1,NULL,-1,1,0,1,30,
2.022E+11,7,11,2022,17:15:00,1,43,43137,1,1,7,2,Malfrayt,"453,060,430,000","41,827,450,000",2.022E+11,807 625,B01,2,1,0,0,4,2,5,NULL,2.022E+11,1 091 249,807 624,A01,1,1,1,1,1985,5,1,5,-1,0,0,-1,2.022E+11,3,D47,-1,NULL,2,2,0,1,9,470,1,NULL,-1,1,0,1,90,
2.022E+11,7,11,2022,17:15:00,1,43,43137,1,1,7,2,Malfrayt,"453,060,430,000","41,827,450,000",2.022E+11,807 625,B01,2,1,0,0,4,2,5,NULL,2.022E+11,1 091 252,807 625,B01,1,1,3,1,1957,5,2,-1,-1,0,0,-1,2.022E+11,3,D47,-1,NULL,2,2,0,1,9,470,1,NULL,-1,1,0,1,90,
2.022E+11,3,7,2022,17:50:00,1,971,97106,2,4,1,1,Rue Maurice Selbonne,"161,422,790,000","-617,672,560,000",2.022E+11,805 755,B01,2,1,0,2,1,5,5,NULL,2.022E+11,1 088 748,805 755,B01,1,1,3,1,2002,5,0,9,-1,0,0,-1,2.022E+11,3,D34,0,NULL,2,2,0,2,-1,-1,2,NULL,-1,1,9,1,50,
2.022E+11,3,7,2022,17:50:00,1,971,97106,2,4,1,1,Rue Maurice Selbonne,"161,422,790,000","-617,672,560,000",2.022E+11,805 755,B01,2,1,0,2,1,5,5,NULL,2.022E+11,1 088 749,805 756,A01,1,1,1,1,2001,5,1,-1,-1,0,0,-1,2.022E+11,3,D34,0,NULL,2,2,0,2,-1,-1,2,NULL,-1,1,9,1,50,
2.022E+11,30,4,2022,15:30:00,1,75,75105,2,2,1,3,BOULEVARD SAINT MARCEL,"488,384,750,000","23,570,300,000",2.022E+11,803 898,A01,2,1,0,2,1,17,5,NULL,2.022E+11,1 086 303,803 897,Z01,1,1,1,-1,NULL,-1,-1,-1,-1,0,0,-1,2.022E+11,4,BOULEVARD SAINT MARCEL,0,NULL,2,4,0,1,-1,-1,1,NULL,-1,1,0,1,50,
2.022E+11,30,4,2022,15:30:00,1,75,75105,2,2,1,3,BOULEVARD SAINT MARCEL,"488,384,750,000","23,570,300,000",2.022E+11,803 898,A01,2,1,0,2,1,17,5,NULL,2.022E+11,1 086 304,803 897,Z01,2,2,1,1,2000,5,1,0,-1,0,0,-1,2.022E+11,4,BOULEVARD SAINT MARCEL,0,NULL,2,4,0,1,-1,-1,1,NULL,-1,1,0,1,50,
2.022E+11,30,4,2022,15:30:00,1,75,75105,2,2,1,3,BOULEVARD SAINT MARCEL,"488,384,750,000","23,570,300,000",2.022E+11,803 898,A01,2,1,0,2,1,17,5,NULL,2.022E+11,1 086 308,803 898,A01,1,1,4,1,1999,4,2,0,-1,0,0,-1,2.022E+11,4,BOULEVARD SAINT MARCEL,0,NULL,2,4,0,1,-1,-1,1,NULL,-1,1,0,1,50,
2.022E+11,21,9,2022,17:05:00,1,29,29145,2,1,1,7,Keravel,"480,512,760,960","-44,335,348,605",2.022E+11,797 721,A01,3,1,0,0,0,26,5,NULL,2.022E+11,1 078 177,797 721,A01,1,1,4,1,2008,5,0,-1,-1,0,0,-1,2.022E+11,4,307,-1,D,2,2,0,1,-1,-1,1,NULL,-1,1,0,1,50,
2.022E+11,13,10,2022,19:35:00,5,33,33167,2,3,2,3,Avenue Pierre Mendès-France,"448,426,600,000"," -0,5099500000",2.022E+11,796 335,B01,2,1,0,2,1,1,5,NULL,2.022E+11,1 076 303,796 332,A01,1,1,1,1,1945,5,1,-1,-1,-1,-1,-1,2.022E+11,4,RUE PIERRE MENDÈS FRANCE,0,NULL,2,2,0,2,-1,-1,2,NULL,-1,2,0,1,30,
2.022E+11,13,10,2022,19:35:00,5,33,33167,2,3,2,3,Avenue Pierre Mendès-France,"448,426,600,000"," -0,5099500000",2.022E+11,796 335,B01,2,1,0,2,1,1,5,NULL,2.022E+11,1 076 306,796 335,B01,1,1,4,1,1984,1,0,-1,-1,-1,-1,-1,2.022E+11,4,RUE PIERRE MENDÈS FRANCE,0,NULL,2,2,0,2,-1,-1,2,NULL,-1,2,0,1,30,
2.022E+11,30,6,2022,08:50:00,1,69,69387,2,3,1,3,Boulevard Yves Farge,"457,433,300,000","48,342,400,000",2.022E+11,795 888,B01,1,1,0,2,3,1,6,NULL,2.022E+11,1 075 712,795 888,B01,1,1,4,1,1986,9,8,-1,-1,0,0,-1,2.022E+11,4,YVES FARGES                         (BD),0,NULL,2,3,2,1,-1,-1,1,NULL,-1,1,0,1,30,
2.022E+11,30,6,2022,08:50:00,1,69,69387,2,3,1,3,Boulevard Yves Farge,"457,433,300,000","48,342,400,000",2.022E+11,795 888,B01,1,1,0,2,3,1,6,NULL,2.022E+11,1 075 715,795 891,A01,1,1,-1,-1,NULL,-1,8,-1,-1,0,0,-1,2.022E+11,4,YVES FARGES                         (BD),0,NULL,2,3,2,1,-1,-1,1,NULL,-1,1,0,1,30,
2.022E+11,17,3,2022,15:40:00,1,80,80001,2,1,1,7,PETIT MARAIS (du),"500,962,498,864","18,372,595,310",2.022E+11,794 447,A01,1,1,0,-1,4,1,5,NULL,2.022E+11,1 073 808,794 447,A01,1,1,3,1,1958,5,-1,-1,-1,0,0,-1,2.022E+11,4,PETIT MARAIS (du),0,NULL,2,1,0,1,-1,-1,1,NULL,-1,1,0,1,50,
2.022E+11,10,9,2022,12:20:00,1,64,64348,2,6,1,3,EUROPE DE L',"433,209,940,986"," -0,3919351101",2.022E+11,793 180,B01,1,1,0,2,8,1,5,NULL,2.022E+11,1 072 160,793 180,B01,1,1,4,2,1951,5,8,0,-1,-1,-1,-1,2.022E+11,3,EUROPE DE L',0,NULL,1,2,0,1,33,850,2,NULL,-1,1,0,1,50,
2.022E+11,10,9,2022,12:20:00,1,64,64348,2,6,1,3,EUROPE DE L',"433,209,940,986"," -0,3919351101",2.022E+11,793 180,B01,1,1,0,2,8,1,5,NULL,2.022E+11,1 072 161,793 181,A01,1,1,1,1,1972,9,2,6,-1,-1,-1,-1,2.022E+11,3,EUROPE DE L',0,NULL,1,2,0,1,33,850,2,NULL,-1,1,0,1,50,
2.022E+11,29,6,2022,06:55:00,1,51,51105,2,2,7,3,Rue Charles de Gaulle,"492,628,310,000","41,052,110,000",2.022E+11,791 983,B01,1,1,0,2,8,1,5,NULL,2.022E+11,1 070 592,791 983,B01,1,1,3,1,1962,1,2,6,-1,0,0,-1,2.022E+11,3,980,0,D,-1,2,0,1,39,350,2,NULL,-1,1,0,1,50,
2.022E+11,29,6,2022,06:55:00,1,51,51105,2,2,7,3,Rue Charles de Gaulle,"492,628,310,000","41,052,110,000",2.022E+11,791 983,B01,1,1,0,2,8,1,5,NULL,2.022E+11,1 070 594,791 985,A01,1,1,1,1,1988,1,1,-1,-1,0,0,-1,2.022E+11,3,980,0,D,-1,2,0,1,39,350,2,NULL,-1,1,0,1,50,
2.022E+11,2,10,2022,16:00:00,1,72,72224,1,1,1,3,Lieu Dit Le Petit Bois,"480,230,340,000","0,4767040000",2.022E+11,791 704,B01,3,1,0,2,1,1,5,NULL,2.022E+11,1 070 189,791 704,B01,1,1,4,1,2002,5,2,-1,-1,0,0,-1,2.022E+11,4,NULL,-1,NULL,2,2,0,2,-1,-1,3,NULL,5,1,0,1,80,
2.022E+11,2,10,2022,16:00:00,1,72,72224,1,1,1,3,Lieu Dit Le Petit Bois,"480,230,340,000","0,4767040000",2.022E+11,791 704,B01,3,1,0,2,1,1,5,NULL,2.022E+11,1 070 190,791 705,A01,1,1,1,1,1996,5,8,-1,-1,0,0,-1,2.022E+11,4,NULL,-1,NULL,2,2,0,2,-1,-1,3,NULL,5,1,0,1,80,
2.022E+11,30,7,2022,16:10:00,1,93,93007,2,2,1,3,Avenue Charles Floquet / Rue Pégoud,"489,405,200,000","24,493,000,000",2.022E+11,791 332,B01,0,1,1,0,1,0,5,NULL,2.022E+11,1 069 665,791 332,B01,1,1,4,1,1950,0,8,0,-1,0,0,-1,2.022E+11,4,CHARLES FLOQUET (AVENUE),0,NULL,2,2,0,1,0,0,1,NULL,-1,1,0,1,50,
2.022E+11,30,7,2022,16:10:00,1,93,93007,2,2,1,3,Avenue Charles Floquet / Rue Pégoud,"489,405,200,000","24,493,000,000",2.022E+11,791 332,B01,0,1,1,0,1,0,5,NULL,2.022E+11,1 069 667,791 333,A01,1,1,1,1,1948,0,1,0,-1,0,0,-1,2.022E+11,4,CHARLES FLOQUET (AVENUE),0,NULL,2,2,0,1,0,0,1,NULL,-1,1,0,1,50,
2.022E+11,5,2,2022,23:00:00,5,69,69383,2,1,1,2,42 Rue Feuillat,"457,506,349,257","48,760,601,878",2.022E+11,789 514,B01,0,1,0,2,4,1,5,NULL,2.022E+11,1 067 240,789 514,B01,1,1,4,1,1974,0,8,-1,-1,-1,-1,-1,2.022E+11,4,FEUILLAT                            (R ),0,NULL,2,2,0,1,-1,-1,1,NULL,-1,1,0,1,50,
2.022E+11,5,2,2022,23:00:00,5,69,69383,2,1,1,2,42 Rue Feuillat,"457,506,349,257","48,760,601,878",2.022E+11,789 514,B01,0,1,0,2,4,1,5,NULL,2.022E+11,1 067 241,789 515,A01,1,1,1,-1,NULL,-1,8,-1,-1,-1,-1,-1,2.022E+11,4,FEUILLAT                            (R ),0,NULL,2,2,0,1,-1,-1,1,NULL,-1,1,0,1,50,
2.022E+11,4,3,2022,23:27:00,5,75,75109,2,3,1,3,RUE DES MARTYRS,"488,788,960,000","23,398,470,000",2.022E+11,789 491,A01,2,1,0,2,1,1,5,NULL,2.022E+11,1 067 204,789 489,B01,1,1,1,1,1980,9,1,0,-1,0,0,-1,2.022E+11,4,RUE DES MARTYRS,0,NULL,1,2,1,2,-1,-1,1,NULL,-1,1,6,1,20,
2.022E+11,4,3,2022,23:27:00,5,75,75109,2,3,1,3,RUE DES MARTYRS,"488,788,960,000","23,398,470,000",2.022E+11,789 491,A01,2,1,0,2,1,1,5,NULL,2.022E+11,1 067 206,789 491,A01,1,1,4,1,1999,5,8,0,-1,0,0,-1,2.022E+11,4,RUE DES MARTYRS,0,NULL,1,2,1,2,-1,-1,1,NULL,-1,1,6,1,20,
2.022E+11,25,8,2022,14:30:00,1,2A,2A247,1,1,1,1,route de renajholo hammeau de palavese,"416,334,257,670","92,591,669,708",2.022E+11,788 587,B01,2,1,0,2,1,1,5,NULL,2.022E+11,1 065 978,788 587,B01,1,1,4,1,1977,5,2,-1,-1,0,0,-1,2.022E+11,3,759,0,D,-1,2,0,2,4,700,2,NULL,-1,1,0,1,80,
2.022E+11,25,8,2022,14:30:00,1,2A,2A247,1,1,1,1,route de renajholo hammeau de palavese,"416,334,257,670","92,591,669,708",2.022E+11,788 587,B01,2,1,0,2,1,1,5,NULL,2.022E+11,1 065 979,788 588,A01,1,1,1,-1,NULL,-1,-1,-1,-1,-1,-1,-1,2.022E+11,3,759,0,D,-1,2,0,2,4,700,2,NULL,-1,1,0,1,80,
2.022E+11,28,7,2022,17:10:00,1,64,64122,1,1,1,1,GABRIELLE DORZIAT (ALLEE),"434,592,700,000","-15,559,400,000",2.022E+11,788 197,A01,2,1,0,2,1,9,5,NULL,2.022E+11,1 065 430,788 196,B01,1,1,1,1,1988,1,1,8,-1,-1,-1,-1,2.022E+11,4,GABRIELLE DORZIAT (ALLEE),0,NULL,2,1,0,1,-1,-1,1,NULL,-1,1,0,1,50,
2.022E+11,28,7,2022,17:10:00,1,64,64122,1,1,1,1,GABRIELLE DORZIAT (ALLEE),"434,592,700,000","-15,559,400,000",2.022E+11,788 197,A01,2,1,0,2,1,9,5,NULL,2.022E+11,1 065 431,788 197,A01,1,1,3,1,1963,1,2,8,-1,-1,-1,-1,2.022E+11,4,GABRIELLE DORZIAT (ALLEE),0,NULL,2,1,0,1,-1,-1,1,NULL,-1,1,0,1,50,
2.022E+11,14,3,2022,11:25:00,1,33,33063,2,3,1,3,Boulevard du Président Wilson,"448,376,380,558"," -0,5991647087",2.022E+11,787 617,B01,1,1,0,2,8,1,5,NULL,2.022E+11,1 064 684,787 617,B01,1,1,4,2,1978,0,8,-1,-1,-1,-1,-1,2.022E+11,4,BD DU PRESIDENT WILSON,0,NULL,2,4,2,1,-1,-1,1,NULL,-1,1,0,1,50,
2.022E+11,14,3,2022,11:25:00,1,33,33063,2,3,1,3,Boulevard du Président Wilson,"448,376,380,558"," -0,5991647087",2.022E+11,787 617,B01,1,1,0,2,8,1,5,NULL,2.022E+11,1 064 685,787 618,A01,1,1,1,1,1987,0,1,-1,-1,-1,-1,-1,2.022E+11,4,BD DU PRESIDENT WILSON,0,NULL,2,4,2,1,-1,-1,1,NULL,-1,1,0,1,50,
2.022E+11,14,3,2022,16:50:00,1,93,93048,2,1,1,2,Boulevard Rouget de Lisle,"488,602,200,000","24,392,260,000",2.022E+11,786 790,Y01,1,1,2,2,1,2,5,NULL,2.022E+11,1 063 550,786 790,Y01,1,1,4,1,2005,0,8,0,-1,-1,-1,-1,2.022E+11,3,ROUGET DE L'ISLE (BOULEVARD),0,NULL,2,2,0,1,0,1,1,NULL,-1,1,0,1,30,
2.022E+11,14,3,2022,16:50:00,1,93,93048,2,1,1,2,Boulevard Rouget de Lisle,"488,602,200,000","24,392,260,000",2.022E+11,786 790,Y01,1,1,2,2,1,2,5,NULL,2.022E+11,1 063 554,786 793,A01,1,1,1,1,1974,4,1,0,-1,-1,-1,-1,2.022E+11,3,ROUGET DE L'ISLE (BOULEVARD),0,NULL,2,2,0,1,0,1,1,NULL,-1,1,0,1,30,
2.022E+11,16,11,2022,08:05:00,1,92,92002,2,1,8,4,ADOLPHE PAJEAUD (RUE),"487,397,380,092","22,785,360,217",2.022E+11,784 847,C01,1,1,1,2,1,1,5,NULL,2.022E+11,1 060 912,784 843,B01,1,1,1,1,1975,1,1,0,-1,-1,-1,-1,2.022E+11,3,67A,0,NULL,1,2,0,1,0,0,1,NULL,-1,2,0,1,50,
2.022E+11,16,11,2022,08:05:00,1,92,92002,2,1,8,4,ADOLPHE PAJEAUD (RUE),"487,397,380,092","22,785,360,217",2.022E+11,784 847,C01,1,1,1,2,1,1,5,NULL,2.022E+11,1 060 913,784 844,A01,1,1,1,1,1957,5,1,0,-1,-1,-1,-1,2.022E+11,3,67A,0,NULL,1,2,0,1,0,0,1,NULL,-1,2,0,1,50,
2.022E+11,16,11,2022,08:05:00,1,92,92002,2,1,8,4,ADOLPHE PAJEAUD (RUE),"487,397,380,092","22,785,360,217",2.022E+11,784 847,C01,1,1,1,2,1,1,5,NULL,2.022E+11,1 060 916,784 847,C01,1,1,4,1,2005,2,2,0,-1,-1,-1,-1,2.022E+11,3,67A,0,NULL,1,2,0,1,0,0,1,NULL,-1,2,0,1,50,
2.022E+11,13,3,2022,21:35:00,5,988,98818,2,3,1,3,RUE JEAN CHALIER/RUE JACQUES IEKAWE,"-222,483,400,000","1,664,637,700,000",2.022E+11,783 969,A01,2,1,0,2,1,1,5,NULL,2.022E+11,1 059 773,783 969,A01,1,1,4,1,1970,5,8,0,-1,-1,-1,-1,2.022E+11,4,RUE JEAN CHALIER,0,NULL,2,2,0,1,0,0,1,NULL,-1,1,0,1,50,
2.022E+11,13,3,2022,21:35:00,5,988,98818,2,3,1,3,RUE JEAN CHALIER/RUE JACQUES IEKAWE,"-222,483,400,000","1,664,637,700,000",2.022E+11,783 969,A01,2,1,0,2,1,1,5,NULL,2.022E+11,1 059 775,783 971,B01,1,1,1,1,1970,5,1,0,-1,-1,-1,-1,2.022E+11,4,RUE JEAN CHALIER,0,NULL,2,2,0,1,0,0,1,NULL,-1,1,0,1,50,
2.022E+11,13,3,2022,21:35:00,5,988,98818,2,3,1,3,RUE JEAN CHALIER/RUE JACQUES IEKAWE,"-222,483,400,000","1,664,637,700,000",2.022E+11,783 969,A01,2,1,0,2,1,1,5,NULL,2.022E+11,1 059 776,783 971,B01,2,2,1,1,2004,5,1,0,-1,-1,-1,-1,2.022E+11,4,RUE JEAN CHALIER,0,NULL,2,2,0,1,0,0,1,NULL,-1,1,0,1,50,
2.022E+11,14,3,2022,19:20:00,3,59,59016,1,3,1,3,Rue de la Petite Chapelle,"509,783,110,000","23,601,130,000",2.022E+11,783 577,B01,1,1,0,2,2,1,5,NULL,2.022E+11,1 059 254,783 577,B01,1,1,3,1,1997,1,0,-1,-1,0,0,-1,2.022E+11,3,252,-1,NULL,2,2,0,1,-1,-1,2,NULL,-1,1,0,1,80,
2.022E+11,14,3,2022,19:20:00,3,59,59016,1,3,1,3,Rue de la Petite Chapelle,"509,783,110,000","23,601,130,000",2.022E+11,783 577,B01,1,1,0,2,2,1,5,NULL,2.022E+11,1 059 256,783 579,A01,1,1,1,1,1981,0,1,-1,-1,0,0,-1,2.022E+11,3,252,-1,NULL,2,2,0,1,-1,-1,2,NULL,-1,1,0,1,80,
2.022E+11,6,10,2022,16:34:00,1,49,49007,2,1,1,3,COUFFON BOULEVARD SECTEUR 1,"474,658,122,379"," -0,5655987561",2.022E+11,778 208,B01,3,1,0,2,2,1,5,NULL,2.022E+11,1 052 132,778 208,B01,1,1,4,2,1982,0,8,0,-1,-1,-1,-1,2.022E+11,4,COUFFON BOULEVARD SECTEUR 1,0,NULL,1,2,0,1,1,0,2,NULL,-1,1,0,1,30,
2.022E+11,6,10,2022,16:34:00,1,49,49007,2,1,1,3,COUFFON BOULEVARD SECTEUR 1,"474,658,122,379"," -0,5655987561",2.022E+11,778 208,B01,3,1,0,2,2,1,5,NULL,2.022E+11,1 052 133,778 209,A01,1,1,1,2,1997,0,1,0,-1,-1,-1,-1,2.022E+11,4,COUFFON BOULEVARD SECTEUR 1,0,NULL,1,2,0,1,1,0,2,NULL,-1,1,0,1,30,
2.022E+11,14,12,2022,22:30:00,5,33,33063,2,1,1,2,Cours d'Albret,"448,357,626,737"," -0,5807438493",2.022E+11,773 189,B01,2,1,0,2,4,2,5,NULL,2.022E+11,1 045 320,773 189,B01,1,1,4,2,1965,5,0,-1,-1,0,0,-1,2.022E+11,4,CRS D'ALBRET,0,NULL,2,3,3,2,-1,-1,1,NULL,-1,1,0,5,30,
2.022E+11,14,12,2022,22:30:00,5,33,33063,2,1,1,2,Cours d'Albret,"448,357,626,737"," -0,5807438493",2.022E+11,773 189,B01,2,1,0,2,4,2,5,NULL,2.022E+11,1 045 321,773 190,A01,1,1,1,1,1987,5,1,-1,-1,0,0,-1,2.022E+11,4,CRS D'ALBRET,0,NULL,2,3,3,2,-1,-1,1,NULL,-1,1,0,5,30,
2.022E+11,16,12,2022,19:10:00,3,34,34145,2,1,1,1,32 Chemin Mas Saint Julien,"436,614,815,849","41,590,185,463",2.022E+11,772 996,A01,3,1,0,2,3,1,5,NULL,2.022E+11,1 045 057,772 996,A01,1,1,3,1,1967,1,2,4,-1,0,0,-1,2.022E+11,4,NULL,-1,NULL,2,1,0,1,-1,-1,1,NULL,3,1,8,1,50,
2.022E+11,16,12,2022,19:10:00,3,34,34145,2,1,1,1,32 Chemin Mas Saint Julien,"436,614,815,849","41,590,185,463",2.022E+11,772 996,A01,3,1,0,2,3,1,5,NULL,2.022E+11,1 045 059,772 997,B01,1,1,1,1,1986,5,8,-1,-1,0,0,-1,2.022E+11,4,NULL,-1,NULL,2,1,0,1,-1,-1,1,NULL,3,1,8,1,50,
2.022E+11,17,4,2022,20:10:00,1,93,93063,2,3,1,3,Boulevard Edouard Branly / A3,"488,761,220,000","24,409,740,000",2.022E+11,772 188,B01,1,1,0,2,1,1,5,NULL,2.022E+11,1 043 924,772 188,B01,1,1,4,1,1967,0,8,0,-1,-1,-1,-1,2.022E+11,1,NULL,-1,NULL,1,1,-1,1,-1,-1,1,NULL,-1,1,3,1,-1,
2.022E+11,17,4,2022,20:10:00,1,93,93063,2,3,1,3,Boulevard Edouard Branly / A3,"488,761,220,000","24,409,740,000",2.022E+11,772 188,B01,1,1,0,2,1,1,5,NULL,2.022E+11,1 043 926,772 189,A01,1,1,1,1,1977,0,1,0,-1,-1,-1,-1,2.022E+11,1,NULL,-1,NULL,1,1,-1,1,-1,-1,1,NULL,-1,1,3,1,-1,
2.022E+11,6,3,2022,12:25:00,1,75,75114,2,1,1,3,AVENUE DU GENERAL LECLERC,"488,293,040,000","23,281,580,000",2.022E+11,766 010,B01,2,1,0,2,8,25,5,NULL,2.022E+11,1 035 728,766 010,B01,1,1,4,1,1995,4,2,0,-1,0,0,-1,2.022E+11,4,AVENUE DU GENERAL LECLERC,0,NULL,2,4,3,1,-1,-1,1,NULL,-1,1,-1,4,30,
2.022E+11,6,3,2022,12:25:00,1,75,75114,2,1,1,3,AVENUE DU GENERAL LECLERC,"488,293,040,000","23,281,580,000",2.022E+11,766 010,B01,2,1,0,2,8,25,5,NULL,2.022E+11,1 035 729,766 011,A01,1,1,1,2,1956,5,1,0,-1,0,0,-1,2.022E+11,4,AVENUE DU GENERAL LECLERC,0,NULL,2,4,3,1,-1,-1,1,NULL,-1,1,-1,4,30,
2.022E+11,19,6,2022,08:40:00,1,74,74208,1,1,7,2,Route du Plateau d Assy,"459,266,280,000","66,824,140,000",2.022E+11,765 479,B01,1,1,0,0,4,2,5,NULL,2.022E+11,1 035 014,765 477,A01,1,1,1,1,1954,3,1,-1,-1,0,0,-1,2.022E+11,3,43,0,D,2,2,0,2,12,300,4,NULL,-1,1,0,1,90,
2.022E+11,19,6,2022,08:40:00,1,74,74208,1,1,7,2,Route du Plateau d Assy,"459,266,280,000","66,824,140,000",2.022E+11,765 479,B01,1,1,0,0,4,2,5,NULL,2.022E+11,1 035 015,765 479,B01,1,1,4,1,1975,5,0,-1,-1,0,0,-1,2.022E+11,3,43,0,D,2,2,0,2,12,300,4,NULL,-1,1,0,1,90,
2.022E+11,12,12,2022,12:00:00,1,75,75112,2,2,1,3,COURS DE VINCENNES,"488,469,090,000","24,113,640,000",2.022E+11,762 792,B01,3,1,0,2,3,1,5,NULL,2.022E+11,1 031 522,762 791,A01,1,1,1,1,2002,1,1,0,-1,0,0,-1,2.022E+11,4,COURS DE VINCENNES,0,NULL,2,4,0,1,-1,-1,1,NULL,-1,1,5,1,30,
2.022E+11,12,12,2022,12:00:00,1,75,75112,2,2,1,3,COURS DE VINCENNES,"488,469,090,000","24,113,640,000",2.022E+11,762 792,B01,3,1,0,2,3,1,5,NULL,2.022E+11,1 031 523,762 792,B01,1,1,4,1,1979,1,2,0,-1,0,0,-1,2.022E+11,4,COURS DE VINCENNES,0,NULL,2,4,0,1,-1,-1,1,NULL,-1,1,5,1,30,
2.022E+11,9,4,2022,17:32:00,1,18,18069,1,1,1,7,La Tranchasse,"466,847,240,000","25,419,520,000",2.022E+11,757 547,A01,3,1,0,0,0,16,5,NULL,2.022E+11,1 024 605,757 547,A01,1,1,3,1,1945,5,2,-1,-1,0,0,-1,2.022E+11,9,NULL,-1,NULL,-1,2,0,1,-1,-1,4,NULL,-1,9,9,6,-1,
2.022E+11,18,7,2022,14:00:00,1,7,7281,2,1,1,7,NULL,"449,437,000,000","48,448,600,000",2.022E+11,755 925,A01,3,1,0,0,0,26,5,NULL,2.022E+11,1 022 393,755 925,A01,1,1,4,2,1971,5,2,0,-1,-1,-1,-1,2.022E+11,3,533,0,NULL,2,2,0,1,57,200,1,NULL,-1,1,0,1,50,
2.022E+11,17,6,2022,14:00:00,1,75,75101,2,2,1,3,AVENUE VICTORIA,"488,577,200,000","23,477,750,000",2.022E+11,754 410,A01,1,1,0,2,7,1,5,NULL,2.022E+11,1 020 348,754 410,A01,1,1,4,1,1988,5,8,0,-1,0,0,-1,2.022E+11,4,AVENUE VICTORIA,0,NULL,1,2,2,1,-1,-1,1,NULL,-1,1,5,5,30,