Accident_Id,jour,mois,an,hrmn,lum,dep,com,agg,int,atm,col,adr,lat,long,Num_Acc,id_vehicule,num_veh,senc,catv,obs,obsm,choc,manv,motor,occutc,Num_Acc,id_usager,id_vehicule,num_veh,place,catu,grav,sexe,an_nais,trajet,secu1,secu2,secu3,locp,actp,etatp,Num_Acc,catr,voie,v1,v2,circ,nbv,vosp,prof,pr,pr1,plan,lartpc,larrout,surf,infra,situ,vma,
2.022E+11,26,9,2022,17:40:00,1,4,4112,2,6,1,3,POMPIDOU (AV.GEORGES),"438,271,800,000","57,813,900,000",2.022E+11,756 910,B01,2,1,0,2,4,15,5,NULL,2.022E+11,1 023 754,756 910,B01,1,1,4,1,1972,1,2,0,-1,-1,-1,-1,2.022E+11,4,POMPIDOU (AV.GEORGES),0,NULL,2,2,0,1,-1,751,1,NULL,-1,1,0,1,50,
2.022E+11,26,9,2022,17:40:00,1,4,4112,2,6,1,3,POMPIDOU (AV.GEORGES),"438,271,800,000","57,813,900,000",2.022E+11,756 910,B01,2,1,0,2,4,15,5,NULL,2.022E+11,1 023 755,756 911,A01,1,1,1,1,1942,5,1,0,-1,-1,-1,-1,2.022E+11,4,POMPIDOU (AV.GEORGES),0,NULL,2,2,0,1,-1,751,1,NULL,-1,1,0,1,50,
2.022E+11,21,8,2022,11:10:00,1,49,49007,2,1,1,2,BON PASTEUR BOULEVARD,"474,733,100,000"," -0,5782400000",2.022E+11,744 343,A01,1,1,0,2,2,11,5,NULL,2.022E+11,1 006 819,744 343,A01,1,1,4,1,1971,5,8,0,-1,-1,-1,-1,2.022E+11,4,BON PASTEUR BOULEVARD,0,NULL,2,5,2,1,1,0,1,NULL,-1,1,0,1,50,
2.022E+11,21,8,2022,11:10:00,1,49,49007,2,1,1,2,BON PASTEUR BOULEVARD,"474,733,100,000"," -0,5782400000",2.022E+11,744 343,A01,1,1,0,2,2,11,5,NULL,2.022E+11,1 006 821,744 345,B01,1,1,1,1,1991,0,8,0,-1,-1,-1,-1,2.022E+11,4,BON PASTEUR BOULEVARD,0,NULL,2,5,2,1,1,0,1,NULL,-1,1,0,1,50,
2.022E+11,13,1,2022,20:00:00,5,75,75104,2,4,1,4,BOULEVARD BOURDON,"488,528,820,000","23,684,230,000",2.022E+11,742 471,B01,1,1,0,2,4,2,5,NULL,2.022E+11,1 004 300,742 471,B01,1,1,4,1,1979,9,2,0,-1,0,0,-1,2.022E+11,4,BOULEVARD BOURDON,0,NULL,2,4,0,1,0,0,2,NULL,-1,1,0,1,30,
2.022E+11,13,1,2022,20:00:00,5,75,75104,2,4,1,4,BOULEVARD BOURDON,"488,528,820,000","23,684,230,000",2.022E+11,742 471,B01,1,1,0,2,4,2,5,NULL,2.022E+11,1 004 302,742 473,C01,1,1,1,1,1999,9,1,0,-1,0,0,-1,2.022E+11,4,BOULEVARD BOURDON,0,NULL,2,4,0,1,0,0,2,NULL,-1,1,0,1,30,
2.022E+11,13,1,2022,20:00:00,5,75,75104,2,4,1,4,BOULEVARD BOURDON,"488,528,820,000","23,684,230,000",2.022E+11,742 471,B01,1,1,0,2,4,2,5,NULL,2.022E+11,1 004 304,742 475,A01,1,1,1,1,1973,1,1,8,-1,0,0,-1,2.022E+11,4,BOULEVARD BOURDON,0,NULL,2,4,0,1,0,0,2,NULL,-1,1,0,1,30,
2.022E+11,13,1,2022,20:00:00,5,75,75104,2,4,1,4,BOULEVARD BOURDON,"488,528,820,000","23,684,230,000",2.022E+11,742 471,B01,1,1,0,2,4,2,5,NULL,2.022E+11,1 004 305,742 477,Z01,1,1,1,-1,NULL,-1,-1,-1,-1,-1,-1,-1,2.022E+11,4,BOULEVARD BOURDON,0,NULL,2,4,0,1,0,0,2,NULL,-1,1,0,1,30,
2.022E+11,13,7,2022,19:50:00,1,43,43041,2,3,1,1,54 Avenue Charles Dupuy,"450,492,978,431","39,192,920,923",2.022E+11,742 103,B01,2,1,0,2,1,1,5,NULL,2.022E+11,1 003 792,742 101,A01,1,1,1,2,1974,3,1,4,-1,-1,-1,-1,2.022E+11,3,DUPUY (AVENUE CHARLES),0,NULL,2,2,0,1,0,865,1,NULL,-1,1,5,1,50,
2.022E+11,13,7,2022,19:50:00,1,43,43041,2,3,1,1,54 Avenue Charles Dupuy,"450,492,978,431","39,192,920,923",2.022E+11,742 103,B01,2,1,0,2,1,1,5,NULL,2.022E+11,1 003 795,742 103,B01,1,1,4,1,1971,5,2,8,-1,-1,-1,-1,2.022E+11,3,DUPUY (AVENUE CHARLES),0,NULL,2,2,0,1,0,865,1,NULL,-1,1,5,1,50,
2.022E+11,12,7,2022,14:10:00,1,33,33192,2,1,1,3,Rue de Lahouneau,"447,798,800,000"," -0,6128400000",2.022E+11,738 717,B01,1,1,0,2,2,1,5,NULL,2.022E+11,999 100,738 715,A01,1,1,1,1,1961,3,1,-1,-1,-1,-1,-1,2.022E+11,4,CRS DE LA LIBERATION,0,NULL,2,2,2,1,-1,-1,1,NULL,-1,1,0,5,50,
2.022E+11,12,7,2022,14:10:00,1,33,33192,2,1,1,3,Rue de Lahouneau,"447,798,800,000"," -0,6128400000",2.022E+11,738 717,B01,1,1,0,2,2,1,5,NULL,2.022E+11,999 102,738 717,B01,1,1,4,1,1976,0,0,-1,-1,0,0,-1,2.022E+11,4,CRS DE LA LIBERATION,0,NULL,2,2,2,1,-1,-1,1,NULL,-1,1,0,5,50,
2.022E+11,12,7,2022,18:00:00,1,27,27681,2,6,7,3,CLEMENCEAU (RUE),"490,948,800,000","14,860,800,000",2.022E+11,738 690,B01,0,1,0,2,7,19,5,NULL,2.022E+11,999 060,738 690,B01,1,1,4,1,1949,5,8,0,-1,0,0,-1,2.022E+11,3,CLEMENCEAU (RUE),0,NULL,2,1,0,1,0,10,1,NULL,-1,1,0,1,50,
2.022E+11,12,7,2022,18:00:00,1,27,27681,2,6,7,3,CLEMENCEAU (RUE),"490,948,800,000","14,860,800,000",2.022E+11,738 690,B01,0,1,0,2,7,19,5,NULL,2.022E+11,999 062,738 692,A01,1,1,1,1,1949,5,1,0,-1,0,0,-1,2.022E+11,3,CLEMENCEAU (RUE),0,NULL,2,1,0,1,0,10,1,NULL,-1,1,0,1,50,
2.022E+11,29,10,2022,10:17:00,1,75,75106,2,5,1,6,RUE DAUPHINE,"488,560,440,000","23,404,590,000",2.022E+11,737 223,A01,1,1,0,1,1,1,5,NULL,2.022E+11,997 075,737 223,A01,10,3,4,2,1951,5,0,-1,-1,0,0,-1,2.022E+11,4,RUE DAUPHINE,0,NULL,2,2,1,1,-1,-1,1,NULL,-1,1,0,5,30,
2.022E+11,29,10,2022,10:17:00,1,75,75106,2,5,1,6,RUE DAUPHINE,"488,560,440,000","23,404,590,000",2.022E+11,737 223,A01,1,1,0,1,1,1,5,NULL,2.022E+11,997 076,737 223,A01,1,1,1,1,1990,1,2,0,-1,0,0,-1,2.022E+11,4,RUE DAUPHINE,0,NULL,2,2,1,1,-1,-1,1,NULL,-1,1,0,5,30,
2.022E+11,10,6,2022,08:55:00,1,69,69388,2,3,1,1,Avenue des Frères Lumière,"457,433,600,000","48,742,600,000",2.022E+11,731 777,B01,2,1,0,2,1,1,0,NULL,2.022E+11,989 841,731 777,B01,1,1,4,1,1977,1,8,-1,-1,0,0,-1,2.022E+11,4,FRERES LUMIERE (DES)                (AV),0,NULL,1,1,2,1,-1,-1,1,NULL,-1,1,-1,1,30,
2.022E+11,10,6,2022,08:55:00,1,69,69388,2,3,1,1,Avenue des Frères Lumière,"457,433,600,000","48,742,600,000",2.022E+11,731 777,B01,2,1,0,2,1,1,0,NULL,2.022E+11,989 843,731 779,A01,1,1,1,2,2003,1,8,-1,-1,0,0,-1,2.022E+11,4,FRERES LUMIERE (DES)                (AV),0,NULL,1,1,2,1,-1,-1,1,NULL,-1,1,-1,1,30,
2.022E+11,28,3,2022,18:35:00,1,75,75101,2,2,1,6,RUE DE RIVOLI,"488,585,417,041","23,482,351,005",2.022E+11,726 466,A01,1,1,12,0,1,14,5,NULL,2.022E+11,982 848,726 466,A01,1,1,4,1,2005,5,2,-1,-1,0,0,-1,2.022E+11,4,RUE DE RIVOLI,0,NULL,1,4,1,1,-1,-1,1,NULL,-1,1,-1,5,30,
2.022E+11,26,11,2022,13:15:00,1,67,67482,2,3,1,3,SCHIRMECK (ROUTE DE),"485,663,800,000","77,081,400,000",2.022E+11,724 454,A01,1,1,0,2,7,15,5,NULL,2.022E+11,980 187,724 448,B01,1,1,1,1,1981,0,1,0,-1,-1,-1,-1,2.022E+11,7,SCHIRMECK (ROUTE DE),0,NULL,2,6,3,1,0,0,1,NULL,-1,1,0,1,50,
2.022E+11,26,11,2022,13:15:00,1,67,67482,2,3,1,3,SCHIRMECK (ROUTE DE),"485,663,800,000","77,081,400,000",2.022E+11,724 454,A01,1,1,0,2,7,15,5,NULL,2.022E+11,980 190,724 454,A01,1,1,4,1,1946,0,8,0,-1,-1,-1,-1,2.022E+11,7,SCHIRMECK (ROUTE DE),0,NULL,2,6,3,1,0,0,1,NULL,-1,1,0,1,50,
2.022E+11,12,8,2022,10:10:00,1,88,88442,1,1,1,6,Route du Col,"480,383,880,000","68,179,090,000",2.022E+11,721 773,A01,3,1,13,0,1,1,5,NULL,2.022E+11,976 637,721 773,A01,1,1,2,1,1999,5,2,-1,-1,0,0,-1,2.022E+11,4,23,0,G,2,2,0,2,999,999,2,NULL,-1,1,0,1,80,
2.022E+11,8,8,2022,19:50:00,2,69,69244,2,3,7,1,Chemin de la Raude,"457,579,910,000","47,756,950,000",2.022E+11,721 754,B01,0,1,0,2,8,1,5,NULL,2.022E+11,976 607,721 750,A01,1,1,1,1,2004,5,1,-1,-1,0,0,-1,2.022E+11,4,NULL,0,NULL,1,1,2,1,-1,-1,1,NULL,3,1,9,5,30,
2.022E+11,8,8,2022,19:50:00,2,69,69244,2,3,7,1,Chemin de la Raude,"457,579,910,000","47,756,950,000",2.022E+11,721 754,B01,0,1,0,2,8,1,5,NULL,2.022E+11,976 611,721 754,B01,1,1,4,1,1993,5,2,-1,-1,0,0,-1,2.022E+11,4,NULL,0,NULL,1,1,2,1,-1,-1,1,NULL,3,1,9,5,30,
2.022E+11,6,6,2022,16:00:00,1,987,98714,1,1,1,7,Haamaire,"-164,879,420,000","-1,517,212,340,000",2.022E+11,721 112,A01,3,1,0,0,0,15,5,NULL,2.022E+11,975 727,721 112,A01,1,1,3,2,1952,5,0,-1,-1,0,0,-1,2.022E+11,2,111,0,NULL,2,2,0,2,-1,-1,4,NULL,-1,1,0,1,40,
2.022E+11,18,9,2022,19:00:00,2,94,94076,2,1,1,6,GUYNEMER (R),"487,926,300,000","23,679,500,000",2.022E+11,718 367,B01,1,1,0,2,8,26,5,NULL,2.022E+11,971 925,718 363,A01,1,1,1,2,1999,0,1,0,-1,-1,-1,-1,2.022E+11,4,GUYNEMER (R),0,NULL,1,1,0,1,0,0,1,NULL,-1,1,0,1,50,
2.022E+11,18,9,2022,19:00:00,2,94,94076,2,1,1,6,GUYNEMER (R),"487,926,300,000","23,679,500,000",2.022E+11,718 367,B01,1,1,0,2,8,26,5,NULL,2.022E+11,971 932,718 367,B01,1,1,4,1,2016,0,2,0,-1,-1,-1,-1,2.022E+11,4,GUYNEMER (R),0,NULL,1,1,0,1,0,0,1,NULL,-1,1,0,1,50,
2.022E+11,19,10,2022,15:15:00,1,69,69266,2,1,1,1,Rue Pierre Baratin,"457,661,500,000","49,015,300,000",2.022E+11,716 466,B01,1,1,0,2,1,1,0,NULL,2.022E+11,969 335,716 466,B01,1,1,4,1,1981,0,8,-1,-1,0,0,-1,2.022E+11,4,PIERRE BARATIN     (Rue),0,NULL,1,2,2,1,-1,-1,1,NULL,-1,1,9,6,50,
2.022E+11,19,10,2022,15:15:00,1,69,69266,2,1,1,1,Rue Pierre Baratin,"457,661,500,000","49,015,300,000",2.022E+11,716 466,B01,1,1,0,2,1,1,0,NULL,2.022E+11,969 341,716 473,A01,1,1,1,1,2000,9,1,-1,-1,0,0,-1,2.022E+11,4,PIERRE BARATIN     (Rue),0,NULL,1,2,2,1,-1,-1,1,NULL,-1,1,9,6,50,
2.022E+11,6,8,2022,18:19:00,1,61,61483,1,1,1,3,le grand gué,"485,816,080,000"," -0,4298190000",2.022E+11,808 582,B01,2,1,0,2,0,1,5,NULL,2.022E+11,1 092 538,808 581,A01,1,1,1,1,1994,4,1,-1,-1,0,0,-1,2.022E+11,3,908,0,D,2,2,0,2,48,230,1,NULL,-1,1,0,1,70,
2.022E+11,6,8,2022,18:19:00,1,61,61483,1,1,1,3,le grand gué,"485,816,080,000"," -0,4298190000",2.022E+11,808 582,B01,2,1,0,2,0,1,5,NULL,2.022E+11,1 092 539,808 582,B01,1,1,3,2,1951,5,0,-1,-1,0,0,-1,2.022E+11,3,908,0,D,2,2,0,2,48,230,1,NULL,-1,1,0,1,70,
2.022E+11,22,1,2022,15:45:00,1,14,14254,2,4,1,6,rue du coudray,"491,419,040,000"," -0,4212280000",2.022E+11,800 055,B01,2,1,0,0,8,23,5,NULL,2.022E+11,1 081 200,800 055,B01,1,1,3,1,2015,5,2,-1,-1,0,0,-1,2.022E+11,4,NULL,-1,NULL,2,1,0,1,-1,-1,1,NULL,3,1,0,1,50,
2.022E+11,22,1,2022,15:45:00,1,14,14254,2,4,1,6,rue du coudray,"491,419,040,000"," -0,4212280000",2.022E+11,800 057,B01,0,1,0,0,0,23,5,NULL,2.022E+11,1 081 200,800 055,B01,1,1,3,1,2015,5,2,-1,-1,0,0,-1,2.022E+11,4,NULL,-1,NULL,2,1,0,1,-1,-1,1,NULL,3,1,0,1,50,
2.022E+11,22,1,2022,15:45:00,1,14,14254,2,4,1,6,rue du coudray,"491,419,040,000"," -0,4212280000",2.022E+11,800 055,B01,2,1,0,0,8,23,5,NULL,2.022E+11,1 081 202,800 057,B01,1,1,3,1,2015,5,2,-1,-1,0,0,-1,2.022E+11,4,NULL,-1,NULL,2,1,0,1,-1,-1,1,NULL,3,1,0,1,50,
2.022E+11,22,1,2022,15:45:00,1,14,14254,2,4,1,6,rue du coudray,"491,419,040,000"," -0,4212280000",2.022E+11,800 057,B01,0,1,0,0,0,23,5,NULL,2.022E+11,1 081 202,800 057,B01,1,1,3,1,2015,5,2,-1,-1,0,0,-1,2.022E+11,4,NULL,-1,NULL,2,1,0,1,-1,-1,1,NULL,3,1,0,1,50,
2.022E+11,22,1,2022,15:45:00,1,14,14254,2,4,1,6,rue du coudray,"491,419,040,000"," -0,4212280000",2.022E+11,800 055,B01,2,1,0,0,8,23,5,NULL,2.022E+11,1 081 204,800 059,A01,2,2,1,1,2002,5,1,-1,-1,0,0,-1,2.022E+11,4,NULL,-1,NULL,2,1,0,1,-1,-1,1,NULL,3,1,0,1,50,
2.022E+11,22,1,2022,15:45:00,1,14,14254,2,4,1,6,rue du coudray,"491,419,040,000"," -0,4212280000",2.022E+11,800 057,B01,0,1,0,0,0,23,5,NULL,2.022E+11,1 081 204,800 059,A01,2,2,1,1,2002,5,1,-1,-1,0,0,-1,2.022E+11,4,NULL,-1,NULL,2,1,0,1,-1,-1,1,NULL,3,1,0,1,50,
2.022E+11,22,1,2022,15:45:00,1,14,14254,2,4,1,6,rue du coudray,"491,419,040,000"," -0,4212280000",2.022E+11,800 055,B01,2,1,0,0,8,23,5,NULL,2.022E+11,1 081 206,800 059,A01,1,1,1,1,2002,5,1,-1,-1,0,0,-1,2.022E+11,4,NULL,-1,NULL,2,1,0,1,-1,-1,1,NULL,3,1,0,1,50,
2.022E+11,22,1,2022,15:45:00,1,14,14254,2,4,1,6,rue du coudray,"491,419,040,000"," -0,4212280000",2.022E+11,800 057,B01,0,1,0,0,0,23,5,NULL,2.022E+11,1 081 206,800 059,A01,1,1,1,1,2002,5,1,-1,-1,0,0,-1,2.022E+11,4,NULL,-1,NULL,2,1,0,1,-1,-1,1,NULL,3,1,0,1,50,
2.022E+11,3,8,2022,07:28:00,2,84,84027,2,1,1,2,chemin de Saint Charles,"441,073,120,000","47,591,860,000",2.022E+11,798 562,B01,3,1,0,2,0,2,5,NULL,2.022E+11,1 079 270,798 562,B01,1,1,2,1,1953,0,0,-1,-1,0,0,-1,2.022E+11,4,NULL,-1,NULL,2,2,0,1,-1,-1,1,NULL,4,1,0,1,50,
2.022E+11,3,8,2022,07:28:00,2,84,84027,2,1,1,2,chemin de Saint Charles,"441,073,120,000","47,591,860,000",2.022E+11,798 562,B01,3,1,0,2,0,2,5,NULL,2.022E+11,1 079 271,798 563,A01,1,1,1,2,1995,1,1,-1,-1,0,0,-1,2.022E+11,4,NULL,-1,NULL,2,2,0,1,-1,-1,1,NULL,4,1,0,1,50,
2.022E+11,6,2,2022,06:18:00,5,75,75110,2,1,1,7,BOULEVARD DE LA CHAPELLE,"488,842,460,000","23,583,960,000",2.022E+11,789 915,A01,2,1,0,0,0,1,5,NULL,2.022E+11,1 067 786,789 915,A01,1,1,4,2,1989,9,2,0,-1,0,0,-1,2.022E+11,4,BOULEVARD DE LA CHAPELLE,0,NULL,3,3,1,2,-1,-1,1,NULL,-1,1,0,5,30,
2.022E+11,17,11,2022,08:00:00,1,75,75110,2,2,1,2,AVENUE PARMENTIER,"488,712,460,000","23,701,350,000",2.022E+11,788 181,A01,2,1,0,2,4,1,5,NULL,2.022E+11,1 065 411,788 181,A01,1,1,4,1,1990,9,8,0,-1,0,0,-1,2.022E+11,4,AVENUE PARMENTIER,0,NULL,2,2,0,1,-1,-1,1,NULL,-1,2,0,1,30,
2.022E+11,17,11,2022,08:00:00,1,75,75110,2,2,1,2,AVENUE PARMENTIER,"488,712,460,000","23,701,350,000",2.022E+11,788 181,A01,2,1,0,2,4,1,5,NULL,2.022E+11,1 065 412,788 182,Z01,1,1,1,-1,NULL,-1,-1,-1,-1,-1,-1,-1,2.022E+11,4,AVENUE PARMENTIER,0,NULL,2,2,0,1,-1,-1,1,NULL,-1,2,0,1,30,
2.022E+11,15,11,2022,10:20:00,1,75,75104,2,2,2,3,RUE SAINT ANTOINE,"488,539,730,000","23,647,970,000",2.022E+11,784 920,B01,1,1,0,2,0,1,5,NULL,2.022E+11,1 061 016,784 920,B01,1,1,4,1,1971,9,2,0,-1,0,0,-1,2.022E+11,4,RUE SAINT ANTOINE,0,NULL,2,4,1,1,-1,-1,1,NULL,-1,2,0,5,30,
2.022E+11,15,11,2022,10:20:00,1,75,75104,2,2,2,3,RUE SAINT ANTOINE,"488,539,730,000","23,647,970,000",2.022E+11,784 920,B01,1,1,0,2,0,1,5,NULL,2.022E+11,1 061 017,784 921,A01,1,1,1,1,1983,1,1,0,-1,0,0,-1,2.022E+11,4,RUE SAINT ANTOINE,0,NULL,2,4,1,1,-1,-1,1,NULL,-1,2,0,5,30,
2.022E+11,28,7,2022,19:45:00,1,56,56237,1,6,1,3,Rue Joseph Quilliou,"480,405,620,000","-29,492,420,000",2.022E+11,784 740,B01,1,1,0,2,1,1,5,NULL,2.022E+11,1 060 771,784 739,A01,1,1,1,-1,NULL,-1,-1,-1,-1,-1,-1,-1,2.022E+11,3,179,0,D,2,2,0,1,36,330,1,NULL,-1,1,0,5,70,
2.022E+11,28,7,2022,19:45:00,1,56,56237,1,6,1,3,Rue Joseph Quilliou,"480,405,620,000","-29,492,420,000",2.022E+11,784 740,B01,1,1,0,2,1,1,5,NULL,2.022E+11,1 060 772,784 740,B01,1,1,4,1,2002,5,2,-1,-1,0,0,-1,2.022E+11,3,179,0,D,2,2,0,1,36,330,1,NULL,-1,1,0,5,70,
2.022E+11,16,7,2022,18:05:00,1,67,67286,2,2,1,3,Rue Sainte Odile,"484,499,800,000","75,430,910,000",2.022E+11,781 305,B01,3,1,0,2,8,1,5,NULL,2.022E+11,1 056 248,781 305,B01,1,1,3,1,1975,5,2,-1,-1,0,0,-1,2.022E+11,4,NULL,-1,NULL,2,2,0,1,-1,-1,1,NULL,4,1,0,1,40,
2.022E+11,16,7,2022,18:05:00,1,67,67286,2,2,1,3,Rue Sainte Odile,"484,499,800,000","75,430,910,000",2.022E+11,781 305,B01,3,1,0,2,8,1,5,NULL,2.022E+11,1 056 250,781 307,A01,1,1,1,1,2004,5,1,-1,-1,0,0,-1,2.022E+11,4,NULL,-1,NULL,2,2,0,1,-1,-1,1,NULL,4,1,0,1,40,
2.022E+11,31,1,2022,19:15:00,5,91,91425,2,9,1,3,RTE D ORLEANS RN 20,"486,444,800,000","22,700,900,000",2.022E+11,780 640,B01,2,1,9,2,1,1,5,NULL,2.022E+11,1 055 387,780 638,A01,1,1,1,1,1968,1,1,0,-1,-1,-1,-1,2.022E+11,3,RTE D ORLEANS RN 20,0,NULL,3,5,1,1,0,0,1,NULL,-1,1,9,5,50,
2.022E+11,31,1,2022,19:15:00,5,91,91425,2,9,1,3,RTE D ORLEANS RN 20,"486,444,800,000","22,700,900,000",2.022E+11,780 640,B01,2,1,9,2,1,1,5,NULL,2.022E+11,1 055 389,780 640,B01,1,1,4,1,1975,3,8,4,-1,-1,-1,-1,2.022E+11,3,RTE D ORLEANS RN 20,0,NULL,3,5,1,1,0,0,1,NULL,-1,1,9,5,50,
2.022E+11,7,9,2022,09:30:00,1,14,14570,1,1,1,7,D519,"490,742,931,032","0,3249667883",2.022E+11,779 475,A01,1,1,0,0,0,1,5,NULL,2.022E+11,1 053 815,779 475,A01,1,1,4,1,2012,5,0,-1,-1,0,0,-1,2.022E+11,3,NULL,0,NULL,2,1,0,2,12,50,1,NULL,3,1,0,1,80,
2.022E+11,20,4,2022,14:45:00,1,94,94017,2,1,1,1,79 Avenue du Général de Gaulle,"488,224,500,000","24,922,000,000",2.022E+11,778 733,B01,2,1,14,2,3,0,5,NULL,2.022E+11,1 052 814,778 731,A01,1,1,1,1,1981,4,1,0,-1,-1,-1,-1,2.022E+11,3,GENERAL DE GAULLE (AV DU),0,NULL,3,4,0,1,0,1,1,NULL,-1,1,0,1,50,
2.022E+11,20,4,2022,14:45:00,1,94,94017,2,1,1,1,79 Avenue du Général de Gaulle,"488,224,500,000","24,922,000,000",2.022E+11,778 733,B01,2,1,14,2,3,0,5,NULL,2.022E+11,1 052 815,778 733,B01,1,1,4,1,2011,0,8,0,-1,-1,-1,-1,2.022E+11,3,GENERAL DE GAULLE (AV DU),0,NULL,3,4,0,1,0,1,1,NULL,-1,1,0,1,50,
2.022E+11,9,10,2022,11:05:00,1,82,82064,2,1,1,7,RD 77,"438,063,810,000","10,312,130,000",2.022E+11,778 656,A01,1,1,0,0,1,1,5,NULL,2.022E+11,1 052 718,778 656,A01,1,1,3,1,1967,5,2,-1,-1,0,0,-1,2.022E+11,3,77,0,NULL,-1,2,0,2,1,0,3,NULL,-1,9,0,1,50,
2.022E+11,23,5,2022,22:30:00,5,92,92012,2,2,3,3,GALLIENI (RUE) 142/FIN,"488,361,700,000","22,366,300,000",2.022E+11,773 684,B01,1,1,1,0,7,1,5,NULL,2.022E+11,1 045 986,773 684,B01,1,1,4,1,1991,1,8,0,-1,-1,-1,-1,2.022E+11,4,NULL,0,NULL,3,2,0,1,0,0,1,NULL,-1,2,0,1,50,
2.022E+11,23,5,2022,22:30:00,5,92,92012,2,2,3,3,GALLIENI (RUE) 142/FIN,"488,361,700,000","22,366,300,000",2.022E+11,773 684,B01,1,1,1,0,7,1,5,NULL,2.022E+11,1 045 988,773 686,A01,1,1,1,1,1997,1,1,0,-1,-1,-1,-1,2.022E+11,4,NULL,0,NULL,3,2,0,1,0,0,1,NULL,-1,2,0,1,50,
2.022E+11,17,4,2022,15:30:00,1,59,59350,2,3,1,6,ESCH SUR ALZETTE RUE,"506,401,325,191","30,769,082,307",2.022E+11,772 283,A01,0,1,0,2,8,9,5,NULL,2.022E+11,1 044 065,772 283,A01,1,1,1,-1,NULL,-1,-1,-1,-1,-1,-1,-1,2.022E+11,4,ESCH SUR ALZETTE RUE,0,NULL,2,0,0,1,-1,-1,1,NULL,-1,1,0,1,30,
2.022E+11,17,4,2022,15:30:00,1,59,59350,2,3,1,6,ESCH SUR ALZETTE RUE,"506,401,325,191","30,769,082,307",2.022E+11,772 283,A01,0,1,0,2,8,9,5,NULL,2.022E+11,1 044 066,772 283,A01,10,3,4,2,1999,3,0,-1,-1,5,3,1,2.022E+11,4,ESCH SUR ALZETTE RUE,0,NULL,2,0,0,1,-1,-1,1,NULL,-1,1,0,1,30,
2.022E+11,17,4,2022,01:00:00,5,7,7319,1,1,1,3,NULL,"445,598,760,000","46,916,770,000",2.022E+11,768 830,B01,3,1,0,0,7,1,5,NULL,2.022E+11,1 039 473,768 830,B01,1,1,4,1,1961,5,2,4,-1,0,0,-1,2.022E+11,3,86,-1,NULL,2,2,0,1,100,800,2,NULL,-1,1,0,1,80,
2.022E+11,17,4,2022,01:00:00,5,7,7319,1,1,1,3,NULL,"445,598,760,000","46,916,770,000",2.022E+11,768 830,B01,3,1,0,0,7,1,5,NULL,2.022E+11,1 039 475,768 833,A01,1,1,1,1,1993,0,1,-1,-1,0,0,-1,2.022E+11,3,86,-1,NULL,2,2,0,1,100,800,2,NULL,-1,1,0,1,80,
2.022E+11,15,4,2022,13:40:00,1,92,92051,2,1,1,3,LONGCHAMP (RUE DE),"488,843,312,946","22,578,768,432",2.022E+11,768 323,B01,3,1,1,0,0,0,5,NULL,2.022E+11,1 038 826,768 323,B01,1,1,4,1,1965,5,8,0,-1,-1,-1,-1,2.022E+11,4,NULL,0,NULL,1,1,0,1,0,0,1,NULL,-1,1,0,1,30,
2.022E+11,15,4,2022,13:40:00,1,92,92051,2,1,1,3,LONGCHAMP (RUE DE),"488,843,312,946","22,578,768,432",2.022E+11,768 323,B01,3,1,1,0,0,0,5,NULL,2.022E+11,1 038 827,768 324,A01,1,1,1,2,1986,0,1,0,0,-1,-1,-1,2.022E+11,4,NULL,0,NULL,1,1,0,1,0,0,1,NULL,-1,1,0,1,30,
2.022E+11,15,4,2022,13:40:00,1,92,92051,2,1,1,3,LONGCHAMP (RUE DE),"488,843,312,946","22,578,768,432",2.022E+11,768 323,B01,3,1,1,0,0,0,5,NULL,2.022E+11,1 038 828,768 324,A01,2,2,1,2,1986,0,1,0,-1,-1,-1,-1,2.022E+11,4,NULL,0,NULL,1,1,0,1,0,0,1,NULL,-1,1,0,1,30,
2.022E+11,23,5,2022,08:55:00,1,92,92033,2,9,2,3,SUISSES,"488,536,600,000","21,967,000,000",2.022E+11,767 066,B01,1,1,1,0,0,1,5,NULL,2.022E+11,1 037 170,767 065,A01,1,1,1,2,1974,2,8,0,-1,0,0,-1,2.022E+11,4,NULL,0,NULL,2,2,0,2,0,0,1,NULL,-1,2,0,1,50,
2.022E+11,23,5,2022,08:55:00,1,92,92033,2,9,2,3,SUISSES,"488,536,600,000","21,967,000,000",2.022E+11,767 066,B01,1,1,1,0,0,1,5,NULL,2.022E+11,1 037 171,767 066,B01,1,1,4,1,1981,1,8,0,-1,0,0,-1,2.022E+11,4,NULL,0,NULL,2,2,0,2,0,0,1,NULL,-1,2,0,1,50,
2.022E+11,28,8,2022,10:00:00,1,17,17351,1,1,1,4,D18,"458,038,020,000","-10,012,980,000",2.022E+11,755 296,B01,2,1,0,2,1,13,5,NULL,2.022E+11,1 021 513,755 295,A01,1,1,1,2,1950,5,1,-1,-1,0,0,-1,2.022E+11,3,18,-1,NULL,2,2,0,1,4,100,1,NULL,-1,1,2,1,80,
2.022E+11,28,8,2022,10:00:00,1,17,17351,1,1,1,4,D18,"458,038,020,000","-10,012,980,000",2.022E+11,755 298,C01,2,1,0,2,1,13,5,NULL,2.022E+11,1 021 513,755 295,A01,1,1,1,2,1950,5,1,-1,-1,0,0,-1,2.022E+11,3,18,-1,NULL,2,2,0,1,4,100,1,NULL,-1,1,2,1,80,