Accident_Id,jour,mois,an,hrmn,lum,dep,com,agg,int,atm,col,adr,lat,long,Num_Acc,id_vehicule,num_veh,senc,catv,obs,obsm,choc,manv,motor,occutc,Num_Acc,id_usager,id_vehicule,num_veh,place,catu,grav,sexe,an_nais,trajet,secu1,secu2,secu3,locp,actp,etatp,Num_Acc,catr,voie,v1,v2,circ,nbv,vosp,prof,pr,pr1,plan,lartpc,larrout,surf,infra,situ,vma,
2.022E+11,28,8,2022,10:00:00,1,17,17351,1,1,1,4,D18,"458,038,020,000","-10,012,980,000",2.022E+11,755 296,B01,2,1,0,2,1,13,5,NULL,2.022E+11,1 021 514,755 296,B01,1,1,2,1,1960,5,2,-1,-1,0,0,-1,2.022E+11,3,18,-1,NULL,2,2,0,1,4,100,1,NULL,-1,1,2,1,80,
2.022E+11,28,8,2022,10:00:00,1,17,17351,1,1,1,4,D18,"458,038,020,000","-10,012,980,000",2.022E+11,755 298,C01,2,1,0,2,1,13,5,NULL,2.022E+11,1 021 514,755 296,B01,1,1,2,1,1960,5,2,-1,-1,0,0,-1,2.022E+11,3,18,-1,NULL,2,2,0,1,4,100,1,NULL,-1,1,2,1,80,
2.022E+11,28,8,2022,10:00:00,1,17,17351,1,1,1,4,D18,"458,038,020,000","-10,012,980,000",2.022E+11,755 296,B01,2,1,0,2,1,13,5,NULL,2.022E+11,1 021 516,755 298,C01,1,1,3,1,1971,5,2,-1,-1,0,0,-1,2.022E+11,3,18,-1,NULL,2,2,0,1,4,100,1,NULL,-1,1,2,1,80,
2.022E+11,28,8,2022,10:00:00,1,17,17351,1,1,1,4,D18,"458,038,020,000","-10,012,980,000",2.022E+11,755 298,C01,2,1,0,2,1,13,5,NULL,2.022E+11,1 021 516,755 298,C01,1,1,3,1,1971,5,2,-1,-1,0,0,-1,2.022E+11,3,18,-1,NULL,2,2,0,1,4,100,1,NULL,-1,1,2,1,80,
2.022E+11,30,9,2022,20:30:00,5,75,75108,2,2,1,2,RUE FRANCOIS 1ER,"488,686,530,000","23,037,030,000",2.022E+11,753 078,A01,1,1,0,2,5,2,5,NULL,2.022E+11,1 018 535,753 077,B01,1,1,1,1,1985,9,1,0,-1,0,0,-1,2.022E+11,4,RUE FRANCOIS 1ER,0,NULL,1,2,0,1,-1,-1,1,NULL,-1,1,0,1,30,
2.022E+11,30,9,2022,20:30:00,5,75,75108,2,2,1,2,RUE FRANCOIS 1ER,"488,686,530,000","23,037,030,000",2.022E+11,753 078,A01,1,1,0,2,5,2,5,NULL,2.022E+11,1 018 537,753 078,A01,1,1,4,2,1990,9,2,0,-1,0,0,-1,2.022E+11,4,RUE FRANCOIS 1ER,0,NULL,1,2,0,1,-1,-1,1,NULL,-1,1,0,1,30,
2.022E+11,2,11,2022,22:18:00,5,29,29019,2,6,2,3,Rond point Henry Rol-Tanguy,"483,871,484,080","-44,824,508,428",2.022E+11,750 460,B01,2,1,0,2,7,1,5,NULL,2.022E+11,1 014 973,750 459,A01,1,1,1,-1,NULL,9,8,-1,-1,-1,-1,-1,2.022E+11,4,TANGUY ROLL (PLACE),0,NULL,1,2,0,2,-1,-1,2,NULL,-1,2,5,1,30,
2.022E+11,2,11,2022,22:18:00,5,29,29019,2,6,2,3,Rond point Henry Rol-Tanguy,"483,871,484,080","-44,824,508,428",2.022E+11,750 460,B01,2,1,0,2,7,1,5,NULL,2.022E+11,1 014 974,750 460,B01,1,1,4,1,2004,5,8,-1,-1,-1,-1,-1,2.022E+11,4,TANGUY ROLL (PLACE),0,NULL,1,2,0,2,-1,-1,2,NULL,-1,2,5,1,30,
2.022E+11,28,9,2022,15:30:00,1,42,42304,2,1,2,1,Route des Monts,"455,419,350,000","41,916,920,000",2.022E+11,742 799,B01,1,1,0,2,3,1,5,NULL,2.022E+11,1 004 733,742 799,B01,1,1,3,1,2004,5,2,-1,-1,0,0,-1,2.022E+11,3,54,-1,NULL,2,2,0,1,6,670,1,NULL,-1,2,0,1,50,
2.022E+11,28,9,2022,15:30:00,1,42,42304,2,1,2,1,Route des Monts,"455,419,350,000","41,916,920,000",2.022E+11,742 799,B01,1,1,0,2,3,1,5,NULL,2.022E+11,1 004 734,742 800,A01,1,1,1,1,1953,5,1,-1,-1,0,0,-1,2.022E+11,3,54,-1,NULL,2,2,0,1,6,670,1,NULL,-1,2,0,1,50,
2.022E+11,13,7,2022,18:48:00,1,50,50218,2,1,1,2,FOURNEAU (RUE DU),"488,167,700,000","-15,719,000,000",2.022E+11,742 125,B01,1,1,9,0,4,2,5,NULL,2.022E+11,1 003 825,742 125,B01,1,1,4,1,2006,5,8,0,-1,-1,-1,-1,2.022E+11,3,FOURNEAU (RUE DU),0,NULL,2,2,0,1,71,93,1,NULL,-1,1,0,1,50,
2.022E+11,13,7,2022,18:48:00,1,50,50218,2,1,1,2,FOURNEAU (RUE DU),"488,167,700,000","-15,719,000,000",2.022E+11,742 125,B01,1,1,9,0,4,2,5,NULL,2.022E+11,1 003 826,742 126,A01,1,1,1,2,1997,5,1,8,-1,-1,-1,-1,2.022E+11,3,FOURNEAU (RUE DU),0,NULL,2,2,0,1,71,93,1,NULL,-1,1,0,1,50,
2.022E+11,24,2,2022,09:15:00,1,75,75113,2,2,1,3,BOULEVARD AUGUSTE BLANQUI,"488,306,266,887","23,459,324,241",2.022E+11,741 292,B01,1,1,0,2,8,1,5,NULL,2.022E+11,1 002 688,741 291,A01,1,1,1,1,1993,1,2,6,-1,0,0,-1,2.022E+11,4,BOULEVARD AUGUSTE BLANQUI,0,NULL,3,2,0,2,-1,-1,1,NULL,-1,1,5,1,30,
2.022E+11,24,2,2022,09:15:00,1,75,75113,2,2,1,3,BOULEVARD AUGUSTE BLANQUI,"488,306,266,887","23,459,324,241",2.022E+11,741 292,B01,1,1,0,2,8,1,5,NULL,2.022E+11,1 002 690,741 292,B01,1,1,4,2,1979,1,2,8,-1,0,0,-1,2.022E+11,4,BOULEVARD AUGUSTE BLANQUI,0,NULL,3,2,0,2,-1,-1,1,NULL,-1,1,5,1,30,
2.022E+11,19,8,2022,18:32:00,1,6,6088,2,1,1,3,ANGLAIS (A PARTIR DU N° 351),"436,662,400,000","72,110,900,000",2.022E+11,737 782,B01,0,1,0,2,7,1,5,NULL,2.022E+11,997 846,737 780,A01,1,1,4,1,1995,0,1,0,-1,-1,-1,-1,2.022E+11,4,ANGLAIS (A PARTIR DU N° 351),0,NULL,1,3,0,1,0,0,1,NULL,-1,1,0,1,50,
2.022E+11,19,8,2022,18:32:00,1,6,6088,2,1,1,3,ANGLAIS (A PARTIR DU N° 351),"436,662,400,000","72,110,900,000",2.022E+11,737 782,B01,0,1,0,2,7,1,5,NULL,2.022E+11,997 848,737 782,B01,1,1,3,1,1999,0,8,0,-1,-1,-1,-1,2.022E+11,4,ANGLAIS (A PARTIR DU N° 351),0,NULL,1,3,0,1,0,0,1,NULL,-1,1,0,1,50,
2.022E+11,14,5,2022,19:50:00,1,60,60026,2,3,1,3,Rue Boutillier,"495,753,270,703","21,187,139,153",2.022E+11,736 608,B01,3,1,0,2,1,0,5,NULL,2.022E+11,996 225,736 607,A01,1,1,1,1,1974,5,1,-1,-1,0,0,-1,2.022E+11,4,NULL,-1,NULL,2,2,0,1,-1,-1,1,NULL,5,1,0,1,50,
2.022E+11,14,5,2022,19:50:00,1,60,60026,2,3,1,3,Rue Boutillier,"495,753,270,703","21,187,139,153",2.022E+11,736 608,B01,3,1,0,2,1,0,5,NULL,2.022E+11,996 226,736 608,B01,1,1,3,2,2010,5,0,-1,-1,0,0,-1,2.022E+11,4,NULL,-1,NULL,2,2,0,1,-1,-1,1,NULL,5,1,0,1,50,
2.022E+11,23,9,2022,16:45:00,1,69,69266,2,1,1,3,Place Jules Grandclément,"457,590,000,000","48,889,300,000",2.022E+11,732 568,B01,3,1,0,2,8,9,6,NULL,2.022E+11,990 900,732 567,A01,1,1,1,1,2002,9,1,-1,-1,0,0,-1,2.022E+11,4,JULES GRANDCLEMENT    (Place),0,NULL,2,2,0,1,-1,-1,1,NULL,-1,1,0,1,50,
2.022E+11,23,9,2022,16:45:00,1,69,69266,2,1,1,3,Place Jules Grandclément,"457,590,000,000","48,889,300,000",2.022E+11,732 568,B01,3,1,0,2,8,9,6,NULL,2.022E+11,990 901,732 568,B01,1,1,4,1,1998,9,8,-1,-1,0,0,-1,2.022E+11,4,JULES GRANDCLEMENT    (Place),0,NULL,2,2,0,1,-1,-1,1,NULL,-1,1,0,1,50,
2.022E+11,23,9,2022,17:45:00,1,44,44109,2,6,8,3,9 Boulevard Alexandre Millerand,"472,081,520,000","-15,302,920,000",2.022E+11,732 527,B01,0,1,0,2,7,19,5,NULL,2.022E+11,990 853,732 527,B01,1,1,4,1,1979,0,2,0,-1,-1,0,-1,2.022E+11,4,BOULEVARD ALEXANDRE MILLERAND,0,NULL,2,5,2,1,-1,-1,1,NULL,-1,1,0,1,30,
2.022E+11,23,9,2022,17:45:00,1,44,44109,2,6,8,3,9 Boulevard Alexandre Millerand,"472,081,520,000","-15,302,920,000",2.022E+11,732 527,B01,0,1,0,2,7,19,5,NULL,2.022E+11,990 854,732 528,A01,1,1,1,2,1992,0,1,0,-1,-1,0,-1,2.022E+11,4,BOULEVARD ALEXANDRE MILLERAND,0,NULL,2,5,2,1,-1,-1,1,NULL,-1,1,0,1,30,
2.022E+11,26,10,2022,05:55:00,5,61,61001,2,6,1,3,GENERAL DE GAULLE (PLACE DU),"484,344,000,000","0,0936700000",2.022E+11,730 225,B01,2,1,0,2,1,2,5,NULL,2.022E+11,987 781,730 223,A01,1,1,1,2,1968,1,1,0,-1,-1,-1,-1,2.022E+11,3,GENERAL DE GAULLE (PLACE DU),0,NULL,1,1,0,1,2,600,2,NULL,-1,2,5,1,30,
2.022E+11,26,10,2022,05:55:00,5,61,61001,2,6,1,3,GENERAL DE GAULLE (PLACE DU),"484,344,000,000","0,0936700000",2.022E+11,730 225,B01,2,1,0,2,1,2,5,NULL,2.022E+11,987 782,730 225,B01,1,1,4,1,1992,1,2,4,-1,-1,-1,-1,2.022E+11,3,GENERAL DE GAULLE (PLACE DU),0,NULL,1,1,0,1,2,600,2,NULL,-1,2,5,1,30,
2.022E+11,19,9,2022,12:21:00,1,12,12131,1,1,1,1,Rue des Touroulis,"443,852,633,402","26,376,199,723",2.022E+11,728 968,B01,2,1,0,2,1,1,5,NULL,2.022E+11,986 141,728 968,B01,1,1,3,1,1977,5,0,-1,-1,0,0,-1,2.022E+11,4,NULL,-1,NULL,2,2,0,1,-1,-1,2,NULL,4,1,0,1,50,
2.022E+11,19,9,2022,12:21:00,1,12,12131,1,1,1,1,Rue des Touroulis,"443,852,633,402","26,376,199,723",2.022E+11,728 968,B01,2,1,0,2,1,1,5,NULL,2.022E+11,986 143,728 970,A01,1,1,1,1,1995,1,1,-1,-1,0,0,-1,2.022E+11,4,NULL,-1,NULL,2,2,0,1,-1,-1,2,NULL,4,1,0,1,50,
2.022E+11,21,9,2022,20:19:00,2,44,44109,2,1,1,1,30 Boulevard Pasteur,"472,131,060,000","-15,824,400,000",2.022E+11,725 718,B01,1,1,0,2,0,0,5,NULL,2.022E+11,981 877,725 717,A01,1,1,1,1,2001,0,1,8,-1,0,0,-1,2.022E+11,4,BOULEVARD PASTEUR,0,NULL,2,2,2,2,-1,-1,1,NULL,-1,1,0,1,50,
2.022E+11,21,9,2022,20:19:00,2,44,44109,2,1,1,1,30 Boulevard Pasteur,"472,131,060,000","-15,824,400,000",2.022E+11,725 718,B01,1,1,0,2,0,0,5,NULL,2.022E+11,981 878,725 718,B01,1,1,4,1,2008,0,8,8,-1,0,0,-1,2.022E+11,4,BOULEVARD PASTEUR,0,NULL,2,2,2,2,-1,-1,1,NULL,-1,1,0,1,50,
2.022E+11,22,4,2022,06:50:00,1,988,98818,1,6,1,3,Rond point Edouard MAGNIER/RUE ROGER GERVOLINO,"-222,676,500,000","1,664,637,200,000",2.022E+11,722 878,B01,1,1,0,2,8,1,5,NULL,2.022E+11,978 140,722 878,B01,1,1,3,1,1981,0,8,8,-1,0,0,-1,2.022E+11,4,ROND POINT EDOUARD MAGNIER,0,NULL,2,2,0,1,0,0,2,NULL,-1,1,0,1,30,
2.022E+11,22,4,2022,06:50:00,1,988,98818,1,6,1,3,Rond point Edouard MAGNIER/RUE ROGER GERVOLINO,"-222,676,500,000","1,664,637,200,000",2.022E+11,722 878,B01,1,1,0,2,8,1,5,NULL,2.022E+11,978 147,722 880,A01,1,1,1,2,1938,9,1,1,-1,0,0,-1,2.022E+11,4,ROND POINT EDOUARD MAGNIER,0,NULL,2,2,0,1,0,0,2,NULL,-1,1,0,1,30,
2.022E+11,27,3,2022,18:00:00,1,45,45341,1,4,1,3,D136 - PR 1 + 820,"480,429,720,000","16,727,970,000",2.022E+11,722 835,B01,1,1,0,2,3,1,5,NULL,2.022E+11,978 078,722 835,B01,1,1,3,1,1975,5,0,-1,-1,0,0,-1,2.022E+11,3,136,0,NULL,2,2,0,1,1,820,1,NULL,-1,1,0,1,80,
2.022E+11,27,3,2022,18:00:00,1,45,45341,1,4,1,3,D136 - PR 1 + 820,"480,429,720,000","16,727,970,000",2.022E+11,722 835,B01,1,1,0,2,3,1,5,NULL,2.022E+11,978 081,722 836,A01,1,1,1,1,1945,5,8,-1,-1,0,0,-1,2.022E+11,3,136,0,NULL,2,2,0,1,1,820,1,NULL,-1,1,0,1,80,
2.022E+11,14,2,2022,08:20:00,1,42,42187,2,9,2,3,Avenue de Paris,"460,480,100,000","40,685,900,000",2.022E+11,719 994,B01,0,1,0,2,1,19,5,NULL,2.022E+11,974 207,719 994,B01,1,1,4,2,1954,0,2,0,-1,-1,-1,-1,2.022E+11,3,PARIS (AVENUE DE),0,NULL,1,1,0,1,2,300,2,NULL,-1,2,5,1,50,
2.022E+11,14,2,2022,08:20:00,1,42,42187,2,9,2,3,Avenue de Paris,"460,480,100,000","40,685,900,000",2.022E+11,719 994,B01,0,1,0,2,1,19,5,NULL,2.022E+11,974 216,720 002,A01,1,1,1,1,1972,0,1,8,-1,-1,-1,-1,2.022E+11,3,PARIS (AVENUE DE),0,NULL,1,1,0,1,2,300,2,NULL,-1,2,5,1,50,
2.022E+11,9,7,2022,17:00:00,1,987,98738,1,1,1,3,outumaoro - PK 8+200,"-176,180,000,000","-1,495,490,000,000",2.022E+11,719 898,A01,3,1,12,2,0,26,5,NULL,2.022E+11,974 068,719 893,B01,1,1,1,1,1986,5,1,-1,-1,0,0,-1,2.022E+11,2,RT1,-1,NULL,3,4,0,1,8,200,1,NULL,-1,1,0,1,-1,
2.022E+11,9,7,2022,17:00:00,1,987,98738,1,1,1,3,outumaoro - PK 8+200,"-176,180,000,000","-1,495,490,000,000",2.022E+11,719 898,A01,3,1,12,2,0,26,5,NULL,2.022E+11,974 076,719 898,A01,1,1,3,1,2012,5,0,-1,-1,0,0,-1,2.022E+11,2,RT1,-1,NULL,3,4,0,1,8,200,1,NULL,-1,1,0,1,-1,
2.022E+11,5,5,2022,19:40:00,1,28,28134,2,1,1,1,POIRIER (RUE LEOPOLD),"487,264,400,000","13,794,890,000",2.022E+11,716 660,B01,3,1,0,2,1,19,5,NULL,2.022E+11,969 591,716 655,A01,1,1,3,2,1998,1,1,5,-1,-1,-1,-1,2.022E+11,4,POIRIER (RUE LEOPOLD),0,NULL,3,2,0,1,0,0,1,NULL,-1,1,0,1,50,
2.022E+11,5,5,2022,19:40:00,1,28,28134,2,1,1,1,POIRIER (RUE LEOPOLD),"487,264,400,000","13,794,890,000",2.022E+11,716 660,B01,3,1,0,2,1,19,5,NULL,2.022E+11,969 595,716 660,B01,1,1,4,1,2011,5,8,0,-1,-1,-1,-1,2.022E+11,4,POIRIER (RUE LEOPOLD),0,NULL,3,2,0,1,0,0,1,NULL,-1,1,0,1,50,
2.022E+11,2,6,2022,08:05:00,1,64,64445,2,6,1,3,LEON BLUM,"433,203,300,000"," -0,3274400000",2.022E+11,807 716,B01,3,1,0,2,5,1,5,NULL,2.022E+11,1 091 376,807 716,B01,1,1,4,1,1969,1,8,0,-1,-1,-1,-1,2.022E+11,4,LEON BLUM,0,NULL,1,1,0,1,0,0,2,NULL,-1,1,0,1,50,
2.022E+11,2,6,2022,08:05:00,1,64,64445,2,6,1,3,LEON BLUM,"433,203,300,000"," -0,3274400000",2.022E+11,807 716,B01,3,1,0,2,5,1,5,NULL,2.022E+11,1 091 379,807 718,A01,1,1,1,1,1967,1,1,0,-1,-1,-1,-1,2.022E+11,4,LEON BLUM,0,NULL,1,1,0,1,0,0,2,NULL,-1,1,0,1,50,
2.022E+11,12,2,2022,00:05:00,5,94,94041,2,1,1,6,PIERRE ET MARIE CURIE (R),"488,151,300,000","23,752,600,000",2.022E+11,805 321,B01,2,1,0,0,0,19,5,NULL,2.022E+11,1 088 153,805 318,A01,1,1,1,1,1999,5,1,0,-1,-1,-1,-1,2.022E+11,3,PIERRE ET MARIE CURIE (R),0,NULL,2,2,3,1,-1,-1,1,NULL,-1,1,0,1,50,
2.022E+11,12,2,2022,00:05:00,5,94,94041,2,1,1,6,PIERRE ET MARIE CURIE (R),"488,151,300,000","23,752,600,000",2.022E+11,805 321,B01,2,1,0,0,0,19,5,NULL,2.022E+11,1 088 157,805 321,B01,1,1,4,1,2005,5,0,0,-1,-1,-1,-1,2.022E+11,3,PIERRE ET MARIE CURIE (R),0,NULL,2,2,3,1,-1,-1,1,NULL,-1,1,0,1,50,
2.022E+11,2,6,2022,19:00:00,1,92,92004,1,1,1,2,HOTEL DE VILLE   ( PLACE ),"489,102,500,000","22,888,100,000",2.022E+11,801 443,B01,1,1,0,2,3,1,5,NULL,2.022E+11,1 083 031,801 440,A01,1,1,1,1,1972,0,1,0,-1,-1,-1,-1,2.022E+11,3,9,0,NULL,-1,1,0,1,0,0,1,NULL,-1,1,0,1,50,
2.022E+11,2,6,2022,19:00:00,1,92,92004,1,1,1,2,HOTEL DE VILLE   ( PLACE ),"489,102,500,000","22,888,100,000",2.022E+11,801 443,B01,1,1,0,2,3,1,5,NULL,2.022E+11,1 083 033,801 443,B01,1,1,4,1,1972,0,8,0,-1,-1,-1,-1,2.022E+11,3,9,0,NULL,-1,1,0,1,0,0,1,NULL,-1,1,0,1,50,
2.022E+11,12,9,2022,07:20:00,1,974,97411,2,2,1,3,DORET 1 (BOULEVARD),"-208,901,200,000","554,615,200,000",2.022E+11,799 985,A01,2,1,0,9,1,17,5,NULL,2.022E+11,1 081 113,799 985,A01,1,1,4,1,1995,1,8,0,-1,0,0,-1,2.022E+11,2,JAURES (BLD 1 JEAN),0,NULL,3,4,1,1,0,0,1,NULL,-1,1,0,4,30,
2.022E+11,12,9,2022,07:20:00,1,974,97411,2,2,1,3,DORET 1 (BOULEVARD),"-208,901,200,000","554,615,200,000",2.022E+11,799 985,A01,2,1,0,9,1,17,5,NULL,2.022E+11,1 081 114,799 986,B01,1,1,1,1,1986,1,8,0,-1,0,0,-1,2.022E+11,2,JAURES (BLD 1 JEAN),0,NULL,3,4,1,1,0,0,1,NULL,-1,1,0,4,30,
2.022E+11,16,3,2022,18:55:00,1,47,47239,1,1,1,7,Route de Castelmoron,"444,126,900,000","0,5474160000",2.022E+11,790 515,B01,2,1,0,0,0,1,5,NULL,2.022E+11,1 068 541,790 515,B01,1,1,3,2,2005,9,0,-1,-1,0,0,-1,2.022E+11,3,225,0,D,2,2,0,1,7,906,1,NULL,-1,1,0,1,80,
2.022E+11,16,3,2022,18:55:00,1,47,47239,1,1,1,7,Route de Castelmoron,"444,126,900,000","0,5474160000",2.022E+11,790 515,B01,2,1,0,0,0,1,5,NULL,2.022E+11,1 068 543,790 516,A01,1,1,1,1,2005,9,2,6,-1,0,0,-1,2.022E+11,3,225,0,D,2,2,0,1,7,906,1,NULL,-1,1,0,1,80,
2.022E+11,30,1,2022,12:00:00,1,56,56130,1,1,1,7,Lieu Dit Trevelzun,"477,327,860,000","-32,523,290,000",2.022E+11,780 991,A01,3,1,0,0,0,1,5,NULL,2.022E+11,1 055 836,780 991,A01,1,1,2,1,1960,5,0,-1,-1,0,0,-1,2.022E+11,9,NULL,-1,NULL,-1,-1,0,1,-1,-1,1,NULL,-1,1,0,1,-1,
2.022E+11,19,4,2022,09:55:00,1,974,97407,1,1,1,1,SACRE COEUR (RD POINT) -RIV. DES GALETS ,"-209,562,000,000","553,123,000,000",2.022E+11,778 494,B01,3,1,0,2,8,9,5,NULL,2.022E+11,1 052 514,778 493,A01,1,1,1,1,1999,1,1,8,-1,0,0,-1,2.022E+11,4,SACRE COEUR (RD POINT) -RIV. DES GALETS ,0,NULL,1,4,2,1,0,0,1,NULL,-1,1,0,1,50,
2.022E+11,19,4,2022,09:55:00,1,974,97407,1,1,1,1,SACRE COEUR (RD POINT) -RIV. DES GALETS ,"-209,562,000,000","553,123,000,000",2.022E+11,778 494,B01,3,1,0,2,8,9,5,NULL,2.022E+11,1 052 515,778 494,B01,1,1,3,1,1949,0,8,0,-1,0,0,-1,2.022E+11,4,SACRE COEUR (RD POINT) -RIV. DES GALETS ,0,NULL,1,4,2,1,0,0,1,NULL,-1,1,0,1,50,
2.022E+11,13,1,2022,08:13:00,3,29,29019,2,1,1,3,Avenue 1ère D.f.l.,"483,763,260,000","-45,528,430,000",2.022E+11,777 872,B01,1,1,0,2,8,19,5,NULL,2.022E+11,1 051 704,777 871,A01,1,1,1,1,1961,1,1,-1,-1,-1,-1,-1,2.022E+11,4,PREMIERE DFL (AVENUE),0,NULL,3,2,0,1,0,200,1,NULL,-1,1,-1,1,50,
2.022E+11,13,1,2022,08:13:00,3,29,29019,2,1,1,3,Avenue 1ère D.f.l.,"483,763,260,000","-45,528,430,000",2.022E+11,777 872,B01,1,1,0,2,8,19,5,NULL,2.022E+11,1 051 705,777 872,B01,1,1,4,1,1990,1,2,6,-1,-1,-1,-1,2.022E+11,4,PREMIERE DFL (AVENUE),0,NULL,3,2,0,1,0,200,1,NULL,-1,1,-1,1,50,
2.022E+11,14,11,2022,14:10:00,1,75,75115,2,3,1,3,RUE DE VAUGIRARD,"488,398,440,000","23,020,790,000",2.022E+11,777 846,A01,2,1,0,2,7,1,5,NULL,2.022E+11,1 051 675,777 846,A01,1,1,4,1,1989,9,2,8,-1,0,0,-1,2.022E+11,4,RUE DE VAUGIRARD,0,NULL,1,2,1,1,-1,-1,1,NULL,-1,1,8,1,30,
2.022E+11,14,11,2022,14:10:00,1,75,75115,2,3,1,3,RUE DE VAUGIRARD,"488,398,440,000","23,020,790,000",2.022E+11,777 846,A01,2,1,0,2,7,1,5,NULL,2.022E+11,1 051 676,777 848,B01,1,1,1,1,1982,4,1,8,-1,0,0,-1,2.022E+11,4,RUE DE VAUGIRARD,0,NULL,1,2,1,1,-1,-1,1,NULL,-1,1,8,1,30,
2.022E+11,26,7,2022,10:05:00,1,43,43174,1,1,7,2,Route de Tallobre,"449,922,940,000","38,301,460,000",2.022E+11,773 761,B01,2,1,0,2,4,2,5,NULL,2.022E+11,1 046 085,773 759,A01,1,1,1,1,1959,3,8,-1,-1,0,0,-1,2.022E+11,3,27,-1,NULL,2,2,0,1,19,910,1,NULL,-1,1,0,1,80,
2.022E+11,26,7,2022,10:05:00,1,43,43174,1,1,7,2,Route de Tallobre,"449,922,940,000","38,301,460,000",2.022E+11,773 761,B01,2,1,0,2,4,2,5,NULL,2.022E+11,1 046 087,773 761,B01,1,1,2,1,1945,5,2,-1,-1,0,0,-1,2.022E+11,3,27,-1,NULL,2,2,0,1,19,910,1,NULL,-1,1,0,1,80,
2.022E+11,3,9,2022,02:00:00,5,75,75111,2,1,1,6,RUE BASFROI,"488,538,130,000","23,802,270,000",2.022E+11,772 769,A01,1,1,1,0,0,14,5,NULL,2.022E+11,1 044 748,772 769,A01,1,1,4,1,1997,9,2,0,-1,0,0,-1,2.022E+11,4,RUE BASFROI,0,NULL,2,2,0,1,-1,-1,1,NULL,-1,1,0,1,30,
2.022E+11,5,10,2022,14:05:00,1,75,75111,2,1,1,3,RUE ALEXANDRE DUMAS,"488,531,100,000","23,904,450,000",2.022E+11,771 613,B01,1,1,0,2,3,1,5,NULL,2.022E+11,1 043 175,771 613,B01,1,1,3,1,1956,5,8,0,-1,0,0,-1,2.022E+11,4,RUE ALEXANDRE DUMAS,0,NULL,1,1,0,2,-1,-1,1,NULL,-1,1,0,1,30,
2.022E+11,5,10,2022,14:05:00,1,75,75111,2,1,1,3,RUE ALEXANDRE DUMAS,"488,531,100,000","23,904,450,000",2.022E+11,771 613,B01,1,1,0,2,3,1,5,NULL,2.022E+11,1 043 176,771 614,A01,1,1,1,1,1992,5,8,0,-1,0,0,-1,2.022E+11,4,RUE ALEXANDRE DUMAS,0,NULL,1,1,0,2,-1,-1,1,NULL,-1,1,0,1,30,
2.022E+11,5,10,2022,14:05:00,1,75,75111,2,1,1,3,RUE ALEXANDRE DUMAS,"488,531,100,000","23,904,450,000",2.022E+11,771 613,B01,1,1,0,2,3,1,5,NULL,2.022E+11,1 043 177,771 614,A01,2,2,1,1,1995,5,8,0,-1,0,0,-1,2.022E+11,4,RUE ALEXANDRE DUMAS,0,NULL,1,1,0,2,-1,-1,1,NULL,-1,1,0,1,30,
2.022E+11,11,11,2022,18:10:00,5,31,31555,2,1,1,2,BILLIERES (AV ETIENNE) DU 1AU 78,"435,976,500,000","14,293,200,000",2.022E+11,771 332,A01,1,1,1,0,1,1,5,NULL,2.022E+11,1 042 795,771 328,B01,4,2,1,1,2004,5,1,0,-1,0,0,-1,2.022E+11,4,BILLIERES (AV ETIENNE) DU 1AU 78,0,NULL,2,4,1,1,-1,-1,1,NULL,-1,1,0,5,50,
2.022E+11,11,11,2022,18:10:00,5,31,31555,2,1,1,2,BILLIERES (AV ETIENNE) DU 1AU 78,"435,976,500,000","14,293,200,000",2.022E+11,771 332,A01,1,1,1,0,1,1,5,NULL,2.022E+11,1 042 797,771 328,B01,2,2,1,1,2006,5,1,0,-1,0,0,-1,2.022E+11,4,BILLIERES (AV ETIENNE) DU 1AU 78,0,NULL,2,4,1,1,-1,-1,1,NULL,-1,1,0,5,50,
2.022E+11,11,11,2022,18:10:00,5,31,31555,2,1,1,2,BILLIERES (AV ETIENNE) DU 1AU 78,"435,976,500,000","14,293,200,000",2.022E+11,771 332,A01,1,1,1,0,1,1,5,NULL,2.022E+11,1 042 799,771 328,B01,1,1,1,1,1987,5,1,0,-1,0,0,-1,2.022E+11,4,BILLIERES (AV ETIENNE) DU 1AU 78,0,NULL,2,4,1,1,-1,-1,1,NULL,-1,1,0,5,50,
2.022E+11,11,11,2022,18:10:00,5,31,31555,2,1,1,2,BILLIERES (AV ETIENNE) DU 1AU 78,"435,976,500,000","14,293,200,000",2.022E+11,771 332,A01,1,1,1,0,1,1,5,NULL,2.022E+11,1 042 802,771 332,A01,1,1,3,1,1992,5,8,0,-1,0,0,-1,2.022E+11,4,BILLIERES (AV ETIENNE) DU 1AU 78,0,NULL,2,4,1,1,-1,-1,1,NULL,-1,1,0,5,50,
2.022E+11,21,7,2022,05:40:00,2,59,59328,2,1,1,3,BOIS RUE DU,"506,472,336,603","30,427,801,607",2.022E+11,767 029,A01,3,1,0,2,8,21,5,NULL,2.022E+11,1 037 120,767 027,B01,1,1,4,1,1992,1,2,8,-1,-1,-1,-1,2.022E+11,7,BOIS RUE DU,0,NULL,-1,1,3,1,-1,-1,1,NULL,-1,1,-1,5,10,
2.022E+11,21,7,2022,05:40:00,2,59,59328,2,1,1,3,BOIS RUE DU,"506,472,336,603","30,427,801,607",2.022E+11,767 029,A01,3,1,0,2,8,21,5,NULL,2.022E+11,1 037 122,767 029,A01,1,1,4,1,1999,1,8,0,-1,-1,-1,-1,2.022E+11,7,BOIS RUE DU,0,NULL,-1,1,3,1,-1,-1,1,NULL,-1,1,-1,5,10,