Accident_Id,jour,mois,an,hrmn,lum,dep,com,agg,int,atm,col,adr,lat,long,Num_Acc,id_vehicule,num_veh,senc,catv,obs,obsm,choc,manv,motor,occutc,Num_Acc,id_usager,id_vehicule,num_veh,place,catu,grav,sexe,an_nais,trajet,secu1,secu2,secu3,locp,actp,etatp,Num_Acc,catr,voie,v1,v2,circ,nbv,vosp,prof,pr,pr1,plan,lartpc,larrout,surf,infra,situ,vma,
2.022E+11,19,5,2022,15:10:00,1,88,88160,2,3,1,1,CLEMENCEAU (PL. ET PT.),"481,789,600,000","64,463,000,000",2.022E+11,763 803,B01,3,1,0,2,7,1,5,NULL,2.022E+11,1 032 842,763 803,B01,1,1,3,1,1953,5,8,0,-1,-1,-1,-1,2.022E+11,4,CLEMENCEAU (PL. ET PT.),0,NULL,2,3,0,1,-1,-1,1,NULL,-1,1,0,1,50,
2.022E+11,19,5,2022,15:10:00,1,88,88160,2,3,1,1,CLEMENCEAU (PL. ET PT.),"481,789,600,000","64,463,000,000",2.022E+11,763 803,B01,3,1,0,2,7,1,5,NULL,2.022E+11,1 032 847,763 807,A01,1,1,1,2,1995,5,1,0,-1,-1,-1,-1,2.022E+11,4,CLEMENCEAU (PL. ET PT.),0,NULL,2,3,0,1,-1,-1,1,NULL,-1,1,0,1,50,
2.022E+11,21,5,2022,18:15:00,1,58,58059,2,1,1,6,17 Rue Sainte Anne,"471,764,490,000","30,192,760,000",2.022E+11,760 507,A01,2,1,6,0,0,1,5,NULL,2.022E+11,1 028 513,760 507,A01,1,1,3,1,2009,5,0,-1,-1,0,0,-1,2.022E+11,9,NULL,-1,NULL,1,1,0,2,-1,-1,1,NULL,3,1,0,4,50,
2.022E+11,19,7,2022,08:43:00,1,49,49246,2,6,1,3,DAVID D'ANGERS,"474,334,000,000"," -0,5295500000",2.022E+11,759 461,B01,2,1,0,2,9,2,5,NULL,2.022E+11,1 027 153,759 461,B01,1,1,4,1,1987,0,8,0,-1,-1,-1,-1,2.022E+11,3,DAVID D'ANGERS,0,NULL,2,2,0,1,3,782,1,NULL,-1,1,0,1,30,
2.022E+11,19,7,2022,08:43:00,1,49,49246,2,6,1,3,DAVID D'ANGERS,"474,334,000,000"," -0,5295500000",2.022E+11,759 461,B01,2,1,0,2,9,2,5,NULL,2.022E+11,1 027 155,759 462,A01,1,1,1,1,1976,4,8,0,-1,-1,-1,-1,2.022E+11,3,DAVID D'ANGERS,0,NULL,2,2,0,1,3,782,1,NULL,-1,1,0,1,30,
2.022E+11,10,12,2022,17:37:00,5,45,45208,2,2,1,3,99 Rue la Liberation 23 Aout 1944,"479,942,770,000","27,240,930,000",2.022E+11,759 397,A01,0,1,0,2,7,15,5,NULL,2.022E+11,1 027 064,759 396,B01,1,1,1,1,1983,0,1,8,-1,0,0,-1,2.022E+11,4,LIBERATION (RUE DE LA),0,NULL,2,2,0,1,-1,-1,1,NULL,-1,1,0,1,50,
2.022E+11,10,12,2022,17:37:00,5,45,45208,2,2,1,3,99 Rue la Liberation 23 Aout 1944,"479,942,770,000","27,240,930,000",2.022E+11,759 397,A01,0,1,0,2,7,15,5,NULL,2.022E+11,1 027 065,759 397,A01,1,1,4,1,1992,0,8,0,-1,0,0,-1,2.022E+11,4,LIBERATION (RUE DE LA),0,NULL,2,2,0,1,-1,-1,1,NULL,-1,1,0,1,50,
2.022E+11,22,1,2022,19:50:00,5,14,14118,2,3,1,3,Rue du 11 Novembre,"491,777,100,000"," -0,3575200000",2.022E+11,757 910,B01,3,1,0,2,1,1,5,NULL,2.022E+11,1 025 093,757 910,B01,1,1,3,1,1960,0,0,-1,-1,0,0,-1,2.022E+11,4,SAINT LOUIS (RUE),0,NULL,1,1,0,1,1,0,1,NULL,-1,1,0,1,50,
2.022E+11,22,1,2022,19:50:00,5,14,14118,2,3,1,3,Rue du 11 Novembre,"491,777,100,000"," -0,3575200000",2.022E+11,757 910,B01,3,1,0,2,1,1,5,NULL,2.022E+11,1 025 096,757 913,A01,1,1,1,1,1990,9,1,-1,-1,0,0,-1,2.022E+11,4,SAINT LOUIS (RUE),0,NULL,1,1,0,1,1,0,1,NULL,-1,1,0,1,50,
2.022E+11,3,10,2022,07:30:00,1,54,54397,2,2,1,7,115 Rue Jean Jaures,"486,216,866,370","61,079,907,398",2.022E+11,756 596,A01,1,1,0,0,0,23,5,NULL,2.022E+11,1 023 328,756 596,A01,1,1,2,1,1947,3,0,-1,-1,0,0,-1,2.022E+11,3,974,0,D,2,2,0,1,21,704,1,NULL,-1,1,0,1,50,
2.022E+11,28,2,2022,05:30:00,5,57,57660,2,1,1,3,NATIONALE(RUE)R.SCHOENECK A LIMITE CIRCO,"491,979,300,000","69,307,800,000",2.022E+11,755 668,B01,1,1,0,2,1,1,0,NULL,2.022E+11,1 022 054,755 668,B01,1,1,3,1,1966,1,2,4,0,-1,-1,-1,2.022E+11,3,NATIONALE(RUE)R.SCHOENECK A LIMITE CIRCO,0,NULL,3,2,0,1,80,200,1,NULL,-1,1,3,1,50,
2.022E+11,28,2,2022,05:30:00,5,57,57660,2,1,1,3,NATIONALE(RUE)R.SCHOENECK A LIMITE CIRCO,"491,979,300,000","69,307,800,000",2.022E+11,755 668,B01,1,1,0,2,1,1,0,NULL,2.022E+11,1 022 057,755 671,A01,1,1,1,1,1980,0,1,0,-1,-1,-1,-1,2.022E+11,3,NATIONALE(RUE)R.SCHOENECK A LIMITE CIRCO,0,NULL,3,2,0,1,80,200,1,NULL,-1,1,3,1,50,
2.022E+11,5,11,2022,17:43:00,5,92,92012,2,2,1,2,ANDRE MORIZET (AVENUE) 1/47 - 2/52,"488,345,874,309","22,420,156,002",2.022E+11,753 996,A01,2,1,0,2,0,0,5,NULL,2.022E+11,1 019 779,753 995,B01,1,1,1,2,1972,0,1,0,-1,-1,-1,-1,2.022E+11,3,50,0,NULL,2,2,0,1,0,0,1,NULL,-1,1,0,1,50,
2.022E+11,5,11,2022,17:43:00,5,92,92012,2,2,1,2,ANDRE MORIZET (AVENUE) 1/47 - 2/52,"488,345,874,309","22,420,156,002",2.022E+11,753 996,A01,2,1,0,2,0,0,5,NULL,2.022E+11,1 019 780,753 996,A01,1,1,4,1,1991,0,2,0,-1,-1,-1,-1,2.022E+11,3,50,0,NULL,2,2,0,1,0,0,1,NULL,-1,1,0,1,50,
2.022E+11,3,11,2022,08:25:00,1,974,97411,2,1,1,3,MONDON (RUE MONSEIGNEUR),"-208,948,510,000","554,601,210,000",2.022E+11,750 543,A01,3,1,0,2,1,9,5,NULL,2.022E+11,1 015 077,750 542,B01,1,1,1,2,1973,9,1,0,-1,0,0,-1,2.022E+11,4,MONDON (RUE MONSEIGNEUR),0,NULL,-1,2,0,2,0,0,1,NULL,-1,1,0,1,50,
2.022E+11,3,11,2022,08:25:00,1,974,97411,2,1,1,3,MONDON (RUE MONSEIGNEUR),"-208,948,510,000","554,601,210,000",2.022E+11,750 543,A01,3,1,0,2,1,9,5,NULL,2.022E+11,1 015 078,750 543,A01,5,2,4,1,2007,2,2,0,-1,0,0,-1,2.022E+11,4,MONDON (RUE MONSEIGNEUR),0,NULL,-1,2,0,2,0,0,1,NULL,-1,1,0,1,50,
2.022E+11,3,11,2022,08:25:00,1,974,97411,2,1,1,3,MONDON (RUE MONSEIGNEUR),"-208,948,510,000","554,601,210,000",2.022E+11,750 543,A01,3,1,0,2,1,9,5,NULL,2.022E+11,1 015 079,750 543,A01,1,1,4,1,2005,5,8,0,-1,0,0,-1,2.022E+11,4,MONDON (RUE MONSEIGNEUR),0,NULL,-1,2,0,2,0,0,1,NULL,-1,1,0,1,50,
2.022E+11,3,11,2022,16:40:00,1,33,33063,2,6,1,3,Rue de Canolle,"448,291,500,000"," -0,6032200000",2.022E+11,750 468,A01,3,1,0,2,1,19,5,NULL,2.022E+11,1 014 982,750 468,A01,1,1,4,2,1970,0,2,-1,-1,-1,-1,-1,2.022E+11,4,RUE DE CANOLLE,0,NULL,-1,2,0,1,-1,-1,3,NULL,-1,1,0,1,50,
2.022E+11,3,11,2022,16:40:00,1,33,33063,2,6,1,3,Rue de Canolle,"448,291,500,000"," -0,6032200000",2.022E+11,750 468,A01,3,1,0,2,1,19,5,NULL,2.022E+11,1 014 983,750 469,B01,1,1,1,1,1987,0,1,-1,-1,-1,-1,-1,2.022E+11,4,RUE DE CANOLLE,0,NULL,-1,2,0,1,-1,-1,3,NULL,-1,1,0,1,50,
2.022E+11,3,11,2022,07:45:00,2,33,33119,2,4,1,3,Côte de Monrepos,"448,441,069,000"," -0,5259972811",2.022E+11,750 467,B01,2,1,0,2,1,1,5,NULL,2.022E+11,1 014 980,750 466,A01,1,1,1,2,1971,4,1,-1,-1,-1,-1,-1,2.022E+11,4,COTE DE MONREPOS,0,NULL,2,4,2,2,-1,-1,2,NULL,-1,1,0,1,50,
2.022E+11,3,11,2022,07:45:00,2,33,33119,2,4,1,3,Côte de Monrepos,"448,441,069,000"," -0,5259972811",2.022E+11,750 467,B01,2,1,0,2,1,1,5,NULL,2.022E+11,1 014 981,750 467,B01,1,1,4,1,1984,1,8,-1,-1,-1,-1,-1,2.022E+11,4,COTE DE MONREPOS,0,NULL,2,4,2,2,-1,-1,2,NULL,-1,1,0,1,50,
2.022E+11,29,9,2022,21:30:00,5,75,75119,2,7,1,3,AVENUE JEAN JAURES,"488,827,810,000","23,703,640,000",2.022E+11,749 774,B01,1,1,0,2,1,16,5,NULL,2.022E+11,1 014 114,749 774,B01,1,1,4,2,1997,5,2,0,-1,0,0,-1,2.022E+11,4,AVENUE JEAN JAURES,0,NULL,2,6,1,1,-1,-1,1,NULL,-1,1,-1,5,30,
2.022E+11,29,9,2022,21:30:00,5,75,75119,2,7,1,3,AVENUE JEAN JAURES,"488,827,810,000","23,703,640,000",2.022E+11,749 774,B01,1,1,0,2,1,16,5,NULL,2.022E+11,1 014 115,749 775,A01,1,1,1,1,1999,4,1,0,-1,0,0,-1,2.022E+11,4,AVENUE JEAN JAURES,0,NULL,2,6,1,1,-1,-1,1,NULL,-1,1,-1,5,30,
2.022E+11,14,6,2022,18:30:00,1,78,78551,1,1,1,3,RD 157,"489,142,900,000","21,001,300,000",2.022E+11,747 846,B01,2,1,0,2,8,15,5,NULL,2.022E+11,1 011 485,747 845,A01,1,1,3,1,1983,0,2,6,-1,-1,-1,-1,2.022E+11,3,RD 157,0,NULL,2,0,0,2,1,200,1,NULL,-1,1,0,1,70,
2.022E+11,14,6,2022,18:30:00,1,78,78551,1,1,1,3,RD 157,"489,142,900,000","21,001,300,000",2.022E+11,747 846,B01,2,1,0,2,8,15,5,NULL,2.022E+11,1 011 487,747 845,A01,2,2,4,1,2003,0,2,6,-1,-1,-1,-1,2.022E+11,3,RD 157,0,NULL,2,0,0,2,1,200,1,NULL,-1,1,0,1,70,
2.022E+11,14,6,2022,18:30:00,1,78,78551,1,1,1,3,RD 157,"489,142,900,000","21,001,300,000",2.022E+11,747 846,B01,2,1,0,2,8,15,5,NULL,2.022E+11,1 011 488,747 846,B01,1,1,3,1,1965,0,8,0,-1,-1,-1,-1,2.022E+11,3,RD 157,0,NULL,2,0,0,2,1,200,1,NULL,-1,1,0,1,70,
2.022E+11,15,7,2022,08:40:00,1,65,65127,1,3,1,3,181 Route des Baronnies,"430,878,130,000","0,3378730000",2.022E+11,745 147,B01,2,1,0,2,1,1,5,NULL,2.022E+11,1 007 897,745 147,B01,1,1,4,1,1954,5,2,-1,-1,0,0,-1,2.022E+11,3,938,0,F,2,2,0,1,17,800,1,NULL,-1,1,9,1,80,
2.022E+11,15,7,2022,08:40:00,1,65,65127,1,3,1,3,181 Route des Baronnies,"430,878,130,000","0,3378730000",2.022E+11,745 147,B01,2,1,0,2,1,1,5,NULL,2.022E+11,1 007 898,745 148,A01,1,1,1,2,1962,1,8,-1,-1,0,0,-1,2.022E+11,3,938,0,F,2,2,0,1,17,800,1,NULL,-1,1,9,1,80,
2.022E+11,15,1,2022,20:35:00,5,974,97410,2,6,2,2,Rue Hubert Delisle,"-210,344,640,000","557,075,070,000",2.022E+11,739 709,B01,0,1,0,2,0,5,5,NULL,2.022E+11,1 000 499,739 709,B01,1,1,3,1,2007,5,0,-1,-1,0,0,-1,2.022E+11,9,NULL,0,NULL,3,2,0,1,-1,-1,1,NULL,5,2,0,1,50,
2.022E+11,15,1,2022,20:35:00,5,974,97410,2,6,2,2,Rue Hubert Delisle,"-210,344,640,000","557,075,070,000",2.022E+11,739 709,B01,0,1,0,2,0,5,5,NULL,2.022E+11,1 000 500,739 710,A01,1,1,1,1,2003,5,1,-1,-1,0,0,-1,2.022E+11,9,NULL,0,NULL,3,2,0,1,-1,-1,1,NULL,5,2,0,1,50,
2.022E+11,11,5,2022,13:45:00,1,54,54395,2,2,7,3,GUERRIER DE DUMAST (RUE),"486,925,922,309","61,771,260,202",2.022E+11,733 000,B01,1,1,0,2,1,1,5,NULL,2.022E+11,991 453,732 999,A01,1,1,1,1,1979,0,1,0,-1,0,0,-1,2.022E+11,4,GUERRIER DE DUMAST (RUE),0,NULL,1,3,0,1,-1,-1,1,NULL,-1,1,0,5,30,
2.022E+11,11,5,2022,13:45:00,1,54,54395,2,2,7,3,GUERRIER DE DUMAST (RUE),"486,925,922,309","61,771,260,202",2.022E+11,733 000,B01,1,1,0,2,1,1,5,NULL,2.022E+11,991 454,733 000,B01,1,1,4,2,1982,0,2,0,-1,0,0,-1,2.022E+11,4,GUERRIER DE DUMAST (RUE),0,NULL,1,3,0,1,-1,-1,1,NULL,-1,1,0,5,30,
2.022E+11,22,9,2022,20:15:00,2,51,51454,2,1,1,7,rue Chanzy,"492,509,775,296","40,349,569,917",2.022E+11,732 537,B01,2,1,0,0,0,1,5,NULL,2.022E+11,990 863,732 537,B01,1,1,4,1,2004,1,8,-1,-1,-1,-1,-1,2.022E+11,4,CHANZY (RUE),0,NULL,1,2,1,1,-1,-1,1,NULL,-1,1,0,5,50,
2.022E+11,10,7,2022,12:10:00,1,75,75102,2,3,1,6,RUE DU CROISSANT,"488,691,440,000","23,431,770,000",2.022E+11,725 333,A01,2,1,8,0,1,15,5,NULL,2.022E+11,981 383,725 333,A01,1,1,4,2,1969,5,8,0,-1,0,0,-1,2.022E+11,4,RUE DU CROISSANT,0,NULL,2,2,0,1,-1,-1,1,NULL,-1,1,0,1,30,
2.022E+11,21,10,2022,18:15:00,1,35,35238,2,3,1,3,VITRE (BLD DE),"481,246,900,000","-16,515,700,000",2.022E+11,723 021,A01,3,1,0,2,1,1,5,NULL,2.022E+11,978 315,723 018,B01,1,1,1,1,1982,1,1,-1,-1,-1,-1,-1,2.022E+11,4,VITRE (BLD DE),0,NULL,2,2,1,1,-1,-1,1,NULL,-1,1,0,5,30,
2.022E+11,21,10,2022,18:15:00,1,35,35238,2,3,1,3,VITRE (BLD DE),"481,246,900,000","-16,515,700,000",2.022E+11,723 021,A01,3,1,0,2,1,1,5,NULL,2.022E+11,978 318,723 021,A01,1,1,4,1,2002,2,8,-1,-1,-1,-1,-1,2.022E+11,4,VITRE (BLD DE),0,NULL,2,2,1,1,-1,-1,1,NULL,-1,1,0,5,30,
2.022E+11,21,10,2022,12:15:00,1,15,15014,2,1,1,3,ABBE DE PRADT (RUE DE),"449,080,800,000","24,318,700,000",2.022E+11,722 992,B01,3,1,0,2,8,2,5,NULL,2.022E+11,978 282,722 992,B01,1,1,4,2,1969,1,2,0,-1,-1,-1,-1,2.022E+11,4,ABBE DE PRADT (RUE DE),0,NULL,2,2,0,1,-1,-1,3,NULL,-1,1,0,1,50,
2.022E+11,21,10,2022,12:15:00,1,15,15014,2,1,1,3,ABBE DE PRADT (RUE DE),"449,080,800,000","24,318,700,000",2.022E+11,722 992,B01,3,1,0,2,8,2,5,NULL,2.022E+11,978 284,722 995,A01,1,1,1,1,1958,3,1,0,-1,0,0,-1,2.022E+11,4,ABBE DE PRADT (RUE DE),0,NULL,2,2,0,1,-1,-1,3,NULL,-1,1,0,1,50,
2.022E+11,22,10,2022,10:20:00,1,75,75108,2,2,1,3,RUE DE PONTHIEU,"488,702,120,000","23,110,700,000",2.022E+11,719 516,B01,1,1,0,2,0,1,5,NULL,2.022E+11,973 546,719 509,A01,1,1,1,2,1994,5,1,0,-1,0,0,-1,2.022E+11,4,RUE DE PONTHIEU,0,NULL,1,2,0,1,-1,-1,1,NULL,-1,1,0,1,30,
2.022E+11,22,10,2022,10:20:00,1,75,75108,2,2,1,3,RUE DE PONTHIEU,"488,702,120,000","23,110,700,000",2.022E+11,719 516,B01,1,1,0,2,0,1,5,NULL,2.022E+11,973 555,719 516,B01,1,1,4,2,1996,5,2,0,-1,0,0,-1,2.022E+11,4,RUE DE PONTHIEU,0,NULL,1,2,0,1,-1,-1,1,NULL,-1,1,0,1,30,
2.022E+11,26,3,2022,14:05:00,1,29,29019,2,6,1,2,Rue de Quimper,"484,012,620,000","-44,497,050,000",2.022E+11,719 201,A01,1,1,0,2,1,1,5,NULL,2.022E+11,973 102,719 201,A01,1,1,4,1,2003,5,8,-1,-1,-1,-1,-1,2.022E+11,4,QUIMPER (154 ET 173 A FIN),0,NULL,2,-1,0,1,-1,-1,2,NULL,-1,1,5,1,50,
2.022E+11,26,3,2022,14:05:00,1,29,29019,2,6,1,2,Rue de Quimper,"484,012,620,000","-44,497,050,000",2.022E+11,719 201,A01,1,1,0,2,1,1,5,NULL,2.022E+11,973 106,719 205,B01,1,1,1,2,1951,5,1,-1,-1,-1,-1,-1,2.022E+11,4,QUIMPER (154 ET 173 A FIN),0,NULL,2,-1,0,1,-1,-1,2,NULL,-1,1,5,1,50,
2.022E+11,13,12,2022,13:31:00,1,11,11262,2,1,1,6,NULL,"431,850,583,000","29,997,088,000",2.022E+11,807 519,B01,1,1,0,2,1,9,5,NULL,2.022E+11,1 091 112,807 516,A01,1,1,1,-1,NULL,-1,-1,-1,-1,-1,-1,-1,2.022E+11,4,PYRENEES (PLACE ET AVENUE),0,NULL,2,2,0,1,-1,-1,1,NULL,-1,1,0,1,50,
2.022E+11,13,12,2022,13:31:00,1,11,11262,2,1,1,6,NULL,"431,850,583,000","29,997,088,000",2.022E+11,807 519,B01,1,1,0,2,1,9,5,NULL,2.022E+11,1 091 114,807 519,B01,1,1,4,2,1964,9,2,8,-1,0,0,-1,2.022E+11,4,PYRENEES (PLACE ET AVENUE),0,NULL,2,2,0,1,-1,-1,1,NULL,-1,1,0,1,50,
2.022E+11,3,7,2022,07:50:00,1,87,87064,1,3,1,3,D940,"457,273,790,000","17,541,220,000",2.022E+11,805 781,A01,3,1,0,2,2,0,5,NULL,2.022E+11,1 088 780,805 781,A01,1,1,2,1,1940,5,6,-1,-1,0,0,-1,2.022E+11,3,940,0,D,2,2,0,2,7,500,1,NULL,-1,1,0,1,90,
2.022E+11,3,7,2022,07:50:00,1,87,87064,1,3,1,3,D940,"457,273,790,000","17,541,220,000",2.022E+11,805 781,A01,3,1,0,2,2,0,5,NULL,2.022E+11,1 088 781,805 782,B01,1,1,4,1,1967,5,1,-1,-1,0,0,-1,2.022E+11,3,940,0,D,2,2,0,2,7,500,1,NULL,-1,1,0,1,90,
2.022E+11,5,6,2022,12:30:00,1,75,75109,2,2,1,3,RUE LE PELETIER,"488,722,437,439","23,383,008,689",2.022E+11,803 980,B01,2,1,0,2,7,1,5,NULL,2.022E+11,1 086 411,803 980,B01,1,1,4,1,1992,9,2,0,-1,0,0,-1,2.022E+11,4,RUE LE PELETIER,0,NULL,1,2,0,1,-1,-1,1,NULL,-1,1,0,1,30,
2.022E+11,5,6,2022,12:30:00,1,75,75109,2,2,1,3,RUE LE PELETIER,"488,722,437,439","23,383,008,689",2.022E+11,803 980,B01,2,1,0,2,7,1,5,NULL,2.022E+11,1 086 413,803 982,A01,1,1,1,2,1986,9,1,0,-1,0,0,-1,2.022E+11,4,RUE LE PELETIER,0,NULL,1,2,0,1,-1,-1,1,NULL,-1,1,0,1,30,
2.022E+11,5,6,2022,12:30:00,1,75,75109,2,2,1,3,RUE LE PELETIER,"488,722,437,439","23,383,008,689",2.022E+11,803 980,B01,2,1,0,2,7,1,5,NULL,2.022E+11,1 086 415,803 982,A01,2,2,1,2,1986,9,1,0,-1,0,0,-1,2.022E+11,4,RUE LE PELETIER,0,NULL,1,2,0,1,-1,-1,1,NULL,-1,1,0,1,30,
2.022E+11,27,12,2022,15:00:00,1,67,67482,2,3,1,3,MELANIE (RUE),"486,037,300,000","77,875,600,000",2.022E+11,800 636,B01,2,1,0,2,6,1,5,NULL,2.022E+11,1 081 966,800 633,A01,1,1,1,1,1951,0,1,8,-1,0,0,-1,2.022E+11,4,MELANIE (RUE),0,NULL,2,2,0,1,-1,-1,2,NULL,-1,1,0,1,50,
2.022E+11,27,12,2022,15:00:00,1,67,67482,2,3,1,3,MELANIE (RUE),"486,037,300,000","77,875,600,000",2.022E+11,800 636,B01,2,1,0,2,6,1,5,NULL,2.022E+11,1 081 970,800 636,B01,1,1,4,2,1952,0,8,0,-1,0,0,-1,2.022E+11,4,MELANIE (RUE),0,NULL,2,2,0,1,-1,-1,2,NULL,-1,1,0,1,50,
2.022E+11,1,5,2022,18:15:00,1,26,26231,1,1,1,6,route de ST DONAT,"451,003,635,697","50,283,533,335",2.022E+11,800 498,A01,1,1,14,0,1,13,5,NULL,2.022E+11,1 081 787,800 498,A01,1,1,3,1,1969,5,2,-1,-1,0,0,-1,2.022E+11,3,53,-1,NULL,2,2,0,2,7,300,3,NULL,-1,1,5,1,80,
2.022E+11,13,9,2022,00:10:00,5,92,92036,2,6,1,6,PRINCIPALE DU PORT (ROUTE) (1/17),"489,379,496,303","22,786,733,508",2.022E+11,799 717,B01,3,1,0,2,8,19,5,NULL,2.022E+11,1 080 765,799 715,A01,1,1,1,1,1990,4,2,8,-1,-1,-1,-1,2.022E+11,3,19,0,NULL,2,4,0,1,0,0,1,NULL,-1,1,0,1,50,
2.022E+11,13,9,2022,00:10:00,5,92,92036,2,6,1,6,PRINCIPALE DU PORT (ROUTE) (1/17),"489,379,496,303","22,786,733,508",2.022E+11,799 717,B01,3,1,0,2,8,19,5,NULL,2.022E+11,1 080 767,799 717,B01,1,1,4,1,1966,0,2,0,-1,-1,-1,-1,2.022E+11,3,19,0,NULL,2,4,0,1,0,0,1,NULL,-1,1,0,1,50,
2.022E+11,1,6,2022,19:00:00,1,85,85191,2,6,1,3,COTY RUE RENE,"466,580,100,000","-14,499,200,000",2.022E+11,798 216,B01,0,1,0,2,5,1,5,NULL,2.022E+11,1 078 820,798 216,B01,1,1,4,2,1981,1,2,4,-1,-1,-1,-1,2.022E+11,4,COTY RUE RENE,0,NULL,-1,2,0,1,-1,0,1,NULL,-1,1,0,1,50,
2.022E+11,1,6,2022,19:00:00,1,85,85191,2,6,1,3,COTY RUE RENE,"466,580,100,000","-14,499,200,000",2.022E+11,798 216,B01,0,1,0,2,5,1,5,NULL,2.022E+11,1 078 821,798 217,A01,1,1,1,2,1968,5,1,8,-1,-1,-1,-1,2.022E+11,4,COTY RUE RENE,0,NULL,-1,2,0,1,-1,0,1,NULL,-1,1,0,1,50,
2.022E+11,11,9,2022,16:45:00,1,14,14027,1,1,1,1,D54,"490,164,929,647"," -0,6310905218",2.022E+11,796 201,B01,1,1,0,2,1,1,5,NULL,2.022E+11,1 076 122,796 199,A01,1,1,1,2,1971,4,1,-1,-1,0,0,-1,2.022E+11,3,NULL,-1,NULL,2,2,0,2,17,573,4,NULL,4,1,0,1,80,
2.022E+11,11,9,2022,16:45:00,1,14,14027,1,1,1,1,D54,"490,164,929,647"," -0,6310905218",2.022E+11,796 201,B01,1,1,0,2,1,1,5,NULL,2.022E+11,1 076 123,796 199,A01,2,2,1,2,2006,0,1,-1,-1,0,0,-1,2.022E+11,3,NULL,-1,NULL,2,2,0,2,17,573,4,NULL,4,1,0,1,80,
2.022E+11,11,9,2022,16:45:00,1,14,14027,1,1,1,1,D54,"490,164,929,647"," -0,6310905218",2.022E+11,796 201,B01,1,1,0,2,1,1,5,NULL,2.022E+11,1 076 125,796 201,B01,1,1,3,1,2009,5,0,-1,-1,0,0,-1,2.022E+11,3,NULL,-1,NULL,2,2,0,2,17,573,4,NULL,4,1,0,1,80,
2.022E+11,30,5,2022,17:45:00,1,44,44184,2,2,1,3,Rue Emile Littré,"472,781,700,000","-22,211,900,000",2.022E+11,791 104,A01,2,1,0,2,7,1,5,NULL,2.022E+11,1 069 334,791 104,A01,1,1,3,2,2005,2,8,0,-1,-1,-1,-1,2.022E+11,4,BRIAND (RUE ARISTIDE) DU 02 AU 88 - DU 0,0,NULL,1,2,2,1,-1,-1,1,NULL,-1,1,0,5,50,
2.022E+11,30,5,2022,17:45:00,1,44,44184,2,2,1,3,Rue Emile Littré,"472,781,700,000","-22,211,900,000",2.022E+11,791 104,A01,2,1,0,2,7,1,5,NULL,2.022E+11,1 069 339,791 108,B01,1,1,1,2,1976,9,1,0,-1,-1,-1,-1,2.022E+11,4,BRIAND (RUE ARISTIDE) DU 02 AU 88 - DU 0,0,NULL,1,2,2,1,-1,-1,1,NULL,-1,1,0,5,50,
2.022E+11,28,5,2022,11:30:00,1,56,56195,2,1,1,2,32 Boulevard de Bretagne,"475,211,350,000","-22,998,760,000",2.022E+11,787 114,B01,2,1,0,2,1,2,5,NULL,2.022E+11,1 063 963,787 112,A01,1,1,1,2,2000,5,1,-1,-1,0,0,-1,2.022E+11,3,765,0,A,3,2,0,2,1,110,1,NULL,-1,1,0,1,50,
2.022E+11,28,5,2022,11:30:00,1,56,56195,2,1,1,2,32 Boulevard de Bretagne,"475,211,350,000","-22,998,760,000",2.022E+11,787 114,B01,2,1,0,2,1,2,5,NULL,2.022E+11,1 063 965,787 114,B01,1,1,3,1,2007,5,2,-1,-1,0,0,-1,2.022E+11,3,765,0,A,3,2,0,2,1,110,1,NULL,-1,1,0,1,50,
2.022E+11,26,6,2022,12:45:00,1,75,75111,2,2,1,6,BOULEVARD RICHARD LENOIR,"488,577,960,000","23,709,360,000",2.022E+11,785 720,A01,2,1,1,0,1,16,5,NULL,2.022E+11,1 062 085,785 720,A01,1,1,4,1,1995,9,2,0,-1,0,0,-1,2.022E+11,4,BOULEVARD RICHARD LENOIR,0,NULL,1,3,0,1,-1,-1,1,NULL,-1,1,0,1,30,
2.022E+11,10,11,2022,12:20:00,1,67,67482,2,3,1,1,KELLERMANN (QUAI),"485,862,400,000","77,456,800,000",2.022E+11,781 382,B01,1,1,0,2,3,1,5,NULL,2.022E+11,1 056 342,781 381,A01,1,1,1,1,1964,0,1,8,-1,-1,-1,-1,2.022E+11,4,KELLERMANN (QUAI),0,NULL,2,2,0,1,-1,-1,1,NULL,-1,1,0,1,50,
2.022E+11,10,11,2022,12:20:00,1,67,67482,2,3,1,1,KELLERMANN (QUAI),"485,862,400,000","77,456,800,000",2.022E+11,781 382,B01,1,1,0,2,3,1,5,NULL,2.022E+11,1 056 345,781 382,B01,1,1,4,2,1995,0,8,0,-1,0,0,-1,2.022E+11,4,KELLERMANN (QUAI),0,NULL,2,2,0,1,-1,-1,1,NULL,-1,1,0,1,50,
2.022E+11,11,3,2022,12:45:00,1,75,75115,2,2,2,3,RUE DE LA CONVENTION,"488,438,150,000","22,819,440,000",2.022E+11,779 707,B01,1,1,0,2,3,1,5,NULL,2.022E+11,1 054 129,779 707,B01,1,1,4,1,1975,9,8,0,-1,0,0,-1,2.022E+11,4,RUE DE LA CONVENTION,0,NULL,2,2,0,1,-1,-1,1,NULL,-1,2,0,1,30,
2.022E+11,11,3,2022,12:45:00,1,75,75115,2,2,2,3,RUE DE LA CONVENTION,"488,438,150,000","22,819,440,000",2.022E+11,779 707,B01,1,1,0,2,3,1,5,NULL,2.022E+11,1 054 131,779 710,A01,1,1,1,2,1950,5,1,0,-1,0,0,-1,2.022E+11,4,RUE DE LA CONVENTION,0,NULL,2,2,0,1,-1,-1,1,NULL,-1,2,0,1,30,