Accident_Id,jour,mois,an,hrmn,lum,dep,com,agg,int,atm,col,adr,lat,long,Num_Acc,id_vehicule,num_veh,senc,catv,obs,obsm,choc,manv,motor,occutc,Num_Acc,id_usager,id_vehicule,num_veh,place,catu,grav,sexe,an_nais,trajet,secu1,secu2,secu3,locp,actp,etatp,Num_Acc,catr,voie,v1,v2,circ,nbv,vosp,prof,pr,pr1,plan,lartpc,larrout,surf,infra,situ,vma,
2.022E+11,6,9,2022,07:00:00,1,93,93066,2,1,8,3,Avenue des Arrimeurs,"489,039,435,692","23,643,105,139",2.022E+11,779 633,B01,0,1,0,2,3,15,5,NULL,2.022E+11,1 054 031,779 632,A01,1,1,1,1,2002,1,8,0,-1,0,0,-1,2.022E+11,4,PROUDHON,0,NULL,2,2,0,1,0,1,1,NULL,-1,1,0,1,50,
2.022E+11,6,9,2022,07:00:00,1,93,93066,2,1,8,3,Avenue des Arrimeurs,"489,039,435,692","23,643,105,139",2.022E+11,779 633,B01,0,1,0,2,3,15,5,NULL,2.022E+11,1 054 032,779 633,B01,1,1,4,2,2000,1,1,0,-1,0,0,-1,2.022E+11,4,PROUDHON,0,NULL,2,2,0,1,0,1,1,NULL,-1,1,0,1,50,
2.022E+11,4,9,2022,15:45:00,1,92,92072,2,1,1,3,CRISTALLERIE (AVENUE DE LA),"488,262,182,796","22,206,088,900",2.022E+11,776 258,B01,2,1,0,2,1,1,5,NULL,2.022E+11,1 049 514,776 258,B01,1,1,4,2,2003,5,8,0,-1,0,0,-1,2.022E+11,4,NULL,0,NULL,1,1,2,2,0,0,1,NULL,-1,1,0,5,30,
2.022E+11,4,9,2022,15:45:00,1,92,92072,2,1,1,3,CRISTALLERIE (AVENUE DE LA),"488,262,182,796","22,206,088,900",2.022E+11,776 258,B01,2,1,0,2,1,1,5,NULL,2.022E+11,1 049 516,776 260,A01,1,1,1,1,1956,5,8,0,-1,0,0,-1,2.022E+11,4,NULL,0,NULL,1,1,2,2,0,0,1,NULL,-1,1,0,5,30,
2.022E+11,18,4,2022,17:45:00,1,75,75105,2,2,1,3,PLACE SAINT MICHEL,"488,537,750,769","23,443,217,576",2.022E+11,775 251,B01,1,1,0,2,1,16,5,NULL,2.022E+11,1 048 176,775 250,A01,1,1,1,1,1981,9,2,0,-1,0,0,-1,2.022E+11,4,PLACE SAINT MICHEL,0,NULL,1,3,0,1,-1,-1,1,NULL,-1,1,5,1,30,
2.022E+11,18,4,2022,17:45:00,1,75,75105,2,2,1,3,PLACE SAINT MICHEL,"488,537,750,769","23,443,217,576",2.022E+11,775 251,B01,1,1,0,2,1,16,5,NULL,2.022E+11,1 048 178,775 251,B01,1,1,4,1,1964,9,2,0,-1,0,0,-1,2.022E+11,4,PLACE SAINT MICHEL,0,NULL,1,3,0,1,-1,-1,1,NULL,-1,1,5,1,30,
2.022E+11,17,6,2022,18:35:00,1,3,3095,2,1,1,3,Avenue de Vichy,"461,346,300,000","34,435,400,000",2.022E+11,775 115,B01,1,1,0,2,8,19,5,NULL,2.022E+11,1 048 002,775 115,B01,1,1,3,1,1969,5,2,0,-1,0,0,-1,2.022E+11,3,VICHY (AVENUE DE),0,NULL,2,2,0,1,20,500,1,NULL,-1,1,0,1,50,
2.022E+11,17,6,2022,18:35:00,1,3,3095,2,1,1,3,Avenue de Vichy,"461,346,300,000","34,435,400,000",2.022E+11,775 115,B01,1,1,0,2,8,19,5,NULL,2.022E+11,1 048 005,775 117,A01,1,1,1,1,1992,5,1,8,-1,0,0,-1,2.022E+11,3,VICHY (AVENUE DE),0,NULL,2,2,0,1,20,500,1,NULL,-1,1,0,1,50,
2.022E+11,7,10,2022,09:00:00,1,94,94059,2,6,1,3,Avenue Maurice Berteaux / Avenue Paul Lafargue,"488,160,864,516","25,620,531,087",2.022E+11,775 011,B01,0,1,0,2,1,1,5,NULL,2.022E+11,1 047 857,775 010,A01,1,1,4,2,1987,0,0,-1,-1,-1,-1,1,2.022E+11,3,MAURICE BERTEAUX (AV),0,NULL,2,2,0,1,0,1,1,NULL,-1,1,0,1,50,
2.022E+11,7,10,2022,09:00:00,1,94,94059,2,6,1,3,Avenue Maurice Berteaux / Avenue Paul Lafargue,"488,160,864,516","25,620,531,087",2.022E+11,775 011,B01,0,1,0,2,1,1,5,NULL,2.022E+11,1 047 858,775 011,B01,1,1,1,1,1948,0,1,0,-1,-1,-1,-1,2.022E+11,3,MAURICE BERTEAUX (AV),0,NULL,2,2,0,1,0,1,1,NULL,-1,1,0,1,50,
2.022E+11,11,11,2022,17:15:00,2,75,75119,2,2,1,5,AVENUE DE FLANDRE,"488,884,660,000","23,738,910,000",2.022E+11,770 597,C01,1,1,0,2,0,1,5,NULL,2.022E+11,1 041 823,770 591,A01,1,1,1,2,1974,9,1,0,-1,0,0,-1,2.022E+11,4,AVENUE DE FLANDRE,0,NULL,4,3,1,1,-1,-1,1,NULL,-1,1,0,1,30,
2.022E+11,11,11,2022,17:15:00,2,75,75119,2,2,1,5,AVENUE DE FLANDRE,"488,884,660,000","23,738,910,000",2.022E+11,770 597,C01,1,1,0,2,0,1,5,NULL,2.022E+11,1 041 826,770 592,B01,1,1,1,1,1982,4,1,0,-1,0,0,-1,2.022E+11,4,AVENUE DE FLANDRE,0,NULL,4,3,1,1,-1,-1,1,NULL,-1,1,0,1,30,
2.022E+11,11,11,2022,17:15:00,2,75,75119,2,2,1,5,AVENUE DE FLANDRE,"488,884,660,000","23,738,910,000",2.022E+11,770 597,C01,1,1,0,2,0,1,5,NULL,2.022E+11,1 041 831,770 597,C01,1,1,4,1,1987,5,8,0,-1,0,0,-1,2.022E+11,4,AVENUE DE FLANDRE,0,NULL,4,3,1,1,-1,-1,1,NULL,-1,1,0,1,30,
2.022E+11,23,7,2022,12:30:00,1,92,92077,2,1,1,2,DESVALLIERES (CHEMIN),"488,235,176,513","21,964,971,721",2.022E+11,770 276,A01,3,1,0,2,1,1,5,NULL,2.022E+11,1 041 384,770 276,A01,1,1,4,1,1995,5,2,0,-1,0,0,-1,2.022E+11,4,DESVALLIERES (CHEMIN),0,NULL,2,2,0,2,0,0,1,NULL,-1,1,0,1,50,
2.022E+11,23,7,2022,12:30:00,1,92,92077,2,1,1,2,DESVALLIERES (CHEMIN),"488,235,176,513","21,964,971,721",2.022E+11,770 276,A01,3,1,0,2,1,1,5,NULL,2.022E+11,1 041 386,770 277,B01,1,1,1,1,1974,9,8,0,-1,0,0,-1,2.022E+11,4,DESVALLIERES (CHEMIN),0,NULL,2,2,0,2,0,0,1,NULL,-1,1,0,1,50,
2.022E+11,2,9,2022,22:34:00,3,66,66180,1,1,1,1,NULL,"427,720,530,000","30,171,200,000",2.022E+11,769 201,B01,1,1,0,2,8,5,5,NULL,2.022E+11,1 039 950,769 200,A01,1,1,1,1,2003,5,1,-1,-1,0,0,-1,2.022E+11,3,81,0,D,2,2,0,1,2,460,1,NULL,-1,1,0,1,80,
2.022E+11,2,9,2022,22:34:00,3,66,66180,1,1,1,1,NULL,"427,720,530,000","30,171,200,000",2.022E+11,769 201,B01,1,1,0,2,8,5,5,NULL,2.022E+11,1 039 951,769 201,B01,1,1,2,1,2008,5,0,-1,-1,0,0,-1,2.022E+11,3,81,0,D,2,2,0,1,2,460,1,NULL,-1,1,0,1,80,
2.022E+11,26,8,2022,15:55:00,1,87,87085,2,1,1,6,CLOS ROCHER (RUE DU),"458,294,800,000","12,447,300,000",2.022E+11,762 046,A01,2,1,0,1,1,1,5,NULL,2.022E+11,1 030 548,762 046,A01,1,1,1,1,1995,5,8,0,-1,-1,-1,-1,2.022E+11,4,CLOS ROCHER (RUE DU),0,NULL,2,2,0,2,-1,-1,1,NULL,-1,1,0,1,30,
2.022E+11,26,8,2022,15:55:00,1,87,87085,2,1,1,6,CLOS ROCHER (RUE DU),"458,294,800,000","12,447,300,000",2.022E+11,762 046,A01,2,1,0,1,1,1,5,NULL,2.022E+11,1 030 549,762 046,A01,10,3,4,2,2011,5,0,-1,-1,2,3,2,2.022E+11,4,CLOS ROCHER (RUE DU),0,NULL,2,2,0,2,-1,-1,1,NULL,-1,1,0,1,30,
2.022E+11,3,3,2022,11:45:00,1,33,33009,2,1,1,6,LAMARQUE PLAISANCE (CRS) 1 ET +,"446,613,200,000","-11,735,500,000",2.022E+11,759 129,A01,1,1,0,1,1,25,5,NULL,2.022E+11,1 026 697,759 129,A01,10,3,4,2,1950,3,0,-1,-1,5,9,2,2.022E+11,4,LAMARQUE PLAISANCE (CRS) 1 ET +,0,NULL,1,1,0,1,-1,-1,1,NULL,-1,1,0,4,50,
2.022E+11,3,3,2022,11:45:00,1,33,33009,2,1,1,6,LAMARQUE PLAISANCE (CRS) 1 ET +,"446,613,200,000","-11,735,500,000",2.022E+11,759 129,A01,1,1,0,1,1,25,5,NULL,2.022E+11,1 026 698,759 129,A01,1,1,1,2,2008,5,0,-1,-1,-1,-1,-1,2.022E+11,4,LAMARQUE PLAISANCE (CRS) 1 ET +,0,NULL,1,1,0,1,-1,-1,1,NULL,-1,1,0,4,50,
2.022E+11,20,7,2022,11:30:00,1,2,2001,2,6,2,7,21 Rue de la Barre,"495,989,449,201","31,760,807,633",2.022E+11,756 244,A01,1,1,0,0,0,9,5,NULL,2.022E+11,1 022 832,756 244,A01,1,1,3,1,1947,5,0,-1,-1,0,0,-1,2.022E+11,3,437,0,NULL,2,2,0,1,2,300,1,NULL,-1,2,0,1,50,
2.022E+11,26,8,2022,15:30:00,1,76,76315,1,2,1,2,Route de Fauville,"497,583,910,000","0,6170390000",2.022E+11,751 289,B01,2,1,0,2,4,15,5,NULL,2.022E+11,1 016 083,751 289,B01,1,1,3,1,2008,5,0,-1,-1,0,0,-1,2.022E+11,3,50,-1,NULL,2,2,0,1,12,325,1,NULL,-1,1,0,1,80,
2.022E+11,26,8,2022,15:30:00,1,76,76315,1,2,1,2,Route de Fauville,"497,583,910,000","0,6170390000",2.022E+11,751 289,B01,2,1,0,2,4,15,5,NULL,2.022E+11,1 016 084,751 290,A01,1,1,1,1,1994,9,1,-1,-1,0,0,-1,2.022E+11,3,50,-1,NULL,2,2,0,1,12,325,1,NULL,-1,1,0,1,80,
2.022E+11,7,4,2022,17:20:00,1,51,51454,1,1,1,7,Coulée verte de Reims,"492,847,605,545","39,966,349,304",2.022E+11,750 904,A01,3,1,0,1,6,1,5,NULL,2.022E+11,1 015 547,750 904,A01,10,3,4,1,1970,5,0,-1,-1,9,1,1,2.022E+11,4,SAINT THIERRY (CHEMIN DE) A REIMS,0,NULL,2,1,3,1,-1,-1,1,NULL,-1,1,0,8,30,
2.022E+11,7,4,2022,17:20:00,1,51,51454,1,1,1,7,Coulée verte de Reims,"492,847,605,545","39,966,349,304",2.022E+11,750 904,A01,3,1,0,1,6,1,5,NULL,2.022E+11,1 015 548,750 904,A01,1,1,1,1,1958,5,2,6,-1,-1,-1,-1,2.022E+11,4,SAINT THIERRY (CHEMIN DE) A REIMS,0,NULL,2,1,3,1,-1,-1,1,NULL,-1,1,0,8,30,
2.022E+11,27,2,2022,17:35:00,1,35,35238,2,9,1,3,CHURCHILL (AVENUE SIR WINSTON),"481,224,300,000","-17,088,500,000",2.022E+11,748 687,B01,0,1,0,2,3,1,5,NULL,2.022E+11,1 012 618,748 684,A01,1,1,1,1,1988,0,1,0,-1,-1,-1,-1,2.022E+11,4,CHURCHILL (AVENUE SIR WINSTON),0,NULL,2,2,0,1,-1,-1,1,NULL,-1,1,0,1,50,
2.022E+11,27,2,2022,17:35:00,1,35,35238,2,9,1,3,CHURCHILL (AVENUE SIR WINSTON),"481,224,300,000","-17,088,500,000",2.022E+11,748 687,B01,0,1,0,2,3,1,5,NULL,2.022E+11,1 012 621,748 687,B01,1,1,4,1,1994,5,0,-1,-1,0,0,-1,2.022E+11,4,CHURCHILL (AVENUE SIR WINSTON),0,NULL,2,2,0,1,-1,-1,1,NULL,-1,1,0,1,50,
2.022E+11,7,4,2022,17:35:00,1,26,26198,1,1,1,3,MARSEILLE (Route de ),"445,253,400,000","47,449,600,000",2.022E+11,747 412,B01,1,1,0,2,1,0,5,NULL,2.022E+11,1 010 915,747 411,A01,1,1,1,1,1951,4,1,8,-1,0,0,-1,2.022E+11,2,MARSEILLE (Route de ),0,NULL,2,2,0,1,93,400,1,NULL,-1,1,5,1,80,
2.022E+11,7,4,2022,17:35:00,1,26,26198,1,1,1,3,MARSEILLE (Route de ),"445,253,400,000","47,449,600,000",2.022E+11,747 412,B01,1,1,0,2,1,0,5,NULL,2.022E+11,1 010 916,747 412,B01,1,1,4,2,1996,1,-1,0,-1,0,0,-1,2.022E+11,2,MARSEILLE (Route de ),0,NULL,2,2,0,1,93,400,1,NULL,-1,1,5,1,80,
2.022E+11,23,9,2022,14:50:00,1,25,25056,2,2,1,3,CHURCHILL BD WINSTON,"472,463,100,000","59,980,000,000",2.022E+11,746 440,A01,2,1,0,2,1,1,5,NULL,2.022E+11,1 009 614,746 440,A01,1,1,4,2,1984,0,2,0,-1,-1,-1,-1,2.022E+11,4,CHURCHILL BD WINSTON,0,NULL,3,4,0,2,-1,-1,1,NULL,-1,1,0,1,50,
2.022E+11,23,9,2022,14:50:00,1,25,25056,2,2,1,3,CHURCHILL BD WINSTON,"472,463,100,000","59,980,000,000",2.022E+11,746 440,A01,2,1,0,2,1,1,5,NULL,2.022E+11,1 009 615,746 441,B01,1,1,1,1,1945,0,1,0,-1,-1,-1,-1,2.022E+11,4,CHURCHILL BD WINSTON,0,NULL,3,4,0,2,-1,-1,1,NULL,-1,1,0,1,50,
2.022E+11,13,5,2022,13:30:00,1,75,75116,2,1,1,3,ROUTE DES TRIBUNES,"488,589,240,000","22,291,480,000",2.022E+11,743 152,B01,1,1,0,2,1,1,5,NULL,2.022E+11,1 005 236,743 152,B01,1,1,4,1,1975,5,2,0,-1,0,0,-1,2.022E+11,4,ROUTE DES TRIBUNES,0,NULL,2,3,1,1,-1,-1,1,NULL,-1,1,-1,5,30,
2.022E+11,13,5,2022,13:30:00,1,75,75116,2,1,1,3,ROUTE DES TRIBUNES,"488,589,240,000","22,291,480,000",2.022E+11,743 152,B01,1,1,0,2,1,1,5,NULL,2.022E+11,1 005 237,743 153,A01,1,1,1,1,1985,4,1,0,-1,0,0,-1,2.022E+11,4,ROUTE DES TRIBUNES,0,NULL,2,3,1,1,-1,-1,1,NULL,-1,1,-1,5,30,
2.022E+11,29,3,2022,17:30:00,1,51,51454,2,1,1,6,Rue d’Estienne d’Orves,"492,388,639,856","40,309,926,867",2.022E+11,736 730,B01,0,1,0,2,1,1,5,NULL,2.022E+11,996 390,736 730,B01,1,1,4,2,1968,0,8,0,-1,-1,-1,-1,2.022E+11,4,ORVES (RUE D'ESTIENNE D') DU N°1 A 61 ET,0,NULL,1,1,1,1,-1,-1,1,NULL,-1,1,0,1,50,
2.022E+11,29,3,2022,17:30:00,1,51,51454,2,1,1,6,Rue d’Estienne d’Orves,"492,388,639,856","40,309,926,867",2.022E+11,736 730,B01,0,1,0,2,1,1,5,NULL,2.022E+11,996 391,736 731,A01,2,2,1,1,1972,0,1,-1,-1,-1,-1,-1,2.022E+11,4,ORVES (RUE D'ESTIENNE D') DU N°1 A 61 ET,0,NULL,1,1,1,1,-1,-1,1,NULL,-1,1,0,1,50,
2.022E+11,29,3,2022,17:30:00,1,51,51454,2,1,1,6,Rue d’Estienne d’Orves,"492,388,639,856","40,309,926,867",2.022E+11,736 730,B01,0,1,0,2,1,1,5,NULL,2.022E+11,996 392,736 731,A01,1,1,1,1,1976,0,1,0,-1,-1,-1,-1,2.022E+11,4,ORVES (RUE D'ESTIENNE D') DU N°1 A 61 ET,0,NULL,1,1,1,1,-1,-1,1,NULL,-1,1,0,1,50,
2.022E+11,2,12,2022,22:00:00,5,69,69266,2,1,3,2,Rue du 8 Mai 1945,"457,770,250,471","48,923,528,194",2.022E+11,735 828,B01,2,1,0,2,4,2,0,NULL,2.022E+11,995 196,735 828,B01,1,1,4,1,1999,4,8,-1,-1,0,0,-1,2.022E+11,4,8 MAI 1945   (Rue du),0,NULL,1,1,0,1,-1,-1,1,NULL,-1,2,8,1,50,
2.022E+11,2,12,2022,22:00:00,5,69,69266,2,1,3,2,Rue du 8 Mai 1945,"457,770,250,471","48,923,528,194",2.022E+11,735 828,B01,2,1,0,2,4,2,0,NULL,2.022E+11,995 197,735 829,A01,1,1,1,-1,NULL,-1,8,-1,-1,0,0,-1,2.022E+11,4,8 MAI 1945   (Rue du),0,NULL,1,1,0,1,-1,-1,1,NULL,-1,2,8,1,50,
2.022E+11,18,8,2022,11:45:00,1,76,76540,2,1,1,6,Rampe Saint Hilaire,"494,461,200,000","11,081,700,000",2.022E+11,734 951,A01,3,1,0,1,1,1,5,NULL,2.022E+11,994 026,734 951,A01,10,3,4,1,2017,0,0,-1,-1,5,1,2,2.022E+11,4,SAINT HILAIRE. RAMPE,0,NULL,2,3,0,2,0,0,3,NULL,-1,1,0,1,50,
2.022E+11,18,8,2022,11:45:00,1,76,76540,2,1,1,6,Rampe Saint Hilaire,"494,461,200,000","11,081,700,000",2.022E+11,734 951,A01,3,1,0,1,1,1,5,NULL,2.022E+11,994 027,734 951,A01,10,3,4,1,1984,0,0,-1,-1,5,1,2,2.022E+11,4,SAINT HILAIRE. RAMPE,0,NULL,2,3,0,2,0,0,3,NULL,-1,1,0,1,50,
2.022E+11,18,8,2022,11:45:00,1,76,76540,2,1,1,6,Rampe Saint Hilaire,"494,461,200,000","11,081,700,000",2.022E+11,734 951,A01,3,1,0,1,1,1,5,NULL,2.022E+11,994 029,734 951,A01,1,1,1,1,1978,0,8,0,-1,-1,-1,-1,2.022E+11,4,SAINT HILAIRE. RAMPE,0,NULL,2,3,0,2,0,0,3,NULL,-1,1,0,1,50,
2.022E+11,31,3,2022,17:15:00,1,75,75120,2,3,8,3,RUE D AVRON,"488,533,390,000","24,096,930,000",2.022E+11,730 814,B01,2,1,0,2,1,18,5,NULL,2.022E+11,988 567,730 814,B01,1,1,4,1,1984,3,2,0,-1,0,0,-1,2.022E+11,4,RUE D AVRON,0,NULL,2,2,0,1,-1,-1,1,NULL,-1,2,0,1,30,
2.022E+11,31,3,2022,17:15:00,1,75,75120,2,3,8,3,RUE D AVRON,"488,533,390,000","24,096,930,000",2.022E+11,730 814,B01,2,1,0,2,1,18,5,NULL,2.022E+11,988 571,730 818,A01,1,1,1,1,1983,9,1,0,-1,0,0,-1,2.022E+11,4,RUE D AVRON,0,NULL,2,2,0,1,-1,-1,1,NULL,-1,2,0,1,30,
2.022E+11,10,1,2022,07:50:00,2,2B,2B096,2,9,9,3,21 Avenue Jean Nicoli,"423,061,250,000","91,555,230,000",2.022E+11,729 502,B01,1,1,0,2,7,1,2,NULL,2.022E+11,986 845,729 502,B01,2,2,4,2,2019,9,2,3,-1,0,0,-1,2.022E+11,4,NULL,0,NULL,2,1,0,2,-1,-1,2,NULL,3,7,0,1,50,
2.022E+11,10,1,2022,07:50:00,2,2B,2B096,2,9,9,3,21 Avenue Jean Nicoli,"423,061,250,000","91,555,230,000",2.022E+11,729 502,B01,1,1,0,2,7,1,2,NULL,2.022E+11,986 846,729 502,B01,1,1,4,2,1993,1,2,6,-1,0,0,-1,2.022E+11,4,NULL,0,NULL,2,1,0,2,-1,-1,2,NULL,3,7,0,1,50,
2.022E+11,10,1,2022,07:50:00,2,2B,2B096,2,9,9,3,21 Avenue Jean Nicoli,"423,061,250,000","91,555,230,000",2.022E+11,729 502,B01,1,1,0,2,7,1,2,NULL,2.022E+11,986 847,729 503,A01,1,1,1,2,2003,2,8,-1,-1,0,0,-1,2.022E+11,4,NULL,0,NULL,2,1,0,2,-1,-1,2,NULL,3,7,0,1,50,
2.022E+11,16,9,2022,12:38:00,1,63,63113,2,6,1,3,DIESEL (RUE RODOLPHE) / Burdin,"457,777,328,349","31,353,279,948",2.022E+11,723 384,A01,1,1,0,2,1,11,5,NULL,2.022E+11,978 785,723 374,B01,1,1,1,2,1963,9,1,-1,-1,0,0,-1,2.022E+11,4,DIESEL (RUE RODOLPHE),0,NULL,1,2,0,1,-1,-1,1,NULL,-1,1,0,1,50,
2.022E+11,16,9,2022,12:38:00,1,63,63113,2,6,1,3,DIESEL (RUE RODOLPHE) / Burdin,"457,777,328,349","31,353,279,948",2.022E+11,723 384,A01,1,1,0,2,1,11,5,NULL,2.022E+11,978 794,723 384,A01,1,1,4,2,2000,9,8,-1,-1,0,0,-1,2.022E+11,4,DIESEL (RUE RODOLPHE),0,NULL,1,2,0,1,-1,-1,1,NULL,-1,1,0,1,50,
2.022E+11,20,9,2022,22:15:00,5,75,75115,2,7,1,6,BOULEVARD GARIBALDI,"488,477,950,000","23,016,580,000",2.022E+11,721 763,Z01,1,1,0,1,0,1,5,NULL,2.022E+11,976 622,721 763,Z01,1,1,1,-1,NULL,-1,-1,-1,-1,-1,-1,-1,2.022E+11,4,BOULEVARD GARIBALDI,0,NULL,1,1,0,1,-1,-1,1,NULL,-1,1,0,1,30,
2.022E+11,20,9,2022,22:15:00,5,75,75115,2,7,1,6,BOULEVARD GARIBALDI,"488,477,950,000","23,016,580,000",2.022E+11,721 763,Z01,1,1,0,1,0,1,5,NULL,2.022E+11,976 624,721 763,Z01,10,3,4,2,1956,9,8,8,-1,4,3,1,2.022E+11,4,BOULEVARD GARIBALDI,0,NULL,1,1,0,1,-1,-1,1,NULL,-1,1,0,1,30,
2.022E+11,10,7,2022,11:30:00,1,22,22251,1,1,1,7,La Ville Gourio (Pordic),"485,573,668,310","-28,264,045,710",2.022E+11,721 576,A01,0,1,13,0,1,0,5,NULL,2.022E+11,976 368,721 576,A01,1,1,2,1,1938,5,0,-1,-1,0,0,-1,2.022E+11,4,0,0,NULL,2,2,0,1,0,0,1,NULL,-1,1,0,3,80,
2.022E+11,7,6,2022,16:30:00,1,21,21061,1,4,1,3,RD971,"476,861,350,000","46,124,230,000",2.022E+11,721 379,A01,1,1,0,2,3,15,5,NULL,2.022E+11,976 088,721 373,B01,1,1,1,2,1980,1,1,-1,-1,0,0,-1,2.022E+11,3,971,0,NULL,2,2,0,3,59,-1,1,NULL,-1,1,0,1,90,
2.022E+11,7,6,2022,16:30:00,1,21,21061,1,4,1,3,RD971,"476,861,350,000","46,124,230,000",2.022E+11,721 379,A01,1,1,0,2,3,15,5,NULL,2.022E+11,976 098,721 379,A01,1,1,3,1,1998,5,2,-1,-1,0,0,-1,2.022E+11,3,971,0,NULL,2,2,0,3,59,-1,1,NULL,-1,1,0,1,90,
2.022E+11,6,7,2022,16:13:00,1,29,29037,2,3,1,3,D44 - Le Lannou,"478,842,040,000","-41,686,410,000",2.022E+11,721 339,A01,1,1,0,2,7,1,5,NULL,2.022E+11,976 040,721 339,A01,1,1,3,1,1944,5,2,-1,-1,0,0,-1,2.022E+11,3,44,0,NULL,1,1,0,1,3,626,1,NULL,-1,1,5,1,50,
2.022E+11,6,7,2022,16:13:00,1,29,29037,2,3,1,3,D44 - Le Lannou,"478,842,040,000","-41,686,410,000",2.022E+11,721 339,A01,1,1,0,2,7,1,5,NULL,2.022E+11,976 054,721 346,B01,1,1,1,2,1946,9,1,-1,-1,0,0,-1,2.022E+11,3,44,0,NULL,1,1,0,1,3,626,1,NULL,-1,1,5,1,50,
2.022E+11,25,11,2022,09:55:00,1,29,29019,2,6,1,3,avenue Victor Le Gorgeu,"484,005,900,000","-44,998,600,000",2.022E+11,717 059,B01,1,1,0,0,0,1,5,NULL,2.022E+11,970 108,717 050,A01,1,1,1,1,1966,1,1,-1,-1,0,0,-1,2.022E+11,4,LE GORGEU (N°29 (TOTAL)-UBO(ALBERT 1ER ),0,NULL,2,2,0,2,-1,-1,1,NULL,-1,2,0,1,50,
2.022E+11,25,11,2022,09:55:00,1,29,29019,2,6,1,3,avenue Victor Le Gorgeu,"484,005,900,000","-44,998,600,000",2.022E+11,717 059,B01,1,1,0,0,0,1,5,NULL,2.022E+11,970 121,717 059,B01,1,1,4,2,2002,2,2,-1,-1,0,0,-1,2.022E+11,4,LE GORGEU (N°29 (TOTAL)-UBO(ALBERT 1ER ),0,NULL,2,2,0,2,-1,-1,1,NULL,-1,2,0,1,50,
2.022E+11,24,11,2022,20:30:00,5,69,69385,2,1,1,3,Quai Romain Rolland,"457,645,998,655","48,290,920,257",2.022E+11,810 436,B01,1,1,0,2,5,19,5,NULL,2.022E+11,1 095 002,810 432,A01,1,1,1,2,1967,4,1,-1,-1,0,0,-1,2.022E+11,4,ROMAIN ROLLAND                      (QU),0,NULL,2,2,1,1,-1,-1,1,NULL,-1,1,2,1,30,
2.022E+11,24,11,2022,20:30:00,5,69,69385,2,1,1,3,Quai Romain Rolland,"457,645,998,655","48,290,920,257",2.022E+11,810 436,B01,1,1,0,2,5,19,5,NULL,2.022E+11,1 095 006,810 436,B01,1,1,3,1,2006,0,8,-1,-1,0,0,-1,2.022E+11,4,ROMAIN ROLLAND                      (QU),0,NULL,2,2,1,1,-1,-1,1,NULL,-1,1,2,1,30,
2.022E+11,1,7,2022,22:00:00,5,67,67482,2,3,1,3,SENGENWALD (RUE),"485,775,500,000","77,531,300,000",2.022E+11,808 941,B01,2,1,0,2,0,1,5,NULL,2.022E+11,1 093 030,808 940,A01,1,1,1,1,1980,5,1,8,-1,-1,-1,-1,2.022E+11,4,SENGENWALD (RUE),0,NULL,2,3,3,1,-1,-1,1,NULL,-1,1,0,1,50,
2.022E+11,1,7,2022,22:00:00,5,67,67482,2,3,1,3,SENGENWALD (RUE),"485,775,500,000","77,531,300,000",2.022E+11,808 941,B01,2,1,0,2,0,1,5,NULL,2.022E+11,1 093 031,808 941,B01,1,1,4,1,1979,4,8,8,-1,-1,-1,-1,2.022E+11,4,SENGENWALD (RUE),0,NULL,2,3,3,1,-1,-1,1,NULL,-1,1,0,1,50,
2.022E+11,15,9,2022,11:10:00,1,75,75118,2,1,1,3,BOULEVARD NEY,"488,976,680,000","23,316,190,000",2.022E+11,806 198,A01,1,1,12,2,7,17,5,NULL,2.022E+11,1 089 328,806 197,B01,1,1,4,1,1994,9,8,0,-1,0,0,-1,2.022E+11,4,BOULEVARD NEY,0,NULL,3,6,1,1,-1,-1,1,NULL,-1,1,-1,5,30,
2.022E+11,15,9,2022,11:10:00,1,75,75118,2,1,1,3,BOULEVARD NEY,"488,976,680,000","23,316,190,000",2.022E+11,806 198,A01,1,1,12,2,7,17,5,NULL,2.022E+11,1 089 330,806 198,A01,1,1,4,1,1965,9,8,0,-1,0,0,-1,2.022E+11,4,BOULEVARD NEY,0,NULL,3,6,1,1,-1,-1,1,NULL,-1,1,-1,5,30,
2.022E+11,23,11,2022,10:35:00,1,35,35238,2,1,1,2,BOUZAT (DOYEN ALBERT),"481,282,100,000","-16,374,700,000",2.022E+11,805 393,A01,3,1,0,2,1,1,5,NULL,2.022E+11,1 088 263,805 393,A01,1,1,4,1,1999,1,8,-1,-1,0,0,-1,2.022E+11,4,NULL,0,NULL,2,2,1,1,-1,-1,1,NULL,-1,1,0,5,50,
2.022E+11,23,11,2022,10:35:00,1,35,35238,2,1,1,2,BOUZAT (DOYEN ALBERT),"481,282,100,000","-16,374,700,000",2.022E+11,805 393,A01,3,1,0,2,1,1,5,NULL,2.022E+11,1 088 265,805 395,B01,1,1,1,1,1969,0,1,-1,-1,0,0,-1,2.022E+11,4,NULL,0,NULL,2,2,1,1,-1,-1,1,NULL,-1,1,0,5,50,
2.022E+11,26,5,2022,22:55:00,5,75,75101,2,7,1,3,PLACE DU CHATELET,"488,571,958,110","23,473,451,836",2.022E+11,801 052,A01,1,1,0,2,4,15,5,NULL,2.022E+11,1 082 512,801 052,A01,1,1,4,2,1997,5,2,0,-1,0,0,-1,2.022E+11,4,PLACE DU CHATELET,0,NULL,1,3,0,1,-1,-1,1,NULL,-1,1,0,1,50,