Accident_Id,jour,mois,an,hrmn,lum,dep,com,agg,int,atm,col,adr,lat,long,Num_Acc,id_vehicule,num_veh,senc,catv,obs,obsm,choc,manv,motor,occutc,Num_Acc,id_usager,id_vehicule,num_veh,place,catu,grav,sexe,an_nais,trajet,secu1,secu2,secu3,locp,actp,etatp,Num_Acc,catr,voie,v1,v2,circ,nbv,vosp,prof,pr,pr1,plan,lartpc,larrout,surf,infra,situ,vma,
2.022E+11,26,5,2022,22:55:00,5,75,75101,2,7,1,3,PLACE DU CHATELET,"488,571,958,110","23,473,451,836",2.022E+11,801 052,A01,1,1,0,2,4,15,5,NULL,2.022E+11,1 082 515,801 055,Z01,1,1,1,-1,NULL,-1,-1,-1,-1,0,0,-1,2.022E+11,4,PLACE DU CHATELET,0,NULL,1,3,0,1,-1,-1,1,NULL,-1,1,0,1,50,
2.022E+11,11,6,2022,10:30:00,1,13,13074,1,1,1,2,D561,"436,456,193,534","55,943,584,442",2.022E+11,795 235,B01,1,1,0,0,4,1,5,NULL,2.022E+11,1 074 860,795 234,A01,1,1,1,2,1947,5,1,-1,-1,0,0,-1,2.022E+11,7,D561,0,NULL,2,2,0,2,-1,-1,1,NULL,-1,1,0,1,80,
2.022E+11,11,6,2022,10:30:00,1,13,13074,1,1,1,2,D561,"436,456,193,534","55,943,584,442",2.022E+11,795 235,B01,1,1,0,0,4,1,5,NULL,2.022E+11,1 074 861,795 235,B01,1,1,3,1,1963,5,2,-1,-1,0,0,-1,2.022E+11,7,D561,0,NULL,2,2,0,2,-1,-1,1,NULL,-1,1,0,1,80,
2.022E+11,28,2,2022,12:50:00,1,59,59009,2,6,1,6,FUSILLES RUE DES DU N° 2-110,"506,169,600,000","31,469,600,000",2.022E+11,790 131,B01,3,1,0,0,0,0,5,NULL,2.022E+11,1 068 058,790 129,A01,1,1,1,1,1971,0,1,0,-1,-1,-1,-1,2.022E+11,7,BOUDERIEZ MARCEL RUE,0,NULL,2,2,0,1,-1,-1,1,NULL,-1,1,0,1,50,
2.022E+11,28,2,2022,12:50:00,1,59,59009,2,6,1,6,FUSILLES RUE DES DU N° 2-110,"506,169,600,000","31,469,600,000",2.022E+11,790 131,B01,3,1,0,0,0,0,5,NULL,2.022E+11,1 068 061,790 131,B01,1,1,4,1,1995,0,8,0,-1,-1,-1,-1,2.022E+11,7,BOUDERIEZ MARCEL RUE,0,NULL,2,2,0,1,-1,-1,1,NULL,-1,1,0,1,50,
2.022E+11,27,7,2022,17:55:00,1,69,69266,2,3,1,2,Rue Antoine Primat,"457,582,800,000","48,973,500,000",2.022E+11,780 871,B01,3,1,1,2,1,2,0,NULL,2.022E+11,1 055 683,780 871,B01,1,1,4,1,1988,0,2,-1,-1,0,0,-1,2.022E+11,4,ANTOINE PRIMAT     (Rue),0,NULL,2,2,0,1,-1,-1,1,NULL,-1,1,0,1,30,
2.022E+11,27,7,2022,17:55:00,1,69,69266,2,3,1,2,Rue Antoine Primat,"457,582,800,000","48,973,500,000",2.022E+11,780 871,B01,3,1,1,2,1,2,0,NULL,2.022E+11,1 055 685,780 873,A01,1,1,1,1,1978,0,1,-1,-1,0,0,-1,2.022E+11,4,ANTOINE PRIMAT     (Rue),0,NULL,2,2,0,1,-1,-1,1,NULL,-1,1,0,1,30,
2.022E+11,19,4,2022,11:10:00,1,75,75119,2,2,1,2,AVENUE DE FLANDRE,"488,884,705,458","23,738,676,310",2.022E+11,775 604,B01,2,1,0,2,4,23,5,NULL,2.022E+11,1 048 635,775 604,B01,1,1,4,2,1991,9,2,0,-1,0,0,-1,2.022E+11,4,AVENUE DE FLANDRE,0,NULL,3,2,0,1,-1,-1,1,NULL,-1,1,0,1,30,
2.022E+11,19,4,2022,11:10:00,1,75,75119,2,2,1,2,AVENUE DE FLANDRE,"488,884,705,458","23,738,676,310",2.022E+11,775 604,B01,2,1,0,2,4,23,5,NULL,2.022E+11,1 048 636,775 605,A01,1,1,1,1,1993,4,1,0,-1,0,0,-1,2.022E+11,4,AVENUE DE FLANDRE,0,NULL,3,2,0,1,-1,-1,1,NULL,-1,1,0,1,30,
2.022E+11,18,4,2022,17:50:00,1,45,45220,2,1,1,1,22 Route de Chemault,"480,587,180,000","23,276,050,000",2.022E+11,775 407,B01,2,1,6,2,3,1,5,NULL,2.022E+11,1 048 378,775 407,B01,1,1,4,1,2012,5,8,-1,-1,0,0,-1,2.022E+11,3,NULL,-1,NULL,2,2,0,1,2,65,3,NULL,-1,1,0,1,50,
2.022E+11,18,4,2022,17:50:00,1,45,45220,2,1,1,1,22 Route de Chemault,"480,587,180,000","23,276,050,000",2.022E+11,775 407,B01,2,1,6,2,3,1,5,NULL,2.022E+11,1 048 379,775 408,A01,1,1,1,1,2006,5,8,-1,-1,0,0,-1,2.022E+11,3,NULL,-1,NULL,2,2,0,1,2,65,3,NULL,-1,1,0,1,50,
2.022E+11,3,9,2022,15:30:00,1,38,38409,1,4,1,3,D71,"451,060,610,000","52,763,770,000",2.022E+11,772 641,B01,2,1,0,2,8,1,5,NULL,2.022E+11,1 044 570,772 639,A01,1,1,1,1,1998,5,1,-1,-1,0,0,-1,2.022E+11,3,71,-1,NULL,2,2,0,1,3,463,2,NULL,-1,1,5,1,70,
2.022E+11,3,9,2022,15:30:00,1,38,38409,1,4,1,3,D71,"451,060,610,000","52,763,770,000",2.022E+11,772 641,B01,2,1,0,2,8,1,5,NULL,2.022E+11,1 044 573,772 641,B01,1,1,3,1,1961,5,2,-1,-1,0,0,-1,2.022E+11,3,71,-1,NULL,2,2,0,1,3,463,2,NULL,-1,1,5,1,70,
2.022E+11,3,9,2022,01:18:00,5,44,44109,2,1,1,3,28 Boulevard Gustave Roch,"472,039,400,000","-15,514,700,000",2.022E+11,772 447,B01,1,1,0,2,8,1,5,NULL,2.022E+11,1 044 287,772 447,B01,1,1,4,1,1995,0,8,0,-1,-1,0,-1,2.022E+11,4,BOULEVARD VICTOR HUGO,0,NULL,2,2,2,1,-1,-1,1,NULL,-1,1,0,1,30,
2.022E+11,3,9,2022,01:18:00,5,44,44109,2,1,1,3,28 Boulevard Gustave Roch,"472,039,400,000","-15,514,700,000",2.022E+11,772 447,B01,1,1,0,2,8,1,5,NULL,2.022E+11,1 044 288,772 448,A01,1,1,1,1,1987,0,1,0,-1,-1,0,-1,2.022E+11,4,BOULEVARD VICTOR HUGO,0,NULL,2,2,2,1,-1,-1,1,NULL,-1,1,0,1,30,
2.022E+11,6,10,2022,09:30:00,1,75,75117,2,1,1,3,RUE JACQUES KELLNER,"488,968,980,000","23,246,590,000",2.022E+11,771 596,B01,1,1,0,2,1,1,5,NULL,2.022E+11,1 043 142,771 595,A01,1,1,1,1,1972,1,1,0,-1,0,0,-1,2.022E+11,4,RUE JACQUES KELLNER,0,NULL,1,2,0,1,-1,-1,1,NULL,-1,1,0,1,30,
2.022E+11,6,10,2022,09:30:00,1,75,75117,2,1,1,3,RUE JACQUES KELLNER,"488,968,980,000","23,246,590,000",2.022E+11,771 596,B01,1,1,0,2,1,1,5,NULL,2.022E+11,1 043 143,771 596,B01,1,1,4,1,1985,1,2,0,-1,0,0,-1,2.022E+11,4,RUE JACQUES KELLNER,0,NULL,1,2,0,1,-1,-1,1,NULL,-1,1,0,1,30,
2.022E+11,27,1,2022,17:06:00,1,49,49007,2,2,1,3,CAMUS BOULEVARD,"474,873,341,749"," -0,5737137794",2.022E+11,771 314,B01,1,1,0,2,1,26,5,NULL,2.022E+11,1 042 779,771 314,B01,1,1,4,1,1999,5,8,0,-1,-1,-1,-1,2.022E+11,4,CAMUS BOULEVARD,0,NULL,2,2,0,1,1,0,1,NULL,-1,1,0,1,50,
2.022E+11,27,1,2022,17:06:00,1,49,49007,2,2,1,3,CAMUS BOULEVARD,"474,873,341,749"," -0,5737137794",2.022E+11,771 314,B01,1,1,0,2,1,26,5,NULL,2.022E+11,1 042 780,771 315,A01,1,1,1,2,1940,5,8,0,-1,-1,-1,-1,2.022E+11,4,CAMUS BOULEVARD,0,NULL,2,2,0,1,1,0,1,NULL,-1,1,0,1,50,
2.022E+11,4,10,2022,06:50:00,5,60,60175,2,3,5,3,Rue Georges Stephenson,"492,655,665,343","24,718,408,837",2.022E+11,767 496,B01,3,1,0,2,0,0,5,NULL,2.022E+11,1 037 733,767 493,A01,1,1,1,1,1977,0,1,0,-1,0,0,-1,2.022E+11,4,STEPHENSON (RUE GEORGES ),0,NULL,2,2,0,1,-1,-1,1,NULL,-1,2,0,1,30,
2.022E+11,4,10,2022,06:50:00,5,60,60175,2,3,5,3,Rue Georges Stephenson,"492,655,665,343","24,718,408,837",2.022E+11,767 496,B01,3,1,0,2,0,0,5,NULL,2.022E+11,1 037 735,767 496,B01,1,1,3,1,1986,0,8,0,-1,0,0,-1,2.022E+11,4,STEPHENSON (RUE GEORGES ),0,NULL,2,2,0,1,-1,-1,1,NULL,-1,2,0,1,30,
2.022E+11,30,8,2022,16:45:00,1,37,37261,2,1,1,6,NATIONALE (RUE),"473,905,900,000","0,6887200000",2.022E+11,765 646,A01,3,1,0,1,0,1,5,NULL,2.022E+11,1 035 223,765 646,A01,10,3,4,1,1962,5,8,8,-1,8,3,2,2.022E+11,4,NATIONALE (RUE),0,NULL,2,2,3,1,-1,-1,1,NULL,-1,1,0,6,30,
2.022E+11,30,8,2022,16:45:00,1,37,37261,2,1,1,6,NATIONALE (RUE),"473,905,900,000","0,6887200000",2.022E+11,765 646,A01,3,1,0,1,0,1,5,NULL,2.022E+11,1 035 224,765 646,A01,1,1,1,-1,NULL,-1,-1,-1,-1,-1,-1,-1,2.022E+11,4,NATIONALE (RUE),0,NULL,2,2,3,1,-1,-1,1,NULL,-1,1,0,6,30,
2.022E+11,13,4,2022,13:15:00,1,92,92025,2,1,2,2,MARECHAL JOFFRE (RUE DU),"489,215,950,000","22,578,240,000",2.022E+11,764 997,B01,1,1,0,2,4,13,5,NULL,2.022E+11,1 034 414,764 996,A01,1,1,1,1,1978,3,1,0,-1,-1,-1,-1,2.022E+11,3,13,0,NULL,1,1,0,1,0,0,1,NULL,-1,2,0,1,30,
2.022E+11,13,4,2022,13:15:00,1,92,92025,2,1,2,2,MARECHAL JOFFRE (RUE DU),"489,215,950,000","22,578,240,000",2.022E+11,764 997,B01,1,1,0,2,4,13,5,NULL,2.022E+11,1 034 415,764 997,B01,1,1,4,2,1953,0,8,0,-1,-1,-1,-1,2.022E+11,3,13,0,NULL,1,1,0,1,0,0,1,NULL,-1,2,0,1,30,
2.022E+11,12,8,2022,16:20:00,1,22,22278,2,1,1,1,71° RI (DU),"485,111,700,000","-27,622,300,000",2.022E+11,762 859,B01,3,1,0,2,1,1,5,NULL,2.022E+11,1 031 611,762 858,A01,1,1,1,2,1965,0,1,0,-1,-1,-1,-1,2.022E+11,4,71° RI (DU),0,NULL,2,2,0,1,1,0,1,NULL,-1,1,0,1,30,
2.022E+11,12,8,2022,16:20:00,1,22,22278,2,1,1,1,71° RI (DU),"485,111,700,000","-27,622,300,000",2.022E+11,762 859,B01,3,1,0,2,1,1,5,NULL,2.022E+11,1 031 612,762 859,B01,1,1,4,1,1992,0,2,0,-1,-1,-1,-1,2.022E+11,4,71° RI (DU),0,NULL,2,2,0,1,1,0,1,NULL,-1,1,0,1,30,
2.022E+11,26,8,2022,21:40:00,5,59,59122,2,1,1,3,PERONNE (RUE DE),"501,672,972,882","32,367,798,686",2.022E+11,750 551,B01,3,1,0,2,8,19,5,NULL,2.022E+11,1 015 089,750 551,B01,1,1,4,2,2008,5,8,0,-1,-1,-1,-1,2.022E+11,4,PERONNE (RUE DE),0,NULL,2,2,0,4,-1,-1,3,NULL,-1,1,0,1,50,
2.022E+11,26,8,2022,21:40:00,5,59,59122,2,1,1,3,PERONNE (RUE DE),"501,672,972,882","32,367,798,686",2.022E+11,750 551,B01,3,1,0,2,8,19,5,NULL,2.022E+11,1 015 090,750 552,A01,1,1,1,1,1973,0,1,0,-1,-1,-1,-1,2.022E+11,4,PERONNE (RUE DE),0,NULL,2,2,0,4,-1,-1,3,NULL,-1,1,0,1,50,
2.022E+11,5,6,2022,11:50:00,1,7,7008,1,1,1,3,LEMPS  ( QUARTIER ),"447,016,300,000","46,497,200,000",2.022E+11,744 108,B01,3,1,0,2,8,26,5,NULL,2.022E+11,1 006 503,744 106,A01,1,1,1,-1,NULL,-1,-1,-1,-1,-1,-1,-1,2.022E+11,4,LEMPS  ( QUARTIER ),0,NULL,-1,1,0,1,-1,-1,1,NULL,-1,1,0,1,50,
2.022E+11,5,6,2022,11:50:00,1,7,7008,1,1,1,3,LEMPS  ( QUARTIER ),"447,016,300,000","46,497,200,000",2.022E+11,744 108,B01,3,1,0,2,8,26,5,NULL,2.022E+11,1 006 505,744 108,B01,1,1,3,1,1957,5,8,8,-1,0,0,-1,2.022E+11,4,LEMPS  ( QUARTIER ),0,NULL,-1,1,0,1,-1,-1,1,NULL,-1,1,0,1,50,
2.022E+11,24,2,2022,09:05:00,1,75,75119,2,3,1,3,AVENUE DE FLANDRE,"488,858,085,776","23,706,462,979",2.022E+11,741 340,B01,1,1,0,2,7,1,5,NULL,2.022E+11,1 002 750,741 339,A01,1,1,1,2,1998,9,1,0,-1,0,0,-1,2.022E+11,4,AVENUE DE FLANDRE,0,NULL,3,3,1,1,-1,-1,1,NULL,-1,1,-1,5,30,
2.022E+11,24,2,2022,09:05:00,1,75,75119,2,3,1,3,AVENUE DE FLANDRE,"488,858,085,776","23,706,462,979",2.022E+11,741 340,B01,1,1,0,2,7,1,5,NULL,2.022E+11,1 002 751,741 340,B01,1,1,4,1,1994,9,2,0,-1,0,0,-1,2.022E+11,4,AVENUE DE FLANDRE,0,NULL,3,3,1,1,-1,-1,1,NULL,-1,1,-1,5,30,
2.022E+11,12,4,2022,09:10:00,1,974,97411,2,9,1,3,JAURES (BLD 1 JEAN),"-208,900,000,000","554,635,000,000",2.022E+11,734 518,B01,3,1,0,0,0,0,5,NULL,2.022E+11,993 467,734 518,B01,1,1,3,1,1993,0,8,0,-1,0,0,-1,2.022E+11,4,JAURES (BLD 1 JEAN),0,NULL,2,5,1,1,0,0,3,NULL,-1,1,5,5,50,
2.022E+11,12,4,2022,09:10:00,1,974,97411,2,9,1,3,JAURES (BLD 1 JEAN),"-208,900,000,000","554,635,000,000",2.022E+11,734 518,B01,3,1,0,0,0,0,5,NULL,2.022E+11,993 470,734 521,A01,1,1,1,1,1944,0,1,8,-1,0,0,-1,2.022E+11,4,JAURES (BLD 1 JEAN),0,NULL,2,5,1,1,0,0,3,NULL,-1,1,5,5,50,
2.022E+11,27,10,2022,16:20:00,1,75,75114,2,3,1,6,AVENUE DENFERT ROCHEREAU,"488,376,680,000","23,355,890,000",2.022E+11,733 311,Z01,2,1,0,1,1,25,5,NULL,2.022E+11,991 838,733 311,Z01,10,3,4,2,1943,5,8,8,-1,5,2,1,2.022E+11,4,AVENUE DENFERT ROCHEREAU,0,NULL,2,4,0,1,-1,-1,1,NULL,-1,1,0,4,30,
2.022E+11,27,10,2022,16:20:00,1,75,75114,2,3,1,6,AVENUE DENFERT ROCHEREAU,"488,376,680,000","23,355,890,000",2.022E+11,733 311,Z01,2,1,0,1,1,25,5,NULL,2.022E+11,991 839,733 311,Z01,1,1,1,-1,NULL,-1,-1,-1,-1,-1,-1,-1,2.022E+11,4,AVENUE DENFERT ROCHEREAU,0,NULL,2,4,0,1,-1,-1,1,NULL,-1,1,0,4,30,
2.022E+11,30,11,2022,17:48:00,5,92,92048,2,1,1,3,rue du PETIT CLAMART,"487,821,822,852","22,262,804,210",2.022E+11,728 900,B01,1,1,0,4,4,19,5,NULL,2.022E+11,986 042,728 899,A01,1,1,1,1,1985,4,1,0,-1,-1,-1,-1,2.022E+11,3,987,0,NULL,2,1,3,1,0,0,1,NULL,-1,1,4,6,30,
2.022E+11,30,11,2022,17:48:00,5,92,92048,2,1,1,3,rue du PETIT CLAMART,"487,821,822,852","22,262,804,210",2.022E+11,728 900,B01,1,1,0,4,4,19,5,NULL,2.022E+11,986 045,728 900,B01,1,1,4,1,1982,5,8,0,-1,-1,-1,-1,2.022E+11,3,987,0,NULL,2,1,3,1,0,0,1,NULL,-1,1,4,6,30,
2.022E+11,24,10,2022,15:18:00,1,62,62279,1,6,7,3,D939,"503,058,800,000","27,105,120,000",2.022E+11,721 602,B01,2,1,0,2,2,1,5,NULL,2.022E+11,976 404,721 602,B01,1,1,3,2,1953,5,2,-1,-1,0,0,-1,2.022E+11,3,939,-1,NULL,2,2,0,1,172,550,3,NULL,-1,1,5,1,50,
2.022E+11,24,10,2022,15:18:00,1,62,62279,1,6,7,3,D939,"503,058,800,000","27,105,120,000",2.022E+11,721 602,B01,2,1,0,2,2,1,5,NULL,2.022E+11,976 409,721 608,A01,1,1,1,2,1962,5,1,-1,-1,0,0,-1,2.022E+11,3,939,-1,NULL,2,2,0,1,172,550,3,NULL,-1,1,5,1,50,
2.022E+11,17,9,2022,07:30:00,1,988,98818,2,1,1,1,RUE JULES GARNIER - SUR PISTE CYCLABE,"-222,899,000,000","1,664,423,700,000",2.022E+11,809 354,B01,1,1,0,9,1,1,5,NULL,2.022E+11,1 093 556,809 353,A01,1,1,1,1,1979,3,8,8,-1,0,0,-1,2.022E+11,4,RUE JULES GARNIER,0,NULL,2,2,1,1,0,0,1,NULL,-1,1,0,5,30,
2.022E+11,17,9,2022,07:30:00,1,988,98818,2,1,1,1,RUE JULES GARNIER - SUR PISTE CYCLABE,"-222,899,000,000","1,664,423,700,000",2.022E+11,809 354,B01,1,1,0,9,1,1,5,NULL,2.022E+11,1 093 557,809 354,B01,1,1,4,1,1944,5,8,8,-1,0,0,-1,2.022E+11,4,RUE JULES GARNIER,0,NULL,2,2,1,1,0,0,1,NULL,-1,1,0,5,30,
2.022E+11,2,6,2022,17:45:00,1,35,35281,2,1,1,3,MENDES FRANCE (BD PIERRE),"480,969,345,047","-16,931,477,934",2.022E+11,807 207,B01,3,1,0,2,1,1,5,NULL,2.022E+11,1 090 684,807 207,B01,1,1,4,2,1988,1,2,8,-1,-1,-1,-1,2.022E+11,4,MENDES FRANCE (BD PIERRE),0,NULL,3,2,2,2,-1,-1,1,NULL,-1,1,0,5,50,
2.022E+11,2,6,2022,17:45:00,1,35,35281,2,1,1,3,MENDES FRANCE (BD PIERRE),"480,969,345,047","-16,931,477,934",2.022E+11,807 207,B01,3,1,0,2,1,1,5,NULL,2.022E+11,1 090 686,807 209,A01,2,2,1,1,1996,1,1,-1,-1,-1,-1,-1,2.022E+11,4,MENDES FRANCE (BD PIERRE),0,NULL,3,2,2,2,-1,-1,1,NULL,-1,1,0,5,50,
2.022E+11,2,6,2022,17:45:00,1,35,35281,2,1,1,3,MENDES FRANCE (BD PIERRE),"480,969,345,047","-16,931,477,934",2.022E+11,807 207,B01,3,1,0,2,1,1,5,NULL,2.022E+11,1 090 687,807 209,A01,1,1,1,1,1989,1,1,-1,-1,-1,-1,-1,2.022E+11,4,MENDES FRANCE (BD PIERRE),0,NULL,3,2,2,2,-1,-1,1,NULL,-1,1,0,5,50,
2.022E+11,2,7,2022,21:35:00,2,77,77152,1,1,1,6,D142,"485,109,900,000","25,961,300,000",2.022E+11,802 676,A01,-1,1,-1,-1,-1,-1,5,NULL,2.022E+11,1 084 649,802 675,B01,1,1,-1,-1,NULL,-1,-1,-1,-1,-1,-1,-1,2.022E+11,3,NULL,-1,NULL,3,2,-1,1,3,197,1,NULL,3,1,0,1,80,
2.022E+11,2,7,2022,21:35:00,2,77,77152,1,1,1,6,D142,"485,109,900,000","25,961,300,000",2.022E+11,802 676,A01,-1,1,-1,-1,-1,-1,5,NULL,2.022E+11,1 084 650,802 676,A01,1,1,3,1,1964,0,0,-1,-1,0,0,-1,2.022E+11,3,NULL,-1,NULL,3,2,-1,1,3,197,1,NULL,3,1,0,1,80,
2.022E+11,25,4,2022,14:40:00,1,33,33069,2,3,1,3,Avenue de la Libération Charles de Gaulle,"448,570,300,000"," -0,5971900000",2.022E+11,800 945,B01,2,1,0,2,7,1,5,NULL,2.022E+11,1 082 354,800 940,A01,1,1,1,1,1943,5,1,-1,-1,-1,-1,-1,2.022E+11,4,RUE VICTOR BILLON,0,NULL,1,1,0,1,-1,-1,1,NULL,-1,1,5,6,30,
2.022E+11,25,4,2022,14:40:00,1,33,33069,2,3,1,3,Avenue de la Libération Charles de Gaulle,"448,570,300,000"," -0,5971900000",2.022E+11,800 945,B01,2,1,0,2,7,1,5,NULL,2.022E+11,1 082 359,800 945,B01,1,1,3,2,1985,1,0,-1,-1,-1,-1,-1,2.022E+11,4,RUE VICTOR BILLON,0,NULL,1,1,0,1,-1,-1,1,NULL,-1,1,5,6,30,
2.022E+11,18,3,2022,07:14:00,2,31,31149,2,6,1,3,FONTAINE LUMINEUSE (Rd Point),"436,092,800,000","13,526,800,000",2.022E+11,797 198,B01,1,1,0,2,7,1,5,NULL,2.022E+11,1 077 491,797 198,B01,1,1,3,1,1976,1,8,4,-1,-1,-1,-1,2.022E+11,7,FONTAINE LUMINEUSE (Rd Point),0,NULL,1,3,0,1,0,5,1,NULL,-1,1,9,1,50,
2.022E+11,18,3,2022,07:14:00,2,31,31149,2,6,1,3,FONTAINE LUMINEUSE (Rd Point),"436,092,800,000","13,526,800,000",2.022E+11,797 198,B01,1,1,0,2,7,1,5,NULL,2.022E+11,1 077 495,797 202,A01,1,1,1,1,1960,1,1,0,-1,-1,-1,-1,2.022E+11,7,FONTAINE LUMINEUSE (Rd Point),0,NULL,1,3,0,1,0,5,1,NULL,-1,1,9,1,50,
2.022E+11,19,11,2022,12:25:00,1,93,93001,2,3,1,3,Avenue Jean Jaurès / Rue Emile Dubois,"489,135,900,000","24,027,500,000",2.022E+11,793 907,B01,2,1,0,2,1,7,5,NULL,2.022E+11,1 073 115,793 907,B01,1,1,4,1,2001,0,2,-1,-1,0,0,-1,2.022E+11,3,JEAN JAURES  (AVE)  157 A 213,0,NULL,2,4,3,1,0,1,1,NULL,-1,1,0,6,50,
2.022E+11,19,11,2022,12:25:00,1,93,93001,2,3,1,3,Avenue Jean Jaurès / Rue Emile Dubois,"489,135,900,000","24,027,500,000",2.022E+11,793 907,B01,2,1,0,2,1,7,5,NULL,2.022E+11,1 073 117,793 908,A01,1,1,1,1,1978,0,1,0,-1,0,0,-1,2.022E+11,3,JEAN JAURES  (AVE)  157 A 213,0,NULL,2,4,3,1,0,1,1,NULL,-1,1,0,6,50,
2.022E+11,3,2,2022,15:30:00,1,44,44109,2,1,2,6,Place du Cirque,"472,175,790,000","-15,574,090,000",2.022E+11,784 174,A01,1,1,0,1,1,1,5,NULL,2.022E+11,1 060 052,784 174,A01,1,1,1,1,1991,0,8,8,-1,-1,-1,-1,2.022E+11,4,PLACE DU CIRQUE,0,NULL,2,2,3,1,-1,-1,1,NULL,-1,2,0,1,30,
2.022E+11,3,2,2022,15:30:00,1,44,44109,2,1,2,6,Place du Cirque,"472,175,790,000","-15,574,090,000",2.022E+11,784 174,A01,1,1,0,1,1,1,5,NULL,2.022E+11,1 060 053,784 174,A01,10,3,3,1,1950,0,0,-1,-1,3,3,1,2.022E+11,4,PLACE DU CIRQUE,0,NULL,2,2,3,1,-1,-1,1,NULL,-1,2,0,1,30,
2.022E+11,27,5,2022,11:45:00,1,83,83115,2,1,1,5,185 Route du Plan de la Tour,"433,271,950,000","66,066,030,000",2.022E+11,784 037,E01,2,1,5,2,4,1,5,NULL,2.022E+11,1 059 852,784 034,G01,1,1,1,1,1988,4,1,-1,-1,0,0,-1,2.022E+11,3,74,-1,NULL,2,2,1,1,20,50,1,NULL,-1,1,8,1,50,
2.022E+11,27,5,2022,11:45:00,1,83,83115,2,1,1,5,185 Route du Plan de la Tour,"433,271,950,000","66,066,030,000",2.022E+11,784 038,D01,2,1,5,2,4,1,5,NULL,2.022E+11,1 059 852,784 034,G01,1,1,1,1,1988,4,1,-1,-1,0,0,-1,2.022E+11,3,74,-1,NULL,2,2,1,1,20,50,1,NULL,-1,1,8,1,50,
2.022E+11,27,5,2022,11:45:00,1,83,83115,2,1,1,5,185 Route du Plan de la Tour,"433,271,950,000","66,066,030,000",2.022E+11,784 040,C01,2,1,5,2,4,1,5,NULL,2.022E+11,1 059 852,784 034,G01,1,1,1,1,1988,4,1,-1,-1,0,0,-1,2.022E+11,3,74,-1,NULL,2,2,1,1,20,50,1,NULL,-1,1,8,1,50,
2.022E+11,27,5,2022,11:45:00,1,83,83115,2,1,1,5,185 Route du Plan de la Tour,"433,271,950,000","66,066,030,000",2.022E+11,784 041,B01,2,1,5,2,4,1,5,NULL,2.022E+11,1 059 852,784 034,G01,1,1,1,1,1988,4,1,-1,-1,0,0,-1,2.022E+11,3,74,-1,NULL,2,2,1,1,20,50,1,NULL,-1,1,8,1,50,
2.022E+11,27,5,2022,11:45:00,1,83,83115,2,1,1,5,185 Route du Plan de la Tour,"433,271,950,000","66,066,030,000",2.022E+11,784 037,E01,2,1,5,2,4,1,5,NULL,2.022E+11,1 059 853,784 035,F01,2,2,1,2,1996,5,1,-1,-1,0,0,-1,2.022E+11,3,74,-1,NULL,2,2,1,1,20,50,1,NULL,-1,1,8,1,50,
2.022E+11,27,5,2022,11:45:00,1,83,83115,2,1,1,5,185 Route du Plan de la Tour,"433,271,950,000","66,066,030,000",2.022E+11,784 038,D01,2,1,5,2,4,1,5,NULL,2.022E+11,1 059 853,784 035,F01,2,2,1,2,1996,5,1,-1,-1,0,0,-1,2.022E+11,3,74,-1,NULL,2,2,1,1,20,50,1,NULL,-1,1,8,1,50,
2.022E+11,27,5,2022,11:45:00,1,83,83115,2,1,1,5,185 Route du Plan de la Tour,"433,271,950,000","66,066,030,000",2.022E+11,784 040,C01,2,1,5,2,4,1,5,NULL,2.022E+11,1 059 853,784 035,F01,2,2,1,2,1996,5,1,-1,-1,0,0,-1,2.022E+11,3,74,-1,NULL,2,2,1,1,20,50,1,NULL,-1,1,8,1,50,
2.022E+11,27,5,2022,11:45:00,1,83,83115,2,1,1,5,185 Route du Plan de la Tour,"433,271,950,000","66,066,030,000",2.022E+11,784 041,B01,2,1,5,2,4,1,5,NULL,2.022E+11,1 059 853,784 035,F01,2,2,1,2,1996,5,1,-1,-1,0,0,-1,2.022E+11,3,74,-1,NULL,2,2,1,1,20,50,1,NULL,-1,1,8,1,50,
2.022E+11,27,5,2022,11:45:00,1,83,83115,2,1,1,5,185 Route du Plan de la Tour,"433,271,950,000","66,066,030,000",2.022E+11,784 037,E01,2,1,5,2,4,1,5,NULL,2.022E+11,1 059 854,784 035,F01,1,1,4,2,1997,5,1,-1,-1,0,0,-1,2.022E+11,3,74,-1,NULL,2,2,1,1,20,50,1,NULL,-1,1,8,1,50,
2.022E+11,27,5,2022,11:45:00,1,83,83115,2,1,1,5,185 Route du Plan de la Tour,"433,271,950,000","66,066,030,000",2.022E+11,784 038,D01,2,1,5,2,4,1,5,NULL,2.022E+11,1 059 854,784 035,F01,1,1,4,2,1997,5,1,-1,-1,0,0,-1,2.022E+11,3,74,-1,NULL,2,2,1,1,20,50,1,NULL,-1,1,8,1,50,
2.022E+11,27,5,2022,11:45:00,1,83,83115,2,1,1,5,185 Route du Plan de la Tour,"433,271,950,000","66,066,030,000",2.022E+11,784 040,C01,2,1,5,2,4,1,5,NULL,2.022E+11,1 059 854,784 035,F01,1,1,4,2,1997,5,1,-1,-1,0,0,-1,2.022E+11,3,74,-1,NULL,2,2,1,1,20,50,1,NULL,-1,1,8,1,50,
2.022E+11,27,5,2022,11:45:00,1,83,83115,2,1,1,5,185 Route du Plan de la Tour,"433,271,950,000","66,066,030,000",2.022E+11,784 041,B01,2,1,5,2,4,1,5,NULL,2.022E+11,1 059 854,784 035,F01,1,1,4,2,1997,5,1,-1,-1,0,0,-1,2.022E+11,3,74,-1,NULL,2,2,1,1,20,50,1,NULL,-1,1,8,1,50,