Accident_Id,jour,mois,an,hrmn,lum,dep,com,agg,int,atm,col,adr,lat,long,Num_Acc,id_vehicule,num_veh,senc,catv,obs,obsm,choc,manv,motor,occutc,Num_Acc,id_usager,id_vehicule,num_veh,place,catu,grav,sexe,an_nais,trajet,secu1,secu2,secu3,locp,actp,etatp,Num_Acc,catr,voie,v1,v2,circ,nbv,vosp,prof,pr,pr1,plan,lartpc,larrout,surf,infra,situ,vma,
2.022E+11,11,6,2022,09:39:00,1,75,75114,2,2,1,3,AVENUE DU MAINE,"488,375,390,000","23,229,430,000",2.022E+11,734 517,A01,2,1,0,2,1,1,5,NULL,2.022E+11,993 471,734 522,B01,1,1,1,1,1976,1,2,0,-1,0,0,-1,2.022E+11,4,AVENUE DU MAINE,0,NULL,2,4,1,1,-1,-1,1,NULL,-1,1,-1,5,30,
2.022E+11,26,10,2022,19:15:00,5,67,67218,2,1,1,1,VIGNES (RUE DES),"485,213,845,654","77,284,580,469",2.022E+11,733 538,Z01,3,1,0,2,0,0,5,NULL,2.022E+11,992 118,733 538,Z01,1,1,-1,-1,NULL,-1,-1,-1,-1,-1,-1,-1,2.022E+11,4,VIGNES (RUE DES),0,NULL,2,2,1,1,-1,-1,1,NULL,-1,1,9,1,50,
2.022E+11,26,10,2022,19:15:00,5,67,67218,2,1,1,1,VIGNES (RUE DES),"485,213,845,654","77,284,580,469",2.022E+11,733 539,B01,3,1,0,2,0,13,5,NULL,2.022E+11,992 118,733 538,Z01,1,1,-1,-1,NULL,-1,-1,-1,-1,-1,-1,-1,2.022E+11,4,VIGNES (RUE DES),0,NULL,2,2,1,1,-1,-1,1,NULL,-1,1,9,1,50,
2.022E+11,26,10,2022,19:15:00,5,67,67218,2,1,1,1,VIGNES (RUE DES),"485,213,845,654","77,284,580,469",2.022E+11,733 538,Z01,3,1,0,2,0,0,5,NULL,2.022E+11,992 121,733 539,B01,1,1,4,1,1998,0,2,8,-1,0,0,-1,2.022E+11,4,VIGNES (RUE DES),0,NULL,2,2,1,1,-1,-1,1,NULL,-1,1,9,1,50,
2.022E+11,26,10,2022,19:15:00,5,67,67218,2,1,1,1,VIGNES (RUE DES),"485,213,845,654","77,284,580,469",2.022E+11,733 539,B01,3,1,0,2,0,13,5,NULL,2.022E+11,992 121,733 539,B01,1,1,4,1,1998,0,2,8,-1,0,0,-1,2.022E+11,4,VIGNES (RUE DES),0,NULL,2,2,1,1,-1,-1,1,NULL,-1,1,9,1,50,
2.022E+11,26,10,2022,08:05:00,1,7,7316,1,1,1,6,LONES (PONT DES),"449,096,900,000","48,645,000,000",2.022E+11,730 082,A01,3,1,0,1,1,1,5,NULL,2.022E+11,987 599,730 082,A01,10,3,4,1,1986,-1,0,-1,-1,5,5,1,2.022E+11,3,LONES (PONT DES),0,NULL,2,1,1,2,0,200,1,NULL,-1,1,2,5,80,
2.022E+11,26,10,2022,08:05:00,1,7,7316,1,1,1,6,LONES (PONT DES),"449,096,900,000","48,645,000,000",2.022E+11,730 082,A01,3,1,0,1,1,1,5,NULL,2.022E+11,987 600,730 082,A01,1,1,4,2,1983,5,2,0,-1,-1,-1,-1,2.022E+11,3,LONES (PONT DES),0,NULL,2,1,1,2,0,200,1,NULL,-1,1,2,5,80,
2.022E+11,22,9,2022,09:00:00,1,33,33318,2,6,1,3,Rue Robert Escarpit,"448,048,100,000"," -0,6104800000",2.022E+11,729 165,B01,1,1,0,2,7,1,5,NULL,2.022E+11,986 387,729 164,A01,1,1,1,1,1969,4,1,-1,-1,-1,-1,-1,2.022E+11,4,AVE DU DOCTEUR ALBERT SCHWEITZER,0,NULL,3,2,2,1,-1,-1,2,NULL,-1,1,0,1,50,
2.022E+11,22,9,2022,09:00:00,1,33,33318,2,6,1,3,Rue Robert Escarpit,"448,048,100,000"," -0,6104800000",2.022E+11,729 165,B01,1,1,0,2,7,1,5,NULL,2.022E+11,986 388,729 165,B01,1,1,4,2,2001,2,2,-1,-1,-1,-1,-1,2.022E+11,4,AVE DU DOCTEUR ALBERT SCHWEITZER,0,NULL,3,2,2,1,-1,-1,2,NULL,-1,1,0,1,50,
2.022E+11,21,9,2022,18:20:00,1,1,1262,2,6,7,3,Place de la Gare,"458,480,650,000","50,577,620,000",2.022E+11,728 728,B01,1,1,0,2,8,1,5,NULL,2.022E+11,985 827,728 728,B01,1,1,4,2,1969,1,2,4,-1,0,0,-1,2.022E+11,3,1084,-1,NULL,2,2,0,1,12,0,1,NULL,-1,1,0,1,50,
2.022E+11,21,9,2022,18:20:00,1,1,1262,2,6,7,3,Place de la Gare,"458,480,650,000","50,577,620,000",2.022E+11,728 728,B01,1,1,0,2,8,1,5,NULL,2.022E+11,985 832,728 732,A01,1,1,1,2,1970,5,1,-1,-1,0,0,-1,2.022E+11,3,1084,-1,NULL,2,2,0,1,12,0,1,NULL,-1,1,0,1,50,
2.022E+11,25,10,2022,14:00:00,1,47,47001,2,1,1,2,JAURES (AV. JEAN),"442,017,100,000","0,6319400000",2.022E+11,727 263,B01,1,1,0,2,1,2,5,NULL,2.022E+11,983 888,727 263,B01,1,1,4,1,1951,5,0,-1,-1,0,0,-1,2.022E+11,3,813,0,NULL,2,2,0,1,14,1088,1,NULL,-1,1,0,1,50,
2.022E+11,25,10,2022,14:00:00,1,47,47001,2,1,1,2,JAURES (AV. JEAN),"442,017,100,000","0,6319400000",2.022E+11,727 263,B01,1,1,0,2,1,2,5,NULL,2.022E+11,983 895,727 268,A01,1,1,1,1,1970,5,1,-1,-1,0,0,-1,2.022E+11,3,813,0,NULL,2,2,0,1,14,1088,1,NULL,-1,1,0,1,50,
2.022E+11,24,9,2022,00:04:00,5,74,74010,2,1,1,2,ROND POINT (DU),"458,977,700,000","61,108,100,000",2.022E+11,810 337,A01,2,1,1,0,6,14,5,NULL,2.022E+11,1 094 881,810 337,A01,1,1,3,1,2003,5,8,0,-1,0,0,-1,2.022E+11,4,ROND POINT (DU),0,NULL,1,1,0,1,-1,-1,1,NULL,-1,1,0,1,30,
2.022E+11,24,9,2022,00:04:00,5,74,74010,2,1,1,2,ROND POINT (DU),"458,977,700,000","61,108,100,000",2.022E+11,810 337,A01,2,1,1,0,6,14,5,NULL,2.022E+11,1 094 884,810 340,B01,1,1,1,2,1997,5,1,-1,-1,0,0,-1,2.022E+11,4,ROND POINT (DU),0,NULL,1,1,0,1,-1,-1,1,NULL,-1,1,0,1,30,
2.022E+11,24,11,2022,10:35:00,1,75,75119,2,1,1,3,AVENUE JEAN JAURES,"488,844,130,000","23,764,450,000",2.022E+11,808 197,B01,2,1,1,0,1,1,5,NULL,2.022E+11,1 092 017,808 197,B01,1,1,4,1,1988,0,2,0,-1,-1,-1,-1,2.022E+11,4,AVENUE JEAN JAURES,0,NULL,2,4,0,1,0,0,1,NULL,-1,1,0,1,30,
2.022E+11,24,11,2022,10:35:00,1,75,75119,2,1,1,3,AVENUE JEAN JAURES,"488,844,130,000","23,764,450,000",2.022E+11,808 197,B01,2,1,1,0,1,1,5,NULL,2.022E+11,1 092 019,808 198,A01,1,1,1,1,1956,0,1,0,-1,0,0,-1,2.022E+11,4,AVENUE JEAN JAURES,0,NULL,2,4,0,1,0,0,1,NULL,-1,1,0,1,30,
2.022E+11,27,4,2022,18:20:00,1,56,56260,2,1,1,3,PAIX(BLD DE LA) 41 A 109 ET 52 A 124,"476,613,900,000","-27,565,800,000",2.022E+11,796 724,B01,2,1,0,2,8,1,5,NULL,2.022E+11,1 076 832,796 724,B01,1,1,4,1,1986,5,2,8,-1,-1,-1,-1,2.022E+11,3,779,2,NULL,2,4,1,1,1,250,1,NULL,-1,1,5,5,50,
2.022E+11,27,4,2022,18:20:00,1,56,56260,2,1,1,3,PAIX(BLD DE LA) 41 A 109 ET 52 A 124,"476,613,900,000","-27,565,800,000",2.022E+11,796 724,B01,2,1,0,2,8,1,5,NULL,2.022E+11,1 076 834,796 725,A01,1,1,1,1,1970,4,1,0,-1,-1,-1,-1,2.022E+11,3,779,2,NULL,2,4,1,1,1,250,1,NULL,-1,1,5,5,50,
2.022E+11,12,9,2022,12:45:00,1,93,93078,2,1,1,1,Avenue du Général de Gaulle,"489,433,834,292","25,688,714,484",2.022E+11,796 546,B01,1,1,0,2,1,0,5,NULL,2.022E+11,1 076 591,796 546,B01,1,1,4,1,1962,5,8,0,-1,0,0,-1,2.022E+11,3,DE GAULLE (RUE CHARLES),0,NULL,2,3,0,1,0,1,3,NULL,-1,1,6,8,50,
2.022E+11,12,9,2022,12:45:00,1,93,93078,2,1,1,1,Avenue du Général de Gaulle,"489,433,834,292","25,688,714,484",2.022E+11,796 546,B01,1,1,0,2,1,0,5,NULL,2.022E+11,1 076 592,796 547,A01,1,1,1,2,2001,1,1,0,-1,0,0,-1,2.022E+11,3,DE GAULLE (RUE CHARLES),0,NULL,2,3,0,1,0,1,3,NULL,-1,1,6,8,50,
2.022E+11,30,5,2022,08:25:00,1,27,27681,2,6,1,3,FOCH (AVENUE DU MARECHAL),"490,966,600,000","14,751,400,000",2.022E+11,794 391,B01,2,1,0,2,0,0,5,NULL,2.022E+11,1 073 728,794 391,B01,1,1,4,1,2009,0,-1,0,-1,0,0,-1,2.022E+11,3,FOCH (AVENUE DU MARECHAL),0,NULL,4,2,1,4,0,1100,3,NULL,-1,1,5,5,50,
2.022E+11,30,5,2022,08:25:00,1,27,27681,2,6,1,3,FOCH (AVENUE DU MARECHAL),"490,966,600,000","14,751,400,000",2.022E+11,794 391,B01,2,1,0,2,0,0,5,NULL,2.022E+11,1 073 733,794 395,A01,1,1,1,1,1964,1,1,0,-1,0,0,-1,2.022E+11,3,FOCH (AVENUE DU MARECHAL),0,NULL,4,2,1,4,0,1100,3,NULL,-1,1,5,5,50,
2.022E+11,7,2,2022,15:45:00,1,61,61486,2,1,1,2,Lieu Dit la Peschardiere,"487,737,830,000"," -0,7172700000",2.022E+11,789 811,B01,1,1,0,2,4,1,5,NULL,2.022E+11,1 067 648,789 811,B01,1,1,3,1,1951,5,2,-1,-1,0,0,-1,2.022E+11,3,911,-1,NULL,2,1,0,1,19,482,1,NULL,-1,1,0,1,90,
2.022E+11,7,2,2022,15:45:00,1,61,61486,2,1,1,2,Lieu Dit la Peschardiere,"487,737,830,000"," -0,7172700000",2.022E+11,789 811,B01,1,1,0,2,4,1,5,NULL,2.022E+11,1 067 650,789 813,A01,1,1,1,2,1982,5,8,-1,-1,0,0,-1,2.022E+11,3,911,-1,NULL,2,1,0,1,19,482,1,NULL,-1,1,0,1,90,
2.022E+11,11,10,2022,18:25:00,1,75,75117,2,1,1,3,BOULEVARD DE COURCELLES,"488,796,810,445","23,055,973,649",2.022E+11,788 429,A01,1,1,0,2,8,13,5,NULL,2.022E+11,1 065 787,788 428,B01,1,1,1,1,1984,1,1,0,-1,0,0,-1,2.022E+11,4,BOULEVARD DE COURCELLES,0,NULL,2,4,0,1,-1,-1,1,NULL,-1,1,0,1,30,
2.022E+11,11,10,2022,18:25:00,1,75,75117,2,1,1,3,BOULEVARD DE COURCELLES,"488,796,810,445","23,055,973,649",2.022E+11,788 429,A01,1,1,0,2,8,13,5,NULL,2.022E+11,1 065 788,788 429,A01,1,1,4,2,1973,1,2,0,-1,0,0,-1,2.022E+11,4,BOULEVARD DE COURCELLES,0,NULL,2,4,0,1,-1,-1,1,NULL,-1,1,0,1,30,
2.022E+11,24,4,2022,14:15:00,1,94,94041,2,3,1,3,Rue Westermeyer,"488,183,300,000","23,953,600,000",2.022E+11,786 053,A01,2,1,0,2,1,25,5,NULL,2.022E+11,1 062 566,786 053,A01,1,1,4,1,1957,0,8,0,-1,-1,-1,-1,2.022E+11,3,WESTERMEYER (R),0,NULL,1,2,0,1,0,0,1,NULL,-1,1,9,4,30,
2.022E+11,24,4,2022,14:15:00,1,94,94041,2,3,1,3,Rue Westermeyer,"488,183,300,000","23,953,600,000",2.022E+11,786 053,A01,2,1,0,2,1,25,5,NULL,2.022E+11,1 062 567,786 054,Z01,1,1,1,1,1973,4,8,0,-1,-1,-1,-1,2.022E+11,3,WESTERMEYER (R),0,NULL,1,2,0,1,0,0,1,NULL,-1,1,9,4,30,
2.022E+11,26,6,2022,16:10:00,1,75,75101,2,3,1,6,RUE DE RIVOLI,"488,632,120,000","23,337,770,000",2.022E+11,782 500,Z01,2,1,0,1,1,1,5,NULL,2.022E+11,1 057 856,782 500,Z01,10,3,4,1,1951,5,8,8,-1,2,3,1,2.022E+11,4,RUE DE RIVOLI,0,NULL,2,3,1,1,-1,-1,1,NULL,-1,1,0,5,30,
2.022E+11,26,6,2022,16:10:00,1,75,75101,2,3,1,6,RUE DE RIVOLI,"488,632,120,000","23,337,770,000",2.022E+11,782 500,Z01,2,1,0,1,1,1,5,NULL,2.022E+11,1 057 857,782 500,Z01,1,1,1,-1,NULL,-1,-1,-1,-1,-1,-1,-1,2.022E+11,4,RUE DE RIVOLI,0,NULL,2,3,1,1,-1,-1,1,NULL,-1,1,0,5,30,
2.022E+11,20,12,2022,19:50:00,5,75,75114,2,7,2,2,PLACE DENFERT ROCHEREAU,"488,347,130,000","23,312,440,000",2.022E+11,779 995,A01,3,1,0,2,4,1,5,NULL,2.022E+11,1 054 496,779 995,A01,1,1,4,2,1992,1,2,4,-1,0,0,-1,2.022E+11,4,PLACE DENFERT ROCHEREAU,0,NULL,-1,-1,1,1,-1,-1,1,NULL,-1,2,0,1,30,
2.022E+11,20,12,2022,19:50:00,5,75,75114,2,7,2,2,PLACE DENFERT ROCHEREAU,"488,347,130,000","23,312,440,000",2.022E+11,779 995,A01,3,1,0,2,4,1,5,NULL,2.022E+11,1 054 498,779 997,Z01,1,1,1,-1,NULL,-1,-1,-1,-1,0,0,-1,2.022E+11,4,PLACE DENFERT ROCHEREAU,0,NULL,-1,-1,1,1,-1,-1,1,NULL,-1,2,0,1,30,
2.022E+11,24,6,2022,16:30:00,1,973,97302,2,1,1,6,NOVAPARC (RESIDENCE) RTE DE RABAN,"49,231,727,970","-523,125,815,392",2.022E+11,778 869,B01,2,1,0,0,0,0,5,NULL,2.022E+11,1 052 986,778 868,A01,1,1,1,1,2000,0,8,8,-1,-1,-1,-1,2.022E+11,4,NOVAPARC (RESIDENCE) RTE DE RABAN,0,NULL,2,2,0,1,-1,-1,1,NULL,-1,1,0,8,50,
2.022E+11,24,6,2022,16:30:00,1,973,97302,2,1,1,6,NOVAPARC (RESIDENCE) RTE DE RABAN,"49,231,727,970","-523,125,815,392",2.022E+11,778 869,B01,2,1,0,0,0,0,5,NULL,2.022E+11,1 052 987,778 869,B01,1,1,4,1,1973,0,8,0,-1,-1,-1,-1,2.022E+11,4,NOVAPARC (RESIDENCE) RTE DE RABAN,0,NULL,2,2,0,1,-1,-1,1,NULL,-1,1,0,8,50,
2.022E+11,26,7,2022,15:30:00,1,65,65388,1,1,5,7,col du portet,"428,348,320,000","0,2397400000",2.022E+11,777 171,A01,3,1,0,0,0,2,5,NULL,2.022E+11,1 050 741,777 171,A01,1,1,4,2,1970,5,2,-1,-1,0,0,-1,2.022E+11,9,NULL,-1,NULL,2,2,0,2,-1,-1,1,NULL,5,2,0,8,80,
2.022E+11,10,11,2022,09:35:00,1,13,13114,1,3,1,3,Route de Berre,"435,406,900,000","52,648,120,000",2.022E+11,774 290,B01,2,1,0,2,1,1,5,NULL,2.022E+11,1 046 842,774 288,A01,1,1,1,1,1963,5,1,-1,-1,0,0,-1,2.022E+11,3,10,-1,NULL,2,2,1,1,32,-1,1,NULL,8,1,0,5,70,
2.022E+11,10,11,2022,09:35:00,1,13,13114,1,3,1,3,Route de Berre,"435,406,900,000","52,648,120,000",2.022E+11,774 290,B01,2,1,0,2,1,1,5,NULL,2.022E+11,1 046 845,774 290,B01,1,1,3,1,1984,5,2,-1,-1,0,0,-1,2.022E+11,3,10,-1,NULL,2,2,1,1,32,-1,1,NULL,8,1,0,5,70,
2.022E+11,27,1,2022,15:25:00,1,75,75110,2,2,1,6,RUE D HAUTEVILLE,"488,716,180,000","23,499,060,000",2.022E+11,768 180,A01,1,1,0,1,8,1,5,NULL,2.022E+11,1 038 635,768 180,A01,10,3,4,2,1984,9,0,-1,-1,3,3,1,2.022E+11,4,RUE D HAUTEVILLE,0,NULL,1,1,0,1,-1,-1,1,NULL,-1,1,0,1,30,
2.022E+11,27,1,2022,15:25:00,1,75,75110,2,2,1,6,RUE D HAUTEVILLE,"488,716,180,000","23,499,060,000",2.022E+11,768 180,A01,1,1,0,1,8,1,5,NULL,2.022E+11,1 038 636,768 180,A01,1,1,1,1,2004,2,2,0,-1,0,0,-1,2.022E+11,4,RUE D HAUTEVILLE,0,NULL,1,1,0,1,-1,-1,1,NULL,-1,1,0,1,30,
2.022E+11,30,9,2022,18:30:00,2,6,6069,2,1,1,7,CARNOT (BOULEVARD ET TRAVERSE),"436,558,490,000","69,221,830,000",2.022E+11,768 145,B01,1,1,0,2,0,0,5,NULL,2.022E+11,1 038 581,768 143,A01,1,1,1,2,1965,9,1,0,-1,-1,-1,-1,2.022E+11,3,CARNOT (BOULEVARD ET TRAVERSE),0,NULL,2,2,0,2,23,311,1,NULL,-1,1,0,1,50,
2.022E+11,30,9,2022,18:30:00,2,6,6069,2,1,1,7,CARNOT (BOULEVARD ET TRAVERSE),"436,558,490,000","69,221,830,000",2.022E+11,768 145,B01,1,1,0,2,0,0,5,NULL,2.022E+11,1 038 584,768 145,B01,1,1,4,1,1965,0,1,0,-1,-1,-1,-1,2.022E+11,3,CARNOT (BOULEVARD ET TRAVERSE),0,NULL,2,2,0,2,23,311,1,NULL,-1,1,0,1,50,
2.022E+11,26,8,2022,15:10:00,1,1,1301,2,3,1,3,Route de Mâcon,"462,481,110,000","51,362,930,000",2.022E+11,762 107,B01,2,1,0,0,8,19,5,NULL,2.022E+11,1 030 627,762 106,A01,1,1,1,1,1969,1,1,-1,-1,0,0,-1,2.022E+11,3,1079,-1,NULL,2,2,0,1,24,108,1,NULL,4,1,0,1,70,
2.022E+11,26,8,2022,15:10:00,1,1,1301,2,3,1,3,Route de Mâcon,"462,481,110,000","51,362,930,000",2.022E+11,762 107,B01,2,1,0,0,8,19,5,NULL,2.022E+11,1 030 628,762 107,B01,1,1,4,2,1971,3,0,-1,-1,0,0,-1,2.022E+11,3,1079,-1,NULL,2,2,0,1,24,108,1,NULL,4,1,0,1,70,
2.022E+11,7,11,2022,13:10:00,1,974,97416,1,9,1,2,VERGES (AVENUE LAURENT),"-212,959,600,000","554,609,300,000",2.022E+11,760 955,B01,2,1,0,2,1,17,5,NULL,2.022E+11,1 029 103,760 954,A01,1,1,1,2,2001,0,1,8,-1,-1,-1,-1,2.022E+11,4,VERGES (AVENUE LAURENT),0,NULL,2,2,0,2,0,0,1,NULL,-1,1,0,1,30,
2.022E+11,7,11,2022,13:10:00,1,974,97416,1,9,1,2,VERGES (AVENUE LAURENT),"-212,959,600,000","554,609,300,000",2.022E+11,760 955,B01,2,1,0,2,1,17,5,NULL,2.022E+11,1 029 104,760 955,B01,1,1,4,1,2007,0,8,0,-1,-1,-1,-1,2.022E+11,4,VERGES (AVENUE LAURENT),0,NULL,2,2,0,2,0,0,1,NULL,-1,1,0,1,30,
2.022E+11,20,7,2022,21:50:00,5,75,75119,2,2,1,3,AVENUE CORENTIN CARIOU,"488,947,880,000","23,823,560,000",2.022E+11,760 076,B01,1,1,0,2,1,1,5,NULL,2.022E+11,1 027 949,760 074,A01,1,1,1,-1,NULL,-1,8,0,-1,-1,-1,-1,2.022E+11,4,AVENUE CORENTIN CARIOU,0,NULL,2,3,1,1,-1,-1,1,NULL,-1,1,0,1,30,
2.022E+11,20,7,2022,21:50:00,5,75,75119,2,2,1,3,AVENUE CORENTIN CARIOU,"488,947,880,000","23,823,560,000",2.022E+11,760 076,B01,1,1,0,2,1,1,5,NULL,2.022E+11,1 027 954,760 076,B01,1,1,4,1,1986,9,2,0,-1,0,0,-1,2.022E+11,4,AVENUE CORENTIN CARIOU,0,NULL,2,3,1,1,-1,-1,1,NULL,-1,1,0,1,30,
2.022E+11,13,12,2022,18:00:00,3,24,24208,1,2,5,3,Route des Vergers,"450,486,260,000","0,6531550000",2.022E+11,759 674,B01,0,1,0,0,0,0,5,NULL,2.022E+11,1 027 438,759 672,A01,1,1,1,1,1993,1,8,-1,-1,0,0,-1,2.022E+11,2,21,-1,N,2,2,0,4,79,450,1,NULL,-1,2,0,1,70,
2.022E+11,13,12,2022,18:00:00,3,24,24208,1,2,5,3,Route des Vergers,"450,486,260,000","0,6531550000",2.022E+11,759 674,B01,0,1,0,0,0,0,5,NULL,2.022E+11,1 027 439,759 674,B01,1,1,3,1,2006,5,0,-1,-1,0,0,-1,2.022E+11,2,21,-1,N,2,2,0,4,79,450,1,NULL,-1,2,0,1,70,
2.022E+11,18,5,2022,08:50:00,1,15,15138,2,3,1,1,rn 122,"451,100,250,000","28,722,490,000",2.022E+11,750 128,B01,2,1,0,2,3,1,5,NULL,2.022E+11,1 014 581,750 128,B01,1,1,3,1,1991,5,2,-1,-1,0,0,-1,2.022E+11,2,122,-1,NULL,2,2,0,1,101,30,1,NULL,-1,1,0,1,50,
2.022E+11,18,5,2022,08:50:00,1,15,15138,2,3,1,1,rn 122,"451,100,250,000","28,722,490,000",2.022E+11,750 128,B01,2,1,0,2,3,1,5,NULL,2.022E+11,1 014 582,750 129,A01,1,1,1,2,1978,1,1,-1,-1,0,0,-1,2.022E+11,2,122,-1,NULL,2,2,0,1,101,30,1,NULL,-1,1,0,1,50,
2.022E+11,27,10,2022,19:00:00,5,19,19031,2,1,1,3,RIVET (AVENUE JEAN CHARLES),"451,519,100,000","15,028,300,000",2.022E+11,743 554,B01,1,1,0,2,8,13,5,NULL,2.022E+11,1 005 768,743 554,B01,1,1,3,1,1983,5,8,0,-1,-1,-1,-1,2.022E+11,4,RIVET (AVENUE JEAN CHARLES),0,NULL,2,2,0,1,0,0,1,NULL,-1,1,0,1,50,
2.022E+11,27,10,2022,19:00:00,5,19,19031,2,1,1,3,RIVET (AVENUE JEAN CHARLES),"451,519,100,000","15,028,300,000",2.022E+11,743 554,B01,1,1,0,2,8,13,5,NULL,2.022E+11,1 005 769,743 555,A01,1,1,1,1,1994,5,1,0,-1,-1,-1,-1,2.022E+11,4,RIVET (AVENUE JEAN CHARLES),0,NULL,2,2,0,1,0,0,1,NULL,-1,1,0,1,50,
2.022E+11,28,9,2022,08:27:00,1,80,80644,2,1,1,2,12 Lieu Dit la Raperie,"498,735,600,000","27,096,430,000",2.022E+11,742 881,B01,2,1,0,2,4,13,5,NULL,2.022E+11,1 004 860,742 881,B01,1,1,2,1,1977,5,0,-1,-1,0,0,-1,2.022E+11,3,1029,0,D,2,2,0,1,71,980,1,NULL,-1,2,0,1,70,
2.022E+11,28,9,2022,08:27:00,1,80,80644,2,1,1,2,12 Lieu Dit la Raperie,"498,735,600,000","27,096,430,000",2.022E+11,742 881,B01,2,1,0,2,4,13,5,NULL,2.022E+11,1 004 861,742 882,A01,1,1,1,1,1989,4,1,-1,-1,0,0,-1,2.022E+11,3,1029,0,D,2,2,0,1,71,980,1,NULL,-1,2,0,1,70,
2.022E+11,3,4,2022,10:15:00,2,22,22048,1,3,1,1,d794,"484,669,820,000","-21,233,870,000",2.022E+11,736 905,B01,1,1,0,2,1,1,5,NULL,2.022E+11,996 626,736 904,A01,1,1,1,1,1966,3,8,-1,-1,0,0,-1,2.022E+11,3,794,0,D,2,2,0,1,-1,-1,3,NULL,-1,1,5,1,80,
2.022E+11,3,4,2022,10:15:00,2,22,22048,1,3,1,1,d794,"484,669,820,000","-21,233,870,000",2.022E+11,736 905,B01,1,1,0,2,1,1,5,NULL,2.022E+11,996 627,736 905,B01,1,1,3,1,1957,0,2,-1,-1,0,0,-1,2.022E+11,3,794,0,D,2,2,0,1,-1,-1,3,NULL,-1,1,5,1,80,
2.022E+11,21,9,2022,18:36:00,5,987,98735,2,3,1,3,CLEMENCEAU (RUE MAMAO AIVI),"-175,355,600,000","-1,495,577,900,000",2.022E+11,735 605,B01,0,1,15,2,1,1,5,NULL,2.022E+11,994 897,735 605,B01,1,1,4,1,2005,5,8,0,-1,-1,-1,-1,2.022E+11,4,CLEMENCEAU (RUE MAMAO AIVI),0,NULL,3,4,3,1,0,0,1,NULL,-1,1,0,1,30,
2.022E+11,21,9,2022,18:36:00,5,987,98735,2,3,1,3,CLEMENCEAU (RUE MAMAO AIVI),"-175,355,600,000","-1,495,577,900,000",2.022E+11,735 605,B01,0,1,15,2,1,1,5,NULL,2.022E+11,994 901,735 606,A01,1,1,1,2,1954,0,1,0,-1,-1,-1,-1,2.022E+11,4,CLEMENCEAU (RUE MAMAO AIVI),0,NULL,3,4,3,1,0,0,1,NULL,-1,1,0,1,30,
2.022E+11,10,7,2022,15:30:00,1,13,13207,2,1,1,1,Corniche John Fitzgérald Kennedy,"432,757,000,000","53,594,200,000",2.022E+11,735 179,A01,1,1,0,2,1,5,5,NULL,2.022E+11,994 335,735 178,B01,1,1,4,1,1993,5,2,6,-1,-1,-1,-1,2.022E+11,4,Corniche John Fitzgérald Kennedy,0,NULL,2,3,0,1,0,0,2,NULL,-1,1,0,1,50,
2.022E+11,10,7,2022,15:30:00,1,13,13207,2,1,1,1,Corniche John Fitzgérald Kennedy,"432,757,000,000","53,594,200,000",2.022E+11,735 179,A01,1,1,0,2,1,5,5,NULL,2.022E+11,994 336,735 179,A01,1,1,4,1,2008,0,8,0,-1,-1,-1,-1,2.022E+11,4,Corniche John Fitzgérald Kennedy,0,NULL,2,3,0,1,0,0,2,NULL,-1,1,0,1,50,
2.022E+11,11,6,2022,12:15:00,1,65,65123,1,1,1,3,Campan,"429,870,240,000","0,2270680000",2.022E+11,733 535,B01,2,1,0,2,8,1,5,NULL,2.022E+11,992 117,733 535,B01,1,1,4,2,1995,5,2,-1,-1,0,0,-1,2.022E+11,3,935,0,D,2,2,0,2,74,980,3,NULL,-1,1,0,1,80,
2.022E+11,11,6,2022,12:15:00,1,65,65123,1,1,1,3,Campan,"429,870,240,000","0,2270680000",2.022E+11,733 535,B01,2,1,0,2,8,1,5,NULL,2.022E+11,992 124,733 540,A01,1,1,1,1,1982,1,8,-1,-1,0,0,-1,2.022E+11,3,935,0,D,2,2,0,2,74,980,3,NULL,-1,1,0,1,80,
2.022E+11,9,7,2022,10:45:00,1,93,93070,2,3,1,1,Rue des Rosiers / Rue Marceau,"489,020,200,000","23,426,900,000",2.022E+11,724 959,A01,1,1,12,2,1,5,5,NULL,2.022E+11,980 902,724 959,A01,1,1,4,1,1969,5,8,0,-1,-1,-1,-1,2.022E+11,4,ROSIERS(DES) : APRES 61,0,NULL,2,2,0,1,0,0,1,NULL,-1,1,0,1,50,
2.022E+11,9,7,2022,10:45:00,1,93,93070,2,3,1,1,Rue des Rosiers / Rue Marceau,"489,020,200,000","23,426,900,000",2.022E+11,724 959,A01,1,1,12,2,1,5,5,NULL,2.022E+11,980 904,724 960,B01,1,1,1,1,1991,4,1,0,-1,-1,-1,-1,2.022E+11,4,ROSIERS(DES) : APRES 61,0,NULL,2,2,0,1,0,0,1,NULL,-1,1,0,1,50,
2.022E+11,3,1,2022,06:45:00,5,67,67482,2,3,2,3,ROMAINS (ROUTE DES),"485,806,684,319","77,232,344,449",2.022E+11,722 424,A01,1,1,0,2,1,19,5,NULL,2.022E+11,977 518,722 423,B01,1,1,1,1,1980,4,1,8,-1,-1,-1,-1,2.022E+11,4,ROMAINS (ROUTE DES),0,NULL,3,7,1,1,-1,-1,1,NULL,-1,2,0,1,50,