Accident_Id,jour,mois,an,hrmn,lum,dep,com,agg,int,atm,col,adr,lat,long,Num_Acc,id_vehicule,num_veh,senc,catv,obs,obsm,choc,manv,motor,occutc,Num_Acc,id_usager,id_vehicule,num_veh,place,catu,grav,sexe,an_nais,trajet,secu1,secu2,secu3,locp,actp,etatp,Num_Acc,catr,voie,v1,v2,circ,nbv,vosp,prof,pr,pr1,plan,lartpc,larrout,surf,infra,situ,vma,
2.022E+11,4,4,2022,13:25:00,1,95,95229,2,1,1,2,Rue du Chemin de Fer,"490,288,820,000","23,547,060,000",2.022E+11,740 242,A01,3,1,0,2,4,2,5,NULL,2.022E+11,1 001 276,740 242,A01,1,1,4,2,1967,1,2,6,-1,0,0,-1,2.022E+11,4,NULL,-1,NULL,2,2,0,1,-1,-1,1,NULL,5,1,0,1,50,
2.022E+11,4,4,2022,13:25:00,1,95,95229,2,1,1,2,Rue du Chemin de Fer,"490,288,820,000","23,547,060,000",2.022E+11,740 242,A01,3,1,0,2,4,2,5,NULL,2.022E+11,1 001 278,740 244,B01,1,1,1,-1,NULL,-1,-1,-1,-1,-1,-1,-1,2.022E+11,4,NULL,-1,NULL,2,2,0,1,-1,-1,1,NULL,5,1,0,1,50,
2.022E+11,11,5,2022,11:00:00,1,47,47201,2,6,7,6,MARNE (AV. DE LA),"441,939,100,000","0,5977300000",2.022E+11,736 455,B01,2,1,15,2,3,26,5,NULL,2.022E+11,996 037,736 455,B01,1,1,2,1,1946,3,0,-1,-1,0,0,-1,2.022E+11,3,656,0,NULL,2,2,0,2,47,445,1,NULL,-1,1,0,1,50,
2.022E+11,11,5,2022,11:00:00,1,47,47201,2,6,7,6,MARNE (AV. DE LA),"441,939,100,000","0,5977300000",2.022E+11,736 455,B01,2,1,15,2,3,26,5,NULL,2.022E+11,996 038,736 456,A01,1,1,1,2,1938,3,1,0,-1,0,0,-1,2.022E+11,3,656,0,NULL,2,2,0,2,47,445,1,NULL,-1,1,0,1,50,
2.022E+11,1,12,2022,14:10:00,1,34,34172,2,1,8,3,Rond-Point Paul Fajon,"435,959,300,000","38,368,200,000",2.022E+11,735 591,B01,0,1,0,2,3,1,5,NULL,2.022E+11,994 878,735 590,Z01,1,1,1,-1,NULL,-1,-1,-1,-1,0,0,-1,2.022E+11,4,FAJON (ROND-POINT PAUL),0,NULL,1,2,0,1,-1,-1,2,NULL,-1,1,0,1,50,
2.022E+11,1,12,2022,14:10:00,1,34,34172,2,1,8,3,Rond-Point Paul Fajon,"435,959,300,000","38,368,200,000",2.022E+11,735 591,B01,0,1,0,2,3,1,5,NULL,2.022E+11,994 879,735 591,B01,1,1,4,2,1966,9,8,0,-1,0,0,-1,2.022E+11,4,FAJON (ROND-POINT PAUL),0,NULL,1,2,0,1,-1,-1,2,NULL,-1,1,0,1,50,
2.022E+11,10,6,2022,08:30:00,1,10,10387,2,6,1,3,MAJOR GENERAL VANIER (AVENUE),"483,084,700,000","40,685,790,000",2.022E+11,731 194,A01,1,1,0,2,3,19,5,NULL,2.022E+11,989 062,731 194,A01,1,1,4,1,1973,1,2,0,-1,0,0,-1,2.022E+11,4,MAJOR GENERAL VANIER (AVENUE),0,NULL,1,2,1,1,-1,-1,1,NULL,-1,1,0,1,50,
2.022E+11,10,6,2022,08:30:00,1,10,10387,2,6,1,3,MAJOR GENERAL VANIER (AVENUE),"483,084,700,000","40,685,790,000",2.022E+11,731 194,A01,1,1,0,2,3,19,5,NULL,2.022E+11,989 069,731 200,B01,1,1,1,2,1987,1,1,0,-1,0,0,-1,2.022E+11,4,MAJOR GENERAL VANIER (AVENUE),0,NULL,1,2,1,1,-1,-1,1,NULL,-1,1,0,1,50,
2.022E+11,19,2,2022,19:25:00,5,31,31149,2,2,1,3,TOURNEFEUILLE (ROUTE DE),"435,916,100,000","13,471,200,000",2.022E+11,731 106,A01,1,1,0,2,1,26,5,NULL,2.022E+11,988 935,731 105,B01,1,1,1,1,1974,1,1,8,-1,-1,-1,-1,2.022E+11,7,MONTJOIE (RUE DE LA),0,NULL,2,2,0,1,10,2979,1,NULL,-1,1,0,1,50,
2.022E+11,19,2,2022,19:25:00,5,31,31149,2,2,1,3,TOURNEFEUILLE (ROUTE DE),"435,916,100,000","13,471,200,000",2.022E+11,731 106,A01,1,1,0,2,1,26,5,NULL,2.022E+11,988 936,731 106,A01,1,1,3,1,1979,0,2,0,-1,-1,-1,-1,2.022E+11,7,MONTJOIE (RUE DE LA),0,NULL,2,2,0,1,10,2979,1,NULL,-1,1,0,1,50,
2.022E+11,26,10,2022,17:30:00,1,49,49110,1,1,1,2,Route départementale 323,"475,502,170,000"," -0,3887490000",2.022E+11,729 943,B01,1,1,0,0,4,2,5,NULL,2.022E+11,987 421,729 942,A01,1,1,1,1,1940,5,1,-1,-1,0,0,-1,2.022E+11,3,323,-1,NULL,2,3,0,1,20,500,1,NULL,-1,1,0,1,90,
2.022E+11,26,10,2022,17:30:00,1,49,49110,1,1,1,2,Route départementale 323,"475,502,170,000"," -0,3887490000",2.022E+11,729 943,B01,1,1,0,0,4,2,5,NULL,2.022E+11,987 424,729 943,B01,1,1,2,1,1959,9,0,-1,-1,0,0,-1,2.022E+11,3,323,-1,NULL,2,3,0,1,20,500,1,NULL,-1,1,0,1,90,
2.022E+11,9,5,2022,09:06:00,1,49,49007,2,1,1,3,BRISSAC,"474,617,207,737"," -0,5481469631",2.022E+11,729 575,A01,1,1,0,2,1,1,5,NULL,2.022E+11,986 932,729 574,B01,1,1,1,2,1977,1,8,0,-1,-1,-1,-1,2.022E+11,4,BRISSAC,0,NULL,2,2,1,1,1,0,1,NULL,-1,1,0,5,30,
2.022E+11,9,5,2022,09:06:00,1,49,49007,2,1,1,3,BRISSAC,"474,617,207,737"," -0,5481469631",2.022E+11,729 575,A01,1,1,0,2,1,1,5,NULL,2.022E+11,986 933,729 575,A01,1,1,4,1,2006,9,8,0,-1,-1,-1,-1,2.022E+11,4,BRISSAC,0,NULL,2,2,1,1,1,0,1,NULL,-1,1,0,5,30,
2.022E+11,22,9,2022,18:05:00,1,75,75101,2,2,1,3,RUE DU LOUVRE,"488,616,940,000","23,412,260,000",2.022E+11,729 091,A01,2,1,0,2,7,1,5,NULL,2.022E+11,986 301,729 090,B01,1,1,1,1,1991,4,8,0,-1,0,0,-1,2.022E+11,4,RUE DU LOUVRE,0,NULL,2,4,3,1,-1,-1,1,NULL,-1,1,0,1,30,
2.022E+11,22,9,2022,18:05:00,1,75,75101,2,2,1,3,RUE DU LOUVRE,"488,616,940,000","23,412,260,000",2.022E+11,729 091,A01,2,1,0,2,7,1,5,NULL,2.022E+11,986 302,729 091,A01,1,1,4,2,2002,2,8,0,-1,0,0,-1,2.022E+11,4,RUE DU LOUVRE,0,NULL,2,4,3,1,-1,-1,1,NULL,-1,1,0,1,30,
2.022E+11,30,3,2022,20:45:00,5,92,92064,2,1,1,7,FRANCIS CHAVETON,"488,593,730,000","22,102,950,000",2.022E+11,727 304,A01,2,1,0,0,1,1,5,NULL,2.022E+11,983 944,727 304,A01,1,1,4,1,1964,0,2,0,-1,-1,-1,-1,2.022E+11,4,NULL,0,NULL,2,2,0,1,0,0,1,NULL,-1,1,0,1,50,
2.022E+11,29,3,2022,13:30:00,1,69,69388,2,9,1,3,Rue de Nice,"457,321,000,000","48,605,500,000",2.022E+11,726 778,B01,3,1,0,2,0,0,0,NULL,2.022E+11,983 249,726 778,B01,1,1,4,1,1973,0,8,-1,-1,0,0,-1,2.022E+11,4,NICE (DE)                           (R ),0,NULL,-1,1,2,1,-1,-1,1,NULL,-1,1,0,5,30,
2.022E+11,29,3,2022,13:30:00,1,69,69388,2,9,1,3,Rue de Nice,"457,321,000,000","48,605,500,000",2.022E+11,726 778,B01,3,1,0,2,0,0,0,NULL,2.022E+11,983 250,726 779,A01,1,1,4,1,1963,0,1,-1,-1,0,0,-1,2.022E+11,4,NICE (DE)                           (R ),0,NULL,-1,1,2,1,-1,-1,1,NULL,-1,1,0,5,30,
2.022E+11,29,11,2022,08:50:00,1,94,94016,2,1,1,6,CARNOT (AV),"487,985,523,901","23,271,022,389",2.022E+11,725 656,B01,1,1,0,0,0,0,5,NULL,2.022E+11,981 797,725 652,A01,2,2,1,2,1999,0,1,0,-1,-1,-1,-1,2.022E+11,3,CARNOT (AV),0,NULL,2,2,1,1,0,0,1,NULL,-1,1,0,3,50,
2.022E+11,29,11,2022,08:50:00,1,94,94016,2,1,1,6,CARNOT (AV),"487,985,523,901","23,271,022,389",2.022E+11,725 656,B01,1,1,0,0,0,0,5,NULL,2.022E+11,981 799,725 652,A01,1,1,1,1,1998,1,1,0,-1,-1,-1,-1,2.022E+11,3,CARNOT (AV),0,NULL,2,2,1,1,0,0,1,NULL,-1,1,0,3,50,
2.022E+11,29,11,2022,08:50:00,1,94,94016,2,1,1,6,CARNOT (AV),"487,985,523,901","23,271,022,389",2.022E+11,725 656,B01,1,1,0,0,0,0,5,NULL,2.022E+11,981 802,725 656,B01,1,1,4,2,1992,1,8,0,-1,-1,-1,-1,2.022E+11,3,CARNOT (AV),0,NULL,2,2,1,1,0,0,1,NULL,-1,1,0,3,50,
2.022E+11,21,9,2022,13:50:00,1,1,1289,1,2,1,3,SAINT ANDRE SUR VIEUX JONC (ALLEE DE),"461,697,300,000","51,908,400,000",2.022E+11,725 561,B01,2,1,0,2,1,21,5,NULL,2.022E+11,981 680,725 561,B01,1,1,3,1,1992,5,2,8,-1,-1,-1,-1,2.022E+11,3,SAINT ANDRE SUR VIEUX JONC (ALLEE DE),0,NULL,4,7,0,2,4,200,1,NULL,-1,1,0,1,80,
2.022E+11,21,9,2022,13:50:00,1,1,1289,1,2,1,3,SAINT ANDRE SUR VIEUX JONC (ALLEE DE),"461,697,300,000","51,908,400,000",2.022E+11,725 561,B01,2,1,0,2,1,21,5,NULL,2.022E+11,981 684,725 564,A01,1,1,1,2,1986,5,1,8,-1,-1,-1,-1,2.022E+11,3,SAINT ANDRE SUR VIEUX JONC (ALLEE DE),0,NULL,4,7,0,2,4,200,1,NULL,-1,1,0,1,80,
2.022E+11,5,6,2022,18:25:00,1,29,29019,1,1,1,3,avenue de la Libération,"483,969,350,000","-45,166,450,000",2.022E+11,723 782,B01,0,1,0,2,0,1,5,NULL,2.022E+11,979 323,723 782,B01,1,1,4,1,2019,5,8,-1,-1,-1,-1,-1,2.022E+11,4,NORMANDIE,0,NULL,2,2,3,2,-1,-1,1,NULL,-1,1,6,6,10,
2.022E+11,5,6,2022,18:25:00,1,29,29019,1,1,1,3,avenue de la Libération,"483,969,350,000","-45,166,450,000",2.022E+11,723 782,B01,0,1,0,2,0,1,5,NULL,2.022E+11,979 329,723 785,A01,1,1,1,1,2007,5,8,0,-1,-1,-1,-1,2.022E+11,4,NORMANDIE,0,NULL,2,2,3,2,-1,-1,1,NULL,-1,1,6,6,10,
2.022E+11,26,3,2022,20:15:00,5,92,92035,2,2,1,3,Voltaire ( rue ),"489,039,705,930","22,497,254,759",2.022E+11,718 025,Y01,3,1,0,2,1,1,5,NULL,2.022E+11,971 452,718 025,Y01,10,3,4,1,1987,4,8,8,-1,1,9,1,2.022E+11,4,Voltaire ( rue ),0,NULL,1,1,0,1,0,0,3,NULL,-1,1,0,1,50,
2.022E+11,26,3,2022,20:15:00,5,92,92035,2,2,1,3,Voltaire ( rue ),"489,039,705,930","22,497,254,759",2.022E+11,718 025,Y01,3,1,0,2,1,1,5,NULL,2.022E+11,971 455,718 025,Y01,1,1,1,1,NULL,-1,0,0,0,-1,-1,-1,2.022E+11,4,Voltaire ( rue ),0,NULL,1,1,0,1,0,0,3,NULL,-1,1,0,1,50,
2.022E+11,26,3,2022,20:15:00,5,92,92035,2,2,1,3,Voltaire ( rue ),"489,039,705,930","22,497,254,759",2.022E+11,718 025,Y01,3,1,0,2,1,1,5,NULL,2.022E+11,971 462,718 032,A01,1,1,1,-1,NULL,-1,-1,-1,-1,-1,-1,-1,2.022E+11,4,Voltaire ( rue ),0,NULL,1,1,0,1,0,0,3,NULL,-1,1,0,1,50,
2.022E+11,3,1,2022,04:45:00,5,1,1043,2,6,5,3,Chemin des Malettes,"458,210,390,000","49,905,450,000",2.022E+11,716 604,B01,2,1,0,2,7,1,5,NULL,2.022E+11,969 526,716 604,B01,1,1,4,1,2004,1,0,-1,-1,0,0,-1,2.022E+11,3,NULL,-1,NULL,1,0,0,1,1,520,3,NULL,0,2,0,1,50,
2.022E+11,3,1,2022,04:45:00,5,1,1043,2,6,5,3,Chemin des Malettes,"458,210,390,000","49,905,450,000",2.022E+11,716 604,B01,2,1,0,2,7,1,5,NULL,2.022E+11,969 532,716 610,A01,1,1,1,2,1993,1,1,-1,-1,0,0,-1,2.022E+11,3,NULL,-1,NULL,1,0,0,1,1,520,3,NULL,0,2,0,1,50,
2.022E+11,17,1,2022,08:30:00,2,78,78440,2,2,1,3,JEAN MERMOZ (RUE),"489,905,780,000","18,973,670,000",2.022E+11,748 619,B01,0,1,0,2,7,0,5,NULL,2.022E+11,1 012 527,748 619,B01,1,1,4,1,1940,0,0,0,-1,-1,-1,-1,2.022E+11,4,JEAN MERMOZ (RUE),0,NULL,2,2,0,1,-1,-1,1,NULL,-1,1,0,1,50,
2.022E+11,17,1,2022,08:30:00,2,78,78440,2,2,1,3,JEAN MERMOZ (RUE),"489,905,780,000","18,973,670,000",2.022E+11,748 619,B01,0,1,0,2,7,0,5,NULL,2.022E+11,1 012 530,748 621,A01,1,1,1,1,1960,4,1,8,-1,-1,-1,-1,2.022E+11,4,JEAN MERMOZ (RUE),0,NULL,2,2,0,1,-1,-1,1,NULL,-1,1,0,1,50,
2.022E+11,19,4,2022,13:50:00,1,28,28229,2,1,1,1,RESISTANCE (AVENUE DE LA),"484,506,200,000","14,636,100,000",2.022E+11,746 845,B01,2,1,0,2,7,1,5,NULL,2.022E+11,1 010 145,746 845,B01,1,1,4,1,1950,5,2,0,-1,-1,-1,-1,2.022E+11,4,RESISTANCE (AVENUE DE LA),0,NULL,1,1,1,1,0,0,1,NULL,-1,1,0,5,50,
2.022E+11,19,4,2022,13:50:00,1,28,28229,2,1,1,1,RESISTANCE (AVENUE DE LA),"484,506,200,000","14,636,100,000",2.022E+11,746 845,B01,2,1,0,2,7,1,5,NULL,2.022E+11,1 010 146,746 846,A01,1,1,1,2,1978,0,1,0,-1,-1,-1,-1,2.022E+11,4,RESISTANCE (AVENUE DE LA),0,NULL,1,1,1,1,0,0,1,NULL,-1,1,0,5,50,
2.022E+11,23,8,2022,14:10:00,1,75,75118,2,1,1,6,RUE DE L EVANGILE,"488,939,720,000","23,651,900,000",2.022E+11,744 947,A01,2,1,0,1,1,5,5,NULL,2.022E+11,1 007 620,744 947,A01,10,3,4,1,1984,4,0,-1,-1,3,3,1,2.022E+11,4,RUE DE L EVANGILE,0,NULL,1,2,0,1,-1,-1,1,NULL,-1,1,0,1,30,
2.022E+11,23,8,2022,14:10:00,1,75,75118,2,1,1,6,RUE DE L EVANGILE,"488,939,720,000","23,651,900,000",2.022E+11,744 947,A01,2,1,0,1,1,5,5,NULL,2.022E+11,1 007 621,744 947,A01,1,1,4,1,1993,3,2,0,-1,0,0,-1,2.022E+11,4,RUE DE L EVANGILE,0,NULL,1,2,0,1,-1,-1,1,NULL,-1,1,0,1,30,
2.022E+11,1,11,2022,12:05:00,1,56,56214,1,1,1,7,47 Route de la Baie d'Abraham,"475,100,358,000","-28,445,041,180",2.022E+11,743 849,A01,3,1,0,0,1,1,5,NULL,2.022E+11,1 006 158,743 849,A01,1,1,3,1,1989,5,2,-1,-1,0,0,-1,2.022E+11,4,NULL,-1,NULL,2,2,0,2,-1,-1,1,NULL,5,1,0,1,-1,
2.022E+11,21,8,2022,18:15:00,1,92,92051,2,3,1,3,BLAISE PASCAL (RUE),"488,860,217,519","22,574,898,004",2.022E+11,741 341,B01,3,1,0,2,8,1,5,NULL,2.022E+11,1 002 752,741 341,B01,1,1,1,1,1984,0,8,0,-1,-1,-1,-1,2.022E+11,4,NULL,0,NULL,1,2,1,1,0,0,1,NULL,-1,1,0,1,50,
2.022E+11,21,8,2022,18:15:00,1,92,92051,2,3,1,3,BLAISE PASCAL (RUE),"488,860,217,519","22,574,898,004",2.022E+11,741 341,B01,3,1,0,2,8,1,5,NULL,2.022E+11,1 002 754,741 343,A01,1,1,4,1,1966,0,2,6,-1,-1,-1,-1,2.022E+11,4,NULL,0,NULL,1,2,1,1,0,0,1,NULL,-1,1,0,1,50,
2.022E+11,23,2,2022,17:56:00,1,35,35169,1,1,1,7,D 63,"479,899,500,000","-20,330,930,000",2.022E+11,738 368,A01,2,1,0,0,0,17,5,NULL,2.022E+11,998 621,738 368,A01,1,1,3,1,1974,5,2,-1,-1,0,0,-1,2.022E+11,3,63,0,D,2,2,0,1,-1,-1,2,NULL,-1,1,0,1,-1,
2.022E+11,22,2,2022,12:45:00,1,92,92040,2,1,1,3,STALINGRAD (QUAI DE),"488,250,400,000","22,578,300,000",2.022E+11,737 659,B01,1,1,0,2,8,19,5,NULL,2.022E+11,997 690,737 659,B01,1,1,4,1,1999,1,8,0,-1,-1,-1,-1,2.022E+11,3,7,0,NULL,1,2,0,1,0,0,1,NULL,-1,1,0,1,50,
2.022E+11,22,2,2022,12:45:00,1,92,92040,2,1,1,3,STALINGRAD (QUAI DE),"488,250,400,000","22,578,300,000",2.022E+11,737 659,B01,1,1,0,2,8,19,5,NULL,2.022E+11,997 692,737 661,A01,1,1,1,1,1991,5,1,0,-1,-1,-1,-1,2.022E+11,3,7,0,NULL,1,2,0,1,0,0,1,NULL,-1,1,0,1,50,
2.022E+11,22,2,2022,12:45:00,1,92,92040,2,1,1,3,STALINGRAD (QUAI DE),"488,250,400,000","22,578,300,000",2.022E+11,737 659,B01,1,1,0,2,8,19,5,NULL,2.022E+11,997 693,737 661,A01,2,2,1,2,2000,5,1,0,-1,-1,-1,-1,2.022E+11,3,7,0,NULL,1,2,0,1,0,0,1,NULL,-1,1,0,1,50,
2.022E+11,12,7,2022,08:25:00,1,6,6032,2,1,1,6,77 Avenue du Trois Septembre,"437,229,930,000","73,977,140,000",2.022E+11,734 826,B01,0,1,0,2,1,17,5,NULL,2.022E+11,993 861,734 826,B01,1,1,4,1,1982,1,2,-1,-1,0,0,-1,2.022E+11,7,NULL,-1,NULL,2,2,0,1,-1,-1,3,NULL,4,1,0,1,50,
2.022E+11,12,7,2022,08:25:00,1,6,6032,2,1,1,6,77 Avenue du Trois Septembre,"437,229,930,000","73,977,140,000",2.022E+11,734 826,B01,0,1,0,2,1,17,5,NULL,2.022E+11,993 865,734 829,A01,1,1,1,2,1986,1,1,-1,-1,0,0,-1,2.022E+11,7,NULL,-1,NULL,2,2,0,1,-1,-1,3,NULL,4,1,0,1,50,
2.022E+11,21,2,2022,21:15:00,5,75,75111,2,2,1,3,RUE DU FAUBOURG SAINT ANTOINE,"488,503,960,000","23,814,060,000",2.022E+11,734 490,B01,1,1,0,2,7,19,5,NULL,2.022E+11,993 434,734 490,B01,1,1,4,1,2003,4,8,0,-1,0,0,-1,2.022E+11,4,RUE DU FAUBOURG SAINT ANTOINE,0,NULL,1,1,0,2,-1,-1,1,NULL,-1,1,0,1,30,
2.022E+11,21,2,2022,21:15:00,5,75,75111,2,2,1,3,RUE DU FAUBOURG SAINT ANTOINE,"488,503,960,000","23,814,060,000",2.022E+11,734 490,B01,1,1,0,2,7,19,5,NULL,2.022E+11,993 440,734 495,A01,1,1,1,1,1966,4,1,0,-1,0,0,-1,2.022E+11,4,RUE DU FAUBOURG SAINT ANTOINE,0,NULL,1,1,0,2,-1,-1,1,NULL,-1,1,0,1,30,
2.022E+11,18,8,2022,14:35:00,1,80,80136,1,1,1,2,D329,"499,595,550,000","27,172,870,000",2.022E+11,731 782,B01,1,1,0,0,4,2,5,NULL,2.022E+11,989 846,731 782,B01,1,1,3,1,1952,5,0,-1,-1,0,0,-1,2.022E+11,3,329,0,D,2,2,0,3,44,500,1,NULL,-1,1,0,1,80,
2.022E+11,18,8,2022,14:35:00,1,80,80136,1,1,1,2,D329,"499,595,550,000","27,172,870,000",2.022E+11,731 782,B01,1,1,0,0,4,2,5,NULL,2.022E+11,989 849,731 783,A01,1,1,1,1,1937,5,1,-1,-1,0,0,-1,2.022E+11,3,329,0,D,2,2,0,3,44,500,1,NULL,-1,1,0,1,80,
2.022E+11,10,6,2022,13:30:00,1,75,75116,2,1,1,3,AVENUE DE VERSAILLES,"488,387,000,000","22,598,890,000",2.022E+11,731 098,B01,1,1,0,2,1,7,5,NULL,2.022E+11,988 928,731 098,B01,1,1,4,1,1988,4,2,0,-1,0,0,-1,2.022E+11,4,AVENUE DE VERSAILLES,0,NULL,1,3,3,1,-1,-1,1,NULL,-1,1,-1,6,50,
2.022E+11,10,6,2022,13:30:00,1,75,75116,2,1,1,3,AVENUE DE VERSAILLES,"488,387,000,000","22,598,890,000",2.022E+11,731 100,A01,1,1,0,2,2,9,5,NULL,2.022E+11,988 928,731 098,B01,1,1,4,1,1988,4,2,0,-1,0,0,-1,2.022E+11,4,AVENUE DE VERSAILLES,0,NULL,1,3,3,1,-1,-1,1,NULL,-1,1,-1,6,50,
2.022E+11,10,6,2022,13:30:00,1,75,75116,2,1,1,3,AVENUE DE VERSAILLES,"488,387,000,000","22,598,890,000",2.022E+11,731 098,B01,1,1,0,2,1,7,5,NULL,2.022E+11,988 929,731 100,A01,1,1,1,1,1995,4,2,0,-1,0,0,-1,2.022E+11,4,AVENUE DE VERSAILLES,0,NULL,1,3,3,1,-1,-1,1,NULL,-1,1,-1,6,50,
2.022E+11,10,6,2022,13:30:00,1,75,75116,2,1,1,3,AVENUE DE VERSAILLES,"488,387,000,000","22,598,890,000",2.022E+11,731 100,A01,1,1,0,2,2,9,5,NULL,2.022E+11,988 929,731 100,A01,1,1,1,1,1995,4,2,0,-1,0,0,-1,2.022E+11,4,AVENUE DE VERSAILLES,0,NULL,1,3,3,1,-1,-1,1,NULL,-1,1,-1,6,50,
2.022E+11,10,5,2022,19:20:00,1,75,75112,2,1,1,3,BOULEVARD DE BERCY,"488,395,240,000","23,848,170,000",2.022E+11,730 089,B01,1,1,0,2,8,13,5,NULL,2.022E+11,987 610,730 089,B01,1,1,3,1,1996,1,2,0,-1,0,0,-1,2.022E+11,4,BOULEVARD DE BERCY,0,NULL,2,4,0,1,-1,-1,1,NULL,-1,1,0,1,30,
2.022E+11,10,5,2022,19:20:00,1,75,75112,2,1,1,3,BOULEVARD DE BERCY,"488,395,240,000","23,848,170,000",2.022E+11,730 089,B01,1,1,0,2,8,13,5,NULL,2.022E+11,987 613,730 092,A01,1,1,4,1,1976,1,2,6,-1,0,0,-1,2.022E+11,4,BOULEVARD DE BERCY,0,NULL,2,4,0,1,-1,-1,1,NULL,-1,1,0,1,30,
2.022E+11,27,3,2022,20:27:00,5,87,87085,2,3,1,3,GAMBETTA (BOULEVARD),"458,285,900,000","12,561,500,000",2.022E+11,726 739,B01,2,1,0,2,1,1,5,NULL,2.022E+11,983 201,726 739,B01,1,1,3,1,1982,4,8,0,-1,-1,-1,-1,2.022E+11,4,GAMBETTA (BOULEVARD),0,NULL,4,3,0,2,0,0,1,NULL,-1,1,0,1,50,
2.022E+11,27,3,2022,20:27:00,5,87,87085,2,3,1,3,GAMBETTA (BOULEVARD),"458,285,900,000","12,561,500,000",2.022E+11,726 739,B01,2,1,0,2,1,1,5,NULL,2.022E+11,983 203,726 740,A01,1,1,1,1,1946,5,1,0,-1,-1,-1,-1,2.022E+11,4,GAMBETTA (BOULEVARD),0,NULL,4,3,0,2,0,0,1,NULL,-1,1,0,1,50,
2.022E+11,25,10,2022,17:30:00,1,1,1376,1,6,1,2,Porte de la dombes,"458,210,010,000","49,897,080,000",2.022E+11,726 661,B01,1,1,0,2,1,1,5,NULL,2.022E+11,983 092,726 660,A01,1,1,1,-1,NULL,-1,-1,-1,-1,-1,-1,-1,2.022E+11,3,1084,-1,A,1,2,0,1,1,589,2,NULL,-1,1,0,1,80,
2.022E+11,25,10,2022,17:30:00,1,1,1376,1,6,1,2,Porte de la dombes,"458,210,010,000","49,897,080,000",2.022E+11,726 661,B01,1,1,0,2,1,1,5,NULL,2.022E+11,983 093,726 661,B01,1,1,4,2,2005,1,0,-1,-1,0,0,-1,2.022E+11,3,1084,-1,A,1,2,0,1,1,589,2,NULL,-1,1,0,1,80,
2.022E+11,12,8,2022,23:09:00,5,75,75114,2,2,1,3,RUE RAYMOND LOSSERAND,"488,339,570,000","23,181,280,000",2.022E+11,725 201,A01,1,1,0,2,6,1,5,NULL,2.022E+11,981 200,725 196,Z01,1,1,1,-1,NULL,-1,-1,-1,-1,-1,-1,-1,2.022E+11,4,RUE RAYMOND LOSSERAND,0,NULL,1,2,0,1,-1,-1,1,NULL,-1,1,0,1,30,
2.022E+11,12,8,2022,23:09:00,5,75,75114,2,2,1,3,RUE RAYMOND LOSSERAND,"488,339,570,000","23,181,280,000",2.022E+11,725 201,A01,1,1,0,2,6,1,5,NULL,2.022E+11,981 207,725 201,A01,1,1,3,1,1989,5,2,0,-1,0,0,-1,2.022E+11,4,RUE RAYMOND LOSSERAND,0,NULL,1,2,0,1,-1,-1,1,NULL,-1,1,0,1,30,
2.022E+11,25,11,2022,16:45:00,1,4,4209,2,1,1,6,route de la motte du caire,"441,997,010,000","59,448,370,000",2.022E+11,721 978,A01,1,1,6,0,0,1,5,NULL,2.022E+11,976 910,721 978,A01,1,1,3,1,1986,3,0,-1,-1,0,0,-1,2.022E+11,3,951,-1,NULL,2,2,0,2,38,710,4,NULL,-1,1,2,3,50,
2.022E+11,13,8,2022,10:15:00,1,47,47222,1,1,1,2,Route du Sendat,"442,875,320,000","0,1304630000",2.022E+11,721 963,B01,2,1,0,2,4,1,5,NULL,2.022E+11,976 887,721 963,B01,1,1,4,1,1949,5,2,-1,-1,0,0,-1,2.022E+11,3,11,-1,NULL,2,2,0,2,10,263,2,NULL,6,1,0,1,80,
2.022E+11,13,8,2022,10:15:00,1,47,47222,1,1,1,2,Route du Sendat,"442,875,320,000","0,1304630000",2.022E+11,721 963,B01,2,1,0,2,4,1,5,NULL,2.022E+11,976 895,721 966,A01,1,1,1,1,1938,5,8,-1,-1,0,0,-1,2.022E+11,3,11,-1,NULL,2,2,0,2,10,263,2,NULL,6,1,0,1,80,
2.022E+11,4,6,2022,15:00:00,1,14,14685,2,2,1,1,Rue du Fresne,"492,580,580,000"," -0,4579440000",2.022E+11,721 063,A01,1,1,0,2,1,15,5,NULL,2.022E+11,975 656,721 058,B01,1,1,1,1,1960,5,1,-1,-1,0,0,-1,2.022E+11,3,83,0,NULL,4,2,0,1,26,300,2,NULL,-1,1,0,1,50,
2.022E+11,4,6,2022,15:00:00,1,14,14685,2,2,1,1,Rue du Fresne,"492,580,580,000"," -0,4579440000",2.022E+11,721 063,A01,1,1,0,2,1,15,5,NULL,2.022E+11,975 660,721 063,A01,1,1,4,1,1978,5,0,-1,-1,0,0,-1,2.022E+11,3,83,0,NULL,4,2,0,1,26,300,2,NULL,-1,1,0,1,50,
2.022E+11,19,9,2022,12:35:00,1,69,69383,2,2,1,1,Rue Duguesclin,"457,548,200,000","48,499,600,000",2.022E+11,720 290,A01,2,1,0,2,1,5,5,NULL,2.022E+11,974 610,720 290,A01,1,1,4,2,1991,2,2,-1,-1,0,0,-1,2.022E+11,4,DUGUESCLIN                          (R ),0,NULL,1,1,2,1,-1,-1,1,NULL,-1,1,0,1,50,
2.022E+11,19,9,2022,12:35:00,1,69,69383,2,2,1,1,Rue Duguesclin,"457,548,200,000","48,499,600,000",2.022E+11,720 290,A01,2,1,0,2,1,5,5,NULL,2.022E+11,974 621,720 297,B01,1,1,1,1,1998,0,1,-1,-1,-1,-1,-1,2.022E+11,4,DUGUESCLIN                          (R ),0,NULL,1,1,2,1,-1,-1,1,NULL,-1,1,0,1,50,