Accident_Id,jour,mois,an,hrmn,lum,dep,com,agg,int,atm,col,adr,lat,long,Num_Acc,id_vehicule,num_veh,senc,catv,obs,obsm,choc,manv,motor,occutc,Num_Acc,id_usager,id_vehicule,num_veh,place,catu,grav,sexe,an_nais,trajet,secu1,secu2,secu3,locp,actp,etatp,Num_Acc,catr,voie,v1,v2,circ,nbv,vosp,prof,pr,pr1,plan,lartpc,larrout,surf,infra,situ,vma,
2.022E+11,11,8,2022,11:50:00,1,89,89176,1,1,1,7,NULL,"474,083,700,000","37,211,470,000",2.022E+11,717 445,A01,1,1,0,0,0,2,5,NULL,2.022E+11,970 632,717 445,A01,1,1,3,1,1947,5,2,-1,-1,0,0,-1,2.022E+11,3,53,-1,NULL,2,2,0,2,15,425,1,NULL,-1,1,0,3,80,
2.022E+11,15,7,2022,22:24:00,5,75,75117,2,2,1,3,RUE DE ROME,"488,856,740,000","23,168,220,000",2.022E+11,749 469,B01,1,1,0,2,8,1,5,NULL,2.022E+11,1 013 697,749 467,A01,1,1,4,1,1998,1,2,6,-1,0,0,-1,2.022E+11,4,RUE DE ROME,0,NULL,2,2,0,1,-1,-1,1,NULL,-1,1,0,1,50,
2.022E+11,15,7,2022,22:24:00,5,75,75117,2,2,1,3,RUE DE ROME,"488,856,740,000","23,168,220,000",2.022E+11,749 469,B01,1,1,0,2,8,1,5,NULL,2.022E+11,1 013 699,749 469,B01,1,1,4,1,1994,1,8,0,-1,0,0,-1,2.022E+11,4,RUE DE ROME,0,NULL,2,2,0,1,-1,-1,1,NULL,-1,1,0,1,50,
2.022E+11,1,11,2022,17:20:00,5,54,54215,2,3,1,1,rue de la rompure,"487,483,370,000","61,531,160,000",2.022E+11,746 925,B01,2,1,0,2,7,1,5,NULL,2.022E+11,1 010 253,746 924,A01,1,1,1,1,1958,0,1,-1,-1,0,0,-1,2.022E+11,3,40,0,D,2,2,0,1,1,150,1,NULL,-1,1,0,1,80,
2.022E+11,1,11,2022,17:20:00,5,54,54215,2,3,1,1,rue de la rompure,"487,483,370,000","61,531,160,000",2.022E+11,746 925,B01,2,1,0,2,7,1,5,NULL,2.022E+11,1 010 254,746 925,B01,1,1,3,2,1962,5,2,-1,-1,0,0,-1,2.022E+11,3,40,0,D,2,2,0,1,1,150,1,NULL,-1,1,0,1,80,
2.022E+11,24,2,2022,17:23:00,1,67,67482,2,3,1,1,OSTWALD (PLACE D ),"485,647,500,000","77,063,300,000",2.022E+11,744 757,B01,2,1,0,2,8,19,5,NULL,2.022E+11,1 007 347,744 754,A01,1,1,1,1,1962,0,1,8,-1,-1,-1,-1,2.022E+11,7,OSTWALD (PLACE D ),0,NULL,2,3,3,1,53,700,3,NULL,-1,1,0,1,50,
2.022E+11,24,2,2022,17:23:00,1,67,67482,2,3,1,1,OSTWALD (PLACE D ),"485,647,500,000","77,063,300,000",2.022E+11,744 757,B01,2,1,0,2,8,19,5,NULL,2.022E+11,1 007 350,744 757,B01,1,1,4,1,1956,0,8,0,-1,-1,-1,-1,2.022E+11,7,OSTWALD (PLACE D ),0,NULL,2,3,3,1,53,700,3,NULL,-1,1,0,1,50,
2.022E+11,30,10,2022,15:10:00,1,43,43041,2,6,1,2,Rond-point de Corsac,"450,498,739,127","39,139,920,473",2.022E+11,743 581,A01,2,1,0,2,5,21,5,NULL,2.022E+11,1 005 803,743 580,B01,1,1,1,1,1965,4,1,0,-1,-1,-1,-1,2.022E+11,3,CORSAC (ROND POINT DE),0,NULL,1,2,0,1,1,366,2,NULL,-1,1,5,1,50,
2.022E+11,30,10,2022,15:10:00,1,43,43041,2,6,1,2,Rond-point de Corsac,"450,498,739,127","39,139,920,473",2.022E+11,743 581,A01,2,1,0,2,5,21,5,NULL,2.022E+11,1 005 805,743 581,A01,1,1,3,1,1977,5,2,6,-1,-1,-1,-1,2.022E+11,3,CORSAC (ROND POINT DE),0,NULL,1,2,0,1,1,366,2,NULL,-1,1,5,1,50,
2.022E+11,14,5,2022,18:15:00,1,68,68315,2,3,7,3,Route de Wuenheim,"478,775,990,000","72,201,260,000",2.022E+11,743 402,B01,2,1,0,2,1,1,5,NULL,2.022E+11,1 005 574,743 401,A01,1,1,1,2,1963,0,1,-1,-1,0,0,-1,2.022E+11,3,D5,0,NULL,2,2,0,1,8,950,1,NULL,-1,1,0,1,50,
2.022E+11,14,5,2022,18:15:00,1,68,68315,2,3,7,3,Route de Wuenheim,"478,775,990,000","72,201,260,000",2.022E+11,743 402,B01,2,1,0,2,1,1,5,NULL,2.022E+11,1 005 575,743 402,B01,1,1,4,1,1972,5,2,-1,-1,0,0,-1,2.022E+11,3,D5,0,NULL,2,2,0,1,8,950,1,NULL,-1,1,0,1,50,
2.022E+11,21,8,2022,09:45:00,1,75,75105,2,3,1,6,QUAI DE MONTEBELLO,"488,517,610,000","23,495,550,000",2.022E+11,741 393,A01,2,1,0,0,1,14,5,NULL,2.022E+11,1 002 820,741 393,A01,1,1,4,2,1996,9,8,0,-1,0,0,-1,2.022E+11,4,QUAI DE MONTEBELLO,0,NULL,1,2,2,1,-1,-1,1,NULL,-1,1,-1,5,30,
2.022E+11,18,3,2022,20:45:00,5,26,26198,2,1,2,1,route de DIEULEFIT,"445,520,400,000","47,661,700,000",2.022E+11,740 114,B01,1,1,0,2,8,15,5,NULL,2.022E+11,1 001 055,740 112,A01,1,1,1,-1,NULL,-1,-1,-1,-1,0,0,-1,2.022E+11,3,DIEULEFIT(Route de),0,NULL,2,2,0,1,3,490,1,NULL,-1,2,0,1,50,
2.022E+11,18,3,2022,20:45:00,5,26,26198,2,1,2,1,route de DIEULEFIT,"445,520,400,000","47,661,700,000",2.022E+11,740 114,B01,1,1,0,2,8,15,5,NULL,2.022E+11,1 001 057,740 114,B01,1,1,4,1,2006,5,2,8,-1,0,0,-1,2.022E+11,3,DIEULEFIT(Route de),0,NULL,2,2,0,1,3,490,1,NULL,-1,2,0,1,50,
2.022E+11,28,1,2022,12:15:00,1,54,54395,2,1,1,7,MOLLEVAUT (RUE),"487,048,600,000","61,707,800,000",2.022E+11,737 970,A01,3,1,0,0,0,0,5,NULL,2.022E+11,998 101,737 970,A01,1,1,2,1,1964,5,8,0,-1,0,0,-1,2.022E+11,9,MOLLEVAUT (RUE),0,NULL,-1,-1,0,1,-1,-1,1,NULL,-1,9,9,8,-1,
2.022E+11,27,10,2022,10:20:00,1,75,75116,2,1,1,3,AVENUE GEORGES MANDEL,"488,639,610,000","22,788,600,000",2.022E+11,734 588,B01,3,1,0,2,3,19,5,NULL,2.022E+11,993 557,734 588,B01,1,1,4,1,1951,5,2,0,-1,0,0,-1,2.022E+11,4,AVENUE GEORGES MANDEL,0,NULL,3,3,1,1,-1,-1,1,NULL,-1,1,0,5,30,
2.022E+11,27,10,2022,10:20:00,1,75,75116,2,1,1,3,AVENUE GEORGES MANDEL,"488,639,610,000","22,788,600,000",2.022E+11,734 589,A01,1,1,0,2,1,1,5,NULL,2.022E+11,993 557,734 588,B01,1,1,4,1,1951,5,2,0,-1,0,0,-1,2.022E+11,4,AVENUE GEORGES MANDEL,0,NULL,3,3,1,1,-1,-1,1,NULL,-1,1,0,5,30,
2.022E+11,27,10,2022,10:20:00,1,75,75116,2,1,1,3,AVENUE GEORGES MANDEL,"488,639,610,000","22,788,600,000",2.022E+11,734 588,B01,3,1,0,2,3,19,5,NULL,2.022E+11,993 561,734 589,A01,1,1,1,1,1987,1,2,0,-1,0,0,-1,2.022E+11,4,AVENUE GEORGES MANDEL,0,NULL,3,3,1,1,-1,-1,1,NULL,-1,1,0,5,30,
2.022E+11,27,10,2022,10:20:00,1,75,75116,2,1,1,3,AVENUE GEORGES MANDEL,"488,639,610,000","22,788,600,000",2.022E+11,734 589,A01,1,1,0,2,1,1,5,NULL,2.022E+11,993 561,734 589,A01,1,1,1,1,1987,1,2,0,-1,0,0,-1,2.022E+11,4,AVENUE GEORGES MANDEL,0,NULL,3,3,1,1,-1,-1,1,NULL,-1,1,0,5,30,
2.022E+11,19,2,2022,16:50:00,1,75,75108,2,1,1,3,AVENUE DES CHAMPS ELYSEES,"488,712,240,000","23,030,670,000",2.022E+11,730 911,B01,2,1,1,0,8,1,5,NULL,2.022E+11,988 690,730 907,A01,1,1,1,1,1969,4,8,0,-1,0,0,-1,2.022E+11,4,AVENUE DES CHAMPS ELYSEES,0,NULL,3,8,1,2,-1,-1,1,NULL,-1,1,0,5,30,
2.022E+11,19,2,2022,16:50:00,1,75,75108,2,1,1,3,AVENUE DES CHAMPS ELYSEES,"488,712,240,000","23,030,670,000",2.022E+11,730 911,B01,2,1,1,0,8,1,5,NULL,2.022E+11,988 695,730 911,B01,1,1,4,2,1962,5,8,0,-1,0,0,-1,2.022E+11,4,AVENUE DES CHAMPS ELYSEES,0,NULL,3,8,1,2,-1,-1,1,NULL,-1,1,0,5,30,
2.022E+11,17,2,2022,13:15:00,1,69,69388,2,3,1,3,Avenue Berthelot,"457,378,900,000","48,648,500,000",2.022E+11,727 397,B01,1,1,0,2,1,1,5,NULL,2.022E+11,984 067,727 394,A01,1,1,1,-1,NULL,-1,8,-1,-1,-1,-1,-1,2.022E+11,4,BERTHELOT                           (AV),0,NULL,1,2,3,1,-1,-1,1,NULL,-1,1,0,6,50,
2.022E+11,17,2,2022,13:15:00,1,69,69388,2,3,1,3,Avenue Berthelot,"457,378,900,000","48,648,500,000",2.022E+11,727 397,B01,1,1,0,2,1,1,5,NULL,2.022E+11,984 074,727 397,B01,1,1,4,1,1990,0,8,-1,-1,-1,-1,-1,2.022E+11,4,BERTHELOT                           (AV),0,NULL,1,2,3,1,-1,-1,1,NULL,-1,1,0,6,50,
2.022E+11,26,10,2022,11:25:00,1,59,59624,2,3,1,3,rue curie,"500,366,830,000","33,011,880,000",2.022E+11,726 763,B01,0,1,0,9,3,1,5,NULL,2.022E+11,983 231,726 763,B01,1,1,3,1,1953,5,2,6,-1,0,0,-1,2.022E+11,4,NULL,-1,NULL,2,2,0,2,-1,-1,1,NULL,5,1,0,1,50,
2.022E+11,26,10,2022,11:25:00,1,59,59624,2,3,1,3,rue curie,"500,366,830,000","33,011,880,000",2.022E+11,726 763,B01,0,1,0,9,3,1,5,NULL,2.022E+11,983 232,726 764,A01,1,1,1,1,1983,5,1,-1,-1,0,0,-1,2.022E+11,4,NULL,-1,NULL,2,2,0,2,-1,-1,1,NULL,5,1,0,1,50,
2.022E+11,29,3,2022,19:40:00,2,75,75109,2,2,1,1,RUE SAINT GEORGES,"488,751,487,996","23,371,455,202",2.022E+11,726 469,A01,1,1,0,2,1,16,5,NULL,2.022E+11,982 851,726 469,A01,1,1,4,1,1981,4,2,0,-1,0,0,-1,2.022E+11,4,RUE SAINT GEORGES,0,NULL,1,1,0,2,-1,-1,1,NULL,-1,1,0,1,30,
2.022E+11,29,3,2022,19:40:00,2,75,75109,2,2,1,1,RUE SAINT GEORGES,"488,751,487,996","23,371,455,202",2.022E+11,726 469,A01,1,1,0,2,1,16,5,NULL,2.022E+11,982 854,726 472,B01,1,1,1,1,1988,1,2,6,-1,-1,-1,-1,2.022E+11,4,RUE SAINT GEORGES,0,NULL,1,1,0,2,-1,-1,1,NULL,-1,1,0,1,30,
2.022E+11,9,5,2022,14:00:00,1,69,69059,2,4,1,2,Route de la Vallée,"458,577,552,993","47,120,828,778",2.022E+11,726 272,B01,1,1,0,2,4,16,5,NULL,2.022E+11,982 615,726 271,A01,1,1,1,2,1946,5,1,-1,-1,0,0,-1,2.022E+11,3,385,0,D,2,2,0,1,69,200,1,NULL,-1,1,0,1,50,
2.022E+11,9,5,2022,14:00:00,1,69,69059,2,4,1,2,Route de la Vallée,"458,577,552,993","47,120,828,778",2.022E+11,726 272,B01,1,1,0,2,4,16,5,NULL,2.022E+11,982 616,726 272,B01,1,1,3,1,1959,5,2,-1,-1,0,0,-1,2.022E+11,3,385,0,D,2,2,0,1,69,200,1,NULL,-1,1,0,1,50,
2.022E+11,21,9,2022,07:25:00,2,75,75120,2,1,1,5,RUE DES PYRENEES,"488,727,500,000","23,908,310,000",2.022E+11,725 549,B01,2,1,0,2,1,1,5,NULL,2.022E+11,981 664,725 547,A01,1,1,1,1,1996,4,1,0,-1,0,0,-1,2.022E+11,4,RUE DES PYRENEES,0,NULL,2,2,3,3,-1,-1,2,NULL,-1,1,0,1,30,
2.022E+11,21,9,2022,07:25:00,2,75,75120,2,1,1,5,RUE DES PYRENEES,"488,727,500,000","23,908,310,000",2.022E+11,725 549,B01,2,1,0,2,1,1,5,NULL,2.022E+11,981 667,725 549,B01,1,1,4,1,1992,1,2,0,-1,0,0,-1,2.022E+11,4,RUE DES PYRENEES,0,NULL,2,2,3,3,-1,-1,2,NULL,-1,1,0,1,30,
2.022E+11,21,9,2022,07:25:00,2,75,75120,2,1,1,5,RUE DES PYRENEES,"488,727,500,000","23,908,310,000",2.022E+11,725 549,B01,2,1,0,2,1,1,5,NULL,2.022E+11,981 674,725 555,C01,1,1,1,1,1978,4,1,0,-1,0,0,-1,2.022E+11,4,RUE DES PYRENEES,0,NULL,2,2,3,3,-1,-1,2,NULL,-1,1,0,1,30,
2.022E+11,19,9,2022,08:27:00,1,76,76351,2,1,1,3,Boulevard Jules Durand,"494,897,400,000","0,1549200000",2.022E+11,723 557,B01,2,1,0,2,1,1,5,NULL,2.022E+11,979 003,723 550,A01,1,1,1,1,1983,1,1,8,-1,-1,-1,-1,2.022E+11,3,JULES DURAND (BD),0,NULL,2,2,1,1,2,560,1,NULL,-1,1,0,1,50,
2.022E+11,19,9,2022,08:27:00,1,76,76351,2,1,1,3,Boulevard Jules Durand,"494,897,400,000","0,1549200000",2.022E+11,723 557,B01,2,1,0,2,1,1,5,NULL,2.022E+11,979 012,723 557,B01,1,1,3,1,1981,1,2,0,-1,-1,-1,-1,2.022E+11,3,JULES DURAND (BD),0,NULL,2,2,1,1,2,560,1,NULL,-1,1,0,1,50,
2.022E+11,26,4,2022,16:45:00,1,30,30243,2,3,1,3,SOMMIERES (ANCIEN CHEMIN),"440,742,000,000","40,907,700,000",2.022E+11,719 418,B01,2,1,0,2,1,15,5,NULL,2.022E+11,973 409,719 414,A01,1,1,1,1,2002,5,1,5,-1,-1,-1,-1,2.022E+11,4,SOMMIERES (ANCIEN CHEMIN),0,NULL,2,2,0,1,0,0,3,NULL,-1,1,0,1,50,
2.022E+11,26,4,2022,16:45:00,1,30,30243,2,3,1,3,SOMMIERES (ANCIEN CHEMIN),"440,742,000,000","40,907,700,000",2.022E+11,719 418,B01,2,1,0,2,1,15,5,NULL,2.022E+11,973 415,719 418,B01,1,1,4,1,1973,1,2,4,-1,-1,-1,-1,2.022E+11,4,SOMMIERES (ANCIEN CHEMIN),0,NULL,2,2,0,1,0,0,3,NULL,-1,1,0,1,50,
2.022E+11,19,9,2022,18:58:00,1,65,65284,2,1,1,1,Rue la Bernede,"431,791,310,000","0,0195910000",2.022E+11,717 844,B01,3,1,0,2,1,21,5,NULL,2.022E+11,971 190,717 844,B01,1,1,4,1,1975,5,2,-1,-1,0,0,-1,2.022E+11,4,NULL,-1,NULL,2,2,0,2,-1,-1,3,NULL,4,1,0,1,50,
2.022E+11,19,9,2022,18:58:00,1,65,65284,2,1,1,1,Rue la Bernede,"431,791,310,000","0,0195910000",2.022E+11,717 844,B01,3,1,0,2,1,21,5,NULL,2.022E+11,971 195,717 850,A01,1,1,1,1,1943,5,1,-1,-1,0,0,-1,2.022E+11,4,NULL,-1,NULL,2,2,0,2,-1,-1,3,NULL,4,1,0,1,50,
2.022E+11,14,6,2022,15:15:00,1,75,75115,2,3,1,2,RUE CARRIER BELLEUSE,"488,473,710,000","23,030,220,000",2.022E+11,744 061,B01,2,1,0,2,1,2,5,NULL,2.022E+11,1 006 450,744 061,B01,1,1,4,2,1978,1,2,0,-1,0,0,-1,2.022E+11,4,RUE CARRIER BELLEUSE,0,NULL,1,1,0,1,-1,-1,1,NULL,-1,1,0,1,30,
2.022E+11,14,6,2022,15:15:00,1,75,75115,2,3,1,2,RUE CARRIER BELLEUSE,"488,473,710,000","23,030,220,000",2.022E+11,744 061,B01,2,1,0,2,1,2,5,NULL,2.022E+11,1 006 452,744 063,A01,1,1,1,1,1993,4,1,0,-1,0,0,-1,2.022E+11,4,RUE CARRIER BELLEUSE,0,NULL,1,1,0,1,-1,-1,1,NULL,-1,1,0,1,30,
2.022E+11,12,7,2022,08:25:00,1,49,49007,2,8,1,3,AYRAULT,"474,765,400,000"," -0,5513300000",2.022E+11,742 110,B01,2,1,0,2,8,15,5,NULL,2.022E+11,1 003 804,742 109,A01,1,1,3,2,1975,1,8,0,-1,-1,-1,-1,2.022E+11,4,AYRAULT,0,NULL,2,6,2,1,1,0,1,NULL,-1,1,4,1,30,
2.022E+11,12,7,2022,08:25:00,1,49,49007,2,8,1,3,AYRAULT,"474,765,400,000"," -0,5513300000",2.022E+11,742 110,B01,2,1,0,2,8,15,5,NULL,2.022E+11,1 003 806,742 110,B01,1,1,1,2,2000,5,8,0,-1,-1,-1,-1,2.022E+11,4,AYRAULT,0,NULL,2,6,2,1,1,0,1,NULL,-1,1,4,1,30,
2.022E+11,30,10,2022,16:50:00,1,34,34088,2,1,1,1,15 Avenue de la Republique,"435,661,860,000","37,321,220,000",2.022E+11,740 289,A01,0,1,0,2,5,19,5,NULL,2.022E+11,1 001 339,740 289,A01,1,1,3,1,1942,5,2,-1,-1,0,0,-1,2.022E+11,4,NULL,-1,NULL,2,1,0,1,-1,-1,1,NULL,3,1,5,1,50,
2.022E+11,30,10,2022,16:50:00,1,34,34088,2,1,1,1,15 Avenue de la Republique,"435,661,860,000","37,321,220,000",2.022E+11,740 289,A01,0,1,0,2,5,19,5,NULL,2.022E+11,1 001 340,740 290,B01,1,1,1,1,1991,4,1,-1,-1,0,0,-1,2.022E+11,4,NULL,-1,NULL,2,1,0,1,-1,-1,1,NULL,3,1,5,1,50,
2.022E+11,12,5,2022,08:25:00,1,33,33063,2,3,1,3,Boulevard du Président Wilson,"448,419,100,000"," -0,5994900000",2.022E+11,739 820,B01,2,1,0,2,8,1,5,NULL,2.022E+11,1 000 636,739 820,B01,1,1,3,1,1971,0,2,-1,-1,-1,-1,-1,2.022E+11,4,BD DU PRESIDENT WILSON,0,NULL,3,4,0,1,-1,-1,1,NULL,-1,1,5,5,50,
2.022E+11,12,5,2022,08:25:00,1,33,33063,2,3,1,3,Boulevard du Président Wilson,"448,419,100,000"," -0,5994900000",2.022E+11,739 820,B01,2,1,0,2,8,1,5,NULL,2.022E+11,1 000 637,739 821,A01,1,1,1,1,1972,4,1,-1,-1,-1,-1,-1,2.022E+11,4,BD DU PRESIDENT WILSON,0,NULL,3,4,0,1,-1,-1,1,NULL,-1,1,5,5,50,
2.022E+11,14,6,2022,18:30:00,1,57,57356,1,1,1,2,RD15,"494,318,910,000","61,169,200,000",2.022E+11,738 069,B01,1,1,0,2,4,1,5,NULL,2.022E+11,998 230,738 069,B01,1,1,3,1,1977,5,2,-1,-1,0,0,-1,2.022E+11,3,15,0,NULL,3,3,0,1,4,400,1,NULL,-1,1,0,1,50,
2.022E+11,14,6,2022,18:30:00,1,57,57356,1,1,1,2,RD15,"494,318,910,000","61,169,200,000",2.022E+11,738 069,B01,1,1,0,2,4,1,5,NULL,2.022E+11,998 232,738 071,A01,1,1,1,1,1980,1,1,-1,-1,0,0,-1,2.022E+11,3,15,0,NULL,3,3,0,1,4,400,1,NULL,-1,1,0,1,50,
2.022E+11,22,2,2022,13:35:00,1,51,51454,2,3,2,3,Rue Camille Lenoir,"492,595,800,000","40,404,900,000",2.022E+11,737 950,B01,2,1,0,2,7,1,5,NULL,2.022E+11,998 072,737 948,A01,1,1,1,1,1990,1,1,-1,-1,-1,-1,-1,2.022E+11,4,LENOIR (RUE CAMILLE),0,NULL,2,4,0,1,-1,-1,1,NULL,-1,2,0,1,50,
2.022E+11,22,2,2022,13:35:00,1,51,51454,2,3,2,3,Rue Camille Lenoir,"492,595,800,000","40,404,900,000",2.022E+11,737 950,B01,2,1,0,2,7,1,5,NULL,2.022E+11,998 074,737 950,B01,1,1,4,2,1954,9,8,-1,-1,-1,-1,-1,2.022E+11,4,LENOIR (RUE CAMILLE),0,NULL,2,4,0,1,-1,-1,1,NULL,-1,2,0,1,50,
2.022E+11,19,8,2022,20:05:00,1,92,92075,2,2,2,3,MARCEL MARTINIE (AVENUE),"488,229,100,000","22,923,300,000",2.022E+11,737 655,A01,1,1,0,2,1,1,5,NULL,2.022E+11,997 687,737 655,A01,1,1,3,2,2009,5,8,0,-1,-1,-1,-1,2.022E+11,3,61A,0,NULL,2,4,2,1,0,0,1,NULL,-1,2,0,1,50,
2.022E+11,19,8,2022,20:05:00,1,92,92075,2,2,2,3,MARCEL MARTINIE (AVENUE),"488,229,100,000","22,923,300,000",2.022E+11,737 655,A01,1,1,0,2,1,1,5,NULL,2.022E+11,997 688,737 657,B01,1,1,1,1,1993,1,1,0,-1,-1,-1,-1,2.022E+11,3,61A,0,NULL,2,4,2,1,0,0,1,NULL,-1,2,0,1,50,
2.022E+11,12,6,2022,17:00:00,1,10,10038,2,9,1,3,17 Rue Notre Dame,"483,428,640,000","35,943,720,000",2.022E+11,737 364,A01,1,1,0,2,1,1,5,NULL,2.022E+11,997 274,737 363,B01,1,1,1,1,1955,5,1,-1,-1,0,0,-1,2.022E+11,3,374,0,NULL,2,2,0,1,19,850,1,NULL,-1,1,0,4,50,
2.022E+11,12,6,2022,17:00:00,1,10,10038,2,9,1,3,17 Rue Notre Dame,"483,428,640,000","35,943,720,000",2.022E+11,737 364,A01,1,1,0,2,1,1,5,NULL,2.022E+11,997 275,737 364,A01,1,1,4,1,2012,5,0,-1,-1,0,0,-1,2.022E+11,3,374,0,NULL,2,2,0,1,19,850,1,NULL,-1,1,0,4,50,
2.022E+11,11,6,2022,23:10:00,5,75,75107,2,4,1,3,QUAI D ORSAY,"488,629,450,000","23,179,070,000",2.022E+11,734 527,B01,1,1,0,2,8,1,5,NULL,2.022E+11,993 477,734 527,B01,1,1,4,2,1996,9,2,0,-1,0,0,-1,2.022E+11,4,QUAI D ORSAY,0,NULL,2,7,1,1,-1,-1,1,NULL,-1,1,-1,5,30,
2.022E+11,11,6,2022,23:10:00,5,75,75107,2,4,1,3,QUAI D ORSAY,"488,629,450,000","23,179,070,000",2.022E+11,734 527,B01,1,1,0,2,8,1,5,NULL,2.022E+11,993 480,734 531,A01,1,1,1,2,1967,4,2,0,-1,0,0,-1,2.022E+11,4,QUAI D ORSAY,0,NULL,2,7,1,1,-1,-1,1,NULL,-1,1,-1,5,30,
2.022E+11,28,10,2022,18:20:00,2,75,75107,2,1,1,6,QUAI BRANLY,"488,615,980,000","22,976,800,000",2.022E+11,734 493,A01,3,1,12,0,0,14,5,NULL,2.022E+11,993 437,734 493,A01,1,1,4,1,1972,9,2,0,-1,0,0,-1,2.022E+11,4,QUAI BRANLY,0,NULL,3,3,1,1,-1,-1,1,NULL,-1,1,0,5,30,
2.022E+11,31,3,2022,07:40:00,2,75,75119,2,7,1,3,AVENUE JEAN JAURES,"488,894,780,481","23,958,169,362",2.022E+11,730 772,A01,2,1,0,2,8,19,5,NULL,2.022E+11,988 494,730 767,B01,1,1,1,1,1998,1,2,6,-1,0,0,-1,2.022E+11,4,AVENUE JEAN JAURES,0,NULL,2,4,1,1,-1,-1,1,NULL,-1,1,-1,5,30,
2.022E+11,31,3,2022,07:40:00,2,75,75119,2,7,1,3,AVENUE JEAN JAURES,"488,894,780,481","23,958,169,362",2.022E+11,730 772,A01,2,1,0,2,8,19,5,NULL,2.022E+11,988 500,730 772,A01,1,1,4,1,1970,1,2,0,-1,0,0,-1,2.022E+11,4,AVENUE JEAN JAURES,0,NULL,2,4,1,1,-1,-1,1,NULL,-1,1,-1,5,30,
2.022E+11,21,9,2022,18:30:00,1,75,75110,2,2,1,6,BOULEVARD SAINT DENIS,"488,693,220,000","23,542,660,000",2.022E+11,725 388,A01,1,1,0,1,1,1,5,NULL,2.022E+11,981 455,725 388,A01,10,3,4,1,1976,9,0,-1,-1,2,3,1,2.022E+11,4,BOULEVARD SAINT DENIS,0,NULL,2,5,2,1,-1,-1,1,NULL,-1,1,-1,5,30,
2.022E+11,21,9,2022,18:30:00,1,75,75110,2,2,1,6,BOULEVARD SAINT DENIS,"488,693,220,000","23,542,660,000",2.022E+11,725 388,A01,1,1,0,1,1,1,5,NULL,2.022E+11,981 457,725 388,A01,1,1,1,1,1985,1,8,0,-1,0,0,-1,2.022E+11,4,BOULEVARD SAINT DENIS,0,NULL,2,5,2,1,-1,-1,1,NULL,-1,1,-1,5,30,
2.022E+11,27,3,2022,19:00:00,1,44,44184,2,1,1,6,29 Rue de la Vecquerie,"472,570,400,000","-22,555,600,000",2.022E+11,721 067,B01,2,1,1,0,1,1,5,NULL,2.022E+11,975 659,721 062,A01,1,1,1,1,1998,9,8,8,-1,0,0,-1,2.022E+11,4,VECQUERIE (RUE DE LA),0,NULL,1,3,2,1,-1,-1,1,NULL,-1,1,0,5,50,
2.022E+11,27,3,2022,19:00:00,1,44,44184,2,1,1,6,29 Rue de la Vecquerie,"472,570,400,000","-22,555,600,000",2.022E+11,721 067,B01,2,1,1,0,1,1,5,NULL,2.022E+11,975 666,721 067,B01,1,1,4,1,1979,5,2,0,-1,-1,-1,-1,2.022E+11,4,VECQUERIE (RUE DE LA),0,NULL,1,3,2,1,-1,-1,1,NULL,-1,1,0,5,50,
2.022E+11,8,7,2022,15:10:00,1,59,59080,1,1,1,7,Rue du Bon Ballon,"504,377,390,000","32,708,470,000",2.022E+11,717 532,A01,0,1,16,0,1,1,5,NULL,2.022E+11,970 752,717 532,A01,1,1,3,1,1968,5,2,9,-1,0,0,-1,2.022E+11,4,NULL,-1,NULL,2,2,0,1,-1,-1,1,NULL,4,1,0,1,-1,
2.022E+11,14,3,2022,15:10:00,1,62,62193,2,1,1,3,MOLLIEN,"509,561,340,000","18,659,980,000",2.022E+11,716 169,B01,2,1,0,2,8,26,5,NULL,2.022E+11,968 943,716 167,A01,1,1,1,1,1958,5,1,8,-1,-1,-1,-1,2.022E+11,4,MOLLIEN,0,NULL,4,2,0,1,-1,-1,1,NULL,-1,1,0,1,50,
2.022E+11,14,3,2022,15:10:00,1,62,62193,2,1,1,3,MOLLIEN,"509,561,340,000","18,659,980,000",2.022E+11,716 169,B01,2,1,0,2,8,26,5,NULL,2.022E+11,968 947,716 169,B01,1,1,3,2,1958,5,8,0,-1,-1,-1,-1,2.022E+11,4,MOLLIEN,0,NULL,4,2,0,1,-1,-1,1,NULL,-1,1,0,1,50,
2.022E+11,30,9,2022,16:30:00,1,14,14393,1,2,1,3,D36,"490,850,758,077"," -0,4795655608",2.022E+11,749 938,A01,2,1,0,2,1,1,5,NULL,2.022E+11,1 014 338,749 937,B01,1,1,1,1,1960,5,1,-1,-1,0,0,-1,2.022E+11,3,36,-1,NULL,2,2,0,1,32,400,1,NULL,-1,1,0,1,80,
2.022E+11,30,9,2022,16:30:00,1,14,14393,1,2,1,3,D36,"490,850,758,077"," -0,4795655608",2.022E+11,749 938,A01,2,1,0,2,1,1,5,NULL,2.022E+11,1 014 339,749 938,A01,1,1,3,1,1951,5,2,-1,-1,0,0,-1,2.022E+11,3,36,-1,NULL,2,2,0,1,32,400,1,NULL,-1,1,0,1,80,