Accident_Id,jour,mois,an,hrmn,lum,dep,com,agg,int,atm,col,adr,lat,long,Num_Acc,id_vehicule,num_veh,senc,catv,obs,obsm,choc,manv,motor,occutc,Num_Acc,id_usager,id_vehicule,num_veh,place,catu,grav,sexe,an_nais,trajet,secu1,secu2,secu3,locp,actp,etatp,Num_Acc,catr,voie,v1,v2,circ,nbv,vosp,prof,pr,pr1,plan,lartpc,larrout,surf,infra,situ,vma,
2.022E+11,15,7,2022,15:15:00,1,59,59599,2,1,1,3,YSER (RUE DE L'),"507,446,260,000","31,737,610,000",2.022E+11,748 855,B01,2,1,0,2,8,2,5,NULL,2.022E+11,1 012 840,748 851,A01,1,1,1,1,1975,3,8,0,-1,-1,-1,-1,2.022E+11,4,YSER (RUE DE L'),0,NULL,2,2,1,1,-1,-1,2,NULL,-1,1,0,5,50,
2.022E+11,15,7,2022,15:15:00,1,59,59599,2,1,1,3,YSER (RUE DE L'),"507,446,260,000","31,737,610,000",2.022E+11,748 855,B01,2,1,0,2,8,2,5,NULL,2.022E+11,1 012 843,748 855,B01,1,1,4,2,2001,5,8,0,-1,-1,-1,-1,2.022E+11,4,YSER (RUE DE L'),0,NULL,2,2,1,1,-1,-1,2,NULL,-1,1,0,5,50,
2.022E+11,7,4,2022,16:40:00,1,78,78481,2,9,1,6,FELICIEN DAVID (PLACE),"488,962,710,000","21,024,460,000",2.022E+11,747 474,A01,3,1,0,1,1,25,5,NULL,2.022E+11,1 010 994,747 474,A01,1,1,1,1,1968,5,2,0,-1,-1,-1,-1,2.022E+11,4,FELICIEN DAVID (PLACE),0,NULL,-1,1,0,1,-1,-1,1,NULL,-1,1,0,4,50,
2.022E+11,7,4,2022,16:40:00,1,78,78481,2,9,1,6,FELICIEN DAVID (PLACE),"488,962,710,000","21,024,460,000",2.022E+11,747 474,A01,3,1,0,1,1,25,5,NULL,2.022E+11,1 010 995,747 474,A01,10,3,4,1,1936,0,0,-1,-1,5,2,1,2.022E+11,4,FELICIEN DAVID (PLACE),0,NULL,-1,1,0,1,-1,-1,1,NULL,-1,1,0,4,50,
2.022E+11,22,2,2022,12:40:00,1,37,37261,2,1,1,6,PREUILLY (BOULEVARD),"473,923,400,000","0,6691000000",2.022E+11,737 908,A01,1,1,0,1,1,1,5,NULL,2.022E+11,998 016,737 908,A01,1,1,-1,-1,NULL,-1,-1,-1,-1,-1,-1,-1,2.022E+11,4,NULL,0,NULL,2,-1,0,1,-1,-1,1,NULL,-1,1,0,4,6,
2.022E+11,22,2,2022,12:40:00,1,37,37261,2,1,1,6,PREUILLY (BOULEVARD),"473,923,400,000","0,6691000000",2.022E+11,737 908,A01,1,1,0,1,1,1,5,NULL,2.022E+11,998 018,737 908,A01,10,3,4,2,1975,1,0,-1,-1,5,9,1,2.022E+11,4,NULL,0,NULL,2,-1,0,1,-1,-1,1,NULL,-1,1,0,4,6,
2.022E+11,12,6,2022,21:35:00,1,75,75119,2,1,1,6,AVENUE SECRETAN,"488,805,800,000","23,747,740,000",2.022E+11,737 700,A01,2,1,0,1,1,5,5,NULL,2.022E+11,997 744,737 700,A01,10,3,4,2,1959,9,0,-1,-1,2,3,1,2.022E+11,4,AVENUE SECRETAN,0,NULL,1,1,0,4,-1,-1,1,NULL,-1,1,0,1,30,
2.022E+11,12,6,2022,21:35:00,1,75,75119,2,1,1,6,AVENUE SECRETAN,"488,805,800,000","23,747,740,000",2.022E+11,737 700,A01,2,1,0,1,1,5,5,NULL,2.022E+11,997 746,737 700,A01,1,1,1,1,1996,4,8,0,-1,0,0,-1,2.022E+11,4,AVENUE SECRETAN,0,NULL,1,1,0,4,-1,-1,1,NULL,-1,1,0,1,30,
2.022E+11,12,5,2022,17:15:00,1,44,44162,2,1,1,3,Boulevard Salvador Allende,"472,184,800,000","-16,180,100,000",2.022E+11,736 447,B01,1,1,0,2,5,1,5,NULL,2.022E+11,996 029,736 447,B01,1,1,4,1,1955,0,8,0,-1,0,0,-1,2.022E+11,4,BOULEVARD SALVADOR ALLENDE,0,NULL,3,2,2,1,-1,-1,1,NULL,-1,1,0,1,50,
2.022E+11,12,5,2022,17:15:00,1,44,44162,2,1,1,3,Boulevard Salvador Allende,"472,184,800,000","-16,180,100,000",2.022E+11,736 447,B01,1,1,0,2,5,1,5,NULL,2.022E+11,996 030,736 448,A01,1,1,4,1,1995,0,2,0,-1,0,0,-1,2.022E+11,4,BOULEVARD SALVADOR ALLENDE,0,NULL,3,2,2,1,-1,-1,1,NULL,-1,1,0,1,50,
2.022E+11,28,11,2022,12:00:00,1,54,54431,2,6,1,2,ETATS-UNIS (AVENUE DES),"489,011,900,000","60,648,500,000",2.022E+11,727 694,B01,2,1,14,0,1,15,5,NULL,2.022E+11,984 453,727 690,A01,1,1,1,1,1970,4,1,0,-1,0,0,-1,2.022E+11,3,ETATS-UNIS (AVENUE DES),0,NULL,2,-1,0,1,0,700,1,NULL,-1,1,0,1,50,
2.022E+11,28,11,2022,12:00:00,1,54,54431,2,6,1,2,ETATS-UNIS (AVENUE DES),"489,011,900,000","60,648,500,000",2.022E+11,727 694,B01,2,1,14,0,1,15,5,NULL,2.022E+11,984 457,727 694,B01,1,1,4,2,1975,1,2,0,-1,0,0,-1,2.022E+11,3,ETATS-UNIS (AVENUE DES),0,NULL,2,-1,0,1,0,700,1,NULL,-1,1,0,1,50,
2.022E+11,20,9,2022,00:30:00,5,75,75103,2,2,1,3,BOULEVARD DE SEBASTOPOL,"488,693,310,000","23,542,630,000",2.022E+11,725 326,A01,1,1,0,2,5,1,5,NULL,2.022E+11,981 371,725 323,B01,1,1,1,2,2000,9,1,0,-1,0,0,-1,2.022E+11,4,BOULEVARD DE SEBASTOPOL,0,NULL,1,5,1,1,-1,-1,1,NULL,-1,1,5,1,30,
2.022E+11,20,9,2022,00:30:00,5,75,75103,2,2,1,3,BOULEVARD DE SEBASTOPOL,"488,693,310,000","23,542,630,000",2.022E+11,725 326,A01,1,1,0,2,5,1,5,NULL,2.022E+11,981 375,725 326,A01,1,1,4,2,1998,9,0,0,-1,0,0,-1,2.022E+11,4,BOULEVARD DE SEBASTOPOL,0,NULL,1,5,1,1,-1,-1,1,NULL,-1,1,5,1,30,
2.022E+11,29,9,2022,09:05:00,1,37,37233,2,2,1,6,BALZAC (RUE HONORE DE),"473,883,800,000","0,7182200000",2.022E+11,749 813,B01,2,1,0,2,1,1,5,NULL,2.022E+11,1 014 160,749 812,A01,1,1,1,1,1955,5,1,0,-1,0,0,-1,2.022E+11,4,BALZAC (RUE HONORE DE),0,NULL,2,2,0,1,-1,-1,1,NULL,-1,1,0,1,50,
2.022E+11,29,9,2022,09:05:00,1,37,37233,2,2,1,6,BALZAC (RUE HONORE DE),"473,883,800,000","0,7182200000",2.022E+11,749 813,B01,2,1,0,2,1,1,5,NULL,2.022E+11,1 014 161,749 813,B01,1,1,4,1,1972,5,2,0,-1,-1,-1,-1,2.022E+11,4,BALZAC (RUE HONORE DE),0,NULL,2,2,0,1,-1,-1,1,NULL,-1,1,0,1,50,
2.022E+11,15,6,2022,09:10:00,1,75,75120,2,2,1,3,RUE BELGRAND,"488,646,310,000","24,041,570,000",2.022E+11,747 633,B01,1,1,0,2,6,1,5,NULL,2.022E+11,1 011 195,747 633,B01,1,1,1,2,1988,9,2,0,-1,0,0,-1,2.022E+11,4,RUE BELGRAND,0,NULL,2,4,1,2,-1,-1,1,NULL,-1,1,-1,5,30,
2.022E+11,15,6,2022,09:10:00,1,75,75120,2,2,1,3,RUE BELGRAND,"488,646,310,000","24,041,570,000",2.022E+11,747 633,B01,1,1,0,2,6,1,5,NULL,2.022E+11,1 011 197,747 633,B01,2,2,3,1,2019,9,3,0,-1,0,0,-1,2.022E+11,4,RUE BELGRAND,0,NULL,2,4,1,2,-1,-1,1,NULL,-1,1,-1,5,30,
2.022E+11,15,6,2022,09:10:00,1,75,75120,2,2,1,3,RUE BELGRAND,"488,646,310,000","24,041,570,000",2.022E+11,747 633,B01,1,1,0,2,6,1,5,NULL,2.022E+11,1 011 198,747 635,A01,1,1,1,1,1980,4,1,0,-1,0,0,-1,2.022E+11,4,RUE BELGRAND,0,NULL,2,4,1,2,-1,-1,1,NULL,-1,1,-1,5,30,
2.022E+11,15,5,2022,08:30:00,1,69,69115,2,3,1,1,Rue de la Maladière,"459,785,000,000","47,139,400,000",2.022E+11,746 596,B01,2,1,0,2,9,1,0,NULL,2.022E+11,1 009 818,746 596,B01,1,1,4,1,1956,5,2,9,-1,0,0,-1,2.022E+11,3,MALADIERE (rue de la),0,NULL,2,2,0,2,0,400,1,NULL,-1,1,0,1,30,
2.022E+11,15,5,2022,08:30:00,1,69,69115,2,3,1,1,Rue de la Maladière,"459,785,000,000","47,139,400,000",2.022E+11,746 596,B01,2,1,0,2,9,1,0,NULL,2.022E+11,1 009 819,746 597,A01,1,1,1,1,2004,5,1,-1,-1,0,0,-1,2.022E+11,3,MALADIERE (rue de la),0,NULL,2,2,0,2,0,400,1,NULL,-1,1,0,1,30,
2.022E+11,13,7,2022,22:05:00,5,75,75106,2,2,1,3,RUE DE SEVRES,"488,515,820,000","23,268,190,000",2.022E+11,741 941,A01,3,1,0,2,3,18,5,NULL,2.022E+11,1 003 566,741 941,A01,1,1,4,1,1978,5,8,0,-1,0,0,-1,2.022E+11,4,RUE DE SEVRES,0,NULL,2,3,0,1,-1,-1,1,NULL,-1,1,0,1,30,
2.022E+11,13,7,2022,22:05:00,5,75,75106,2,2,1,3,RUE DE SEVRES,"488,515,820,000","23,268,190,000",2.022E+11,741 941,A01,3,1,0,2,3,18,5,NULL,2.022E+11,1 003 567,741 942,B01,1,1,1,1,1954,4,1,0,-1,0,0,-1,2.022E+11,4,RUE DE SEVRES,0,NULL,2,3,0,1,-1,-1,1,NULL,-1,1,0,1,30,
2.022E+11,13,6,2022,14:20:00,1,56,56185,2,6,1,3,23 Rue Pierre Mendes France,"477,795,000,000","-34,090,500,000",2.022E+11,740 770,B01,2,1,0,2,8,11,5,NULL,2.022E+11,1 001 997,740 770,B01,1,1,3,1,1955,5,2,-1,-1,0,0,-1,2.022E+11,3,6,-1,NULL,2,2,1,1,31,515,1,NULL,-1,1,5,1,50,
2.022E+11,13,6,2022,14:20:00,1,56,56185,2,6,1,3,23 Rue Pierre Mendes France,"477,795,000,000","-34,090,500,000",2.022E+11,740 770,B01,2,1,0,2,8,11,5,NULL,2.022E+11,1 001 998,740 771,A01,1,1,1,1,2001,0,2,6,-1,0,0,-1,2.022E+11,3,6,-1,NULL,2,2,1,1,31,515,1,NULL,-1,1,5,1,50,
2.022E+11,13,6,2022,14:20:00,1,56,56185,2,6,1,3,23 Rue Pierre Mendes France,"477,795,000,000","-34,090,500,000",2.022E+11,740 770,B01,2,1,0,2,8,11,5,NULL,2.022E+11,1 001 999,740 771,A01,2,2,1,1,2004,0,2,-1,-1,0,0,-1,2.022E+11,3,6,-1,NULL,2,2,1,1,31,515,1,NULL,-1,1,5,1,50,
2.022E+11,21,8,2022,14:20:00,1,76,76748,2,1,1,7,Rue de Janville,"498,216,980,000","0,6400660000",2.022E+11,738 497,A01,3,1,0,0,1,2,5,NULL,2.022E+11,998 811,738 497,A01,1,1,2,1,1950,5,2,-1,-1,0,0,-1,2.022E+11,4,NULL,0,NULL,2,2,0,2,-1,-1,1,NULL,-1,1,0,1,50,
2.022E+11,6,7,2022,19:15:00,1,67,67482,2,3,1,3,ALPES (QUAI DES),"485,743,100,000","77,711,800,000",2.022E+11,731 350,B01,2,1,0,2,1,1,5,NULL,2.022E+11,989 275,731 350,B01,1,1,4,1,1973,5,8,0,-1,-1,-1,-1,2.022E+11,4,ALPES (QUAI DES),0,NULL,2,5,1,1,-1,-1,1,NULL,-1,1,0,1,50,
2.022E+11,6,7,2022,19:15:00,1,67,67482,2,3,1,3,ALPES (QUAI DES),"485,743,100,000","77,711,800,000",2.022E+11,731 350,B01,2,1,0,2,1,1,5,NULL,2.022E+11,989 281,731 355,A01,1,1,1,2,1995,5,1,8,-1,-1,-1,-1,2.022E+11,4,ALPES (QUAI DES),0,NULL,2,5,1,1,-1,-1,1,NULL,-1,1,0,1,50,
2.022E+11,27,10,2022,19:20:00,5,92,92026,2,1,1,1,SAINT DENIS BD (120 A 174 / 199 A 315),"488,999,690,000","22,685,640,000",2.022E+11,730 996,A01,3,1,0,2,1,1,5,NULL,2.022E+11,988 794,730 992,Y01,1,1,3,1,2016,5,0,-1,-1,0,0,-1,2.022E+11,3,9,0,NULL,-1,1,3,1,0,0,1,NULL,-1,1,0,8,10,
2.022E+11,27,10,2022,19:20:00,5,92,92026,2,1,1,1,SAINT DENIS BD (120 A 174 / 199 A 315),"488,999,690,000","22,685,640,000",2.022E+11,730 996,A01,3,1,0,2,1,1,5,NULL,2.022E+11,988 798,730 996,A01,1,1,1,1,2010,5,8,0,-1,0,0,-1,2.022E+11,3,9,0,NULL,-1,1,3,1,0,0,1,NULL,-1,1,0,8,10,
2.022E+11,25,10,2022,16:08:00,1,59,59350,2,7,1,2,LIBERTE BVD N°147 A FIN-96 A FIN,"506,317,900,000","30,615,400,000",2.022E+11,730 216,A01,1,1,0,2,4,11,5,NULL,2.022E+11,987 773,730 216,A01,1,1,4,1,1991,1,8,0,-1,-1,-1,-1,2.022E+11,4,LIBERTE BVD N°147 A FIN-96 A FIN,0,NULL,2,5,2,1,-1,-1,1,NULL,-1,1,0,1,50,
2.022E+11,25,10,2022,16:08:00,1,59,59350,2,7,1,2,LIBERTE BVD N°147 A FIN-96 A FIN,"506,317,900,000","30,615,400,000",2.022E+11,730 216,A01,1,1,0,2,4,11,5,NULL,2.022E+11,987 774,730 218,B01,1,1,4,1,1993,0,2,6,-1,-1,-1,-1,2.022E+11,4,LIBERTE BVD N°147 A FIN-96 A FIN,0,NULL,2,5,2,1,-1,-1,1,NULL,-1,1,0,1,50,
2.022E+11,10,5,2022,20:50:00,2,75,75107,2,2,1,6,BOULEVARD DE LA TOUR MAUBOURG,"488,599,370,000","23,101,750,000",2.022E+11,730 067,A01,1,1,0,1,1,1,5,NULL,2.022E+11,987 579,730 067,A01,10,3,4,2,2012,5,0,-1,-1,4,3,2,2.022E+11,4,BOULEVARD DE LA TOUR MAUBOURG,0,NULL,2,2,1,1,-1,-1,1,NULL,-1,1,-1,5,30,
2.022E+11,10,5,2022,20:50:00,2,75,75107,2,2,1,6,BOULEVARD DE LA TOUR MAUBOURG,"488,599,370,000","23,101,750,000",2.022E+11,730 067,A01,1,1,0,1,1,1,5,NULL,2.022E+11,987 581,730 067,A01,1,1,1,1,1999,1,2,0,-1,0,0,-1,2.022E+11,4,BOULEVARD DE LA TOUR MAUBOURG,0,NULL,2,2,1,1,-1,-1,1,NULL,-1,1,-1,5,30,
2.022E+11,18,2,2022,09:10:00,1,75,75110,2,1,1,2,BOULEVARD DE STRASBOURG,"488,701,100,000","23,546,980,000",2.022E+11,728 325,A01,1,1,0,2,4,2,5,NULL,2.022E+11,985 287,728 320,B01,1,1,4,1,2000,1,2,0,-1,0,0,-1,2.022E+11,4,BOULEVARD DE STRASBOURG,0,NULL,2,5,1,1,-1,-1,1,NULL,-1,1,-1,5,30,
2.022E+11,18,2,2022,09:10:00,1,75,75110,2,1,1,2,BOULEVARD DE STRASBOURG,"488,701,100,000","23,546,980,000",2.022E+11,728 325,A01,1,1,0,2,4,2,5,NULL,2.022E+11,985 291,728 325,A01,1,1,1,1,1990,9,2,0,-1,0,0,-1,2.022E+11,4,BOULEVARD DE STRASBOURG,0,NULL,2,5,1,1,-1,-1,1,NULL,-1,1,-1,5,30,
2.022E+11,4,1,2022,21:10:00,5,69,69387,1,3,1,3,Avenue Berthelot,"457,477,700,000","48,336,700,000",2.022E+11,720 141,B01,0,1,0,2,7,19,5,NULL,2.022E+11,974 398,720 136,A01,1,1,1,-1,NULL,-1,-1,-1,-1,-1,-1,-1,2.022E+11,4,BERTHELOT                           (AV),0,NULL,1,2,3,1,-1,-1,1,NULL,-1,1,0,1,50,
2.022E+11,4,1,2022,21:10:00,5,69,69387,1,3,1,3,Avenue Berthelot,"457,477,700,000","48,336,700,000",2.022E+11,720 141,B01,0,1,0,2,7,19,5,NULL,2.022E+11,974 405,720 141,B01,1,1,4,1,1992,0,8,-1,-1,-1,-1,-1,2.022E+11,4,BERTHELOT                           (AV),0,NULL,1,2,3,1,-1,-1,1,NULL,-1,1,0,1,50,
2.022E+11,5,5,2022,11:20:00,1,7,7102,2,6,8,3,NULL,"449,159,300,000","48,567,500,000",2.022E+11,716 486,B01,3,1,0,2,6,1,5,NULL,2.022E+11,969 359,716 486,B01,1,1,4,1,1951,5,8,0,-1,-1,-1,-1,2.022E+11,3,HAUTES FREYDIERES (CHEMIN DES),0,NULL,2,2,1,1,55,200,2,NULL,-1,1,0,5,50,
2.022E+11,5,5,2022,11:20:00,1,7,7102,2,6,8,3,NULL,"449,159,300,000","48,567,500,000",2.022E+11,716 486,B01,3,1,0,2,6,1,5,NULL,2.022E+11,969 371,716 493,A01,1,1,1,1,1969,5,1,0,-1,-1,-1,-1,2.022E+11,3,HAUTES FREYDIERES (CHEMIN DES),0,NULL,2,2,1,1,55,200,2,NULL,-1,1,0,5,50,
2.022E+11,6,8,2022,20:30:00,2,74,74081,2,2,1,3,Avenue des Glières,"460,738,560,000","65,654,200,000",2.022E+11,742 269,B01,2,1,0,2,1,1,5,NULL,2.022E+11,1 004 019,742 269,B01,1,1,4,1,1961,5,2,-1,-1,0,0,-1,2.022E+11,3,19,-1,NULL,2,2,0,1,1,374,1,NULL,-1,1,0,1,50,
2.022E+11,6,8,2022,20:30:00,2,74,74081,2,2,1,3,Avenue des Glières,"460,738,560,000","65,654,200,000",2.022E+11,742 269,B01,2,1,0,2,1,1,5,NULL,2.022E+11,1 004 021,742 270,A01,1,1,1,1,1961,3,1,-1,-1,0,0,-1,2.022E+11,3,19,-1,NULL,2,2,0,1,1,374,1,NULL,-1,1,0,1,50,
2.022E+11,24,2,2022,11:00:00,1,75,75110,2,5,1,3,BOULEVARD DE MAGENTA,"488,785,360,000","23,540,360,000",2.022E+11,741 287,B01,2,1,0,2,8,1,5,NULL,2.022E+11,1 002 681,741 284,A01,1,1,1,1,1987,9,2,6,-1,0,0,-1,2.022E+11,4,BOULEVARD DE MAGENTA,0,NULL,2,4,0,1,-1,-1,1,NULL,-1,1,0,1,30,
2.022E+11,24,2,2022,11:00:00,1,75,75110,2,5,1,3,BOULEVARD DE MAGENTA,"488,785,360,000","23,540,360,000",2.022E+11,741 287,B01,2,1,0,2,8,1,5,NULL,2.022E+11,1 002 684,741 287,B01,1,1,4,1,1996,9,2,8,-1,0,0,-1,2.022E+11,4,BOULEVARD DE MAGENTA,0,NULL,2,4,0,1,-1,-1,1,NULL,-1,1,0,1,30,
2.022E+11,3,4,2022,11:28:00,1,53,53236,2,1,1,7,D205,"482,933,510,000"," -0,1635180000",2.022E+11,736 856,A01,1,1,0,0,1,1,5,NULL,2.022E+11,996 556,736 856,A01,1,1,3,1,1964,5,2,-1,-1,0,0,-1,2.022E+11,3,205,0,NULL,2,2,0,2,11,700,1,NULL,-1,1,0,1,50,
2.022E+11,31,3,2022,18:10:00,1,69,69383,2,2,1,3,Rue Julien,"457,521,700,000","48,867,300,000",2.022E+11,733 391,B01,2,1,0,2,1,1,5,NULL,2.022E+11,991 947,733 391,B01,1,1,3,2,1958,0,8,-1,-1,-1,-1,-1,2.022E+11,4,JULIEN                              (R ),0,NULL,1,1,2,1,-1,-1,1,NULL,-1,1,0,1,30,
2.022E+11,31,3,2022,18:10:00,1,69,69383,2,2,1,3,Rue Julien,"457,521,700,000","48,867,300,000",2.022E+11,733 391,B01,2,1,0,2,1,1,5,NULL,2.022E+11,991 948,733 392,A01,1,1,1,2,1992,1,1,-1,-1,-1,-1,-1,2.022E+11,4,JULIEN                              (R ),0,NULL,1,1,2,1,-1,-1,1,NULL,-1,1,0,1,30,
2.022E+11,31,3,2022,09:40:00,1,69,69386,2,2,1,3,Rue Cuvier,"457,670,700,000","48,476,500,000",2.022E+11,733 387,B01,2,1,0,2,1,1,5,NULL,2.022E+11,991 937,733 385,A01,1,1,1,1,1993,4,1,-1,-1,-1,-1,-1,2.022E+11,4,CUVIER                              (R ),0,NULL,1,1,2,1,-1,-1,1,NULL,-1,1,0,1,30,
2.022E+11,31,3,2022,09:40:00,1,69,69386,2,2,1,3,Rue Cuvier,"457,670,700,000","48,476,500,000",2.022E+11,733 387,B01,2,1,0,2,1,1,5,NULL,2.022E+11,991 940,733 387,B01,1,1,4,1,1972,0,8,-1,-1,-1,-1,-1,2.022E+11,4,CUVIER                              (R ),0,NULL,1,1,2,1,-1,-1,1,NULL,-1,1,0,1,30,
2.022E+11,10,8,2022,13:10:00,1,6,6079,1,1,1,7,Rue Capitaine de Corvette Marche,"435,177,930,000","69,366,220,000",2.022E+11,730 893,A01,3,1,13,0,1,18,5,NULL,2.022E+11,988 672,730 893,A01,1,1,3,1,1967,5,2,-1,-1,0,0,-1,2.022E+11,3,6098,0,NULL,2,2,0,2,8,507,4,NULL,-1,1,0,3,50,
2.022E+11,11,5,2022,20:30:00,2,75,75115,2,2,1,3,RUE CAMBRONNE,"488,404,070,000","23,042,720,000",2.022E+11,730 105,A01,2,1,0,2,0,1,5,NULL,2.022E+11,987 629,730 105,A01,1,1,4,2,1997,9,2,0,-1,0,0,-1,2.022E+11,4,RUE CAMBRONNE,0,NULL,2,2,0,2,-1,-1,1,NULL,-1,1,0,1,30,
2.022E+11,11,5,2022,20:30:00,2,75,75115,2,2,1,3,RUE CAMBRONNE,"488,404,070,000","23,042,720,000",2.022E+11,730 105,A01,2,1,0,2,0,1,5,NULL,2.022E+11,987 633,730 110,B01,1,1,1,1,1973,1,1,0,-1,0,0,-1,2.022E+11,4,RUE CAMBRONNE,0,NULL,2,2,0,2,-1,-1,1,NULL,-1,1,0,1,30,
2.022E+11,7,5,2022,15:45:00,1,92,92064,2,1,1,3,GOUNOD,"488,424,280,840","22,079,598,606",2.022E+11,720 441,B01,2,1,0,2,7,25,5,NULL,2.022E+11,974 804,720 441,B01,1,1,4,1,2004,5,8,0,-1,0,0,-1,2.022E+11,3,GOUNOD,0,NULL,-1,0,0,2,0,0,1,NULL,-1,1,9,4,50,
2.022E+11,7,5,2022,15:45:00,1,92,92064,2,1,1,3,GOUNOD,"488,424,280,840","22,079,598,606",2.022E+11,720 441,B01,2,1,0,2,7,25,5,NULL,2.022E+11,974 807,720 444,A01,1,1,1,1,1982,5,1,0,-1,0,0,-1,2.022E+11,3,GOUNOD,0,NULL,-1,0,0,2,0,0,1,NULL,-1,1,9,4,50,
2.022E+11,11,8,2022,12:55:00,1,75,75120,2,3,1,6,RUE DE MENILMONTANT,"488,691,170,000","23,914,490,000",2.022E+11,720 260,A01,2,1,0,1,0,1,5,NULL,2.022E+11,974 575,720 260,A01,1,1,1,1,1989,9,8,0,-1,0,0,-1,2.022E+11,4,RUE DE MENILMONTANT,0,NULL,2,2,0,2,-1,-1,1,NULL,-1,1,0,1,30,
2.022E+11,11,8,2022,12:55:00,1,75,75120,2,3,1,6,RUE DE MENILMONTANT,"488,691,170,000","23,914,490,000",2.022E+11,720 260,A01,2,1,0,1,0,1,5,NULL,2.022E+11,974 580,720 260,A01,10,3,4,1,1959,5,0,-1,-1,3,3,1,2.022E+11,4,RUE DE MENILMONTANT,0,NULL,2,2,0,2,-1,-1,1,NULL,-1,1,0,1,30,
2.022E+11,4,5,2022,15:40:00,1,94,94065,2,1,1,2,Avenue Charles Lindbergh,"487,526,900,000","23,495,700,000",2.022E+11,719 151,B01,1,1,14,0,0,0,5,NULL,2.022E+11,973 022,719 148,A01,1,1,1,1,1968,4,1,8,-1,-1,-1,-1,2.022E+11,3,CHARLES LINDBERGH (AV),0,NULL,1,2,0,2,0,0,2,NULL,-1,1,0,1,50,
2.022E+11,4,5,2022,15:40:00,1,94,94065,2,1,1,2,Avenue Charles Lindbergh,"487,526,900,000","23,495,700,000",2.022E+11,719 151,B01,1,1,14,0,0,0,5,NULL,2.022E+11,973 025,719 151,B01,1,1,4,1,1973,5,2,8,-1,-1,-1,-1,2.022E+11,3,CHARLES LINDBERGH (AV),0,NULL,1,2,0,2,0,0,2,NULL,-1,1,0,1,50,
2.022E+11,5,6,2022,19:40:00,1,56,56078,1,3,1,3,Manecohal,"477,585,700,000","-34,744,260,000",2.022E+11,716 885,B01,3,1,0,2,1,15,5,NULL,2.022E+11,969 895,716 885,B01,1,1,3,1,2017,5,2,-1,-1,0,0,-1,2.022E+11,4,neant,0,NULL,2,2,0,1,-1,-1,1,NULL,-1,1,0,1,50,
2.022E+11,5,6,2022,19:40:00,1,56,56078,1,3,1,3,Manecohal,"477,585,700,000","-34,744,260,000",2.022E+11,716 885,B01,3,1,0,2,1,15,5,NULL,2.022E+11,969 908,716 895,A01,1,1,1,1,1981,5,1,-1,-1,0,0,-1,2.022E+11,4,neant,0,NULL,2,2,0,1,-1,-1,1,NULL,-1,1,0,1,50,
2.022E+11,2,11,2022,10:10:00,1,75,75107,2,2,1,3,RUE DU BAC,"488,582,280,000","23,283,410,000",2.022E+11,747 057,A01,2,1,0,2,1,1,5,NULL,2.022E+11,1 010 440,747 057,A01,1,1,4,1,1973,9,2,0,-1,0,0,-1,2.022E+11,4,RUE DU BAC,0,NULL,1,2,0,1,-1,-1,1,NULL,-1,1,0,1,30,
2.022E+11,2,11,2022,10:10:00,1,75,75107,2,2,1,3,RUE DU BAC,"488,582,280,000","23,283,410,000",2.022E+11,747 057,A01,2,1,0,2,1,1,5,NULL,2.022E+11,1 010 441,747 059,B01,1,1,1,1,1969,9,1,0,-1,0,0,-1,2.022E+11,4,RUE DU BAC,0,NULL,1,2,0,1,-1,-1,1,NULL,-1,1,0,1,30,
2.022E+11,28,9,2022,09:10:00,1,974,97415,2,3,1,3,Rue du Gen de Gaulle (st G),"-210,509,360,000","552,240,660,000",2.022E+11,746 125,B01,3,1,0,2,1,1,5,NULL,2.022E+11,1 009 215,746 124,A01,1,1,1,2,1986,0,1,-1,-1,0,0,-1,2.022E+11,4,0,0,NULL,2,2,0,1,0,0,1,NULL,-1,1,0,1,50,
2.022E+11,28,9,2022,09:10:00,1,974,97415,2,3,1,3,Rue du Gen de Gaulle (st G),"-210,509,360,000","552,240,660,000",2.022E+11,746 125,B01,3,1,0,2,1,1,5,NULL,2.022E+11,1 009 216,746 125,B01,1,1,4,1,1998,5,2,-1,-1,0,0,-1,2.022E+11,4,0,0,NULL,2,2,0,1,0,0,1,NULL,-1,1,0,1,50,
2.022E+11,14,7,2022,03:25:00,5,75,75107,2,3,1,6,RUE DE GRENELLE,"488,574,980,000","23,053,530,000",2.022E+11,745 284,A01,1,1,12,2,3,13,5,NULL,2.022E+11,1 008 083,745 284,A01,1,1,4,1,2003,5,8,0,-1,0,0,-1,2.022E+11,4,RUE DE GRENELLE,0,NULL,1,1,1,1,-1,-1,1,NULL,-1,1,0,1,30,
2.022E+11,31,10,2022,20:15:00,5,33,33063,2,1,2,3,Avenue de Nontraste,"448,772,400,000"," -0,5679200000",2.022E+11,743 569,B01,1,1,0,2,8,1,5,NULL,2.022E+11,1 005 788,743 569,B01,1,1,4,1,1967,0,0,-1,-1,-1,-1,-1,2.022E+11,4,AVE DE NONTRASTE,0,NULL,2,4,0,2,-1,-1,1,NULL,-1,2,0,1,50,
2.022E+11,31,10,2022,20:15:00,5,33,33063,2,1,2,3,Avenue de Nontraste,"448,772,400,000"," -0,5679200000",2.022E+11,743 569,B01,1,1,0,2,8,1,5,NULL,2.022E+11,1 005 789,743 570,A01,1,1,1,1,1995,1,1,-1,-1,-1,-1,-1,2.022E+11,4,AVE DE NONTRASTE,0,NULL,2,4,0,2,-1,-1,1,NULL,-1,2,0,1,50,