Accident_Id,jour,mois,an,hrmn,lum,dep,com,agg,int,atm,col,adr,lat,long,Num_Acc,id_vehicule,num_veh,senc,catv,obs,obsm,choc,manv,motor,occutc,Num_Acc,id_usager,id_vehicule,num_veh,place,catu,grav,sexe,an_nais,trajet,secu1,secu2,secu3,locp,actp,etatp,Num_Acc,catr,voie,v1,v2,circ,nbv,vosp,prof,pr,pr1,plan,lartpc,larrout,surf,infra,situ,vma,
2.022E+11,4,4,2022,17:00:00,1,44,44172,2,1,1,2,Route de Paris,"472,737,240,000","-14,715,560,000",2.022E+11,785 474,B01,3,1,0,0,4,2,5,NULL,2.022E+11,1 061 745,785 474,B01,1,1,3,1,1950,3,9,-1,-1,0,0,-1,2.022E+11,7,723,0,D,2,2,0,2,41,811,1,NULL,-1,1,0,1,80,
2.022E+11,4,4,2022,17:00:00,1,44,44172,2,1,1,2,Route de Paris,"472,737,240,000","-14,715,560,000",2.022E+11,785 474,B01,3,1,0,0,4,2,5,NULL,2.022E+11,1 061 747,785 476,A01,1,1,1,-1,NULL,-1,-1,-1,-1,-1,-1,-1,2.022E+11,7,723,0,D,2,2,0,2,41,811,1,NULL,-1,1,0,1,80,
2.022E+11,13,11,2022,09:46:00,1,75,75116,2,7,1,3,RUE CLAUDE FARRERE,"488,423,620,000","22,515,010,000",2.022E+11,774 491,B01,0,1,0,2,1,1,5,NULL,2.022E+11,1 047 128,774 491,B01,1,1,4,1,1974,5,2,0,-1,0,0,-1,2.022E+11,4,RUE CLAUDE FARRERE,0,NULL,-1,2,0,1,-1,-1,1,NULL,-1,1,0,1,30,
2.022E+11,13,11,2022,09:46:00,1,75,75116,2,7,1,3,RUE CLAUDE FARRERE,"488,423,620,000","22,515,010,000",2.022E+11,774 491,B01,0,1,0,2,1,1,5,NULL,2.022E+11,1 047 130,774 493,A01,1,1,1,1,1993,9,1,0,-1,0,0,-1,2.022E+11,4,RUE CLAUDE FARRERE,0,NULL,-1,2,0,1,-1,-1,1,NULL,-1,1,0,1,30,
2.022E+11,8,3,2022,08:45:00,2,69,69388,2,1,1,3,Rue Henri Barbusse,"457,302,477,573","48,556,162,589",2.022E+11,772 718,A01,1,1,0,4,3,19,5,NULL,2.022E+11,1 044 675,772 718,A01,1,1,4,1,1996,9,8,-1,-1,-1,-1,-1,2.022E+11,4,HENRI BARBUSSE                      (R ),0,NULL,2,2,3,1,-1,-1,4,NULL,-1,1,6,6,50,
2.022E+11,8,3,2022,08:45:00,2,69,69388,2,1,1,3,Rue Henri Barbusse,"457,302,477,573","48,556,162,589",2.022E+11,772 718,A01,1,1,0,4,3,19,5,NULL,2.022E+11,1 044 678,772 719,B01,1,1,1,1,1989,4,8,-1,-1,-1,-1,-1,2.022E+11,4,HENRI BARBUSSE                      (R ),0,NULL,2,2,3,1,-1,-1,4,NULL,-1,1,6,6,50,
2.022E+11,1,9,2022,09:10:00,1,26,26170,1,2,1,3,Avenue de Provence,"448,896,350,000","49,681,650,000",2.022E+11,765 749,B01,3,1,0,2,7,1,5,NULL,2.022E+11,1 035 360,765 749,B01,1,1,3,1,1956,5,2,-1,-1,0,0,-1,2.022E+11,3,176,-1,NULL,2,1,0,1,5,550,1,NULL,3,1,0,1,80,
2.022E+11,1,9,2022,09:10:00,1,26,26170,1,2,1,3,Avenue de Provence,"448,896,350,000","49,681,650,000",2.022E+11,765 749,B01,3,1,0,2,7,1,5,NULL,2.022E+11,1 035 361,765 750,A01,1,1,1,2,1982,2,1,-1,-1,0,0,-1,2.022E+11,3,176,-1,NULL,2,1,0,1,5,550,1,NULL,3,1,0,1,80,
2.022E+11,1,9,2022,09:10:00,1,26,26170,1,2,1,3,Avenue de Provence,"448,896,350,000","49,681,650,000",2.022E+11,765 749,B01,3,1,0,2,7,1,5,NULL,2.022E+11,1 035 362,765 750,A01,2,2,1,1,1982,2,1,-1,-1,0,0,-1,2.022E+11,3,176,-1,NULL,2,1,0,1,5,550,1,NULL,3,1,0,1,80,
2.022E+11,22,6,2022,01:30:00,5,60,60612,2,1,1,3,Avenue de Compiègne,"492,120,580,000","25,936,350,000",2.022E+11,765 186,A01,1,1,0,2,1,2,5,NULL,2.022E+11,1 034 645,765 185,B01,1,1,-1,-1,NULL,-1,-1,-1,-1,-1,-1,-1,2.022E+11,3,932,0,A,2,2,0,2,11,410,1,NULL,-1,1,0,1,50,
2.022E+11,22,6,2022,01:30:00,5,60,60612,2,1,1,3,Avenue de Compiègne,"492,120,580,000","25,936,350,000",2.022E+11,765 186,A01,1,1,0,2,1,2,5,NULL,2.022E+11,1 034 647,765 186,A01,1,1,3,1,2005,0,0,-1,-1,0,0,-1,2.022E+11,3,932,0,A,2,2,0,2,11,410,1,NULL,-1,1,0,1,50,
2.022E+11,12,12,2022,18:15:00,2,973,97302,2,1,1,7,MADELEINE (ROUTE DE LA),"49,151,500,000","-523,210,400,000",2.022E+11,763 013,A01,1,1,0,0,0,2,5,NULL,2.022E+11,1 031 828,763 013,A01,1,1,4,1,2014,5,8,0,-1,0,0,-1,2.022E+11,3,MADELEINE (ROUTE DE LA),0,NULL,2,2,0,1,2,900,1,NULL,-1,1,0,1,50,
2.022E+11,4,3,2022,07:25:00,1,69,69383,2,3,1,3,Rue Saint Antoine,"457,629,300,000","48,646,800,000",2.022E+11,762 518,B01,1,1,0,2,0,0,0,NULL,2.022E+11,1 031 150,762 518,B01,1,1,4,1,1987,1,2,-1,-1,-1,-1,-1,2.022E+11,4,ST ANTOINE                          (R ),0,NULL,1,1,2,1,-1,-1,1,NULL,-1,1,0,5,30,
2.022E+11,4,3,2022,07:25:00,1,69,69383,2,3,1,3,Rue Saint Antoine,"457,629,300,000","48,646,800,000",2.022E+11,762 518,B01,1,1,0,2,0,0,0,NULL,2.022E+11,1 031 151,762 519,A01,1,1,1,1,1985,3,1,-1,-1,-1,-1,-1,2.022E+11,4,ST ANTOINE                          (R ),0,NULL,1,1,2,1,-1,-1,1,NULL,-1,1,0,5,30,
2.022E+11,21,6,2022,10:45:00,1,25,25022,2,4,7,3,Rue de Montbéliard,"475,206,330,000","66,595,250,000",2.022E+11,761 883,B01,2,1,0,2,1,1,5,NULL,2.022E+11,1 030 348,761 881,A01,1,1,1,1,1970,4,8,-1,-1,0,0,-1,2.022E+11,3,33,0,D,2,2,0,2,2,180,4,NULL,-1,1,0,1,50,
2.022E+11,21,6,2022,10:45:00,1,25,25022,2,4,7,3,Rue de Montbéliard,"475,206,330,000","66,595,250,000",2.022E+11,761 883,B01,2,1,0,2,1,1,5,NULL,2.022E+11,1 030 351,761 883,B01,1,1,3,1,1968,5,2,-1,-1,0,0,-1,2.022E+11,3,33,0,D,2,2,0,2,2,180,4,NULL,-1,1,0,1,50,
2.022E+11,29,8,2022,16:55:00,1,70,70248,2,3,1,3,9 Rue des Creuses,"476,608,280,000","67,474,670,000",2.022E+11,758 875,A01,3,1,0,2,1,15,5,NULL,2.022E+11,1 026 376,758 875,A01,1,1,4,1,2013,5,2,-1,-1,0,0,-1,2.022E+11,3,NULL,-1,NULL,2,1,0,2,3,600,1,NULL,3,1,0,1,50,
2.022E+11,29,8,2022,16:55:00,1,70,70248,2,3,1,3,9 Rue des Creuses,"476,608,280,000","67,474,670,000",2.022E+11,758 875,A01,3,1,0,2,1,15,5,NULL,2.022E+11,1 026 379,758 877,B01,1,1,1,2,1947,5,1,-1,-1,0,0,-1,2.022E+11,3,NULL,-1,NULL,2,1,0,2,3,600,1,NULL,3,1,0,1,50,
2.022E+11,20,1,2022,18:40:00,5,64,64102,2,3,2,3,Rue Vainsot,"434,939,386,251","-14,540,255,070",2.022E+11,754 411,A01,2,1,0,2,1,1,5,NULL,2.022E+11,1 020 351,754 411,A01,1,1,4,1,2000,5,8,0,-1,-1,-1,-1,2.022E+11,4,VAINSOT (RUE),0,NULL,2,0,0,2,-1,-1,1,NULL,-1,2,0,1,50,
2.022E+11,20,1,2022,18:40:00,5,64,64102,2,3,2,3,Rue Vainsot,"434,939,386,251","-14,540,255,070",2.022E+11,754 411,A01,2,1,0,2,1,1,5,NULL,2.022E+11,1 020 354,754 413,B01,1,1,1,1,1995,0,1,0,-1,-1,-1,-1,2.022E+11,4,VAINSOT (RUE),0,NULL,2,0,0,2,-1,-1,1,NULL,-1,2,0,1,50,
2.022E+11,25,8,2022,17:00:00,1,69,69383,2,1,1,2,Rue Paul Bert,"457,569,900,000","48,522,600,000",2.022E+11,751 870,A01,1,1,0,2,4,1,5,NULL,2.022E+11,1 016 841,751 870,A01,1,1,4,1,1999,0,8,-1,-1,-1,-1,-1,2.022E+11,4,PAUL BERT                           (R ),0,NULL,2,3,2,1,-1,-1,1,NULL,-1,1,0,1,30,
2.022E+11,25,8,2022,17:00:00,1,69,69383,2,1,1,2,Rue Paul Bert,"457,569,900,000","48,522,600,000",2.022E+11,751 870,A01,1,1,0,2,4,1,5,NULL,2.022E+11,1 016 842,751 871,B01,1,1,1,1,1976,0,8,-1,-1,-1,-1,-1,2.022E+11,4,PAUL BERT                           (R ),0,NULL,2,3,2,1,-1,-1,1,NULL,-1,1,0,1,30,
2.022E+11,17,6,2022,08:45:00,1,38,38051,1,6,1,3,D519e,"453,348,160,000","49,098,160,000",2.022E+11,748 113,B01,3,1,0,2,4,2,5,NULL,2.022E+11,1 011 834,748 112,A01,1,1,1,1,1970,4,1,-1,-1,0,0,-1,2.022E+11,9,D519,0,E,4,2,0,1,1,500,2,NULL,-1,1,0,1,30,
2.022E+11,17,6,2022,08:45:00,1,38,38051,1,6,1,3,D519e,"453,348,160,000","49,098,160,000",2.022E+11,748 113,B01,3,1,0,2,4,2,5,NULL,2.022E+11,1 011 835,748 113,B01,1,1,3,2,1964,5,2,4,6,0,0,-1,2.022E+11,9,D519,0,E,4,2,0,1,1,500,2,NULL,-1,1,0,1,30,
2.022E+11,6,4,2022,19:00:00,1,35,35238,2,2,2,3,Rue de Nantes,"480,971,000,000","-16,888,350,000",2.022E+11,747 430,B01,2,1,0,2,8,1,5,NULL,2.022E+11,1 010 939,747 430,B01,1,1,4,1,2000,5,2,-1,-1,-1,-1,-1,2.022E+11,4,NANTES (DE),0,NULL,2,4,3,1,-1,-1,1,NULL,-1,2,0,1,50,
2.022E+11,6,4,2022,19:00:00,1,35,35238,2,2,2,3,Rue de Nantes,"480,971,000,000","-16,888,350,000",2.022E+11,747 430,B01,2,1,0,2,8,1,5,NULL,2.022E+11,1 010 940,747 431,A01,1,1,1,2,2001,1,1,-1,-1,-1,-1,-1,2.022E+11,4,NANTES (DE),0,NULL,2,4,3,1,-1,-1,1,NULL,-1,2,0,1,50,
2.022E+11,12,7,2022,09:05:00,1,92,92035,2,1,1,3,République ( boulevard de la ),"489,066,869,371","22,459,622,025",2.022E+11,738 438,B01,1,1,0,0,0,0,5,NULL,2.022E+11,998 733,738 438,B01,1,1,4,1,1980,0,2,6,-1,-1,-1,-1,2.022E+11,3,908,0,NULL,-1,2,0,1,0,0,1,NULL,-1,1,0,1,50,
2.022E+11,12,7,2022,09:05:00,1,92,92035,2,1,1,3,République ( boulevard de la ),"489,066,869,371","22,459,622,025",2.022E+11,738 438,B01,1,1,0,0,0,0,5,NULL,2.022E+11,998 738,738 440,A01,1,1,1,2,1983,0,1,0,-1,-1,-1,-1,2.022E+11,3,908,0,NULL,-1,2,0,1,0,0,1,NULL,-1,1,0,1,50,
2.022E+11,13,8,2022,10:25:00,1,53,53130,2,1,1,7,GAVRE ( QUAI BEATRIX DE ),"480,766,800,000"," -0,7702500000",2.022E+11,737 945,A01,3,1,0,0,0,25,5,NULL,2.022E+11,998 070,737 945,A01,1,1,4,2,1946,5,2,8,-1,-1,-1,-1,2.022E+11,4,GAVRE ( QUAI BEATRIX DE ),0,NULL,-1,0,0,2,0,0,1,NULL,-1,1,0,4,50,
2.022E+11,3,4,2022,17:00:00,1,92,92007,2,1,1,3,MARIN-NAUDIN (RUE JEAN),"488,045,764,967","23,245,729,208",2.022E+11,737 373,B01,0,1,0,2,5,26,5,NULL,2.022E+11,997 285,737 373,B01,1,1,4,1,2001,4,2,0,-1,-1,-1,-1,2.022E+11,4,NULL,0,NULL,2,2,0,1,0,0,1,NULL,-1,1,0,1,50,
2.022E+11,3,4,2022,17:00:00,1,92,92007,2,1,1,3,MARIN-NAUDIN (RUE JEAN),"488,045,764,967","23,245,729,208",2.022E+11,737 373,B01,0,1,0,2,5,26,5,NULL,2.022E+11,997 286,737 375,A01,1,1,1,1,1965,0,1,0,-1,-1,-1,-1,2.022E+11,4,NULL,0,NULL,2,2,0,1,0,0,1,NULL,-1,1,0,1,50,
2.022E+11,23,9,2022,18:15:00,1,10,10387,2,2,1,3,PAIX (RUE DE LA),"483,066,200,000","40,648,800,000",2.022E+11,732 480,B01,2,1,0,2,1,1,5,NULL,2.022E+11,990 794,732 480,B01,1,1,4,1,1976,5,2,0,-1,-1,-1,-1,2.022E+11,4,PAIX (RUE DE LA),0,NULL,2,0,0,1,0,0,1,NULL,-1,1,0,1,50,
2.022E+11,23,9,2022,18:15:00,1,10,10387,2,2,1,3,PAIX (RUE DE LA),"483,066,200,000","40,648,800,000",2.022E+11,732 480,B01,2,1,0,2,1,1,5,NULL,2.022E+11,990 795,732 481,A01,1,1,1,2,1999,9,1,0,-1,-1,-1,-1,2.022E+11,4,PAIX (RUE DE LA),0,NULL,2,0,0,1,0,0,1,NULL,-1,1,0,1,50,
2.022E+11,23,9,2022,08:20:00,1,92,92004,2,1,1,7,PAUL BERT,"489,097,319,548","22,740,527,093",2.022E+11,732 414,A01,1,1,0,0,0,1,5,NULL,2.022E+11,990 706,732 414,A01,1,1,4,1,1984,0,2,0,-1,-1,-1,-1,2.022E+11,4,PAUL BERT,0,NULL,-1,1,0,1,0,0,1,NULL,-1,1,0,1,30,
2.022E+11,19,2,2022,16:00:00,1,78,78548,1,9,1,3,La Haute Beauce,"487,111,550,000","19,903,650,000",2.022E+11,731 434,B01,1,1,0,2,1,17,5,NULL,2.022E+11,989 384,731 432,A01,1,1,1,2,1971,4,1,-1,-1,0,0,-1,2.022E+11,3,91,0,NULL,2,2,0,2,17,0,2,NULL,-1,1,0,1,50,
2.022E+11,19,2,2022,16:00:00,1,78,78548,1,9,1,3,La Haute Beauce,"487,111,550,000","19,903,650,000",2.022E+11,731 434,B01,1,1,0,2,1,17,5,NULL,2.022E+11,989 386,731 434,B01,1,1,3,1,1963,5,2,-1,-1,0,0,-1,2.022E+11,3,91,0,NULL,2,2,0,2,17,0,2,NULL,-1,1,0,1,50,
2.022E+11,31,3,2022,04:00:00,5,75,75103,2,7,1,1,PLACE DE LA REPUBLIQUE,"488,665,273,823","23,648,077,497",2.022E+11,730 664,B01,2,1,0,2,1,1,5,NULL,2.022E+11,988 356,730 662,A01,1,1,1,1,1987,9,2,6,-1,0,0,-1,2.022E+11,4,PLACE DE LA REPUBLIQUE,0,NULL,2,5,1,1,-1,-1,1,NULL,-1,1,-1,5,30,
2.022E+11,31,3,2022,04:00:00,5,75,75103,2,7,1,1,PLACE DE LA REPUBLIQUE,"488,665,273,823","23,648,077,497",2.022E+11,730 664,B01,2,1,0,2,1,1,5,NULL,2.022E+11,988 359,730 664,B01,1,1,4,2,1992,9,2,0,-1,0,0,-1,2.022E+11,4,PLACE DE LA REPUBLIQUE,0,NULL,2,5,1,1,-1,-1,1,NULL,-1,1,-1,5,30,
2.022E+11,10,5,2022,12:15:00,1,75,75102,2,2,1,3,AVENUE DE L OPERA,"488,687,042,253","23,331,435,926",2.022E+11,730 064,A01,2,1,0,2,3,14,5,NULL,2.022E+11,987 572,730 061,B01,1,1,1,1,1973,4,1,0,-1,0,0,-1,2.022E+11,4,AVENUE DE L OPERA,0,NULL,2,4,3,1,-1,-1,1,NULL,-1,1,-1,6,50,
2.022E+11,10,5,2022,12:15:00,1,75,75102,2,2,1,3,AVENUE DE L OPERA,"488,687,042,253","23,331,435,926",2.022E+11,730 064,A01,2,1,0,2,3,14,5,NULL,2.022E+11,987 576,730 064,A01,1,1,3,1,1970,4,2,0,-1,0,0,-1,2.022E+11,4,AVENUE DE L OPERA,0,NULL,2,4,3,1,-1,-1,1,NULL,-1,1,-1,6,50,
2.022E+11,25,10,2022,13:30:00,1,75,75114,2,1,1,2,RUE D ALESIA,"488,276,470,000","23,337,300,000",2.022E+11,730 035,A01,2,1,0,2,0,14,5,NULL,2.022E+11,987 539,730 032,Z01,1,1,1,1,2004,0,8,0,-1,-1,-1,-1,2.022E+11,4,RUE D ALESIA,0,NULL,2,2,3,1,-1,-1,1,NULL,-1,1,0,5,30,
2.022E+11,25,10,2022,13:30:00,1,75,75114,2,1,1,2,RUE D ALESIA,"488,276,470,000","23,337,300,000",2.022E+11,730 035,A01,2,1,0,2,0,14,5,NULL,2.022E+11,987 542,730 035,A01,1,1,4,1,1994,9,8,0,-1,0,0,-1,2.022E+11,4,RUE D ALESIA,0,NULL,2,2,3,1,-1,-1,1,NULL,-1,1,0,5,30,
2.022E+11,10,5,2022,20:00:00,1,35,35238,2,2,1,3,DE LESSEPS (FERDINAND),"481,004,536,911","-17,068,595,812",2.022E+11,729 558,B01,0,1,0,2,1,1,5,NULL,2.022E+11,986 913,729 557,A01,1,1,1,2,1984,5,1,-1,-1,-1,-1,-1,2.022E+11,4,DE LESSEPS (FERDINAND),0,NULL,2,2,0,1,-1,-1,1,NULL,-1,1,0,1,50,
2.022E+11,10,5,2022,20:00:00,1,35,35238,2,2,1,3,DE LESSEPS (FERDINAND),"481,004,536,911","-17,068,595,812",2.022E+11,729 558,B01,0,1,0,2,1,1,5,NULL,2.022E+11,986 914,729 557,A01,2,2,1,1,1997,0,8,-1,-1,-1,-1,-1,2.022E+11,4,DE LESSEPS (FERDINAND),0,NULL,2,2,0,1,-1,-1,1,NULL,-1,1,0,1,50,
2.022E+11,10,5,2022,20:00:00,1,35,35238,2,2,1,3,DE LESSEPS (FERDINAND),"481,004,536,911","-17,068,595,812",2.022E+11,729 558,B01,0,1,0,2,1,1,5,NULL,2.022E+11,986 915,729 558,B01,1,1,3,1,1999,3,8,-1,-1,-1,-1,-1,2.022E+11,4,DE LESSEPS (FERDINAND),0,NULL,2,2,0,1,-1,-1,1,NULL,-1,1,0,1,50,
2.022E+11,7,6,2022,19:00:00,1,75,75104,2,3,1,6,RUE DE RIVOLI,"488,551,090,000","23,616,970,000",2.022E+11,722 245,A01,1,1,0,1,1,21,5,NULL,2.022E+11,977 264,722 245,A01,10,3,1,1,2003,9,0,-1,-1,4,3,1,2.022E+11,4,RUE DE RIVOLI,0,NULL,2,2,1,1,-1,-1,1,NULL,-1,1,-1,5,30,
2.022E+11,7,6,2022,19:00:00,1,75,75104,2,3,1,6,RUE DE RIVOLI,"488,551,090,000","23,616,970,000",2.022E+11,722 247,B01,1,1,0,2,0,2,5,NULL,2.022E+11,977 264,722 245,A01,10,3,1,1,2003,9,0,-1,-1,4,3,1,2.022E+11,4,RUE DE RIVOLI,0,NULL,2,2,1,1,-1,-1,1,NULL,-1,1,-1,5,30,
2.022E+11,7,6,2022,19:00:00,1,75,75104,2,3,1,6,RUE DE RIVOLI,"488,551,090,000","23,616,970,000",2.022E+11,722 245,A01,1,1,0,1,1,21,5,NULL,2.022E+11,977 265,722 245,A01,1,1,4,1,1998,1,8,0,-1,0,0,-1,2.022E+11,4,RUE DE RIVOLI,0,NULL,2,2,1,1,-1,-1,1,NULL,-1,1,-1,5,30,
2.022E+11,7,6,2022,19:00:00,1,75,75104,2,3,1,6,RUE DE RIVOLI,"488,551,090,000","23,616,970,000",2.022E+11,722 247,B01,1,1,0,2,0,2,5,NULL,2.022E+11,977 265,722 245,A01,1,1,4,1,1998,1,8,0,-1,0,0,-1,2.022E+11,4,RUE DE RIVOLI,0,NULL,2,2,1,1,-1,-1,1,NULL,-1,1,-1,5,30,
2.022E+11,7,6,2022,19:00:00,1,75,75104,2,3,1,6,RUE DE RIVOLI,"488,551,090,000","23,616,970,000",2.022E+11,722 245,A01,1,1,0,1,1,21,5,NULL,2.022E+11,977 268,722 247,B01,1,1,1,1,1991,9,2,0,-1,0,0,-1,2.022E+11,4,RUE DE RIVOLI,0,NULL,2,2,1,1,-1,-1,1,NULL,-1,1,-1,5,30,
2.022E+11,7,6,2022,19:00:00,1,75,75104,2,3,1,6,RUE DE RIVOLI,"488,551,090,000","23,616,970,000",2.022E+11,722 247,B01,1,1,0,2,0,2,5,NULL,2.022E+11,977 268,722 247,B01,1,1,1,1,1991,9,2,0,-1,0,0,-1,2.022E+11,4,RUE DE RIVOLI,0,NULL,2,2,1,1,-1,-1,1,NULL,-1,1,-1,5,30,
2.022E+11,11,8,2022,09:20:00,1,69,69111,1,4,1,3,Route Departementale 385,"459,021,093,788","45,836,967,230",2.022E+11,717 016,B01,2,1,0,2,1,1,5,NULL,2.022E+11,970 065,717 016,B01,1,1,4,1,1948,5,2,-1,-1,0,0,-1,2.022E+11,3,385,-1,NULL,2,2,2,1,38,500,1,NULL,-1,1,5,1,80,
2.022E+11,11,8,2022,09:20:00,1,69,69111,1,4,1,3,Route Departementale 385,"459,021,093,788","45,836,967,230",2.022E+11,717 016,B01,2,1,0,2,1,1,5,NULL,2.022E+11,970 069,717 021,A01,1,1,1,1,1961,4,1,-1,-1,0,0,-1,2.022E+11,3,385,-1,NULL,2,2,2,1,38,500,1,NULL,-1,1,5,1,80,
2.022E+11,23,5,2022,08:45:00,1,14,14059,2,1,2,3,D513,"493,460,600,000","0,0440300000",2.022E+11,716 750,B01,1,1,0,2,1,13,5,NULL,2.022E+11,969 717,716 750,B01,1,1,4,2,1970,5,0,-1,-1,0,0,-1,2.022E+11,3,LITTORAL (AVENUE DU),0,NULL,2,2,0,2,17,490,1,NULL,-1,2,0,1,50,
2.022E+11,23,5,2022,08:45:00,1,14,14059,2,1,2,3,D513,"493,460,600,000","0,0440300000",2.022E+11,716 750,B01,1,1,0,2,1,13,5,NULL,2.022E+11,969 724,716 756,A01,1,1,1,2,1982,2,1,-1,-1,0,0,-1,2.022E+11,3,LITTORAL (AVENUE DU),0,NULL,2,2,0,2,17,490,1,NULL,-1,2,0,1,50,
2.022E+11,19,10,2022,17:15:00,1,75,75112,2,7,1,6,PLACE DE LA BASTILLE,"488,533,280,000","23,697,580,000",2.022E+11,810 353,Z01,3,1,0,1,1,1,5,NULL,2.022E+11,1 094 902,810 353,Z01,1,1,1,-1,NULL,-1,-1,-1,-1,-1,-1,-1,2.022E+11,4,PLACE DE LA BASTILLE,0,NULL,2,2,1,1,-1,-1,1,NULL,-1,1,6,1,30,
2.022E+11,19,10,2022,17:15:00,1,75,75112,2,7,1,6,PLACE DE LA BASTILLE,"488,533,280,000","23,697,580,000",2.022E+11,810 353,Z01,3,1,0,1,1,1,5,NULL,2.022E+11,1 094 904,810 353,Z01,10,3,4,2,1953,5,8,8,-1,4,3,1,2.022E+11,4,PLACE DE LA BASTILLE,0,NULL,2,2,1,1,-1,-1,1,NULL,-1,1,6,1,30,
2.022E+11,18,10,2022,18:00:00,1,75,75104,2,3,1,6,RUE SAINT ANTOINE,"488,537,070,000","23,656,500,000",2.022E+11,806 716,A01,1,1,0,1,1,1,5,NULL,2.022E+11,1 089 988,806 716,A01,10,3,4,2,1937,5,0,-1,-1,4,3,1,2.022E+11,4,RUE SAINT ANTOINE,0,NULL,2,3,1,1,-1,-1,1,NULL,-1,1,6,5,30,
2.022E+11,18,10,2022,18:00:00,1,75,75104,2,3,1,6,RUE SAINT ANTOINE,"488,537,070,000","23,656,500,000",2.022E+11,806 716,A01,1,1,0,1,1,1,5,NULL,2.022E+11,1 089 989,806 716,A01,1,1,1,1,1971,1,8,0,-1,0,0,-1,2.022E+11,4,RUE SAINT ANTOINE,0,NULL,2,3,1,1,-1,-1,1,NULL,-1,1,6,5,30,
2.022E+11,15,9,2022,08:25:00,1,31,31555,2,9,1,3,BD LASCROSSES,"436,088,400,000","14,298,200,000",2.022E+11,806 272,B01,1,1,1,2,8,11,5,NULL,2.022E+11,1 089 423,806 271,A01,1,1,1,1,1968,1,1,8,-1,-1,-1,-1,2.022E+11,4,BD LASCROSSES,0,NULL,2,6,3,1,-1,-1,1,NULL,-1,1,0,1,50,
2.022E+11,15,9,2022,08:25:00,1,31,31555,2,9,1,3,BD LASCROSSES,"436,088,400,000","14,298,200,000",2.022E+11,806 272,B01,1,1,1,2,8,11,5,NULL,2.022E+11,1 089 424,806 272,B01,1,1,4,2,1999,0,8,0,-1,-1,-1,-1,2.022E+11,4,BD LASCROSSES,0,NULL,2,6,3,1,-1,-1,1,NULL,-1,1,0,1,50,
2.022E+11,13,9,2022,09:25:00,1,31,31555,2,9,1,3,RTE D ESPAGNE,"435,473,000,000","14,193,700,000",2.022E+11,799 888,A01,2,1,0,2,8,19,5,NULL,2.022E+11,1 080 984,799 888,A01,1,1,3,1,1987,1,2,0,-1,-1,-1,-1,2.022E+11,7,RTE D ESPAGNE,0,NULL,3,3,3,1,1,950,1,NULL,-1,1,9,1,50,
2.022E+11,13,9,2022,09:25:00,1,31,31555,2,9,1,3,RTE D ESPAGNE,"435,473,000,000","14,193,700,000",2.022E+11,799 888,A01,2,1,0,2,8,19,5,NULL,2.022E+11,1 080 986,799 890,B01,1,1,1,1,1980,0,1,0,-1,-1,-1,-1,2.022E+11,7,RTE D ESPAGNE,0,NULL,3,3,3,1,1,950,1,NULL,-1,1,9,1,50,
2.022E+11,3,8,2022,20:34:00,1,92,92023,2,1,1,3,HENRI BARBUSSE (AVENUE),"488,154,993,176","22,568,680,644",2.022E+11,798 570,A01,1,1,0,2,1,0,5,NULL,2.022E+11,1 079 278,798 569,B01,1,1,1,1,1987,0,1,0,-1,-1,-1,-1,2.022E+11,3,2,0,NULL,2,3,0,2,0,0,2,NULL,-1,1,0,1,50,
2.022E+11,3,8,2022,20:34:00,1,92,92023,2,1,1,3,HENRI BARBUSSE (AVENUE),"488,154,993,176","22,568,680,644",2.022E+11,798 570,A01,1,1,0,2,1,0,5,NULL,2.022E+11,1 079 279,798 570,A01,1,1,4,1,1980,0,8,0,-1,-1,-1,-1,2.022E+11,3,2,0,NULL,2,3,0,2,0,0,2,NULL,-1,1,0,1,50,
2.022E+11,20,11,2022,18:50:00,5,51,51454,2,6,2,3,place Aristide Briand,"492,575,800,000","40,388,500,000",2.022E+11,797 560,B01,0,1,0,2,7,1,5,NULL,2.022E+11,1 077 960,797 560,B01,1,1,4,1,2002,1,2,-1,-1,0,0,-1,2.022E+11,4,BRIAND (PLACE ARISTIDE),0,NULL,1,2,0,1,-1,-1,1,NULL,-1,2,0,1,50,
2.022E+11,20,11,2022,18:50:00,5,51,51454,2,6,2,3,place Aristide Briand,"492,575,800,000","40,388,500,000",2.022E+11,797 560,B01,0,1,0,2,7,1,5,NULL,2.022E+11,1 077 964,797 566,A01,3,2,1,1,2022,0,3,1,-1,0,0,-1,2.022E+11,4,BRIAND (PLACE ARISTIDE),0,NULL,1,2,0,1,-1,-1,1,NULL,-1,2,0,1,50,
2.022E+11,20,11,2022,18:50:00,5,51,51454,2,6,2,3,place Aristide Briand,"492,575,800,000","40,388,500,000",2.022E+11,797 560,B01,0,1,0,2,7,1,5,NULL,2.022E+11,1 077 968,797 566,A01,4,2,1,2,2016,0,1,-1,-1,0,0,-1,2.022E+11,4,BRIAND (PLACE ARISTIDE),0,NULL,1,2,0,1,-1,-1,1,NULL,-1,2,0,1,50,