Accident_Id,jour,mois,an,hrmn,lum,dep,com,agg,int,atm,col,adr,lat,long,Num_Acc,id_vehicule,num_veh,senc,catv,obs,obsm,choc,manv,motor,occutc,Num_Acc,id_usager,id_vehicule,num_veh,place,catu,grav,sexe,an_nais,trajet,secu1,secu2,secu3,locp,actp,etatp,Num_Acc,catr,voie,v1,v2,circ,nbv,vosp,prof,pr,pr1,plan,lartpc,larrout,surf,infra,situ,vma,
2.022E+11,20,11,2022,18:50:00,5,51,51454,2,6,2,3,place Aristide Briand,"492,575,800,000","40,388,500,000",2.022E+11,797 560,B01,0,1,0,2,7,1,5,NULL,2.022E+11,1 077 970,797 566,A01,1,1,1,2,1985,0,1,-1,-1,0,0,-1,2.022E+11,4,BRIAND (PLACE ARISTIDE),0,NULL,1,2,0,1,-1,-1,1,NULL,-1,2,0,1,50,
2.022E+11,26,10,2022,16:00:00,1,38,38431,2,2,1,3,Chemin du Piat,"452,507,590,000","58,478,700,000",2.022E+11,797 006,B01,0,1,0,2,2,1,5,NULL,2.022E+11,1 077 227,797 004,A01,1,1,1,2,1989,1,1,-1,-1,0,0,-1,2.022E+11,4,NULL,-1,NULL,2,2,0,2,-1,-1,4,NULL,"5,5",1,5,1,50,
2.022E+11,26,10,2022,16:00:00,1,38,38431,2,2,1,3,Chemin du Piat,"452,507,590,000","58,478,700,000",2.022E+11,797 006,B01,0,1,0,2,2,1,5,NULL,2.022E+11,1 077 229,797 006,B01,1,1,4,1,1979,5,2,-1,-1,0,0,-1,2.022E+11,4,NULL,-1,NULL,2,2,0,2,-1,-1,4,NULL,"5,5",1,5,1,50,
2.022E+11,27,6,2022,18:00:00,1,73,73072,1,1,2,7,D25,"455,129,403,206","62,058,079,541",2.022E+11,795 230,A01,1,1,16,0,9,1,5,NULL,2.022E+11,1 074 855,795 230,A01,1,1,3,1,1991,4,2,-1,-1,0,0,-1,2.022E+11,3,25,-1,D,2,2,0,2,5,10,4,NULL,-1,2,0,1,80,
2.022E+11,24,12,2022,17:00:00,2,62,62199,2,3,1,2,D341,"503,728,000,000","26,368,500,000",2.022E+11,793 461,B01,2,1,0,2,4,1,5,NULL,2.022E+11,1 072 549,793 461,B01,1,1,4,1,2009,5,0,-1,-1,0,0,-1,2.022E+11,3,341,-1,NULL,2,2,0,1,12,46,1,NULL,4,2,0,1,50,
2.022E+11,24,12,2022,17:00:00,2,62,62199,2,3,1,2,D341,"503,728,000,000","26,368,500,000",2.022E+11,793 461,B01,2,1,0,2,4,1,5,NULL,2.022E+11,1 072 552,793 464,A01,1,1,1,1,1971,5,1,-1,-1,0,0,-1,2.022E+11,3,341,-1,NULL,2,2,0,1,12,46,1,NULL,4,2,0,1,50,
2.022E+11,7,9,2022,17:27:00,1,49,49267,2,6,1,3,PLESSIS GRAMMOIRE ROUTE,"474,729,000,000"," -0,4930000000",2.022E+11,786 649,B01,1,1,0,2,8,26,5,NULL,2.022E+11,1 063 366,786 649,B01,1,1,4,2,1966,1,8,0,-1,-1,-1,-1,2.022E+11,3,PLESSIS GRAMMOIRE ROUTE,0,NULL,1,2,0,1,71,259,2,NULL,-1,1,0,1,30,
2.022E+11,7,9,2022,17:27:00,1,49,49267,2,6,1,3,PLESSIS GRAMMOIRE ROUTE,"474,729,000,000"," -0,4930000000",2.022E+11,786 649,B01,1,1,0,2,8,26,5,NULL,2.022E+11,1 063 369,786 652,A01,1,1,1,1,1965,5,8,0,-1,-1,-1,-1,2.022E+11,3,PLESSIS GRAMMOIRE ROUTE,0,NULL,1,2,0,1,71,259,2,NULL,-1,1,0,1,30,
2.022E+11,8,9,2022,16:15:00,1,44,44075,1,1,1,3,D35,"476,366,950,000","-14,385,440,000",2.022E+11,786 241,A01,1,1,0,2,7,1,5,NULL,2.022E+11,1 062 818,786 239,B01,1,1,1,1,2005,1,2,6,-1,0,0,-1,2.022E+11,3,35,-1,NULL,2,2,0,1,9,35,1,NULL,-1,1,0,1,80,
2.022E+11,8,9,2022,16:15:00,1,44,44075,1,1,1,3,D35,"476,366,950,000","-14,385,440,000",2.022E+11,786 241,A01,1,1,0,2,7,1,5,NULL,2.022E+11,1 062 822,786 241,A01,1,1,3,1,1987,5,0,-1,-1,0,0,-1,2.022E+11,3,35,-1,NULL,2,2,0,1,9,35,1,NULL,-1,1,0,1,80,
2.022E+11,9,10,2022,18:55:00,2,94,94022,2,2,1,2,Avenue du Marechal de Lattre de Tassigny / Avenue des Tilleuls,"487,526,100,000","24,057,100,000",2.022E+11,781 814,A01,2,1,0,2,1,2,5,NULL,2.022E+11,1 056 910,781 813,B01,1,1,1,1,1961,0,1,0,-1,-1,-1,-1,2.022E+11,3,MARECHAL DE LATTRE DE TASSIGNY,0,NULL,2,2,0,1,0,1,1,NULL,-1,1,0,1,50,
2.022E+11,9,10,2022,18:55:00,2,94,94022,2,2,1,2,Avenue du Marechal de Lattre de Tassigny / Avenue des Tilleuls,"487,526,100,000","24,057,100,000",2.022E+11,781 814,A01,2,1,0,2,1,2,5,NULL,2.022E+11,1 056 911,781 814,A01,1,1,4,1,1962,0,8,0,-1,-1,-1,-1,2.022E+11,3,MARECHAL DE LATTRE DE TASSIGNY,0,NULL,2,2,0,1,0,1,1,NULL,-1,1,0,1,50,
2.022E+11,10,11,2022,14:40:00,1,31,31149,2,6,1,3,ROND POINT JUPITER,"436,049,500,000","13,075,400,000",2.022E+11,781 013,B01,1,1,0,2,8,2,5,NULL,2.022E+11,1 055 868,781 011,A01,1,1,1,1,1965,0,1,0,-1,0,0,-1,2.022E+11,7,ROND POINT JUPITER,0,NULL,1,1,0,2,14,826,3,NULL,-1,1,0,1,50,
2.022E+11,10,11,2022,14:40:00,1,31,31149,2,6,1,3,ROND POINT JUPITER,"436,049,500,000","13,075,400,000",2.022E+11,781 013,B01,1,1,0,2,8,2,5,NULL,2.022E+11,1 055 870,781 013,B01,1,1,4,1,1954,5,2,0,-1,0,0,-1,2.022E+11,7,ROND POINT JUPITER,0,NULL,1,1,0,2,14,826,3,NULL,-1,1,0,1,50,
2.022E+11,1,2,2022,06:30:00,5,69,69386,2,1,1,2,6 Quai de Serbie,"457,711,145,851","48,410,640,657",2.022E+11,780 731,B01,3,1,0,2,4,26,5,NULL,2.022E+11,1 055 505,780 729,A01,1,1,1,1,1987,4,1,-1,-1,-1,-1,-1,2.022E+11,4,SERBIE (DE)                         (QU),0,NULL,1,3,0,3,-1,-1,2,NULL,-1,1,0,1,50,
2.022E+11,1,2,2022,06:30:00,5,69,69386,2,1,1,2,6 Quai de Serbie,"457,711,145,851","48,410,640,657",2.022E+11,780 731,B01,3,1,0,2,4,26,5,NULL,2.022E+11,1 055 507,780 731,B01,1,1,3,1,1992,0,8,-1,-1,-1,-1,-1,2.022E+11,4,SERBIE (DE)                         (QU),0,NULL,1,3,0,3,-1,-1,2,NULL,-1,1,0,1,50,
2.022E+11,28,1,2022,13:20:00,1,50,50129,2,6,1,3,EST (BOULEVARD DE L'),"496,365,700,000","-15,962,600,000",2.022E+11,780 209,A01,2,1,0,2,1,9,5,NULL,2.022E+11,1 054 781,780 208,B01,1,1,1,1,1990,5,1,0,-1,-1,-1,-1,2.022E+11,3,EST (BOULEVARD DE L'),0,NULL,2,2,1,1,23,340,1,NULL,-1,1,0,1,50,
2.022E+11,28,1,2022,13:20:00,1,50,50129,2,6,1,3,EST (BOULEVARD DE L'),"496,365,700,000","-15,962,600,000",2.022E+11,780 209,A01,2,1,0,2,1,9,5,NULL,2.022E+11,1 054 782,780 209,A01,1,1,4,2,1969,5,8,0,-1,-1,-1,-1,2.022E+11,3,EST (BOULEVARD DE L'),0,NULL,2,2,1,1,23,340,1,NULL,-1,1,0,1,50,
2.022E+11,6,9,2022,08:50:00,1,94,94018,2,1,1,1,Avenue de Gravelle,"488,282,600,000","24,047,000,000",2.022E+11,779 652,B01,2,1,0,2,0,0,5,NULL,2.022E+11,1 054 055,779 651,JA01,1,1,1,2,1964,1,1,0,-1,-1,-1,-1,2.022E+11,3,GRAVELLE (AV DE),0,NULL,2,2,1,1,-1,-1,1,NULL,-1,1,0,1,50,
2.022E+11,6,9,2022,08:50:00,1,94,94018,2,1,1,1,Avenue de Gravelle,"488,282,600,000","24,047,000,000",2.022E+11,779 652,B01,2,1,0,2,0,0,5,NULL,2.022E+11,1 054 057,779 652,B01,1,1,4,1,1987,0,8,0,-1,-1,-1,-1,2.022E+11,3,GRAVELLE (AV DE),0,NULL,2,2,1,1,-1,-1,1,NULL,-1,1,0,1,50,
2.022E+11,9,3,2022,16:35:00,1,33,33200,2,6,1,1,Avenue de Magudas,"448,585,700,000"," -0,6772500000",2.022E+11,776 368,A01,2,1,0,2,1,1,5,NULL,2.022E+11,1 049 674,776 367,B01,1,1,1,1,1997,1,0,-1,-1,-1,-1,-1,2.022E+11,4,RUE DE LA MORANDIERE,0,NULL,2,2,1,1,-1,-1,1,NULL,-1,1,0,5,50,
2.022E+11,9,3,2022,16:35:00,1,33,33200,2,6,1,1,Avenue de Magudas,"448,585,700,000"," -0,6772500000",2.022E+11,776 368,A01,2,1,0,2,1,1,5,NULL,2.022E+11,1 049 675,776 368,A01,1,1,3,1,1975,1,0,-1,-1,-1,-1,-1,2.022E+11,4,RUE DE LA MORANDIERE,0,NULL,2,2,1,1,-1,-1,1,NULL,-1,1,0,5,50,
2.022E+11,18,4,2022,10:50:00,1,75,75104,2,3,1,3,BOULEVARD BOURDON,"488,493,280,000","23,665,770,000",2.022E+11,775 218,A01,2,1,0,2,6,16,5,NULL,2.022E+11,1 048 132,775 218,A01,1,1,1,1,2005,5,2,0,-1,0,0,-1,2.022E+11,4,BOULEVARD BOURDON,0,NULL,2,4,0,1,-1,-1,1,NULL,-1,1,0,1,30,
2.022E+11,18,4,2022,10:50:00,1,75,75104,2,3,1,3,BOULEVARD BOURDON,"488,493,280,000","23,665,770,000",2.022E+11,775 218,A01,2,1,0,2,6,16,5,NULL,2.022E+11,1 048 134,775 219,B01,1,1,4,1,1983,5,2,6,-1,0,0,-1,2.022E+11,4,BOULEVARD BOURDON,0,NULL,2,4,0,1,-1,-1,1,NULL,-1,1,0,1,30,
2.022E+11,25,7,2022,03:45:00,5,75,75115,2,3,1,3,QUAI DE GRENELLE,"488,529,070,000","22,865,700,000",2.022E+11,773 953,B01,2,1,0,2,1,1,5,NULL,2.022E+11,1 046 327,773 949,A01,1,1,1,1,1995,5,1,0,-1,0,0,-1,2.022E+11,4,QUAI DE GRENELLE,0,NULL,2,4,1,1,-1,-1,1,NULL,-1,1,0,5,30,
2.022E+11,25,7,2022,03:45:00,5,75,75115,2,3,1,3,QUAI DE GRENELLE,"488,529,070,000","22,865,700,000",2.022E+11,773 953,B01,2,1,0,2,1,1,5,NULL,2.022E+11,1 046 331,773 953,B01,1,1,4,1,1996,5,0,0,-1,0,0,-1,2.022E+11,4,QUAI DE GRENELLE,0,NULL,2,4,1,1,-1,-1,1,NULL,-1,1,0,5,30,
2.022E+11,25,5,2022,18:12:00,1,75,75102,2,5,1,3,RUE REAUMUR,"488,677,686,587","23,454,610,258",2.022E+11,773 848,A01,1,1,0,2,1,7,5,NULL,2.022E+11,1 046 188,773 848,A01,1,1,1,1,2003,5,2,0,-1,0,0,-1,2.022E+11,4,RUE REAUMUR,0,NULL,1,3,3,1,-1,-1,1,NULL,-1,1,-1,6,30,
2.022E+11,25,5,2022,18:12:00,1,75,75102,2,5,1,3,RUE REAUMUR,"488,677,686,587","23,454,610,258",2.022E+11,773 848,A01,1,1,0,2,1,7,5,NULL,2.022E+11,1 046 189,773 849,B01,1,1,4,1,2003,9,1,0,-1,0,0,-1,2.022E+11,4,RUE REAUMUR,0,NULL,1,3,3,1,-1,-1,1,NULL,-1,1,-1,6,30,
2.022E+11,16,4,2022,12:54:00,1,15,15014,2,6,1,2,DOUMER (AVENUE PAUL),"449,231,970,000","24,425,860,000",2.022E+11,771 800,B01,3,1,0,2,4,0,5,NULL,2.022E+11,1 043 409,771 800,B01,1,1,4,2,1941,5,8,0,-1,-1,-1,-1,2.022E+11,4,NULL,0,NULL,2,2,0,1,-1,-1,1,NULL,-1,1,0,1,50,
2.022E+11,16,4,2022,12:54:00,1,15,15014,2,6,1,2,DOUMER (AVENUE PAUL),"449,231,970,000","24,425,860,000",2.022E+11,771 800,B01,3,1,0,2,4,0,5,NULL,2.022E+11,1 043 411,771 802,A01,1,1,1,2,1931,5,1,0,-1,-1,-1,-1,2.022E+11,4,NULL,0,NULL,2,2,0,1,-1,-1,1,NULL,-1,1,0,1,50,
2.022E+11,19,6,2022,18:10:00,1,75,75120,2,2,1,7,RUE DES PYRENEES,"488,716,610,000","23,923,110,000",2.022E+11,761 437,A01,1,1,0,0,0,21,5,NULL,2.022E+11,1 029 757,761 437,A01,1,1,4,2,1993,3,8,0,-1,0,0,-1,2.022E+11,4,RUE DES PYRENEES,0,NULL,2,3,1,2,-1,-1,1,NULL,-1,1,-1,5,30,
2.022E+11,3,10,2022,12:40:00,1,80,80373,2,2,1,3,Rue du Marché aux Bribettes,"499,847,350,000","15,616,270,000",2.022E+11,760 151,B01,3,1,0,2,2,1,5,NULL,2.022E+11,1 028 041,760 151,B01,1,1,4,1,2002,1,0,-1,-1,0,0,-1,2.022E+11,4,NULL,0,NULL,2,2,0,1,-1,-1,1,NULL,5,1,0,1,50,
2.022E+11,3,10,2022,12:40:00,1,80,80373,2,2,1,3,Rue du Marché aux Bribettes,"499,847,350,000","15,616,270,000",2.022E+11,760 151,B01,3,1,0,2,2,1,5,NULL,2.022E+11,1 028 042,760 152,A01,1,1,1,2,1969,4,1,-1,-1,0,0,-1,2.022E+11,4,NULL,0,NULL,2,2,0,1,-1,-1,1,NULL,5,1,0,1,50,
2.022E+11,21,1,2022,16:08:00,1,91,91477,2,1,7,2,PARIS (RUE DE),"487,068,900,000","22,391,200,000",2.022E+11,755 243,B01,1,1,0,2,4,1,5,NULL,2.022E+11,1 021 439,755 243,B01,1,1,4,1,1935,0,2,0,-1,-1,-1,-1,2.022E+11,3,PARIS (RUE DE),0,NULL,2,3,0,3,0,0,1,NULL,-1,1,0,1,50,
2.022E+11,21,1,2022,16:08:00,1,91,91477,2,1,7,2,PARIS (RUE DE),"487,068,900,000","22,391,200,000",2.022E+11,755 243,B01,1,1,0,2,4,1,5,NULL,2.022E+11,1 021 441,755 244,A01,1,1,1,1,1978,0,1,0,-1,-1,-1,-1,2.022E+11,3,PARIS (RUE DE),0,NULL,2,3,0,3,0,0,1,NULL,-1,1,0,1,50,
2.022E+11,17,6,2022,09:00:00,1,94,94041,2,1,1,3,REPUBLIQUE (AV DE LA),"488,049,600,000","23,945,700,000",2.022E+11,754 351,B01,2,1,0,2,8,2,5,NULL,2.022E+11,1 020 273,754 351,B01,1,1,4,2,1968,1,8,0,-1,-1,-1,-1,2.022E+11,3,REPUBLIQUE (AV DE LA),0,NULL,2,2,0,1,0,0,1,NULL,-1,1,0,1,30,
2.022E+11,17,6,2022,09:00:00,1,94,94041,2,1,1,3,REPUBLIQUE (AV DE LA),"488,049,600,000","23,945,700,000",2.022E+11,754 352,A01,2,1,0,0,7,2,5,NULL,2.022E+11,1 020 273,754 351,B01,1,1,4,2,1968,1,8,0,-1,-1,-1,-1,2.022E+11,3,REPUBLIQUE (AV DE LA),0,NULL,2,2,0,1,0,0,1,NULL,-1,1,0,1,30,
2.022E+11,17,6,2022,09:00:00,1,94,94041,2,1,1,3,REPUBLIQUE (AV DE LA),"488,049,600,000","23,945,700,000",2.022E+11,754 351,B01,2,1,0,2,8,2,5,NULL,2.022E+11,1 020 274,754 352,A01,1,1,3,2,1969,1,8,0,-1,-1,-1,-1,2.022E+11,3,REPUBLIQUE (AV DE LA),0,NULL,2,2,0,1,0,0,1,NULL,-1,1,0,1,30,
2.022E+11,17,6,2022,09:00:00,1,94,94041,2,1,1,3,REPUBLIQUE (AV DE LA),"488,049,600,000","23,945,700,000",2.022E+11,754 352,A01,2,1,0,0,7,2,5,NULL,2.022E+11,1 020 274,754 352,A01,1,1,3,2,1969,1,8,0,-1,-1,-1,-1,2.022E+11,3,REPUBLIQUE (AV DE LA),0,NULL,2,2,0,1,0,0,1,NULL,-1,1,0,1,30,
2.022E+11,5,4,2022,13:08:00,1,2A,2A008,2,1,1,1,Bisinao,"418,421,590,000","88,750,110,000",2.022E+11,747 670,B01,2,1,0,2,3,1,5,NULL,2.022E+11,1 011 255,747 670,B01,1,1,4,1,1997,5,2,-1,-1,0,0,-1,2.022E+11,3,302,0,D,2,2,0,1,15,600,3,NULL,-1,1,0,1,50,
2.022E+11,5,4,2022,13:08:00,1,2A,2A008,2,1,1,1,Bisinao,"418,421,590,000","88,750,110,000",2.022E+11,747 670,B01,2,1,0,2,3,1,5,NULL,2.022E+11,1 011 257,747 672,A01,1,1,1,2,1978,0,1,-1,-1,0,0,-1,2.022E+11,3,302,0,D,2,2,0,1,15,600,3,NULL,-1,1,0,1,50,
2.022E+11,7,4,2022,08:30:00,1,83,83137,2,1,1,3,DE LATTRE DE TASSIGNY (AVE MARECHAL),"431,170,900,000","59,367,400,000",2.022E+11,747 482,Y01,1,1,0,2,8,1,5,NULL,2.022E+11,1 011 002,747 481,A01,1,1,1,1,1989,1,1,-1,-1,-1,-1,-1,2.022E+11,4,DE LATTRE DE TASSIGNY (AVE MARECHAL),0,NULL,1,3,2,1,0,0,1,NULL,-1,1,0,1,50,
2.022E+11,7,4,2022,08:30:00,1,83,83137,2,1,1,3,DE LATTRE DE TASSIGNY (AVE MARECHAL),"431,170,900,000","59,367,400,000",2.022E+11,747 482,Y01,1,1,0,2,8,1,5,NULL,2.022E+11,1 011 003,747 482,Y01,1,1,3,1,1986,0,2,-1,-1,-1,-1,-1,2.022E+11,4,DE LATTRE DE TASSIGNY (AVE MARECHAL),0,NULL,1,3,2,1,0,0,1,NULL,-1,1,0,1,50,
2.022E+11,26,9,2022,07:18:00,5,87,87085,2,1,2,7,LATTRE-DE-TASSIGNY (AVENUE DU MARECHAL),"458,252,300,000","12,730,600,000",2.022E+11,746 400,A01,1,1,0,0,7,14,5,NULL,2.022E+11,1 009 558,746 400,A01,1,1,3,1,2002,1,8,0,-1,-1,-1,-1,2.022E+11,3,LATTRE-DE-TASSIGNY (AVENUE DU MARECHAL),0,NULL,3,4,0,1,34,840,1,NULL,-1,2,0,1,50,
2.022E+11,14,7,2022,18:00:00,1,73,73116,1,1,1,6,D926,"452,225,301,548","63,040,420,711",2.022E+11,744 976,A01,2,1,4,0,1,15,5,NULL,2.022E+11,1 007 665,744 976,A01,1,1,2,1,1948,5,2,-1,-1,0,0,-1,2.022E+11,3,926,-1,D,2,2,0,2,23,1010,2,NULL,-1,1,0,3,80,
2.022E+11,14,6,2022,08:22:00,1,71,71443,2,4,1,3,2a Rue Jean Baptiste Cautin,"469,471,110,000","49,087,080,000",2.022E+11,740 780,A01,1,1,0,2,8,16,5,NULL,2.022E+11,1 002 011,740 780,A01,1,1,2,1,1932,3,0,-1,-1,0,0,-1,2.022E+11,3,970,0,NULL,2,1,0,1,2,300,2,NULL,4,1,0,1,50,
2.022E+11,14,6,2022,08:22:00,1,71,71443,2,4,1,3,2a Rue Jean Baptiste Cautin,"469,471,110,000","49,087,080,000",2.022E+11,740 780,A01,1,1,0,2,8,16,5,NULL,2.022E+11,1 002 012,740 782,B01,1,1,1,1,2001,4,1,-1,-1,0,0,-1,2.022E+11,3,970,0,NULL,2,1,0,1,2,300,2,NULL,4,1,0,1,50,
2.022E+11,31,3,2022,13:29:00,1,56,56121,2,1,1,3,FAOUEDIC ( AVE DU ),"477,482,000,000","-33,644,300,000",2.022E+11,740 429,B01,3,1,0,2,8,19,5,NULL,2.022E+11,1 001 510,740 429,B01,1,1,3,1,2005,5,2,0,-1,-1,-1,-1,2.022E+11,4,FAOUEDIC ( AVE DU ),0,NULL,2,2,3,2,-1,-1,1,NULL,-1,1,0,1,30,
2.022E+11,31,3,2022,13:29:00,1,56,56121,2,1,1,3,FAOUEDIC ( AVE DU ),"477,482,000,000","-33,644,300,000",2.022E+11,740 430,A01,2,1,0,2,1,1,5,NULL,2.022E+11,1 001 510,740 429,B01,1,1,3,1,2005,5,2,0,-1,-1,-1,-1,2.022E+11,4,FAOUEDIC ( AVE DU ),0,NULL,2,2,3,2,-1,-1,1,NULL,-1,1,0,1,30,
2.022E+11,31,3,2022,13:29:00,1,56,56121,2,1,1,3,FAOUEDIC ( AVE DU ),"477,482,000,000","-33,644,300,000",2.022E+11,740 429,B01,3,1,0,2,8,19,5,NULL,2.022E+11,1 001 513,740 430,A01,1,1,1,1,1993,5,2,0,-1,-1,-1,-1,2.022E+11,4,FAOUEDIC ( AVE DU ),0,NULL,2,2,3,2,-1,-1,1,NULL,-1,1,0,1,30,
2.022E+11,31,3,2022,13:29:00,1,56,56121,2,1,1,3,FAOUEDIC ( AVE DU ),"477,482,000,000","-33,644,300,000",2.022E+11,740 430,A01,2,1,0,2,1,1,5,NULL,2.022E+11,1 001 513,740 430,A01,1,1,1,1,1993,5,2,0,-1,-1,-1,-1,2.022E+11,4,FAOUEDIC ( AVE DU ),0,NULL,2,2,3,2,-1,-1,1,NULL,-1,1,0,1,30,
2.022E+11,12,5,2022,09:25:00,1,75,75101,2,3,1,3,BOULEVARD DE SEBASTOPOL,"488,612,233,574","23,497,250,676",2.022E+11,739 736,A01,1,1,0,2,5,1,5,NULL,2.022E+11,1 000 529,739 736,A01,1,1,4,2,1979,1,2,0,-1,0,0,-1,2.022E+11,4,BOULEVARD DE SEBASTOPOL,0,NULL,2,5,1,1,-1,-1,1,NULL,-1,1,-1,5,30,
2.022E+11,12,5,2022,09:25:00,1,75,75101,2,3,1,3,BOULEVARD DE SEBASTOPOL,"488,612,233,574","23,497,250,676",2.022E+11,739 736,A01,1,1,0,2,5,1,5,NULL,2.022E+11,1 000 530,739 737,Z01,1,1,1,-1,NULL,-1,-1,-1,-1,-1,-1,-1,2.022E+11,4,BOULEVARD DE SEBASTOPOL,0,NULL,2,5,1,1,-1,-1,1,NULL,-1,1,-1,5,30,
2.022E+11,28,10,2022,19:15:00,3,54,54590,1,1,1,3,D618,"494,965,072,890","56,208,801,271",2.022E+11,734 369,B01,2,1,0,2,8,2,5,NULL,2.022E+11,993 268,734 365,A01,1,1,1,1,1979,5,1,-1,-1,0,0,-1,2.022E+11,3,618,0,D,2,2,0,1,9,520,1,NULL,-1,1,0,1,80,
2.022E+11,28,10,2022,19:15:00,3,54,54590,1,1,1,3,D618,"494,965,072,890","56,208,801,271",2.022E+11,734 369,B01,2,1,0,2,8,2,5,NULL,2.022E+11,993 272,734 369,B01,1,1,3,1,1972,5,2,-1,-1,0,0,-1,2.022E+11,3,618,0,D,2,2,0,1,9,520,1,NULL,-1,1,0,1,80,
2.022E+11,11,5,2022,09:25:00,1,94,94011,2,1,1,3,Avenue Jean Rostand,"487,680,353,496","24,868,454,932",2.022E+11,733 348,B01,2,1,0,2,1,26,5,NULL,2.022E+11,991 891,733 348,B01,1,1,4,1,1984,1,8,8,-1,-1,-1,-1,2.022E+11,3,AV JEAN ROSTAND,0,NULL,3,6,3,1,0,1,1,NULL,-1,1,0,5,30,
2.022E+11,11,5,2022,09:25:00,1,94,94011,2,1,1,3,Avenue Jean Rostand,"487,680,353,496","24,868,454,932",2.022E+11,733 348,B01,2,1,0,2,1,26,5,NULL,2.022E+11,991 893,733 349,A01,1,1,1,1,1983,9,1,0,-1,-1,-1,-1,2.022E+11,3,AV JEAN ROSTAND,0,NULL,3,6,3,1,0,1,1,NULL,-1,1,0,5,30,
2.022E+11,22,9,2022,16:27:00,1,75,75103,2,1,1,1,RUE DE BRETAGNE,"488,641,510,000","23,604,550,000",2.022E+11,732 462,A01,2,1,0,2,1,17,5,NULL,2.022E+11,990 770,732 462,A01,1,1,3,1,1995,1,8,0,-1,0,0,-1,2.022E+11,4,RUE DE BRETAGNE,0,NULL,2,2,0,1,-1,-1,1,NULL,-1,1,8,1,30,
2.022E+11,22,9,2022,16:27:00,1,75,75103,2,1,1,1,RUE DE BRETAGNE,"488,641,510,000","23,604,550,000",2.022E+11,732 462,A01,2,1,0,2,1,17,5,NULL,2.022E+11,990 771,732 463,B01,2,2,1,1,1994,5,1,0,-1,0,0,-1,2.022E+11,4,RUE DE BRETAGNE,0,NULL,2,2,0,1,-1,-1,1,NULL,-1,1,8,1,30,
2.022E+11,22,9,2022,16:27:00,1,75,75103,2,1,1,1,RUE DE BRETAGNE,"488,641,510,000","23,604,550,000",2.022E+11,732 462,A01,2,1,0,2,1,17,5,NULL,2.022E+11,990 772,732 463,B01,1,1,1,2,1987,5,1,0,-1,0,0,-1,2.022E+11,4,RUE DE BRETAGNE,0,NULL,2,2,0,1,-1,-1,1,NULL,-1,1,8,1,30,
2.022E+11,25,10,2022,16:10:00,1,67,67447,2,1,1,1,KELLERMANN (RUE),"486,093,000,000","77,327,200,000",2.022E+11,730 253,A01,3,1,0,2,0,16,5,NULL,2.022E+11,987 821,730 253,A01,1,1,4,2,1986,0,2,8,-1,0,0,-1,2.022E+11,4,KELLERMANN (RUE),0,NULL,2,2,0,1,-1,-1,1,NULL,-1,1,5,1,50,
2.022E+11,25,10,2022,16:10:00,1,67,67447,2,1,1,1,KELLERMANN (RUE),"486,093,000,000","77,327,200,000",2.022E+11,730 253,A01,3,1,0,2,0,16,5,NULL,2.022E+11,987 822,730 254,B01,1,1,1,2,1979,0,1,8,-1,0,0,-1,2.022E+11,4,KELLERMANN (RUE),0,NULL,2,2,0,1,-1,-1,1,NULL,-1,1,5,1,50,
2.022E+11,21,10,2022,17:45:00,1,59,59017,2,1,1,6,DUNKERQUE (RUE DE),"506,898,100,000","28,790,500,000",2.022E+11,730 199,A01,2,1,0,1,1,1,5,NULL,2.022E+11,987 751,730 199,A01,10,3,3,1,1972,0,8,8,-1,3,3,1,2.022E+11,7,DUNKERQUE (RUE DE),0,NULL,2,2,0,1,-1,-1,1,NULL,-1,1,0,1,50,
2.022E+11,21,10,2022,17:45:00,1,59,59017,2,1,1,6,DUNKERQUE (RUE DE),"506,898,100,000","28,790,500,000",2.022E+11,730 199,A01,2,1,0,1,1,1,5,NULL,2.022E+11,987 753,730 199,A01,1,1,1,-1,NULL,-1,-1,-1,-1,-1,-1,-1,2.022E+11,7,DUNKERQUE (RUE DE),0,NULL,2,2,0,1,-1,-1,1,NULL,-1,1,0,1,50,
2.022E+11,14,8,2022,09:00:00,1,59,59043,2,3,7,3,PLICHON (PLACE),"507,384,627,167","27,294,319,868",2.022E+11,727 697,B01,3,1,0,2,8,1,5,NULL,2.022E+11,984 462,727 697,B01,1,1,3,1,1992,5,2,8,-1,-1,-1,-1,2.022E+11,3,CASSEL (RUE DE),0,NULL,2,2,0,2,-1,-1,1,NULL,-1,1,0,8,50,
2.022E+11,14,8,2022,09:00:00,1,59,59043,2,3,7,3,PLICHON (PLACE),"507,384,627,167","27,294,319,868",2.022E+11,727 697,B01,3,1,0,2,8,1,5,NULL,2.022E+11,984 465,727 700,A01,1,1,1,1,1990,1,1,8,-1,-1,-1,-1,2.022E+11,3,CASSEL (RUE DE),0,NULL,2,2,0,2,-1,-1,1,NULL,-1,1,0,8,50,
2.022E+11,17,2,2022,10:25:00,1,75,75104,2,2,1,3,RUE DE LA CITE,"488,535,480,000","23,469,290,000",2.022E+11,726 845,B01,3,1,0,2,1,1,5,NULL,2.022E+11,983 331,726 845,B01,1,1,4,2,1955,5,8,0,-1,0,0,-1,2.022E+11,4,RUE DE LA CITE,0,NULL,1,2,2,1,-1,-1,1,NULL,-1,1,0,5,30,
2.022E+11,17,2,2022,10:25:00,1,75,75104,2,2,1,3,RUE DE LA CITE,"488,535,480,000","23,469,290,000",2.022E+11,726 845,B01,3,1,0,2,1,1,5,NULL,2.022E+11,983 335,726 847,A01,1,1,1,2,1994,4,1,0,-1,0,0,-1,2.022E+11,4,RUE DE LA CITE,0,NULL,1,2,2,1,-1,-1,1,NULL,-1,1,0,5,30,