Accident_Id,jour,mois,an,hrmn,lum,dep,com,agg,int,atm,col,adr,lat,long,Num_Acc,id_vehicule,num_veh,senc,catv,obs,obsm,choc,manv,motor,occutc,Num_Acc,id_usager,id_vehicule,num_veh,place,catu,grav,sexe,an_nais,trajet,secu1,secu2,secu3,locp,actp,etatp,Num_Acc,catr,voie,v1,v2,circ,nbv,vosp,prof,pr,pr1,plan,lartpc,larrout,surf,infra,situ,vma,
2.022E+11,6,5,2022,17:20:00,1,69,69382,2,9,1,3,Cours Charlemagne,"457,390,800,000","48,175,800,000",2.022E+11,722 858,B01,3,1,0,2,7,1,5,NULL,2.022E+11,978 119,722 860,A01,1,1,1,1,1997,5,1,-1,-1,-1,-1,-1,2.022E+11,4,CHARLEMAGNE                         (CO),0,NULL,2,12,3,1,-1,-1,1,NULL,-1,1,0,1,30,
2.022E+11,8,6,2022,03:30:00,5,93,93008,2,6,1,2,PLACE ESCADRILLE N. NIEMEN,"489,130,490,000","24,365,480,000",2.022E+11,722 022,A01,3,1,0,2,5,0,5,NULL,2.022E+11,976 956,722 017,B01,1,1,1,1,1976,0,1,0,-1,0,0,-1,2.022E+11,3,PLACE ESCADRILLE N. NIEMEN,0,NULL,1,2,0,1,0,1,2,NULL,-1,1,0,8,50,
2.022E+11,8,6,2022,03:30:00,5,93,93008,2,6,1,2,PLACE ESCADRILLE N. NIEMEN,"489,130,490,000","24,365,480,000",2.022E+11,722 022,A01,3,1,0,2,5,0,5,NULL,2.022E+11,976 961,722 022,A01,1,1,4,1,1973,1,8,0,-1,0,0,-1,2.022E+11,3,PLACE ESCADRILLE N. NIEMEN,0,NULL,1,2,0,1,0,1,2,NULL,-1,1,0,8,50,
2.022E+11,4,1,2022,09:04:00,1,82,82121,1,1,1,2,boulevard d' Occitanie,"440,421,700,000","13,647,600,000",2.022E+11,719 947,B01,1,1,0,2,4,13,5,NULL,2.022E+11,974 134,719 943,A01,1,1,1,1,1999,1,1,0,-1,-1,-1,-1,2.022E+11,4,boulevard d' Occitanie,0,NULL,2,2,0,2,-1,-1,1,NULL,-1,1,0,1,70,
2.022E+11,4,1,2022,09:04:00,1,82,82121,1,1,1,2,boulevard d' Occitanie,"440,421,700,000","13,647,600,000",2.022E+11,719 947,B01,1,1,0,2,4,13,5,NULL,2.022E+11,974 139,719 947,B01,1,1,3,1,1982,0,8,0,-1,-1,-1,-1,2.022E+11,4,boulevard d' Occitanie,0,NULL,2,2,0,2,-1,-1,1,NULL,-1,1,0,1,70,
2.022E+11,6,5,2022,15:03:00,1,94,94080,2,9,1,6,26-28 Rue de Fontenay,"488,478,600,000","24,445,000,000",2.022E+11,719 193,B01,1,1,1,2,1,22,5,NULL,2.022E+11,973 091,719 193,B01,1,1,4,1,1980,5,0,0,0,-1,-1,-1,2.022E+11,3,FONTENAY (R DE),0,NULL,2,2,0,1,0,0,1,NULL,-1,1,0,1,50,
2.022E+11,6,5,2022,15:03:00,1,94,94080,2,9,1,6,26-28 Rue de Fontenay,"488,478,600,000","24,445,000,000",2.022E+11,719 193,B01,1,1,1,2,1,22,5,NULL,2.022E+11,973 096,719 198,A01,1,1,1,1,1981,5,1,0,-1,-1,-1,-1,2.022E+11,3,FONTENAY (R DE),0,NULL,2,2,0,1,0,0,1,NULL,-1,1,0,1,50,
2.022E+11,27,3,2022,10:21:00,1,35,35337,1,9,7,3,Le Perray,"482,968,380,000","-18,078,710,000",2.022E+11,717 862,B01,1,1,0,2,1,1,5,NULL,2.022E+11,971 204,717 857,A01,1,1,1,1,1997,1,1,-1,-1,0,0,-1,2.022E+11,3,637,-1,NULL,2,2,0,2,71,780,1,NULL,-1,1,0,1,50,
2.022E+11,27,3,2022,10:21:00,1,35,35337,1,9,7,3,Le Perray,"482,968,380,000","-18,078,710,000",2.022E+11,717 862,B01,1,1,0,2,1,1,5,NULL,2.022E+11,971 212,717 862,B01,1,1,3,1,1981,5,2,-1,-1,0,0,-1,2.022E+11,3,637,-1,NULL,2,2,0,2,71,780,1,NULL,-1,1,0,1,50,
2.022E+11,25,3,2022,16:27:00,1,33,33063,2,2,1,3,Avenue Thiers,"448,424,500,000"," -0,5562600000",2.022E+11,715 864,B01,2,1,0,4,1,9,5,NULL,2.022E+11,968 543,715 864,B01,1,1,3,1,1989,4,2,-1,-1,0,0,-1,2.022E+11,4,AVE THIERS,0,NULL,3,4,3,1,-1,-1,1,NULL,-1,1,4,6,30,
2.022E+11,25,3,2022,16:27:00,1,33,33063,2,2,1,3,Avenue Thiers,"448,424,500,000"," -0,5562600000",2.022E+11,715 864,B01,2,1,0,4,1,9,5,NULL,2.022E+11,968 551,715 872,A01,1,1,1,1,1991,4,1,-1,-1,-1,-1,-1,2.022E+11,4,AVE THIERS,0,NULL,3,4,3,1,-1,-1,1,NULL,-1,1,4,6,30,
2.022E+11,4,7,2022,07:30:00,1,75,75113,2,4,1,3,RUE DE LA GLACIERE,"488,317,120,000","23,443,750,000",2.022E+11,808 858,B01,2,1,0,2,3,1,5,NULL,2.022E+11,1 092 916,808 858,B01,1,1,4,2,1971,1,2,0,-1,0,0,-1,2.022E+11,4,RUE DE LA GLACIERE,0,NULL,2,2,0,1,-1,-1,1,NULL,-1,1,0,1,30,
2.022E+11,4,7,2022,07:30:00,1,75,75113,2,4,1,3,RUE DE LA GLACIERE,"488,317,120,000","23,443,750,000",2.022E+11,808 858,B01,2,1,0,2,3,1,5,NULL,2.022E+11,1 092 917,808 859,A01,1,1,1,2,1962,1,1,0,-1,0,0,-1,2.022E+11,4,RUE DE LA GLACIERE,0,NULL,2,2,0,1,-1,-1,1,NULL,-1,1,0,1,30,
2.022E+11,3,6,2022,14:50:00,1,51,51454,2,1,1,3,avenue Jean Jaurès,"492,582,000,000","40,416,200,000",2.022E+11,807 552,B01,1,1,1,0,1,1,5,NULL,2.022E+11,1 091 151,807 549,A01,1,1,1,2,1991,2,1,-1,-1,-1,-1,-1,2.022E+11,4,JAURES (AVENUE JEAN ) DU N° 61 A FIN,0,NULL,2,4,0,1,-1,-1,1,NULL,-1,1,0,1,50,
2.022E+11,3,6,2022,14:50:00,1,51,51454,2,1,1,3,avenue Jean Jaurès,"492,582,000,000","40,416,200,000",2.022E+11,807 552,B01,1,1,1,0,1,1,5,NULL,2.022E+11,1 091 156,807 552,B01,1,1,4,1,2006,2,0,-1,-1,-1,-1,-1,2.022E+11,4,JAURES (AVENUE JEAN ) DU N° 61 A FIN,0,NULL,2,4,0,1,-1,-1,1,NULL,-1,1,0,1,50,
2.022E+11,19,10,2022,14:40:00,1,54,54397,2,1,1,3,Rue de la Paix,"486,142,820,000","61,057,537,802",2.022E+11,806 588,A01,2,1,0,2,8,2,5,NULL,2.022E+11,1 089 822,806 586,B01,1,1,1,1,1938,5,8,-1,-1,0,0,-1,2.022E+11,4,paix,0,R,2,2,0,1,-1,-1,1,NULL,-1,1,0,1,30,
2.022E+11,19,10,2022,14:40:00,1,54,54397,2,1,1,3,Rue de la Paix,"486,142,820,000","61,057,537,802",2.022E+11,806 588,A01,2,1,0,2,8,2,5,NULL,2.022E+11,1 089 826,806 588,A01,1,1,4,1,2010,5,0,-1,-1,0,0,-1,2.022E+11,4,paix,0,R,2,2,0,1,-1,-1,1,NULL,-1,1,0,1,30,
2.022E+11,19,3,2022,17:00:00,1,59,59029,1,1,1,7,D954,"504,748,610,000","31,788,310,000",2.022E+11,800 793,A01,2,1,0,0,0,0,5,NULL,2.022E+11,1 082 179,800 793,A01,1,1,2,1,1971,5,0,-1,-1,0,0,-1,2.022E+11,3,954,-1,NULL,2,2,0,1,-1,-1,1,NULL,-1,1,0,8,80,
2.022E+11,9,2,2022,13:54:00,1,10,10321,2,3,1,3,Rue Auguste Buck,"482,866,471,053","40,190,380,812",2.022E+11,798 945,B01,1,1,0,2,2,1,5,NULL,2.022E+11,1 079 753,798 945,B01,1,1,4,1,1950,5,2,8,-1,-1,-1,-1,2.022E+11,3,AUGUSTE BUCK (RUE),0,NULL,2,2,0,1,20,748,1,NULL,-1,1,0,1,50,
2.022E+11,9,2,2022,13:54:00,1,10,10321,2,3,1,3,Rue Auguste Buck,"482,866,471,053","40,190,380,812",2.022E+11,798 945,B01,1,1,0,2,2,1,5,NULL,2.022E+11,1 079 754,798 946,A01,1,1,1,1,1961,1,1,8,-1,0,0,-1,2.022E+11,3,AUGUSTE BUCK (RUE),0,NULL,2,2,0,1,20,748,1,NULL,-1,1,0,1,50,
2.022E+11,21,11,2022,06:35:00,5,92,92078,2,1,1,3,CHARLES DE GAULLE (BD) (71 AU 153),"489,412,622,047","23,214,406,371",2.022E+11,798 137,A01,3,1,0,2,3,14,5,NULL,2.022E+11,1 078 718,798 136,B01,1,1,1,1,1979,1,1,8,-1,-1,-1,-1,2.022E+11,3,NULL,0,NULL,-1,2,0,1,0,0,1,NULL,-1,2,0,1,50,
2.022E+11,21,11,2022,06:35:00,5,92,92078,2,1,1,3,CHARLES DE GAULLE (BD) (71 AU 153),"489,412,622,047","23,214,406,371",2.022E+11,798 137,A01,3,1,0,2,3,14,5,NULL,2.022E+11,1 078 719,798 137,A01,1,1,4,1,1989,1,8,0,-1,0,0,-1,2.022E+11,3,NULL,0,NULL,-1,2,0,1,0,0,1,NULL,-1,2,0,1,50,
2.022E+11,20,11,2022,11:00:00,1,63,63307,1,4,1,1,D 2089 et RD 120,"457,114,310,000","30,746,750,000",2.022E+11,798 096,B01,2,1,0,2,8,1,5,NULL,2.022E+11,1 078 670,798 096,B01,1,1,3,1,1977,5,2,-1,-1,0,0,-1,2.022E+11,3,2089,-1,NULL,2,3,0,2,66,550,3,NULL,-1,1,0,1,70,
2.022E+11,20,11,2022,11:00:00,1,63,63307,1,4,1,1,D 2089 et RD 120,"457,114,310,000","30,746,750,000",2.022E+11,798 096,B01,2,1,0,2,8,1,5,NULL,2.022E+11,1 078 672,798 098,A01,1,1,1,1,1996,5,1,-1,-1,0,0,-1,2.022E+11,3,2089,-1,NULL,2,3,0,2,66,550,3,NULL,-1,1,0,1,70,
2.022E+11,12,9,2022,18:10:00,1,77,77177,1,1,1,1,24 Ferme de Villemigeon,"487,547,600,000","27,825,880,000",2.022E+11,796 437,B01,3,1,0,2,1,1,5,NULL,2.022E+11,1 076 453,796 437,B01,1,1,3,1,1977,5,2,-1,-1,0,0,-1,2.022E+11,4,NULL,-1,NULL,2,2,0,1,-1,-1,1,NULL,4,1,0,1,50,
2.022E+11,12,9,2022,18:10:00,1,77,77177,1,1,1,1,24 Ferme de Villemigeon,"487,547,600,000","27,825,880,000",2.022E+11,796 437,B01,3,1,0,2,1,1,5,NULL,2.022E+11,1 076 454,796 438,A01,2,2,1,1,2002,1,1,-1,-1,0,0,-1,2.022E+11,4,NULL,-1,NULL,2,2,0,1,-1,-1,1,NULL,4,1,0,1,50,
2.022E+11,12,9,2022,18:10:00,1,77,77177,1,1,1,1,24 Ferme de Villemigeon,"487,547,600,000","27,825,880,000",2.022E+11,796 437,B01,3,1,0,2,1,1,5,NULL,2.022E+11,1 076 455,796 438,A01,7,2,1,2,2008,1,1,-1,-1,0,0,-1,2.022E+11,4,NULL,-1,NULL,2,2,0,1,-1,-1,1,NULL,4,1,0,1,50,
2.022E+11,12,9,2022,18:10:00,1,77,77177,1,1,1,1,24 Ferme de Villemigeon,"487,547,600,000","27,825,880,000",2.022E+11,796 437,B01,3,1,0,2,1,1,5,NULL,2.022E+11,1 076 456,796 438,A01,1,1,1,2,1974,1,1,-1,-1,0,0,-1,2.022E+11,4,NULL,-1,NULL,2,2,0,1,-1,-1,1,NULL,4,1,0,1,50,
2.022E+11,1,7,2022,10:25:00,1,42,42254,1,4,1,1,Route de Néronde,"458,639,770,000","41,941,380,000",2.022E+11,795 312,B01,1,1,0,2,1,5,5,NULL,2.022E+11,1 074 955,795 312,B01,1,1,4,1,2010,5,2,-1,-1,0,0,-1,2.022E+11,3,83,-1,D,2,2,0,2,5,10,3,NULL,-1,1,0,1,80,
2.022E+11,1,7,2022,10:25:00,1,42,42254,1,4,1,1,Route de Néronde,"458,639,770,000","41,941,380,000",2.022E+11,795 312,B01,1,1,0,2,1,5,5,NULL,2.022E+11,1 074 957,795 314,A01,1,1,1,1,1988,3,1,-1,-1,0,0,-1,2.022E+11,3,83,-1,D,2,2,0,2,5,10,3,NULL,-1,1,0,1,80,
2.022E+11,14,3,2022,14:29:00,1,14,14715,2,1,1,6,D513,"493,654,580,000","0,0841360000",2.022E+11,793 813,A01,1,1,0,0,1,26,5,NULL,2.022E+11,1 073 002,793 813,A01,1,1,4,1,1940,5,0,0,-1,0,0,-1,2.022E+11,3,HAUTPOUL (BOULEVARD),0,NULL,2,1,0,2,13,900,2,NULL,-1,1,0,1,50,
2.022E+11,20,12,2022,13:35:00,1,88,88160,2,1,2,3,DOGNEVILLE (Q. DE),"481,811,800,000","64,476,400,000",2.022E+11,790 882,A01,1,1,0,1,1,1,5,NULL,2.022E+11,1 069 015,790 882,A01,1,1,1,2,2004,5,2,6,-1,-1,-1,-1,2.022E+11,3,DOGNEVILLE (Q. DE),0,NULL,2,2,0,1,26,800,1,NULL,-1,2,0,1,30,
2.022E+11,20,12,2022,13:35:00,1,88,88160,2,1,2,3,DOGNEVILLE (Q. DE),"481,811,800,000","64,476,400,000",2.022E+11,790 882,A01,1,1,0,1,1,1,5,NULL,2.022E+11,1 069 017,790 882,A01,10,3,3,2,1959,5,0,-1,-1,3,3,1,2.022E+11,3,DOGNEVILLE (Q. DE),0,NULL,2,2,0,1,26,800,1,NULL,-1,2,0,1,30,
2.022E+11,22,9,2022,16:30:00,1,73,73065,2,1,1,6,Voie verte Chambéry,"455,825,700,000","59,069,100,000",2.022E+11,788 981,A01,3,1,0,1,9,21,5,NULL,2.022E+11,1 066 486,788 981,A01,1,1,2,1,1934,5,2,-1,-1,0,0,-1,2.022E+11,9,NULL,0,NULL,2,2,1,4,-1,-1,1,NULL,-1,1,1,5,-1,
2.022E+11,22,9,2022,16:30:00,1,73,73065,2,1,1,6,Voie verte Chambéry,"455,825,700,000","59,069,100,000",2.022E+11,788 981,A01,3,1,0,1,9,21,5,NULL,2.022E+11,1 066 488,788 981,A01,10,3,1,2,1993,5,0,-1,-1,1,2,2,2.022E+11,9,NULL,0,NULL,2,2,1,4,-1,-1,1,NULL,-1,1,1,5,-1,
2.022E+11,27,6,2022,18:50:00,1,92,92026,2,9,1,6,LOUIS ULBACH (DE 16 A FIN),"489,019,044,435","22,639,952,302",2.022E+11,785 673,A01,0,1,0,1,8,16,5,NULL,2.022E+11,1 062 024,785 673,A01,10,3,4,1,1962,1,0,-1,-1,3,3,1,2.022E+11,4,LOUIS ULBACH (DE 16 A FIN),0,NULL,2,1,0,1,0,0,3,NULL,-1,1,0,1,50,
2.022E+11,27,6,2022,18:50:00,1,92,92026,2,9,1,6,LOUIS ULBACH (DE 16 A FIN),"489,019,044,435","22,639,952,302",2.022E+11,785 673,A01,0,1,0,1,8,16,5,NULL,2.022E+11,1 062 025,785 673,A01,1,1,1,1,2003,0,8,0,-1,-1,-1,-1,2.022E+11,4,LOUIS ULBACH (DE 16 A FIN),0,NULL,2,1,0,1,0,0,3,NULL,-1,1,0,1,50,
2.022E+11,27,5,2022,13:50:00,1,69,69094,2,6,7,3,Le Tupinier,"457,466,700,000","47,034,500,000",2.022E+11,783 887,B01,3,1,0,2,3,15,5,NULL,2.022E+11,1 059 667,783 886,A01,1,1,1,1,1952,3,1,-1,-1,0,0,-1,2.022E+11,3,489,-1,D,2,2,1,1,-1,-1,1,NULL,-1,1,0,1,50,
2.022E+11,27,5,2022,13:50:00,1,69,69094,2,6,7,3,Le Tupinier,"457,466,700,000","47,034,500,000",2.022E+11,783 887,B01,3,1,0,2,3,15,5,NULL,2.022E+11,1 059 668,783 887,B01,1,1,4,2,1976,1,2,-1,-1,0,0,-1,2.022E+11,3,489,-1,D,2,2,1,1,-1,-1,1,NULL,-1,1,0,1,50,
2.022E+11,1,2,2022,19:58:00,5,87,87085,2,3,2,6,TOULOUSE (RUE DE),"458,249,000,000","12,747,700,000",2.022E+11,783 412,B01,2,1,0,2,4,1,5,NULL,2.022E+11,1 059 044,783 412,B01,1,1,4,2,1999,1,8,0,-1,-1,-1,-1,2.022E+11,3,TOULOUSE (RUE DE),0,NULL,2,3,0,2,34,700,1,NULL,-1,2,0,1,50,
2.022E+11,1,2,2022,19:58:00,5,87,87085,2,3,2,6,TOULOUSE (RUE DE),"458,249,000,000","12,747,700,000",2.022E+11,783 412,B01,2,1,0,2,4,1,5,NULL,2.022E+11,1 059 047,783 414,A01,1,1,1,1,1973,5,1,0,-1,-1,-1,-1,2.022E+11,3,TOULOUSE (RUE DE),0,NULL,2,3,0,2,34,700,1,NULL,-1,2,0,1,50,
2.022E+11,27,1,2022,14:55:00,1,34,34172,2,1,1,6,Avenue de la Pompignane,"436,097,300,000","38,989,600,000",2.022E+11,777 910,B01,1,1,0,2,8,2,5,NULL,2.022E+11,1 051 754,777 909,Z01,1,1,1,-1,NULL,-1,-1,-1,-1,0,0,-1,2.022E+11,4,POMPIGNANE (AVENUE DE LA),0,NULL,2,2,3,1,-1,-1,1,NULL,-1,1,0,1,50,
2.022E+11,27,1,2022,14:55:00,1,34,34172,2,1,1,6,Avenue de la Pompignane,"436,097,300,000","38,989,600,000",2.022E+11,777 910,B01,1,1,0,2,8,2,5,NULL,2.022E+11,1 051 755,777 910,B01,1,1,3,1,1955,3,0,-1,-1,0,0,-1,2.022E+11,4,POMPIGNANE (AVENUE DE LA),0,NULL,2,2,3,1,-1,-1,1,NULL,-1,1,0,1,50,
2.022E+11,1,2,2022,18:30:00,5,75,75120,2,1,1,3,BOULEVARD MORTIER,"488,687,430,000","24,088,670,000",2.022E+11,777 801,A01,2,1,0,2,1,1,5,NULL,2.022E+11,1 051 616,777 800,Z01,1,1,1,-1,NULL,-1,-1,-1,-1,0,0,-1,2.022E+11,4,BOULEVARD MORTIER,0,NULL,2,2,0,2,-1,-1,1,NULL,-1,1,0,1,50,
2.022E+11,1,2,2022,18:30:00,5,75,75120,2,1,1,3,BOULEVARD MORTIER,"488,687,430,000","24,088,670,000",2.022E+11,777 801,A01,2,1,0,2,1,1,5,NULL,2.022E+11,1 051 617,777 801,A01,1,1,4,1,1988,1,2,8,-1,0,0,-1,2.022E+11,4,BOULEVARD MORTIER,0,NULL,2,2,0,2,-1,-1,1,NULL,-1,1,0,1,50,
2.022E+11,2,9,2022,13:00:00,1,75,75113,2,2,2,3,RUE BRILLAT SAVARIN,"488,225,880,000","23,440,340,000",2.022E+11,772 371,B01,3,1,0,2,1,1,5,NULL,2.022E+11,1 044 186,772 370,A01,1,1,1,1,1977,5,1,8,-1,0,0,-1,2.022E+11,4,RUE BRILLAT SAVARIN,0,NULL,1,1,0,1,-1,-1,1,NULL,-1,2,0,1,30,
2.022E+11,2,9,2022,13:00:00,1,75,75113,2,2,2,3,RUE BRILLAT SAVARIN,"488,225,880,000","23,440,340,000",2.022E+11,772 371,B01,3,1,0,2,1,1,5,NULL,2.022E+11,1 044 187,772 371,B01,1,1,4,1,1996,4,2,8,-1,0,0,-1,2.022E+11,4,RUE BRILLAT SAVARIN,0,NULL,1,1,0,1,-1,-1,1,NULL,-1,2,0,1,30,
2.022E+11,22,6,2022,07:50:00,1,37,37261,2,3,1,3,VAILLANT (RUE EDOUARD),"473,842,420,735","0,7012809813",2.022E+11,771 855,B01,2,1,0,2,1,1,5,NULL,2.022E+11,1 043 485,771 854,A01,1,1,1,1,2002,1,1,0,-1,-1,-1,-1,2.022E+11,4,NULL,0,NULL,2,2,1,1,-1,-1,1,NULL,-1,1,0,1,50,
2.022E+11,22,6,2022,07:50:00,1,37,37261,2,3,1,3,VAILLANT (RUE EDOUARD),"473,842,420,735","0,7012809813",2.022E+11,771 855,B01,2,1,0,2,1,1,5,NULL,2.022E+11,1 043 487,771 855,B01,1,1,4,1,1991,0,8,0,-1,-1,-1,-1,2.022E+11,4,NULL,0,NULL,2,2,1,1,-1,-1,1,NULL,-1,1,0,1,50,
2.022E+11,23,5,2022,08:35:00,1,75,75119,2,2,1,6,RUE DE MOUZAIA,"488,801,414,293","23,919,745,535",2.022E+11,767 354,A01,2,1,1,2,1,1,5,NULL,2.022E+11,1 037 559,767 352,Z01,1,1,1,1,1994,4,1,0,-1,0,0,-1,2.022E+11,4,RUE DE MOUZAIA,0,NULL,2,2,0,2,-1,-1,1,NULL,-1,2,0,1,30,
2.022E+11,23,5,2022,08:35:00,1,75,75119,2,2,1,6,RUE DE MOUZAIA,"488,801,414,293","23,919,745,535",2.022E+11,767 354,A01,2,1,1,2,1,1,5,NULL,2.022E+11,1 037 562,767 354,A01,1,1,4,1,1979,4,2,0,-1,0,0,-1,2.022E+11,4,RUE DE MOUZAIA,0,NULL,2,2,0,2,-1,-1,1,NULL,-1,2,0,1,30,
2.022E+11,19,6,2022,11:00:00,1,34,34145,1,1,1,3,Chemin du Pont des Anes,"436,641,990,000","41,494,560,000",2.022E+11,765 249,B01,0,1,0,2,8,1,5,NULL,2.022E+11,1 034 723,765 249,B01,1,1,4,1,1959,5,2,9,-1,0,0,-1,2.022E+11,4,61,0,NULL,2,2,0,1,-1,-1,1,NULL,-1,1,0,1,80,
2.022E+11,19,6,2022,11:00:00,1,34,34145,1,1,1,3,Chemin du Pont des Anes,"436,641,990,000","41,494,560,000",2.022E+11,765 249,B01,0,1,0,2,8,1,5,NULL,2.022E+11,1 034 725,765 251,A01,1,1,1,2,1989,5,1,-1,-1,0,0,-1,2.022E+11,4,61,0,NULL,2,2,0,1,-1,-1,1,NULL,-1,1,0,1,80,
2.022E+11,20,5,2022,15:00:00,1,75,75111,2,2,1,3,BOULEVARD VOLTAIRE,"488,660,340,000","23,663,790,000",2.022E+11,763 496,B01,2,1,0,2,1,1,5,NULL,2.022E+11,1 032 455,763 495,A01,1,1,1,1,1957,4,1,0,-1,0,0,-1,2.022E+11,4,BOULEVARD VOLTAIRE,0,NULL,2,4,1,1,-1,-1,1,NULL,-1,1,-1,5,30,
2.022E+11,20,5,2022,15:00:00,1,75,75111,2,2,1,3,BOULEVARD VOLTAIRE,"488,660,340,000","23,663,790,000",2.022E+11,763 496,B01,2,1,0,2,1,1,5,NULL,2.022E+11,1 032 456,763 495,A01,3,2,1,2,1955,5,1,0,-1,0,0,-1,2.022E+11,4,BOULEVARD VOLTAIRE,0,NULL,2,4,1,1,-1,-1,1,NULL,-1,1,-1,5,30,
2.022E+11,20,5,2022,15:00:00,1,75,75111,2,2,1,3,BOULEVARD VOLTAIRE,"488,660,340,000","23,663,790,000",2.022E+11,763 496,B01,2,1,0,2,1,1,5,NULL,2.022E+11,1 032 457,763 496,B01,1,1,4,2,1988,9,2,0,-1,0,0,-1,2.022E+11,4,BOULEVARD VOLTAIRE,0,NULL,2,4,1,1,-1,-1,1,NULL,-1,1,-1,5,30,
2.022E+11,14,4,2022,00:07:00,5,62,62139,2,1,1,6,LAGRANGE (RUE LEO.....),"507,172,200,000","22,601,600,000",2.022E+11,762 448,A01,1,1,0,2,0,26,5,NULL,2.022E+11,1 031 066,762 448,A01,1,1,4,1,1987,5,8,-1,-1,-1,-1,-1,2.022E+11,3,LAGRANGE (RUE LEO.....),0,NULL,-1,1,0,1,7,315,1,NULL,-1,1,0,1,50,
2.022E+11,13,4,2022,13:53:00,1,45,45234,2,2,8,3,Rue Royale,"479,013,000,000","19,039,200,000",2.022E+11,761 900,B01,2,1,0,2,8,1,5,NULL,2.022E+11,1 030 369,761 900,B01,1,1,4,1,2004,5,2,0,-1,-1,-1,-1,2.022E+11,4,ROYALE (RUE),0,NULL,2,2,1,1,-1,-1,1,NULL,-1,1,0,1,30,
2.022E+11,13,4,2022,13:53:00,1,45,45234,2,2,8,3,Rue Royale,"479,013,000,000","19,039,200,000",2.022E+11,761 900,B01,2,1,0,2,8,1,5,NULL,2.022E+11,1 030 370,761 901,A01,1,1,1,2,1958,5,1,0,-1,-1,-1,-1,2.022E+11,4,ROYALE (RUE),0,NULL,2,2,1,1,-1,-1,1,NULL,-1,1,0,1,30,
2.022E+11,28,8,2022,08:20:00,1,75,75118,2,1,1,3,RUE DES POISSONNIERS,"488,957,560,000","23,529,440,000",2.022E+11,758 689,B01,1,1,0,2,1,1,5,NULL,2.022E+11,1 026 138,758 689,B01,1,1,4,2,2004,5,8,0,-1,0,0,-1,2.022E+11,4,RUE DES POISSONNIERS,0,NULL,2,2,0,1,-1,-1,1,NULL,-1,1,0,1,30,
2.022E+11,28,8,2022,08:20:00,1,75,75118,2,1,1,3,RUE DES POISSONNIERS,"488,957,560,000","23,529,440,000",2.022E+11,758 689,B01,1,1,0,2,1,1,5,NULL,2.022E+11,1 026 140,758 691,A01,1,1,1,1,1970,4,1,0,-1,0,0,-1,2.022E+11,4,RUE DES POISSONNIERS,0,NULL,2,2,0,1,-1,-1,1,NULL,-1,1,0,1,30,
2.022E+11,11,4,2022,08:00:00,1,69,69264,2,1,1,6,Boulevard Louis Blanc,"459,899,500,000","47,215,700,000",2.022E+11,757 980,A01,1,1,9,0,1,25,0,NULL,2.022E+11,1 025 186,757 980,A01,1,1,4,1,1967,1,2,-1,-1,0,0,-1,2.022E+11,4,BLANC  LOUIS  BD,0,NULL,2,2,1,2,-1,-1,1,NULL,-1,1,6,4,50,
2.022E+11,17,4,2022,11:30:00,1,94,94019,2,1,1,2,Rue du Pont,"487,904,600,000","25,243,800,000",2.022E+11,753 514,A01,2,1,0,2,4,2,5,NULL,2.022E+11,1 019 112,753 513,B01,1,1,1,1,1948,5,1,0,-1,-1,-1,-1,2.022E+11,3,PONT (R DU),0,NULL,2,2,0,2,0,1,3,NULL,-1,1,0,1,50,
2.022E+11,17,4,2022,11:30:00,1,94,94019,2,1,1,2,Rue du Pont,"487,904,600,000","25,243,800,000",2.022E+11,753 514,A01,2,1,0,2,4,2,5,NULL,2.022E+11,1 019 113,753 514,A01,1,1,4,1,1970,5,2,8,-1,-1,-1,-1,2.022E+11,3,PONT (R DU),0,NULL,2,2,0,2,0,1,3,NULL,-1,1,0,1,50,
2.022E+11,9,12,2022,16:35:00,2,75,75114,2,1,1,6,BOULEVARD ARAGO,"488,344,870,000","23,343,560,000",2.022E+11,752 951,Z01,1,1,0,1,7,25,5,NULL,2.022E+11,1 018 373,752 951,Z01,1,1,1,-1,NULL,-1,-1,-1,-1,-1,-1,-1,2.022E+11,4,BOULEVARD ARAGO,0,NULL,2,1,3,1,-1,-1,1,NULL,-1,1,0,4,30,
2.022E+11,9,12,2022,16:35:00,2,75,75114,2,1,1,6,BOULEVARD ARAGO,"488,344,870,000","23,343,560,000",2.022E+11,752 951,Z01,1,1,0,1,7,25,5,NULL,2.022E+11,1 018 374,752 951,Z01,10,3,4,1,2018,5,8,8,-1,5,1,2,2.022E+11,4,BOULEVARD ARAGO,0,NULL,2,1,3,1,-1,-1,1,NULL,-1,1,0,4,30,
2.022E+11,25,8,2022,09:05:00,1,13,13202,2,2,1,3,PARIS (BOULEVARD DE),"433,098,000,000","53,702,000,000",2.022E+11,751 472,C01,2,1,0,2,7,1,5,NULL,2.022E+11,1 016 325,751 472,C01,1,1,3,2,1983,0,8,0,-1,0,0,-1,2.022E+11,4,PARIS (BOULEVARD DE),0,NULL,1,3,3,2,-1,-1,1,NULL,-1,1,0,5,50,
2.022E+11,25,8,2022,09:05:00,1,13,13202,2,2,1,3,PARIS (BOULEVARD DE),"433,098,000,000","53,702,000,000",2.022E+11,751 476,B01,2,1,0,2,7,1,5,NULL,2.022E+11,1 016 325,751 472,C01,1,1,3,2,1983,0,8,0,-1,0,0,-1,2.022E+11,4,PARIS (BOULEVARD DE),0,NULL,1,3,3,2,-1,-1,1,NULL,-1,1,0,5,50,