Accident_Id,jour,mois,an,hrmn,lum,dep,com,agg,int,atm,col,adr,lat,long,Num_Acc,id_vehicule,num_veh,senc,catv,obs,obsm,choc,manv,motor,occutc,Num_Acc,id_usager,id_vehicule,num_veh,place,catu,grav,sexe,an_nais,trajet,secu1,secu2,secu3,locp,actp,etatp,Num_Acc,catr,voie,v1,v2,circ,nbv,vosp,prof,pr,pr1,plan,lartpc,larrout,surf,infra,situ,vma,
2.022E+11,8,3,2022,18:31:00,1,85,85194,2,1,1,6,GAMBETTA (RUE LEON),"465,002,900,000","-17,778,800,000",2.022E+11,776 550,B01,3,1,1,0,1,1,5,NULL,2.022E+11,1 049 906,776 550,B01,1,1,4,2,2004,0,8,0,-1,-1,-1,-1,2.022E+11,4,GAMBETTA (RUE LEON),0,NULL,-1,2,0,2,-1,-1,1,NULL,-1,2,0,1,50,
2.022E+11,8,3,2022,18:31:00,1,85,85194,2,1,1,6,GAMBETTA (RUE LEON),"465,002,900,000","-17,778,800,000",2.022E+11,776 550,B01,3,1,1,0,1,1,5,NULL,2.022E+11,1 049 908,776 552,A01,1,1,1,1,1954,0,8,0,-1,-1,-1,-1,2.022E+11,4,GAMBETTA (RUE LEON),0,NULL,-1,2,0,2,-1,-1,1,NULL,-1,2,0,1,50,
2.022E+11,11,3,2022,16:35:00,1,95,95652,2,1,2,6,1ter Rue de l Etang,"491,251,366,741","23,685,675,859",2.022E+11,776 159,A01,3,1,0,1,1,18,5,NULL,2.022E+11,1 049 395,776 159,A01,1,1,1,1,2008,2,0,-1,-1,0,0,-1,2.022E+11,4,NULL,-1,NULL,1,2,3,1,-1,-1,1,NULL,-1,2,0,1,30,
2.022E+11,11,3,2022,16:35:00,1,95,95652,2,1,2,6,1ter Rue de l Etang,"491,251,366,741","23,685,675,859",2.022E+11,776 159,A01,3,1,0,1,1,18,5,NULL,2.022E+11,1 049 397,776 159,A01,10,3,4,2,1961,5,0,-1,-1,5,1,1,2.022E+11,4,NULL,-1,NULL,1,2,3,1,-1,-1,1,NULL,-1,2,0,1,30,
2.022E+11,7,10,2022,20:15:00,5,75,75108,2,1,1,3,AVENUE DE WAGRAM,"488,758,520,000","22,966,500,000",2.022E+11,775 037,A01,1,1,0,2,1,1,5,NULL,2.022E+11,1 047 889,775 035,Z01,1,1,1,-1,NULL,-1,-1,-1,-1,-1,-1,-1,2.022E+11,4,AVENUE DE WAGRAM,0,NULL,2,4,1,2,-1,-1,1,NULL,-1,1,-1,5,30,
2.022E+11,7,10,2022,20:15:00,5,75,75108,2,1,1,3,AVENUE DE WAGRAM,"488,758,520,000","22,966,500,000",2.022E+11,775 037,A01,1,1,0,2,1,1,5,NULL,2.022E+11,1 047 890,775 035,Z01,2,2,1,2,1994,9,8,0,-1,0,0,-1,2.022E+11,4,AVENUE DE WAGRAM,0,NULL,2,4,1,2,-1,-1,1,NULL,-1,1,-1,5,30,
2.022E+11,7,10,2022,20:15:00,5,75,75108,2,1,1,3,AVENUE DE WAGRAM,"488,758,520,000","22,966,500,000",2.022E+11,775 037,A01,1,1,0,2,1,1,5,NULL,2.022E+11,1 047 891,775 037,A01,1,1,4,1,1998,9,8,0,-1,0,0,-1,2.022E+11,4,AVENUE DE WAGRAM,0,NULL,2,4,1,2,-1,-1,1,NULL,-1,1,-1,5,30,
2.022E+11,25,5,2022,10:45:00,1,75,75111,2,2,1,3,BOULEVARD BEAUMARCHAIS,"488,558,222,586","23,684,991,896",2.022E+11,773 917,A01,2,1,0,2,1,1,5,NULL,2.022E+11,1 046 284,773 917,A01,1,1,4,2,1986,9,2,0,-1,0,0,-1,2.022E+11,4,BOULEVARD BEAUMARCHAIS,0,NULL,2,5,3,1,-1,-1,1,NULL,-1,1,-1,6,30,
2.022E+11,25,5,2022,10:45:00,1,75,75111,2,2,1,3,BOULEVARD BEAUMARCHAIS,"488,558,222,586","23,684,991,896",2.022E+11,773 917,A01,2,1,0,2,1,1,5,NULL,2.022E+11,1 046 288,773 920,B01,1,1,1,1,1994,4,1,0,-1,0,0,-1,2.022E+11,4,BOULEVARD BEAUMARCHAIS,0,NULL,2,5,3,1,-1,-1,1,NULL,-1,1,-1,6,30,
2.022E+11,21,5,2022,18:15:00,1,69,69219,1,1,1,3,Chemin de la Noyeraie,"456,356,966,642","46,858,383,840",2.022E+11,770 173,B01,3,1,0,2,1,1,5,NULL,2.022E+11,1 041 244,770 173,B01,1,1,3,1,2007,5,2,-1,-1,0,0,-1,2.022E+11,4,NULL,0,NULL,2,2,0,2,-1,-1,3,NULL,5,1,0,1,80,
2.022E+11,21,5,2022,18:15:00,1,69,69219,1,1,1,3,Chemin de la Noyeraie,"456,356,966,642","46,858,383,840",2.022E+11,770 173,B01,3,1,0,2,1,1,5,NULL,2.022E+11,1 041 245,770 174,A01,1,1,1,1,1995,9,1,-1,-1,0,0,-1,2.022E+11,4,NULL,0,NULL,2,2,0,2,-1,-1,3,NULL,5,1,0,1,80,
2.022E+11,21,6,2022,16:40:00,1,45,45147,2,2,1,3,28 Rue de la Sente,"479,248,900,000","19,119,300,000",2.022E+11,768 546,B01,1,1,0,2,8,0,5,NULL,2.022E+11,1 039 099,768 545,A01,1,1,1,2,1985,1,1,0,-1,-1,-1,-1,2.022E+11,4,SENTE (RUE DE LA SENTE),0,NULL,1,1,1,1,-1,-1,1,NULL,-1,1,0,1,50,
2.022E+11,21,6,2022,16:40:00,1,45,45147,2,2,1,3,28 Rue de la Sente,"479,248,900,000","19,119,300,000",2.022E+11,768 546,B01,1,1,0,2,8,0,5,NULL,2.022E+11,1 039 100,768 546,B01,1,1,4,1,1979,1,2,0,-1,-1,-1,-1,2.022E+11,4,SENTE (RUE DE LA SENTE),0,NULL,1,1,1,1,-1,-1,1,NULL,-1,1,0,1,50,
2.022E+11,21,6,2022,09:10:00,1,75,75118,2,4,1,3,BOULEVARD ORNANO,"488,936,030,000","23,479,950,000",2.022E+11,768 423,B01,2,1,0,2,3,18,5,NULL,2.022E+11,1 038 950,768 421,A01,1,1,1,1,1983,4,1,0,-1,0,0,-1,2.022E+11,4,BOULEVARD ORNANO,0,NULL,2,4,3,1,-1,-1,1,NULL,-1,1,0,1,30,
2.022E+11,21,6,2022,09:10:00,1,75,75118,2,4,1,3,BOULEVARD ORNANO,"488,936,030,000","23,479,950,000",2.022E+11,768 423,B01,2,1,0,2,3,18,5,NULL,2.022E+11,1 038 952,768 423,B01,1,1,4,2,1992,1,8,0,-1,0,0,-1,2.022E+11,4,BOULEVARD ORNANO,0,NULL,2,4,3,1,-1,-1,1,NULL,-1,1,0,1,30,
2.022E+11,27,1,2022,16:20:00,1,30,30133,1,1,1,6,D62a,"435,550,490,000","41,464,810,000",2.022E+11,768 100,C01,2,1,0,2,4,2,5,NULL,2.022E+11,1 038 523,768 100,C01,1,1,3,2,1953,5,2,-1,-1,0,0,-1,2.022E+11,3,62,-1,A,1,4,0,1,2,480,1,NULL,-1,1,0,1,90,
2.022E+11,27,1,2022,16:20:00,1,30,30133,1,1,1,6,D62a,"435,550,490,000","41,464,810,000",2.022E+11,768 101,B01,2,1,0,2,4,2,5,NULL,2.022E+11,1 038 523,768 100,C01,1,1,3,2,1953,5,2,-1,-1,0,0,-1,2.022E+11,3,62,-1,A,1,4,0,1,2,480,1,NULL,-1,1,0,1,90,
2.022E+11,27,1,2022,16:20:00,1,30,30133,1,1,1,6,D62a,"435,550,490,000","41,464,810,000",2.022E+11,768 100,C01,2,1,0,2,4,2,5,NULL,2.022E+11,1 038 524,768 101,B01,1,1,2,1,1946,5,0,-1,-1,0,0,-1,2.022E+11,3,62,-1,A,1,4,0,1,2,480,1,NULL,-1,1,0,1,90,
2.022E+11,27,1,2022,16:20:00,1,30,30133,1,1,1,6,D62a,"435,550,490,000","41,464,810,000",2.022E+11,768 101,B01,2,1,0,2,4,2,5,NULL,2.022E+11,1 038 524,768 101,B01,1,1,2,1,1946,5,0,-1,-1,0,0,-1,2.022E+11,3,62,-1,A,1,4,0,1,2,480,1,NULL,-1,1,0,1,90,
2.022E+11,27,1,2022,16:20:00,1,30,30133,1,1,1,6,D62a,"435,550,490,000","41,464,810,000",2.022E+11,768 100,C01,2,1,0,2,4,2,5,NULL,2.022E+11,1 038 525,768 102,A01,1,1,1,1,1971,5,1,-1,-1,0,0,-1,2.022E+11,3,62,-1,A,1,4,0,1,2,480,1,NULL,-1,1,0,1,90,
2.022E+11,27,1,2022,16:20:00,1,30,30133,1,1,1,6,D62a,"435,550,490,000","41,464,810,000",2.022E+11,768 101,B01,2,1,0,2,4,2,5,NULL,2.022E+11,1 038 525,768 102,A01,1,1,1,1,1971,5,1,-1,-1,0,0,-1,2.022E+11,3,62,-1,A,1,4,0,1,2,480,1,NULL,-1,1,0,1,90,
2.022E+11,5,10,2022,16:30:00,1,83,83019,2,4,1,3,route de bénat,"431,346,609,816","63,511,329,889",2.022E+11,767 890,B01,2,1,0,2,8,1,5,NULL,2.022E+11,1 038 246,767 888,A01,1,1,1,1,1968,5,1,-1,-1,0,0,-1,2.022E+11,3,298,-1,NULL,2,2,0,3,0,420,1,NULL,-1,1,0,1,50,
2.022E+11,5,10,2022,16:30:00,1,83,83019,2,4,1,3,route de bénat,"431,346,609,816","63,511,329,889",2.022E+11,767 890,B01,2,1,0,2,8,1,5,NULL,2.022E+11,1 038 247,767 890,B01,1,1,3,2,1961,5,0,-1,-1,0,0,-1,2.022E+11,3,298,-1,NULL,2,2,0,3,0,420,1,NULL,-1,1,0,1,50,
2.022E+11,5,3,2022,01:10:00,5,75,75111,2,2,1,1,RUE DU FAUBOURG SAINT ANTOINE,"488,504,088,104","23,813,965,917",2.022E+11,762 672,A01,1,1,0,2,1,5,5,NULL,2.022E+11,1 031 353,762 671,B01,1,1,4,1,2001,9,2,6,-1,0,0,-1,2.022E+11,4,RUE DU FAUBOURG SAINT ANTOINE,0,NULL,2,3,3,1,-1,-1,1,NULL,-1,1,-1,6,30,
2.022E+11,5,3,2022,01:10:00,5,75,75111,2,2,1,1,RUE DU FAUBOURG SAINT ANTOINE,"488,504,088,104","23,813,965,917",2.022E+11,762 672,A01,1,1,0,2,1,5,5,NULL,2.022E+11,1 031 354,762 672,A01,1,1,4,1,1991,5,2,0,-1,0,0,-1,2.022E+11,4,RUE DU FAUBOURG SAINT ANTOINE,0,NULL,2,3,3,1,-1,-1,1,NULL,-1,1,-1,6,30,
2.022E+11,11,12,2022,16:00:00,1,33,33063,2,2,1,3,Cours Aristide Briand,"448,318,800,000"," -0,5772700000",2.022E+11,759 546,A01,1,1,0,2,1,1,5,NULL,2.022E+11,1 027 274,759 546,A01,1,1,4,1,1998,1,0,-1,-1,0,0,-1,2.022E+11,4,BRIAND (CRS ARISTIDE),0,NULL,2,2,3,1,-1,-1,1,NULL,-1,1,5,1,50,
2.022E+11,11,12,2022,16:00:00,1,33,33063,2,2,1,3,Cours Aristide Briand,"448,318,800,000"," -0,5772700000",2.022E+11,759 546,A01,1,1,0,2,1,1,5,NULL,2.022E+11,1 027 275,759 547,B01,1,1,1,1,1979,5,1,-1,-1,0,0,-1,2.022E+11,4,BRIAND (CRS ARISTIDE),0,NULL,2,2,3,1,-1,-1,1,NULL,-1,1,5,1,50,
2.022E+11,11,4,2022,13:10:00,1,78,78498,1,1,1,2,PONTOISE AV DE,"489,412,000,000","20,578,700,000",2.022E+11,758 006,B01,1,1,1,0,1,1,5,NULL,2.022E+11,1 025 222,758 006,B01,1,1,3,1,1979,1,2,0,-1,-1,-1,-1,2.022E+11,3,PONTOISE AV DE,0,NULL,3,1,1,2,19,980,1,NULL,-1,1,0,5,70,
2.022E+11,11,4,2022,13:10:00,1,78,78498,1,1,1,2,PONTOISE AV DE,"489,412,000,000","20,578,700,000",2.022E+11,758 006,B01,1,1,1,0,1,1,5,NULL,2.022E+11,1 025 223,758 007,A01,1,1,1,1,1990,-1,1,-1,-1,-1,-1,-1,2.022E+11,3,PONTOISE AV DE,0,NULL,3,1,1,2,19,980,1,NULL,-1,1,0,5,70,
2.022E+11,13,5,2022,19:00:00,1,79,79191,2,1,1,3,94 Rue de l’Aérodrome,"463,214,600,000"," -0,4194000000",2.022E+11,756 720,B01,3,1,0,0,0,19,5,NULL,2.022E+11,1 023 485,756 719,A01,1,1,1,2,1977,9,1,-1,-1,-1,-1,-1,2.022E+11,4,MENDES-FRANCE P.(BD) AERODROME/LAMBON,0,NULL,2,2,0,1,-1,-1,1,NULL,"7,7",1,0,1,50,
2.022E+11,13,5,2022,19:00:00,1,79,79191,2,1,1,3,94 Rue de l’Aérodrome,"463,214,600,000"," -0,4194000000",2.022E+11,756 720,B01,3,1,0,0,0,19,5,NULL,2.022E+11,1 023 486,756 720,B01,1,1,3,1,2011,0,2,0,-1,-1,-1,-1,2.022E+11,4,MENDES-FRANCE P.(BD) AERODROME/LAMBON,0,NULL,2,2,0,1,-1,-1,1,NULL,"7,7",1,0,1,50,
2.022E+11,28,2,2022,07:50:00,1,57,57672,2,1,1,6,D953 A,"493,534,000,000","61,795,400,000",2.022E+11,755 321,B01,1,1,0,2,1,1,5,NULL,2.022E+11,1 021 555,755 321,B01,1,1,3,1,1962,5,8,0,-1,-1,-1,-1,2.022E+11,3,SCHUMANN (RUE ROBERT),0,NULL,1,1,0,1,0,250,2,NULL,-1,1,0,1,50,
2.022E+11,19,1,2022,18:22:00,5,93,93066,2,2,2,3,LENINE (AVENUE) NR 28 A 62 ET 13 A 41,"489,419,878,691","23,655,425,012",2.022E+11,754 791,B01,3,1,0,2,6,19,5,NULL,2.022E+11,1 020 847,754 791,B01,1,1,4,2,1987,0,-1,0,-1,-1,-1,-1,2.022E+11,3,LENINE (AVENUE) NR 28 A 62 ET 13 A 41,0,NULL,3,5,0,1,0,1,1,NULL,-1,2,0,8,50,
2.022E+11,19,1,2022,18:22:00,5,93,93066,2,2,2,3,LENINE (AVENUE) NR 28 A 62 ET 13 A 41,"489,419,878,691","23,655,425,012",2.022E+11,754 791,B01,3,1,0,2,6,19,5,NULL,2.022E+11,1 020 850,754 794,A01,1,1,1,1,1974,4,8,8,-1,-1,-1,-1,2.022E+11,3,LENINE (AVENUE) NR 28 A 62 ET 13 A 41,0,NULL,3,5,0,1,0,1,1,NULL,-1,2,0,8,50,
2.022E+11,19,1,2022,18:22:00,5,93,93066,2,2,2,3,LENINE (AVENUE) NR 28 A 62 ET 13 A 41,"489,419,878,691","23,655,425,012",2.022E+11,754 791,B01,3,1,0,2,6,19,5,NULL,2.022E+11,1 020 852,754 794,A01,2,2,1,1,1977,4,8,8,-1,-1,-1,-1,2.022E+11,3,LENINE (AVENUE) NR 28 A 62 ET 13 A 41,0,NULL,3,5,0,1,0,1,1,NULL,-1,2,0,8,50,
2.022E+11,27,8,2022,11:30:00,1,30,30193,2,1,1,6,D1,"438,703,340,000","42,126,990,000",2.022E+11,752 046,A01,2,1,0,0,1,0,5,NULL,2.022E+11,1 017 090,752 046,A01,1,1,3,1,1962,5,2,-1,-1,0,0,-1,2.022E+11,3,1,0,D,2,2,0,1,5,600,1,NULL,5,1,9,1,30,
2.022E+11,16,6,2022,10:15:00,1,66,66210,2,6,1,3,D612,"426,285,440,000","27,616,450,000",2.022E+11,748 151,B01,2,1,0,2,7,1,5,NULL,2.022E+11,1 011 874,748 148,A01,1,1,1,2,1956,9,1,-1,-1,0,0,-1,2.022E+11,3,612,0,D,2,1,1,1,22,632,2,NULL,-1,1,9,1,50,
2.022E+11,16,6,2022,10:15:00,1,66,66210,2,6,1,3,D612,"426,285,440,000","27,616,450,000",2.022E+11,748 151,B01,2,1,0,2,7,1,5,NULL,2.022E+11,1 011 877,748 151,B01,1,1,3,1,1948,5,2,-1,-1,0,0,-1,2.022E+11,3,612,0,D,2,1,1,1,22,632,2,NULL,-1,1,9,1,50,
2.022E+11,15,6,2022,08:20:00,1,25,25056,2,1,1,3,CRAS RUE DES,"472,517,100,000","60,301,300,000",2.022E+11,747 699,B01,2,1,0,2,1,1,5,NULL,2.022E+11,1 011 290,747 699,B01,1,1,4,2,1988,0,-1,0,-1,-1,-1,-1,2.022E+11,4,CRAS RUE DES,0,NULL,2,2,0,2,-1,-1,2,NULL,-1,1,0,1,50,
2.022E+11,15,6,2022,08:20:00,1,25,25056,2,1,1,3,CRAS RUE DES,"472,517,100,000","60,301,300,000",2.022E+11,747 699,B01,2,1,0,2,1,1,5,NULL,2.022E+11,1 011 292,747 700,A01,1,1,1,1,1998,0,1,0,-1,-1,-1,-1,2.022E+11,4,CRAS RUE DES,0,NULL,2,2,0,2,-1,-1,2,NULL,-1,1,0,1,50,
2.022E+11,1,12,2022,13:48:00,1,68,68066,2,1,1,6,LADHOF (RUE DU),"481,062,300,000","73,790,000,000",2.022E+11,746 153,B01,1,1,0,2,1,0,5,NULL,2.022E+11,1 009 249,746 151,A01,1,1,1,1,1937,5,1,8,-1,0,0,-1,2.022E+11,3,LADHOF (RUE DU),0,NULL,2,2,0,1,3,50,1,NULL,-1,1,0,1,50,
2.022E+11,1,12,2022,13:48:00,1,68,68066,2,1,1,6,LADHOF (RUE DU),"481,062,300,000","73,790,000,000",2.022E+11,746 153,B01,1,1,0,2,1,0,5,NULL,2.022E+11,1 009 251,746 153,B01,1,1,4,1,1989,9,8,0,-1,0,0,-1,2.022E+11,3,LADHOF (RUE DU),0,NULL,2,2,0,1,3,50,1,NULL,-1,1,0,1,50,
2.022E+11,23,8,2022,17:50:00,1,75,75107,2,3,1,3,QUAI VOLTAIRE,"488,585,550,000","23,324,680,000",2.022E+11,744 934,B01,3,1,0,2,0,1,5,NULL,2.022E+11,1 007 596,744 931,A01,1,1,1,1,1946,4,1,0,-1,0,0,-1,2.022E+11,4,QUAI VOLTAIRE,0,NULL,2,5,1,1,-1,-1,1,NULL,-1,1,-1,5,30,
2.022E+11,23,8,2022,17:50:00,1,75,75107,2,3,1,3,QUAI VOLTAIRE,"488,585,550,000","23,324,680,000",2.022E+11,744 934,B01,3,1,0,2,0,1,5,NULL,2.022E+11,1 007 599,744 934,B01,1,1,4,2,1997,9,8,0,-1,0,0,-1,2.022E+11,4,QUAI VOLTAIRE,0,NULL,2,5,1,1,-1,-1,1,NULL,-1,1,-1,5,30,
2.022E+11,5,4,2022,18:13:00,1,49,49007,2,1,1,7,COTE DE BELLEVUE,"474,613,600,000"," -0,6032400000",2.022E+11,744 038,A01,1,1,0,0,0,26,5,NULL,2.022E+11,1 006 418,744 038,A01,1,1,4,1,1988,9,8,0,-1,-1,-1,-1,2.022E+11,4,COTE DE BELLEVUE,0,NULL,2,2,0,1,1,0,1,NULL,-1,1,0,1,30,
2.022E+11,5,4,2022,17:40:00,1,64,64335,1,1,1,3,D817,"433,433,838,304"," -0,4146695137",2.022E+11,743 587,A01,1,1,0,2,3,13,5,NULL,2.022E+11,1 005 813,743 587,A01,1,1,4,1,1943,0,8,0,-1,-1,-1,-1,2.022E+11,3,D817,0,NULL,-1,2,0,1,33,936,1,NULL,-1,1,0,1,70,
2.022E+11,5,4,2022,17:40:00,1,64,64335,1,1,1,3,D817,"433,433,838,304"," -0,4146695137",2.022E+11,743 587,A01,1,1,0,2,3,13,5,NULL,2.022E+11,1 005 814,743 589,B01,1,1,1,1,1978,4,1,0,-1,-1,-1,-1,2.022E+11,3,D817,0,NULL,-1,2,0,1,33,936,1,NULL,-1,1,0,1,70,
2.022E+11,5,4,2022,17:40:00,1,64,64335,1,1,1,3,D817,"433,433,838,304"," -0,4146695137",2.022E+11,743 587,A01,1,1,0,2,3,13,5,NULL,2.022E+11,1 005 815,743 589,B01,2,2,1,1,2002,4,1,0,-1,-1,-1,-1,2.022E+11,3,D817,0,NULL,-1,2,0,1,33,936,1,NULL,-1,1,0,1,70,
2.022E+11,5,4,2022,17:40:00,1,64,64335,1,1,1,3,D817,"433,433,838,304"," -0,4146695137",2.022E+11,743 587,A01,1,1,0,2,3,13,5,NULL,2.022E+11,1 005 817,743 589,B01,4,2,1,1,2001,0,1,0,-1,-1,-1,-1,2.022E+11,3,D817,0,NULL,-1,2,0,1,33,936,1,NULL,-1,1,0,1,70,
2.022E+11,5,4,2022,17:40:00,1,64,64335,1,1,1,3,D817,"433,433,838,304"," -0,4146695137",2.022E+11,743 587,A01,1,1,0,2,3,13,5,NULL,2.022E+11,1 005 818,743 589,B01,5,2,1,1,1993,4,1,0,-1,-1,-1,-1,2.022E+11,3,D817,0,NULL,-1,2,0,1,33,936,1,NULL,-1,1,0,1,70,
2.022E+11,4,4,2022,21:30:00,5,13,13001,2,2,1,3,DE LATTRE DE TASSIGNY (AV),"435,321,800,000","54,374,300,000",2.022E+11,740 374,A01,3,1,0,2,0,9,5,NULL,2.022E+11,1 001 444,740 372,B01,1,1,1,-1,NULL,-1,-1,-1,-1,-1,-1,-1,2.022E+11,4,DE LATTRE DE TASSIGNY (AV),0,NULL,2,3,0,1,0,0,1,NULL,-1,1,5,1,50,
2.022E+11,4,4,2022,21:30:00,5,13,13001,2,2,1,3,DE LATTRE DE TASSIGNY (AV),"435,321,800,000","54,374,300,000",2.022E+11,740 374,A01,3,1,0,2,0,9,5,NULL,2.022E+11,1 001 447,740 374,A01,1,1,4,1,1999,0,8,0,-1,0,0,-1,2.022E+11,4,DE LATTRE DE TASSIGNY (AV),0,NULL,2,3,0,1,0,0,1,NULL,-1,1,5,1,50,
2.022E+11,3,4,2022,02:55:00,5,75,75104,2,3,1,2,BOULEVARD HENRI IV,"488,515,220,000","23,637,170,000",2.022E+11,737 402,A01,2,1,1,0,1,1,5,NULL,2.022E+11,997 320,737 402,A01,1,1,4,2,1994,9,0,0,-1,0,0,-1,2.022E+11,4,BOULEVARD HENRI IV,0,NULL,2,3,3,1,-1,-1,1,NULL,-1,1,0,1,30,
2.022E+11,3,4,2022,02:55:00,5,75,75104,2,3,1,2,BOULEVARD HENRI IV,"488,515,220,000","23,637,170,000",2.022E+11,737 402,A01,2,1,1,0,1,1,5,NULL,2.022E+11,997 322,737 404,B01,1,1,1,1,1989,4,1,0,-1,0,0,-1,2.022E+11,4,BOULEVARD HENRI IV,0,NULL,2,3,3,1,-1,-1,1,NULL,-1,1,0,1,30,
2.022E+11,18,2,2022,09:30:00,1,75,75103,2,2,2,3,RUE DE TURBIGO,"488,654,500,000","23,560,940,000",2.022E+11,728 275,B01,2,1,0,2,8,7,5,NULL,2.022E+11,985 228,728 275,B01,1,1,3,2,1964,1,2,0,-1,0,0,-1,2.022E+11,4,RUE DE TURBIGO,0,NULL,2,4,3,1,-1,-1,1,NULL,-1,2,-1,6,30,
2.022E+11,18,2,2022,09:30:00,1,75,75103,2,2,2,3,RUE DE TURBIGO,"488,654,500,000","23,560,940,000",2.022E+11,728 275,B01,2,1,0,2,8,7,5,NULL,2.022E+11,985 231,728 276,A01,1,1,1,1,1980,4,1,0,-1,0,0,-1,2.022E+11,4,RUE DE TURBIGO,0,NULL,2,4,3,1,-1,-1,1,NULL,-1,2,-1,6,30,
2.022E+11,10,8,2022,07:40:00,1,45,45093,1,1,7,3,Avenue du Château,"480,244,330,000","18,644,570,000",2.022E+11,728 256,B01,3,1,0,2,8,1,5,NULL,2.022E+11,985 204,728 254,A01,1,1,1,1,2003,1,8,-1,-1,0,0,-1,2.022E+11,4,1,0,NULL,2,2,0,1,-1,-1,1,NULL,-1,1,0,1,70,
2.022E+11,10,8,2022,07:40:00,1,45,45093,1,1,7,3,Avenue du Château,"480,244,330,000","18,644,570,000",2.022E+11,728 256,B01,3,1,0,2,8,1,5,NULL,2.022E+11,985 206,728 256,B01,1,1,4,1,1946,5,2,-1,-1,0,0,-1,2.022E+11,4,1,0,NULL,2,2,0,1,-1,-1,1,NULL,-1,1,0,1,70,
2.022E+11,15,2,2022,09:25:00,1,69,69387,2,3,2,1,Cours Gambetta,"457,553,443,948","48,426,349,347",2.022E+11,723 292,A01,3,1,0,2,1,0,0,NULL,2.022E+11,978 676,723 292,A01,1,1,4,2,1978,1,8,-1,-1,-1,-1,-1,2.022E+11,4,GAMBETTA                            (CO),0,NULL,2,4,3,2,-1,-1,1,NULL,-1,2,0,1,50,
2.022E+11,15,2,2022,09:25:00,1,69,69387,2,3,2,1,Cours Gambetta,"457,553,443,948","48,426,349,347",2.022E+11,723 292,A01,3,1,0,2,1,0,0,NULL,2.022E+11,978 679,723 294,B01,1,1,1,1,2001,5,1,-1,-1,-1,-1,-1,2.022E+11,4,GAMBETTA                            (CO),0,NULL,2,4,3,2,-1,-1,1,NULL,-1,2,0,1,50,
2.022E+11,15,2,2022,09:25:00,1,69,69387,2,3,2,1,Cours Gambetta,"457,553,443,948","48,426,349,347",2.022E+11,723 292,A01,3,1,0,2,1,0,0,NULL,2.022E+11,978 682,723 294,B01,2,2,1,1,2002,5,1,-1,-1,-1,-1,-1,2.022E+11,4,GAMBETTA                            (CO),0,NULL,2,4,3,2,-1,-1,1,NULL,-1,2,0,1,50,
2.022E+11,11,8,2022,16:35:00,1,974,97407,2,2,1,3,FERRY (RUE),"-209,356,500,000","552,966,400,000",2.022E+11,721 356,A01,1,1,16,0,1,19,5,NULL,2.022E+11,976 062,721 351,B01,1,1,1,1,1977,1,1,0,-1,0,0,-1,2.022E+11,4,FERRY (RUE),0,NULL,2,2,0,1,0,0,1,NULL,-1,1,0,1,50,
2.022E+11,11,8,2022,16:35:00,1,974,97407,2,2,1,3,FERRY (RUE),"-209,356,500,000","552,966,400,000",2.022E+11,721 356,A01,1,1,16,0,1,19,5,NULL,2.022E+11,976 068,721 356,A01,1,1,4,1,1956,3,8,8,-1,0,0,-1,2.022E+11,4,FERRY (RUE),0,NULL,2,2,0,1,0,0,1,NULL,-1,1,0,1,50,
2.022E+11,8,7,2022,18:45:00,1,53,53063,2,3,1,1,Rue Principale,"478,090,380,000"," -0,5971770000",2.022E+11,720 503,B01,2,1,0,2,1,15,5,NULL,2.022E+11,974 885,720 503,B01,1,1,3,1,1986,5,2,-1,-1,0,0,-1,2.022E+11,3,105,-1,NULL,2,2,0,1,7,960,1,NULL,-1,1,0,1,30,
2.022E+11,8,7,2022,18:45:00,1,53,53063,2,3,1,1,Rue Principale,"478,090,380,000"," -0,5971770000",2.022E+11,720 503,B01,2,1,0,2,1,15,5,NULL,2.022E+11,974 898,720 512,A01,1,1,1,1,1945,5,1,-1,-1,0,0,-1,2.022E+11,3,105,-1,NULL,2,2,0,1,7,960,1,NULL,-1,1,0,1,30,
2.022E+11,19,9,2022,13:45:00,1,64,64445,2,6,1,7,avenue Dufau,"433,110,000,000"," -0,3630000000",2.022E+11,719 716,Z01,2,1,0,0,0,1,5,NULL,2.022E+11,973 801,719 702,B01,8,2,4,2,2000,5,8,0,-1,-1,-1,-1,2.022E+11,4,DUFAU,0,NULL,1,1,3,1,0,0,1,NULL,-1,1,0,6,30,
2.022E+11,19,9,2022,13:45:00,1,64,64445,2,6,1,7,avenue Dufau,"433,110,000,000"," -0,3630000000",2.022E+11,719 716,Z01,2,1,0,0,0,1,5,NULL,2.022E+11,973 805,719 702,B01,8,2,4,2,1936,5,8,0,-1,-1,-1,-1,2.022E+11,4,DUFAU,0,NULL,1,1,3,1,0,0,1,NULL,-1,1,0,6,30,
2.022E+11,19,9,2022,13:45:00,1,64,64445,2,6,1,7,avenue Dufau,"433,110,000,000"," -0,3630000000",2.022E+11,719 716,Z01,2,1,0,0,0,1,5,NULL,2.022E+11,973 807,719 702,B01,7,2,4,1,1954,5,8,0,-1,-1,-1,-1,2.022E+11,4,DUFAU,0,NULL,1,1,3,1,0,0,1,NULL,-1,1,0,6,30,
2.022E+11,19,9,2022,13:45:00,1,64,64445,2,6,1,7,avenue Dufau,"433,110,000,000"," -0,3630000000",2.022E+11,719 716,Z01,2,1,0,0,0,1,5,NULL,2.022E+11,973 811,719 702,B01,9,2,4,2,2003,5,8,0,-1,-1,-1,-1,2.022E+11,4,DUFAU,0,NULL,1,1,3,1,0,0,1,NULL,-1,1,0,6,30,