Accident_Id,jour,mois,an,hrmn,lum,dep,com,agg,int,atm,col,adr,lat,long,Num_Acc,id_vehicule,num_veh,senc,catv,obs,obsm,choc,manv,motor,occutc,Num_Acc,id_usager,id_vehicule,num_veh,place,catu,grav,sexe,an_nais,trajet,secu1,secu2,secu3,locp,actp,etatp,Num_Acc,catr,voie,v1,v2,circ,nbv,vosp,prof,pr,pr1,plan,lartpc,larrout,surf,infra,situ,vma,
2.022E+11,19,9,2022,13:45:00,1,64,64445,2,6,1,7,avenue Dufau,"433,110,000,000"," -0,3630000000",2.022E+11,719 716,Z01,2,1,0,0,0,1,5,NULL,2.022E+11,973 814,719 702,B01,3,2,4,1,2010,5,8,0,-1,-1,-1,-1,2.022E+11,4,DUFAU,0,NULL,1,1,3,1,0,0,1,NULL,-1,1,0,6,30,
2.022E+11,19,9,2022,13:45:00,1,64,64445,2,6,1,7,avenue Dufau,"433,110,000,000"," -0,3630000000",2.022E+11,719 716,Z01,2,1,0,0,0,1,5,NULL,2.022E+11,973 816,719 702,B01,7,2,4,2,2010,5,8,0,-1,-1,-1,-1,2.022E+11,4,DUFAU,0,NULL,1,1,3,1,0,0,1,NULL,-1,1,0,6,30,
2.022E+11,19,9,2022,13:45:00,1,64,64445,2,6,1,7,avenue Dufau,"433,110,000,000"," -0,3630000000",2.022E+11,719 716,Z01,2,1,0,0,0,1,5,NULL,2.022E+11,973 819,719 702,B01,1,1,1,1,1994,4,1,0,-1,-1,-1,-1,2.022E+11,4,DUFAU,0,NULL,1,1,3,1,0,0,1,NULL,-1,1,0,6,30,
2.022E+11,19,9,2022,13:45:00,1,64,64445,2,6,1,7,avenue Dufau,"433,110,000,000"," -0,3630000000",2.022E+11,719 716,Z01,2,1,0,0,0,1,5,NULL,2.022E+11,973 825,719 716,Z01,1,1,1,1,2000,0,8,0,-1,-1,-1,-1,2.022E+11,4,DUFAU,0,NULL,1,1,3,1,0,0,1,NULL,-1,1,0,6,30,
2.022E+11,6,5,2022,10:20:00,1,75,75113,2,3,1,3,AVENUE D IVRY,"488,259,400,000","23,604,390,000",2.022E+11,719 243,B01,2,1,0,2,1,1,5,NULL,2.022E+11,973 158,719 242,A01,1,1,1,1,2003,5,2,6,-1,0,0,-1,2.022E+11,4,AVENUE D IVRY,0,NULL,1,4,1,1,-1,-1,1,NULL,-1,1,0,5,30,
2.022E+11,6,5,2022,10:20:00,1,75,75113,2,3,1,3,AVENUE D IVRY,"488,259,400,000","23,604,390,000",2.022E+11,719 243,B01,2,1,0,2,1,1,5,NULL,2.022E+11,973 160,719 243,B01,1,1,4,2,1957,9,2,0,-1,0,0,-1,2.022E+11,4,AVENUE D IVRY,0,NULL,1,4,1,1,-1,-1,1,NULL,-1,1,0,5,30,
2.022E+11,23,10,2022,10:30:00,1,78,78062,1,3,7,3,Route de Frileuse,"488,506,680,000","18,949,270,000",2.022E+11,718 716,B01,2,1,0,2,1,1,5,NULL,2.022E+11,972 414,718 710,A01,1,1,4,1,1966,5,1,-1,-1,0,0,-1,2.022E+11,3,119,-1,NULL,2,2,0,2,12,500,2,NULL,-1,1,5,1,70,
2.022E+11,23,10,2022,10:30:00,1,78,78062,1,3,7,3,Route de Frileuse,"488,506,680,000","18,949,270,000",2.022E+11,718 716,B01,2,1,0,2,1,1,5,NULL,2.022E+11,972 419,718 716,B01,1,1,3,1,1957,5,2,-1,-1,0,0,-1,2.022E+11,3,119,-1,NULL,2,2,0,2,12,500,2,NULL,-1,1,5,1,70,
2.022E+11,26,3,2022,15:30:00,1,94,94052,2,1,7,6,Rue Victor Hugo,"488,331,000,000","24,760,800,000",2.022E+11,718 553,A01,1,1,1,0,1,0,5,NULL,2.022E+11,972 205,718 553,A01,1,1,4,1,2008,5,0,0,-1,-1,-1,-1,2.022E+11,4,VICTOR HUGO (R),0,NULL,3,2,0,2,1,0,2,NULL,-1,1,0,1,30,
2.022E+11,4,6,2022,16:05:00,1,24,24264,1,1,1,3,D6089,"450,081,650,000","0,1347220000",2.022E+11,717 590,B01,1,1,0,2,8,1,5,NULL,2.022E+11,970 822,717 584,A01,1,1,1,2,1978,0,8,-1,-1,0,0,-1,2.022E+11,3,6089,0,D,2,2,0,1,152,-1,1,NULL,-1,1,0,1,80,
2.022E+11,4,6,2022,16:05:00,1,24,24264,1,1,1,3,D6089,"450,081,650,000","0,1347220000",2.022E+11,717 590,B01,1,1,0,2,8,1,5,NULL,2.022E+11,970 829,717 590,B01,1,1,3,2,1947,3,0,-1,-1,0,0,-1,2.022E+11,3,6089,0,D,2,2,0,1,152,-1,1,NULL,-1,1,0,1,80,
2.022E+11,23,3,2022,11:10:00,1,75,75108,2,1,1,3,RUE LA BOETIE,"488,708,490,000","23,060,120,000",2.022E+11,810 394,B01,1,1,0,2,1,18,5,NULL,2.022E+11,1 094 951,810 394,B01,1,1,4,1,1990,4,0,0,-1,0,0,-1,2.022E+11,4,RUE LA BOETIE,0,NULL,1,2,0,1,-1,-1,1,NULL,-1,1,0,1,30,
2.022E+11,23,3,2022,11:10:00,1,75,75108,2,1,1,3,RUE LA BOETIE,"488,708,490,000","23,060,120,000",2.022E+11,810 394,B01,1,1,0,2,1,18,5,NULL,2.022E+11,1 094 955,810 397,A01,1,1,1,1,1959,4,1,0,-1,0,0,-1,2.022E+11,4,RUE LA BOETIE,0,NULL,1,2,0,1,-1,-1,1,NULL,-1,1,0,1,30,
2.022E+11,23,3,2022,11:10:00,1,75,75108,2,1,1,3,RUE LA BOETIE,"488,708,490,000","23,060,120,000",2.022E+11,810 394,B01,1,1,0,2,1,18,5,NULL,2.022E+11,1 094 957,810 397,A01,3,2,1,1,1986,9,1,0,-1,0,0,-1,2.022E+11,4,RUE LA BOETIE,0,NULL,1,2,0,1,-1,-1,1,NULL,-1,1,0,1,30,
2.022E+11,14,12,2022,07:35:00,5,40,40192,2,1,1,3,CLEMENCEAU (AV GEORGES),"438,856,500,000"," -0,4947900000",2.022E+11,809 840,B01,0,1,0,2,3,1,5,NULL,2.022E+11,1 094 216,809 840,B01,1,1,4,2,2001,1,8,8,-1,-1,-1,-1,2.022E+11,3,CLEMENCEAU (AV GEORGES),0,NULL,2,1,0,1,0,0,1,NULL,-1,2,0,1,50,
2.022E+11,14,12,2022,07:35:00,5,40,40192,2,1,1,3,CLEMENCEAU (AV GEORGES),"438,856,500,000"," -0,4947900000",2.022E+11,809 840,B01,0,1,0,2,3,1,5,NULL,2.022E+11,1 094 219,809 841,Z01,1,1,1,-1,NULL,-1,-1,-1,-1,-1,-1,-1,2.022E+11,3,CLEMENCEAU (AV GEORGES),0,NULL,2,1,0,1,0,0,1,NULL,-1,2,0,1,50,
2.022E+11,25,11,2022,12:15:00,1,94,94041,2,9,2,3,Rue Henri Martin,"488,057,600,000","23,724,700,000",2.022E+11,809 697,B01,0,1,0,0,0,0,5,NULL,2.022E+11,1 094 027,809 695,A01,1,1,1,1,1999,4,8,0,-1,-1,-1,-1,2.022E+11,4,HENRI MARTIN (R),0,NULL,2,2,0,1,0,0,1,NULL,-1,2,0,1,50,
2.022E+11,25,11,2022,12:15:00,1,94,94041,2,9,2,3,Rue Henri Martin,"488,057,600,000","23,724,700,000",2.022E+11,809 697,B01,0,1,0,0,0,0,5,NULL,2.022E+11,1 094 030,809 697,B01,1,1,1,1,1983,2,8,0,-1,-1,-1,-1,2.022E+11,4,HENRI MARTIN (R),0,NULL,2,2,0,1,0,0,1,NULL,-1,2,0,1,50,
2.022E+11,25,11,2022,12:15:00,1,94,94041,2,9,2,3,Rue Henri Martin,"488,057,600,000","23,724,700,000",2.022E+11,809 697,B01,0,1,0,0,0,0,5,NULL,2.022E+11,1 094 032,809 697,B01,2,2,4,1,2013,0,1,0,-1,-1,-1,-1,2.022E+11,4,HENRI MARTIN (R),0,NULL,2,2,0,1,0,0,1,NULL,-1,2,0,1,50,
2.022E+11,17,9,2022,10:35:00,1,87,87107,2,3,1,1,Rue de l'Emetteur,"459,292,630,000","11,659,080,000",2.022E+11,809 146,B01,2,1,0,2,1,1,5,NULL,2.022E+11,1 093 286,809 144,A01,1,1,1,1,1942,5,1,-1,-1,0,0,-1,2.022E+11,3,39,-1,NULL,2,2,0,2,-1,-1,1,NULL,-1,1,5,1,50,
2.022E+11,17,9,2022,10:35:00,1,87,87107,2,3,1,1,Rue de l'Emetteur,"459,292,630,000","11,659,080,000",2.022E+11,809 146,B01,2,1,0,2,1,1,5,NULL,2.022E+11,1 093 287,809 146,B01,1,1,3,1,2003,5,2,-1,-1,0,0,-1,2.022E+11,3,39,-1,NULL,2,2,0,2,-1,-1,1,NULL,-1,1,5,1,50,
2.022E+11,7,8,2022,08:30:00,1,57,57260,1,1,1,2,D81 SENS ROUHLING -> GROSBLIEDERSTROFF,"491,441,410,000","70,151,461,000",2.022E+11,808 508,A01,1,1,0,9,4,21,5,NULL,2.022E+11,1 092 432,808 508,A01,1,1,1,1,1971,5,2,6,9,0,0,-1,2.022E+11,3,81,-1,NULL,2,2,0,2,13,250,1,NULL,-1,9,0,1,80,
2.022E+11,7,8,2022,08:30:00,1,57,57260,1,1,1,2,D81 SENS ROUHLING -> GROSBLIEDERSTROFF,"491,441,410,000","70,151,461,000",2.022E+11,808 509,B01,1,1,0,9,1,0,5,NULL,2.022E+11,1 092 432,808 508,A01,1,1,1,1,1971,5,2,6,9,0,0,-1,2.022E+11,3,81,-1,NULL,2,2,0,2,13,250,1,NULL,-1,9,0,1,80,
2.022E+11,7,8,2022,08:30:00,1,57,57260,1,1,1,2,D81 SENS ROUHLING -> GROSBLIEDERSTROFF,"491,441,410,000","70,151,461,000",2.022E+11,808 508,A01,1,1,0,9,4,21,5,NULL,2.022E+11,1 092 433,808 509,B01,1,1,3,1,1970,5,2,6,9,0,0,-1,2.022E+11,3,81,-1,NULL,2,2,0,2,13,250,1,NULL,-1,9,0,1,80,
2.022E+11,7,8,2022,08:30:00,1,57,57260,1,1,1,2,D81 SENS ROUHLING -> GROSBLIEDERSTROFF,"491,441,410,000","70,151,461,000",2.022E+11,808 509,B01,1,1,0,9,1,0,5,NULL,2.022E+11,1 092 433,808 509,B01,1,1,3,1,1970,5,2,6,9,0,0,-1,2.022E+11,3,81,-1,NULL,2,2,0,2,13,250,1,NULL,-1,9,0,1,80,
2.022E+11,22,3,2022,07:45:00,1,75,75111,2,4,1,3,BOULEVARD VOLTAIRE,"488,528,091,074","23,884,776,235",2.022E+11,807 185,B01,2,1,0,2,1,1,5,NULL,2.022E+11,1 090 656,807 182,A01,1,1,1,1,1966,4,1,0,-1,0,0,-1,2.022E+11,4,BOULEVARD VOLTAIRE,0,NULL,2,5,1,1,-1,-1,3,NULL,-1,1,-1,5,30,
2.022E+11,22,3,2022,07:45:00,1,75,75111,2,4,1,3,BOULEVARD VOLTAIRE,"488,528,091,074","23,884,776,235",2.022E+11,807 185,B01,2,1,0,2,1,1,5,NULL,2.022E+11,1 090 658,807 185,B01,1,1,4,1,1998,9,2,0,-1,0,0,-1,2.022E+11,4,BOULEVARD VOLTAIRE,0,NULL,2,5,1,1,-1,-1,3,NULL,-1,1,-1,5,30,
2.022E+11,30,12,2022,16:00:00,1,64,64065,1,1,6,1,"départementale 4 PK 010.300, col St Ignace","433,379,220,000","-16,157,630,000",2.022E+11,803 483,B01,2,1,2,2,1,13,5,NULL,2.022E+11,1 085 695,803 483,B01,1,1,3,1,1972,5,2,-1,-1,0,0,-1,2.022E+11,3,4,-1,NULL,2,2,0,2,10,300,3,NULL,-1,1,0,1,80,
2.022E+11,30,12,2022,16:00:00,1,64,64065,1,1,6,1,"départementale 4 PK 010.300, col St Ignace","433,379,220,000","-16,157,630,000",2.022E+11,803 483,B01,2,1,2,2,1,13,5,NULL,2.022E+11,1 085 696,803 484,A01,1,1,1,1,1951,5,1,-1,-1,0,0,-1,2.022E+11,3,4,-1,NULL,2,2,0,2,10,300,3,NULL,-1,1,0,1,80,
2.022E+11,3,8,2022,18:45:00,1,12,12105,1,1,1,2,bestes,"442,323,320,000","20,197,140,000",2.022E+11,798 540,B01,2,1,0,0,4,1,5,NULL,2.022E+11,1 079 239,798 540,B01,1,1,4,1,2003,5,0,-1,-1,0,0,-1,2.022E+11,3,39,-1,NULL,2,2,0,1,11,490,1,NULL,-1,1,0,1,90,
2.022E+11,3,8,2022,18:45:00,1,12,12105,1,1,1,2,bestes,"442,323,320,000","20,197,140,000",2.022E+11,798 540,B01,2,1,0,0,4,1,5,NULL,2.022E+11,1 079 240,798 541,A01,1,1,1,2,1938,5,1,-1,-1,0,0,-1,2.022E+11,3,39,-1,NULL,2,2,0,1,11,490,1,NULL,-1,1,0,1,90,
2.022E+11,21,11,2022,09:40:00,1,75,75119,2,2,8,2,AVENUE DE FLANDRE,"488,845,410,000","23,693,940,000",2.022E+11,798 273,B01,1,1,0,2,4,1,5,NULL,2.022E+11,1 078 895,798 273,B01,1,1,1,1,1996,1,0,0,-1,0,0,-1,2.022E+11,4,AVENUE DE FLANDRE,0,NULL,1,1,1,1,-1,-1,1,NULL,-1,1,0,5,30,
2.022E+11,21,11,2022,09:40:00,1,75,75119,2,2,8,2,AVENUE DE FLANDRE,"488,845,410,000","23,693,940,000",2.022E+11,798 273,B01,1,1,0,2,4,1,5,NULL,2.022E+11,1 078 897,798 275,A01,1,1,4,1,1986,1,0,0,-1,0,0,-1,2.022E+11,4,AVENUE DE FLANDRE,0,NULL,1,1,1,1,-1,-1,1,NULL,-1,1,0,5,30,
2.022E+11,1,6,2022,19:50:00,1,6,6029,2,6,1,2,TONNER (AVENUE FRANCIS),"435,497,880,000","69,723,210,000",2.022E+11,797 961,B01,3,1,0,0,0,0,5,NULL,2.022E+11,1 078 480,797 955,A01,1,1,1,1,1980,0,1,-1,-1,0,0,-1,2.022E+11,4,TONNER (AVENUE FRANCIS),0,NULL,2,2,3,1,-1,-1,1,NULL,-1,1,0,1,30,
2.022E+11,1,6,2022,19:50:00,1,6,6029,2,6,1,2,TONNER (AVENUE FRANCIS),"435,497,880,000","69,723,210,000",2.022E+11,797 961,B01,3,1,0,0,0,0,5,NULL,2.022E+11,1 078 487,797 961,B01,1,1,3,1,1982,0,2,0,-1,0,0,-1,2.022E+11,4,TONNER (AVENUE FRANCIS),0,NULL,2,2,3,1,-1,-1,1,NULL,-1,1,0,1,30,
2.022E+11,28,2,2022,14:20:00,1,40,40218,1,1,1,3,Chateau de Laballe,"439,231,450,534","0,0176067784",2.022E+11,790 467,A01,1,1,0,2,3,1,5,NULL,2.022E+11,1 068 480,790 467,A01,1,1,3,1,1947,5,2,-1,-1,0,0,-1,2.022E+11,3,37,0,NULL,2,2,0,1,5,500,1,NULL,-1,1,0,1,80,
2.022E+11,28,2,2022,14:20:00,1,40,40218,1,1,1,3,Chateau de Laballe,"439,231,450,534","0,0176067784",2.022E+11,790 467,A01,1,1,0,2,3,1,5,NULL,2.022E+11,1 068 481,790 469,B01,1,1,1,-1,NULL,-1,-1,-1,-1,-1,-1,-1,2.022E+11,3,37,0,NULL,2,2,0,1,5,500,1,NULL,-1,1,0,1,80,
2.022E+11,20,12,2022,08:00:00,5,35,35238,2,6,2,3,FORCES FRANCAISES DE L'ONU (ROND POINT),"480,893,800,000","-16,820,000,000",2.022E+11,782 908,B01,3,1,0,2,7,1,5,NULL,2.022E+11,1 058 373,782 908,B01,1,1,4,1,1983,1,2,4,-1,0,0,-1,2.022E+11,4,FORCES FRANCAISES DE L'ONU (ROND POINT),0,NULL,1,1,1,1,-1,-1,2,NULL,-1,2,0,5,50,
2.022E+11,20,12,2022,08:00:00,5,35,35238,2,6,2,3,FORCES FRANCAISES DE L'ONU (ROND POINT),"480,893,800,000","-16,820,000,000",2.022E+11,782 908,B01,3,1,0,2,7,1,5,NULL,2.022E+11,1 058 375,782 910,A01,1,1,1,2,1992,1,1,-1,-1,-1,-1,-1,2.022E+11,4,FORCES FRANCAISES DE L'ONU (ROND POINT),0,NULL,1,1,1,1,-1,-1,2,NULL,-1,2,0,5,50,
2.022E+11,26,7,2022,07:00:00,2,92,92049,2,2,1,6,DORMOY AVENUE MARX N°2 A 100,"488,100,510,992","23,191,390,335",2.022E+11,780 525,A01,2,1,8,0,0,0,5,NULL,2.022E+11,1 055 253,780 525,A01,1,1,4,1,1963,1,8,0,-1,-1,-1,-1,2.022E+11,3,161,0,NULL,3,4,0,1,0,1,1,NULL,-1,1,0,4,50,
2.022E+11,15,4,2022,15:22:00,1,54,54329,2,6,1,3,COUR DE VERDUN,"485,922,700,000","65,100,300,000",2.022E+11,778 876,B01,2,1,0,2,1,1,5,NULL,2.022E+11,1 052 995,778 876,B01,1,1,3,1,1945,0,2,0,-1,0,0,-1,2.022E+11,3,AV. DU 30éme GROUPE DE CHASSEURS,0,NULL,2,2,2,1,64,468,1,NULL,-1,1,5,1,30,
2.022E+11,15,4,2022,15:22:00,1,54,54329,2,6,1,3,COUR DE VERDUN,"485,922,700,000","65,100,300,000",2.022E+11,778 876,B01,2,1,0,2,1,1,5,NULL,2.022E+11,1 052 997,778 877,A01,1,1,1,2,1987,0,1,8,-1,0,0,-1,2.022E+11,3,AV. DU 30éme GROUPE DE CHASSEURS,0,NULL,2,2,2,1,64,468,1,NULL,-1,1,5,1,30,
2.022E+11,6,10,2022,11:35:00,1,973,97302,2,1,1,1,MANGUES (RUE DES - CITE MANGUIERS),"49,271,295,898","-523,228,141,665",2.022E+11,778 314,B01,2,1,0,2,0,0,5,NULL,2.022E+11,1 052 265,778 314,B01,1,1,4,2,2005,0,8,0,-1,0,0,-1,2.022E+11,4,MANGUES (RUE DES - CITE MANGUIERS),0,NULL,2,2,0,1,-1,-1,1,NULL,-1,1,0,1,50,
2.022E+11,6,10,2022,11:35:00,1,973,97302,2,1,1,1,MANGUES (RUE DES - CITE MANGUIERS),"49,271,295,898","-523,228,141,665",2.022E+11,778 315,Z01,2,1,0,2,0,0,5,NULL,2.022E+11,1 052 265,778 314,B01,1,1,4,2,2005,0,8,0,-1,0,0,-1,2.022E+11,4,MANGUES (RUE DES - CITE MANGUIERS),0,NULL,2,2,0,1,-1,-1,1,NULL,-1,1,0,1,50,
2.022E+11,6,10,2022,11:35:00,1,973,97302,2,1,1,1,MANGUES (RUE DES - CITE MANGUIERS),"49,271,295,898","-523,228,141,665",2.022E+11,778 314,B01,2,1,0,2,0,0,5,NULL,2.022E+11,1 052 266,778 315,Z01,1,1,1,2,2010,2,8,0,-1,0,0,-1,2.022E+11,4,MANGUES (RUE DES - CITE MANGUIERS),0,NULL,2,2,0,1,-1,-1,1,NULL,-1,1,0,1,50,
2.022E+11,6,10,2022,11:35:00,1,973,97302,2,1,1,1,MANGUES (RUE DES - CITE MANGUIERS),"49,271,295,898","-523,228,141,665",2.022E+11,778 315,Z01,2,1,0,2,0,0,5,NULL,2.022E+11,1 052 266,778 315,Z01,1,1,1,2,2010,2,8,0,-1,0,0,-1,2.022E+11,4,MANGUES (RUE DES - CITE MANGUIERS),0,NULL,2,2,0,1,-1,-1,1,NULL,-1,1,0,1,50,
2.022E+11,21,4,2022,13:40:00,1,3,3048,1,6,1,1,ROND DE BUFFAULT,"466,355,370,000","27,546,390,000",2.022E+11,775 429,B01,3,1,0,2,1,1,5,NULL,2.022E+11,1 048 407,775 429,B01,1,1,3,1,1973,5,0,-1,-1,0,0,-1,2.022E+11,4,NULL,-1,NULL,2,2,0,2,-1,-1,3,NULL,4,1,0,1,90,
2.022E+11,21,4,2022,13:40:00,1,3,3048,1,6,1,1,ROND DE BUFFAULT,"466,355,370,000","27,546,390,000",2.022E+11,775 429,B01,3,1,0,2,1,1,5,NULL,2.022E+11,1 048 409,775 430,A01,1,1,1,1,1992,4,8,-1,-1,0,0,-1,2.022E+11,4,NULL,-1,NULL,2,2,0,2,-1,-1,3,NULL,4,1,0,1,90,
2.022E+11,24,7,2022,10:40:00,1,38,38212,1,1,1,7,RD 1091,"451,144,810,000","59,598,680,000",2.022E+11,773 727,A01,2,1,0,0,0,1,5,NULL,2.022E+11,1 046 044,773 727,A01,1,1,3,2,1974,5,2,-1,-1,0,0,-1,2.022E+11,3,1091,0,NULL,2,2,1,1,20,40,1,NULL,-1,1,0,5,50,
2.022E+11,6,10,2022,17:35:00,1,92,92026,2,1,1,2,PRÉSIDENT PAUL DOUMER (QUAI DU),"488,924,375,440","22,591,661,811",2.022E+11,771 556,B01,3,1,0,2,4,15,5,NULL,2.022E+11,1 043 089,771 556,B01,1,1,4,2,2001,2,8,0,-1,-1,-1,-1,2.022E+11,3,7,0,NULL,1,2,0,3,0,0,3,NULL,-1,1,3,1,70,
2.022E+11,6,10,2022,17:35:00,1,92,92026,2,1,1,2,PRÉSIDENT PAUL DOUMER (QUAI DU),"488,924,375,440","22,591,661,811",2.022E+11,771 556,B01,3,1,0,2,4,15,5,NULL,2.022E+11,1 043 090,771 557,A01,1,1,1,1,1999,5,1,0,-1,-1,-1,-1,2.022E+11,3,7,0,NULL,1,2,0,3,0,0,3,NULL,-1,1,3,1,70,
2.022E+11,4,3,2022,16:05:00,1,69,69385,2,1,1,3,4 Avenue Debrousse,"457,508,058,257","48,150,479,794",2.022E+11,765 868,B01,2,1,0,2,1,1,5,NULL,2.022E+11,1 035 519,765 867,A01,4,2,1,1,2001,0,8,-1,-1,-1,-1,-1,2.022E+11,4,DEBROUSSE                           (AV),0,NULL,2,2,3,2,-1,-1,2,NULL,-1,1,0,1,30,
2.022E+11,4,3,2022,16:05:00,1,69,69385,2,1,1,3,4 Avenue Debrousse,"457,508,058,257","48,150,479,794",2.022E+11,765 868,B01,2,1,0,2,1,1,5,NULL,2.022E+11,1 035 520,765 867,A01,3,2,1,1,2002,0,8,-1,-1,-1,-1,-1,2.022E+11,4,DEBROUSSE                           (AV),0,NULL,2,2,3,2,-1,-1,2,NULL,-1,1,0,1,30,
2.022E+11,4,3,2022,16:05:00,1,69,69385,2,1,1,3,4 Avenue Debrousse,"457,508,058,257","48,150,479,794",2.022E+11,765 868,B01,2,1,0,2,1,1,5,NULL,2.022E+11,1 035 521,765 867,A01,5,2,1,1,2003,0,8,-1,-1,-1,-1,-1,2.022E+11,4,DEBROUSSE                           (AV),0,NULL,2,2,3,2,-1,-1,2,NULL,-1,1,0,1,30,
2.022E+11,4,3,2022,16:05:00,1,69,69385,2,1,1,3,4 Avenue Debrousse,"457,508,058,257","48,150,479,794",2.022E+11,765 868,B01,2,1,0,2,1,1,5,NULL,2.022E+11,1 035 522,765 867,A01,1,1,1,1,2002,9,1,-1,-1,-1,-1,-1,2.022E+11,4,DEBROUSSE                           (AV),0,NULL,2,2,3,2,-1,-1,2,NULL,-1,1,0,1,30,
2.022E+11,4,3,2022,16:05:00,1,69,69385,2,1,1,3,4 Avenue Debrousse,"457,508,058,257","48,150,479,794",2.022E+11,765 868,B01,2,1,0,2,1,1,5,NULL,2.022E+11,1 035 523,765 868,B01,1,1,4,1,1999,9,8,-1,-1,-1,-1,-1,2.022E+11,4,DEBROUSSE                           (AV),0,NULL,2,2,3,2,-1,-1,2,NULL,-1,1,0,1,30,
2.022E+11,18,6,2022,12:19:00,1,92,92023,2,3,1,3,CHAMPAGNE (RUE),"487,884,656,886","22,498,342,395",2.022E+11,757 961,B01,2,1,0,2,0,0,5,NULL,2.022E+11,1 025 163,757 961,B01,1,1,4,1,1983,5,2,0,-1,-1,-1,-1,2.022E+11,3,80,0,NULL,2,2,1,1,0,0,1,NULL,-1,1,0,5,30,
2.022E+11,18,6,2022,12:19:00,1,92,92023,2,3,1,3,CHAMPAGNE (RUE),"487,884,656,886","22,498,342,395",2.022E+11,757 961,B01,2,1,0,2,0,0,5,NULL,2.022E+11,1 025 166,757 963,A01,1,1,1,1,1992,5,1,0,-1,-1,-1,-1,2.022E+11,3,80,0,NULL,2,2,1,1,0,0,1,NULL,-1,1,0,5,30,
2.022E+11,1,10,2022,16:45:00,1,1,1053,2,1,2,6,LYON (AVENUE DE - N° IMPAIRS),"461,941,800,000","52,142,300,000",2.022E+11,756 905,B01,2,1,1,0,1,1,5,NULL,2.022E+11,1 023 746,756 905,B01,1,1,4,2,2006,0,8,0,-1,-1,-1,-1,2.022E+11,3,1083,0,NULL,2,4,2,1,46,90,1,NULL,-1,2,0,5,50,
2.022E+11,10,12,2022,14:35:00,1,75,75119,2,3,1,6,AVENUE DE FLANDRE,"488,911,080,000","23,776,110,000",2.022E+11,756 228,A01,1,1,0,1,1,21,5,NULL,2.022E+11,1 022 809,756 228,A01,1,1,1,1,1991,9,2,0,-1,0,0,-1,2.022E+11,4,AVENUE DE FLANDRE,0,NULL,1,3,1,1,-1,-1,1,NULL,-1,1,0,5,30,
2.022E+11,10,12,2022,14:35:00,1,75,75119,2,3,1,6,AVENUE DE FLANDRE,"488,911,080,000","23,776,110,000",2.022E+11,756 228,A01,1,1,0,1,1,21,5,NULL,2.022E+11,1 022 810,756 228,A01,10,3,4,2,1953,5,0,-1,-1,4,3,1,2.022E+11,4,AVENUE DE FLANDRE,0,NULL,1,3,1,1,-1,-1,1,NULL,-1,1,0,5,30,
2.022E+11,18,7,2022,11:45:00,1,74,74010,2,4,1,3,ALERY (AVENUE D'),"459,006,500,000","61,205,820,000",2.022E+11,756 000,A01,3,1,0,2,1,19,5,NULL,2.022E+11,1 022 497,756 000,A01,1,1,1,1,1977,1,2,0,-1,-1,-1,-1,2.022E+11,4,ALERY (AVENUE D'),0,NULL,2,2,3,1,-1,-1,1,NULL,-1,1,0,1,30,
2.022E+11,18,7,2022,11:45:00,1,74,74010,2,4,1,3,ALERY (AVENUE D'),"459,006,500,000","61,205,820,000",2.022E+11,756 000,A01,3,1,0,2,1,19,5,NULL,2.022E+11,1 022 498,756 001,B01,1,1,4,2,1952,5,2,0,-1,-1,-1,-1,2.022E+11,4,ALERY (AVENUE D'),0,NULL,2,2,3,1,-1,-1,1,NULL,-1,1,0,1,30,
2.022E+11,24,8,2022,19:02:00,1,25,25462,2,6,1,3,SALINS DE (DU 16 AU 63),"469,065,100,000","63,471,600,000",2.022E+11,748 383,A01,2,1,0,2,8,19,5,NULL,2.022E+11,1 012 196,748 379,B01,1,1,1,1,1964,0,1,0,-1,-1,-1,-1,2.022E+11,4,NULL,0,NULL,-1,2,0,1,-1,-1,1,NULL,-1,1,0,1,50,
2.022E+11,24,8,2022,19:02:00,1,25,25462,2,6,1,3,SALINS DE (DU 16 AU 63),"469,065,100,000","63,471,600,000",2.022E+11,748 383,A01,2,1,0,2,8,19,5,NULL,2.022E+11,1 012 201,748 383,A01,1,1,4,1,1964,1,2,0,-1,-1,-1,-1,2.022E+11,4,NULL,0,NULL,-1,2,0,1,-1,-1,1,NULL,-1,1,0,1,50,
2.022E+11,28,9,2022,12:40:00,1,92,92049,2,1,1,6,GINOUX AVENUE HENRI AUTRES N°,"488,149,830,000","23,207,450,000",2.022E+11,746 222,A01,1,1,14,0,1,13,5,NULL,2.022E+11,1 009 339,746 222,A01,1,1,4,1,1998,0,8,0,-1,-1,-1,-1,2.022E+11,4,128,0,NULL,1,2,1,1,0,0,1,NULL,-1,1,0,5,50,
2.022E+11,16,1,2022,08:20:00,1,51,51454,2,1,8,2,Boulevard Franchet d’Esperey,"492,418,900,000","40,166,100,000",2.022E+11,745 927,B01,1,1,0,2,8,2,5,NULL,2.022E+11,1 008 958,745 925,A01,1,1,1,1,1987,5,1,-1,-1,-1,-1,-1,2.022E+11,4,FRANCHET D'ESPEREY (BOULEVARD),0,NULL,1,2,1,1,-1,-1,1,NULL,-1,1,9,4,50,