Accident_Id,jour,mois,an,hrmn,lum,dep,com,agg,int,atm,col,adr,lat,long,Num_Acc,id_vehicule,num_veh,senc,catv,obs,obsm,choc,manv,motor,occutc,Num_Acc,id_usager,id_vehicule,num_veh,place,catu,grav,sexe,an_nais,trajet,secu1,secu2,secu3,locp,actp,etatp,Num_Acc,catr,voie,v1,v2,circ,nbv,vosp,prof,pr,pr1,plan,lartpc,larrout,surf,infra,situ,vma,
2.022E+11,16,1,2022,08:20:00,1,51,51454,2,1,8,2,Boulevard Franchet d’Esperey,"492,418,900,000","40,166,100,000",2.022E+11,745 927,B01,1,1,0,2,8,2,5,NULL,2.022E+11,1 008 960,745 927,B01,1,1,4,1,2004,1,6,-1,-1,-1,-1,-1,2.022E+11,4,FRANCHET D'ESPEREY (BOULEVARD),0,NULL,1,2,1,1,-1,-1,1,NULL,-1,1,9,4,50,
2.022E+11,21,2,2022,09:05:00,1,84,84080,2,1,1,5,LIBERATION AVENUE DE LA,"440,323,340,000","49,985,700,000",2.022E+11,738 078,B01,3,1,0,2,0,0,5,NULL,2.022E+11,998 239,738 077,A01,1,1,4,1,1976,0,1,0,-1,-1,-1,-1,2.022E+11,4,LIBERATION AVENUE DE LA,0,NULL,2,2,0,1,0,1,1,NULL,-1,1,0,1,50,
2.022E+11,21,2,2022,09:05:00,1,84,84080,2,1,1,5,LIBERATION AVENUE DE LA,"440,323,340,000","49,985,700,000",2.022E+11,738 078,B01,3,1,0,2,0,0,5,NULL,2.022E+11,998 242,738 078,B01,1,1,3,2,1957,0,8,0,-1,-1,-1,-1,2.022E+11,4,LIBERATION AVENUE DE LA,0,NULL,2,2,0,1,0,1,1,NULL,-1,1,0,1,50,
2.022E+11,21,2,2022,09:05:00,1,84,84080,2,1,1,5,LIBERATION AVENUE DE LA,"440,323,340,000","49,985,700,000",2.022E+11,738 078,B01,3,1,0,2,0,0,5,NULL,2.022E+11,998 245,738 081,C01,1,1,1,2,1989,0,1,0,-1,-1,-1,-1,2.022E+11,4,LIBERATION AVENUE DE LA,0,NULL,2,2,0,1,0,1,1,NULL,-1,1,0,1,50,
2.022E+11,21,2,2022,09:05:00,1,84,84080,2,1,1,5,LIBERATION AVENUE DE LA,"440,323,340,000","49,985,700,000",2.022E+11,738 078,B01,3,1,0,2,0,0,5,NULL,2.022E+11,998 247,738 081,C01,3,2,4,1,2019,0,1,0,-1,-1,-1,-1,2.022E+11,4,LIBERATION AVENUE DE LA,0,NULL,2,2,0,1,0,1,1,NULL,-1,1,0,1,50,
2.022E+11,21,2,2022,09:05:00,1,84,84080,2,1,1,5,LIBERATION AVENUE DE LA,"440,323,340,000","49,985,700,000",2.022E+11,738 078,B01,3,1,0,2,0,0,5,NULL,2.022E+11,998 248,738 081,C01,4,2,4,2,2021,0,1,0,-1,-1,-1,-1,2.022E+11,4,LIBERATION AVENUE DE LA,0,NULL,2,2,0,1,0,1,1,NULL,-1,1,0,1,50,
2.022E+11,14,5,2022,16:00:00,1,42,42287,2,1,1,7,16 Route de Burdignes,"452,663,740,000","44,952,300,000",2.022E+11,736 622,A01,1,1,0,0,1,5,5,NULL,2.022E+11,996 241,736 622,A01,1,1,3,1,1958,5,0,-1,-1,0,0,-1,2.022E+11,3,22,0,D,2,2,0,2,31,250,3,NULL,-1,1,0,1,50,
2.022E+11,12,5,2022,08:50:00,1,75,75116,2,2,1,3,RUE MICHEL ANGE,"488,452,380,000","22,618,930,000",2.022E+11,736 359,B01,2,1,0,2,3,1,5,NULL,2.022E+11,995 926,736 358,A01,1,1,1,1,1978,1,1,0,-1,0,0,-1,2.022E+11,4,RUE MICHEL ANGE,0,NULL,2,2,0,1,-1,-1,1,NULL,-1,1,0,1,30,
2.022E+11,12,5,2022,08:50:00,1,75,75116,2,2,1,3,RUE MICHEL ANGE,"488,452,380,000","22,618,930,000",2.022E+11,736 359,B01,2,1,0,2,3,1,5,NULL,2.022E+11,995 927,736 359,B01,1,1,4,1,1991,9,2,0,-1,0,0,-1,2.022E+11,4,RUE MICHEL ANGE,0,NULL,2,2,0,1,-1,-1,1,NULL,-1,1,0,1,30,
2.022E+11,10,1,2022,19:35:00,5,75,75106,2,7,1,6,QUAI DES GRANDS AUGUSTINS,"488,537,770,000","23,443,260,000",2.022E+11,736 106,A01,1,1,0,1,8,1,5,NULL,2.022E+11,995 590,736 106,A01,10,3,4,2,2016,5,0,-1,-1,4,3,2,2.022E+11,4,QUAI DES GRANDS AUGUSTINS,0,NULL,2,4,0,1,-1,-1,1,NULL,-1,1,0,1,30,
2.022E+11,10,1,2022,19:35:00,5,75,75106,2,7,1,6,QUAI DES GRANDS AUGUSTINS,"488,537,770,000","23,443,260,000",2.022E+11,736 106,A01,1,1,0,1,8,1,5,NULL,2.022E+11,995 591,736 106,A01,10,3,1,2,1979,5,0,-1,-1,4,3,2,2.022E+11,4,QUAI DES GRANDS AUGUSTINS,0,NULL,2,4,0,1,-1,-1,1,NULL,-1,1,0,1,30,
2.022E+11,10,1,2022,19:35:00,5,75,75106,2,7,1,6,QUAI DES GRANDS AUGUSTINS,"488,537,770,000","23,443,260,000",2.022E+11,736 106,A01,1,1,0,1,8,1,5,NULL,2.022E+11,995 592,736 106,A01,1,1,1,2,1995,1,2,0,-1,0,0,-1,2.022E+11,4,QUAI DES GRANDS AUGUSTINS,0,NULL,2,4,0,1,-1,-1,1,NULL,-1,1,0,1,30,
2.022E+11,25,11,2022,06:20:00,5,71,71076,2,2,3,1,PARIS (AVENUE DE),"468,097,291,750","48,431,083,560",2.022E+11,735 833,B01,2,1,0,2,7,1,5,NULL,2.022E+11,995 202,735 832,A01,1,1,1,2,1966,0,1,0,-1,0,0,-1,2.022E+11,3,PARIS (AVENUE DE),0,NULL,-1,3,0,1,3,0,1,NULL,-1,2,5,1,50,
2.022E+11,25,11,2022,06:20:00,5,71,71076,2,2,3,1,PARIS (AVENUE DE),"468,097,291,750","48,431,083,560",2.022E+11,735 833,B01,2,1,0,2,7,1,5,NULL,2.022E+11,995 203,735 833,B01,1,1,3,1,1961,0,8,4,-1,-1,-1,-1,2.022E+11,3,PARIS (AVENUE DE),0,NULL,-1,3,0,1,3,0,1,NULL,-1,2,5,1,50,
2.022E+11,27,10,2022,20:35:00,5,69,69382,2,3,1,1,12 Quai Jules Courmont,"457,601,800,000","48,377,200,000",2.022E+11,733 706,B01,3,1,0,2,1,0,0,NULL,2.022E+11,992 348,733 706,B01,1,1,4,1,1988,9,8,-1,-1,0,0,-1,2.022E+11,4,JULES COURMONT                      (QU),0,NULL,2,6,3,1,-1,-1,1,NULL,-1,1,0,1,50,
2.022E+11,27,10,2022,20:35:00,5,69,69382,2,3,1,1,12 Quai Jules Courmont,"457,601,800,000","48,377,200,000",2.022E+11,733 706,B01,3,1,0,2,1,0,0,NULL,2.022E+11,992 351,733 709,A01,1,1,1,1,1962,9,1,-1,-1,0,0,-1,2.022E+11,4,JULES COURMONT                      (QU),0,NULL,2,6,3,1,-1,-1,1,NULL,-1,1,0,1,50,
2.022E+11,26,10,2022,05:58:00,5,93,93006,2,1,1,3,Avenue Raspail,"488,745,018,910","24,315,522,078",2.022E+11,733 209,A01,3,1,1,0,1,1,5,NULL,2.022E+11,991 710,733 209,A01,1,1,4,1,1985,0,-1,8,-1,0,0,-1,2.022E+11,3,RASPAIL AVENUE,0,NULL,2,2,2,1,1,1,1,NULL,-1,1,0,1,50,
2.022E+11,26,10,2022,05:58:00,5,93,93006,2,1,1,3,Avenue Raspail,"488,745,018,910","24,315,522,078",2.022E+11,733 209,A01,3,1,1,0,1,1,5,NULL,2.022E+11,991 712,733 211,B01,1,1,1,1,1985,1,1,0,-1,0,0,-1,2.022E+11,3,RASPAIL AVENUE,0,NULL,2,2,2,1,1,1,1,NULL,-1,1,0,1,50,
2.022E+11,11,6,2022,02:26:00,5,49,49007,2,2,1,3,PLANTAGENET,"474,731,700,000"," -0,5552400000",2.022E+11,731 433,B01,1,1,0,2,0,26,5,NULL,2.022E+11,989 381,731 430,A01,1,1,1,-1,NULL,-1,-1,-1,-1,-1,-1,-1,2.022E+11,4,PLANTAGENET,0,NULL,2,2,0,1,1,0,1,NULL,-1,1,0,1,50,
2.022E+11,11,6,2022,02:26:00,5,49,49007,2,2,1,3,PLANTAGENET,"474,731,700,000"," -0,5552400000",2.022E+11,731 433,B01,1,1,0,2,0,26,5,NULL,2.022E+11,989 385,731 433,B01,1,1,4,1,2001,5,8,0,-1,-1,-1,-1,2.022E+11,4,PLANTAGENET,0,NULL,2,2,0,1,1,0,1,NULL,-1,1,0,1,50,
2.022E+11,10,6,2022,16:40:00,1,35,35238,2,2,1,3,NANTES (DE),"481,018,400,000","-16,841,300,000",2.022E+11,731 334,B01,2,1,0,2,1,1,5,NULL,2.022E+11,989 257,731 334,B01,1,1,3,1,1990,9,8,0,-1,-1,-1,-1,2.022E+11,4,NANTES (DE),0,NULL,3,4,3,4,-1,-1,2,NULL,-1,1,2,1,50,
2.022E+11,10,6,2022,16:40:00,1,35,35238,2,2,1,3,NANTES (DE),"481,018,400,000","-16,841,300,000",2.022E+11,731 334,B01,2,1,0,2,1,1,5,NULL,2.022E+11,989 260,731 337,A01,1,1,1,1,1970,4,1,-1,-1,-1,-1,-1,2.022E+11,4,NANTES (DE),0,NULL,3,4,3,4,-1,-1,2,NULL,-1,1,2,1,50,
2.022E+11,19,2,2022,06:00:00,2,974,97411,2,9,1,6,RIVIERE DES PLUIES (ROUTE DE LA),"-209,022,900,000","555,031,000,000",2.022E+11,731 275,B01,2,1,0,2,6,1,5,NULL,2.022E+11,989 180,731 275,B01,1,1,4,1,1973,1,2,8,-1,0,0,-1,2.022E+11,2,NULL,0,NULL,4,0,1,1,8,900,1,NULL,-1,1,0,5,30,
2.022E+11,19,2,2022,06:00:00,2,974,97411,2,9,1,6,RIVIERE DES PLUIES (ROUTE DE LA),"-209,022,900,000","555,031,000,000",2.022E+11,731 275,B01,2,1,0,2,6,1,5,NULL,2.022E+11,989 186,731 278,A01,1,1,1,1,1977,1,1,0,-1,0,0,-1,2.022E+11,2,NULL,0,NULL,4,0,1,1,8,900,1,NULL,-1,1,0,5,30,
2.022E+11,28,11,2022,07:34:00,2,5,5061,2,6,1,3,VEYNES ( ROUTE DE ),"445,578,650,000","60,687,660,000",2.022E+11,728 187,B01,1,1,0,2,7,1,5,NULL,2.022E+11,985 131,728 187,B01,1,1,4,1,2008,5,2,-1,-1,0,0,-1,2.022E+11,9,VEYNES ( ROUTE DE ),0,NULL,-1,1,0,2,68,736,1,NULL,-1,1,0,1,50,
2.022E+11,28,11,2022,07:34:00,2,5,5061,2,6,1,3,VEYNES ( ROUTE DE ),"445,578,650,000","60,687,660,000",2.022E+11,728 187,B01,1,1,0,2,7,1,5,NULL,2.022E+11,985 135,728 205,A01,1,1,4,1,1974,1,8,8,-1,0,0,-1,2.022E+11,9,VEYNES ( ROUTE DE ),0,NULL,-1,1,0,2,68,736,1,NULL,-1,1,0,1,50,
2.022E+11,13,6,2022,07:58:00,1,10,10387,2,1,1,6,DANTON (RUE),"483,030,368,409","40,771,293,640",2.022E+11,727 378,A01,3,1,0,1,0,26,5,NULL,2.022E+11,984 044,727 378,A01,1,1,1,1,1990,1,8,0,-1,0,0,-1,2.022E+11,4,DANTON (RUE),0,NULL,3,4,0,1,-1,-1,1,NULL,-1,1,0,1,50,
2.022E+11,13,6,2022,07:58:00,1,10,10387,2,1,1,6,DANTON (RUE),"483,030,368,409","40,771,293,640",2.022E+11,727 378,A01,3,1,0,1,0,26,5,NULL,2.022E+11,984 048,727 378,A01,10,3,4,1,1960,1,0,-1,-1,2,3,1,2.022E+11,4,DANTON (RUE),0,NULL,3,4,0,1,-1,-1,1,NULL,-1,1,0,1,50,
2.022E+11,3,4,2022,13:45:00,1,69,69386,2,1,1,7,1 Quai Général Sarrail,"457,676,414,217","48,412,182,927",2.022E+11,725 288,A01,1,1,0,0,0,1,5,NULL,2.022E+11,981 326,725 288,A01,1,1,2,1,1944,5,0,-1,-1,-1,-1,-1,2.022E+11,4,GENERAL SARRAIL (DU)                (QU),0,NULL,1,3,1,2,-1,-1,1,NULL,-1,1,0,5,50,
2.022E+11,20,9,2022,19:20:00,1,33,33522,2,2,1,3,Boulevard George V,"448,253,000,000"," -0,5893400000",2.022E+11,722 119,A01,2,1,0,2,1,15,5,NULL,2.022E+11,977 093,722 119,A01,1,1,4,2,2001,0,2,-1,-1,-1,-1,-1,2.022E+11,4,Boulevard GEORGE V,0,NULL,4,2,0,1,-1,-1,1,NULL,-1,1,5,1,50,
2.022E+11,20,9,2022,19:20:00,1,33,33522,2,2,1,3,Boulevard George V,"448,253,000,000"," -0,5893400000",2.022E+11,722 119,A01,2,1,0,2,1,15,5,NULL,2.022E+11,977 096,722 121,B01,1,1,1,1,1969,1,1,-1,-1,-1,-1,-1,2.022E+11,4,Boulevard GEORGE V,0,NULL,4,2,0,1,-1,-1,1,NULL,-1,1,5,1,50,
2.022E+11,19,9,2022,19:45:00,1,45,45234,2,2,1,3,Boulevard de Québec,"479,147,400,000","19,020,900,000",2.022E+11,719 518,B01,0,1,0,2,3,1,5,NULL,2.022E+11,973 552,719 514,A01,1,1,1,1,1987,0,1,8,-1,-1,-1,-1,2.022E+11,4,QUEBEC (BOULEVARD DE),0,NULL,2,3,0,1,-1,-1,1,NULL,-1,1,0,1,50,
2.022E+11,19,9,2022,19:45:00,1,45,45234,2,2,1,3,Boulevard de Québec,"479,147,400,000","19,020,900,000",2.022E+11,719 518,B01,0,1,0,2,3,1,5,NULL,2.022E+11,973 557,719 518,B01,1,1,4,1,2005,0,8,0,-1,-1,-1,-1,2.022E+11,4,QUEBEC (BOULEVARD DE),0,NULL,2,3,0,1,-1,-1,1,NULL,-1,1,0,1,50,
2.022E+11,25,3,2022,02:10:00,5,94,94043,2,7,1,3,Rue Edmond Michelet,"488,110,300,000","23,638,200,000",2.022E+11,718 527,A01,1,1,0,2,1,1,5,NULL,2.022E+11,972 168,718 523,B01,1,1,1,1,1995,0,1,0,-1,-1,-1,-1,2.022E+11,3,R EDMOND MICHELET,0,NULL,1,0,0,2,0,0,1,NULL,-1,1,0,1,50,
2.022E+11,25,3,2022,02:10:00,5,94,94043,2,7,1,3,Rue Edmond Michelet,"488,110,300,000","23,638,200,000",2.022E+11,718 527,A01,1,1,0,2,1,1,5,NULL,2.022E+11,972 176,718 527,A01,1,1,4,1,2002,5,0,0,-1,-1,-1,-1,2.022E+11,3,R EDMOND MICHELET,0,NULL,1,0,0,2,0,0,1,NULL,-1,1,0,1,50,
2.022E+11,26,3,2022,09:10:00,1,93,93051,2,1,1,3,Avenue Médéric,"488,293,356,480","25,657,212,139",2.022E+11,718 219,B01,1,1,0,2,8,1,5,NULL,2.022E+11,971 721,718 219,B01,1,1,4,1,1973,5,2,0,-1,-1,-1,-1,2.022E+11,3,MEDERIC (AVENUE),0,NULL,2,2,0,1,0,1,1,NULL,-1,1,0,1,50,
2.022E+11,26,3,2022,09:10:00,1,93,93051,2,1,1,3,Avenue Médéric,"488,293,356,480","25,657,212,139",2.022E+11,718 219,B01,1,1,0,2,8,1,5,NULL,2.022E+11,971 728,718 226,A01,1,1,1,1,1998,5,1,0,-1,-1,-1,-1,2.022E+11,3,MEDERIC (AVENUE),0,NULL,2,2,0,1,0,1,1,NULL,-1,1,0,1,50,
2.022E+11,10,8,2022,11:37:00,1,30,30062,1,6,1,3,D40,"437,793,360,000","41,945,240,000",2.022E+11,717 070,A01,1,1,0,2,7,9,5,NULL,2.022E+11,970 136,717 070,A01,1,1,3,1,1945,5,2,6,-1,0,0,-1,2.022E+11,3,40,-1,NULL,2,2,0,1,14,300,2,NULL,-1,1,5,1,80,
2.022E+11,10,8,2022,11:37:00,1,30,30062,1,6,1,3,D40,"437,793,360,000","41,945,240,000",2.022E+11,717 070,A01,1,1,0,2,7,9,5,NULL,2.022E+11,970 143,717 075,B01,1,1,1,-1,NULL,-1,-1,-1,-1,-1,-1,-1,2.022E+11,3,40,-1,NULL,2,2,0,1,14,300,2,NULL,-1,1,5,1,80,
2.022E+11,12,9,2022,17:30:00,1,69,69149,2,3,1,1,52 Rue Louis Aulagne,"457,114,500,000","48,164,100,000",2.022E+11,806 459,B01,1,1,0,2,1,0,5,NULL,2.022E+11,1 089 664,806 459,B01,1,1,4,2,1988,0,2,4,-1,0,0,-1,2.022E+11,7,LOUIS AULAGNE                       (R ),0,NULL,1,1,2,1,0,700,1,NULL,-1,1,0,1,50,
2.022E+11,12,9,2022,17:30:00,1,69,69149,2,3,1,1,52 Rue Louis Aulagne,"457,114,500,000","48,164,100,000",2.022E+11,806 459,B01,1,1,0,2,1,0,5,NULL,2.022E+11,1 089 665,806 460,A01,1,1,1,2,1995,0,1,-1,-1,0,0,-1,2.022E+11,7,LOUIS AULAGNE                       (R ),0,NULL,1,1,2,1,0,700,1,NULL,-1,1,0,1,50,
2.022E+11,3,7,2022,10:50:00,1,68,68173,1,4,7,3,Labaroche,"480,954,370,000","72,040,060,000",2.022E+11,805 836,B01,2,1,0,2,8,0,5,NULL,2.022E+11,1 088 862,805 835,A01,1,1,1,1,1992,5,2,6,-1,0,0,-1,2.022E+11,3,11,-1,NULL,2,2,0,2,15,984,3,NULL,-1,1,0,1,80,
2.022E+11,3,7,2022,10:50:00,1,68,68173,1,4,7,3,Labaroche,"480,954,370,000","72,040,060,000",2.022E+11,805 836,B01,2,1,0,2,8,0,5,NULL,2.022E+11,1 088 863,805 836,B01,1,1,3,1,1967,5,2,6,-1,0,0,-1,2.022E+11,3,11,-1,NULL,2,2,0,2,15,984,3,NULL,-1,1,0,1,80,
2.022E+11,7,12,2022,11:00:00,1,78,78423,2,2,8,3,ABOUT (AVENUE NICOLAS),"487,737,000,000","20,357,830,000",2.022E+11,804 645,B01,0,1,0,2,8,19,5,NULL,2.022E+11,1 087 275,804 645,B01,1,1,2,1,1946,0,0,0,-1,-1,-1,-1,2.022E+11,4,ABOUT (AVENUE NICOLAS),0,NULL,3,2,0,1,-1,-1,1,NULL,-1,2,0,1,50,
2.022E+11,7,12,2022,11:00:00,1,78,78423,2,2,8,3,ABOUT (AVENUE NICOLAS),"487,737,000,000","20,357,830,000",2.022E+11,804 645,B01,0,1,0,2,8,19,5,NULL,2.022E+11,1 087 279,804 651,A01,1,1,1,2,1938,3,1,0,-1,-1,-1,-1,2.022E+11,4,ABOUT (AVENUE NICOLAS),0,NULL,3,2,0,1,-1,-1,1,NULL,-1,2,0,1,50,
2.022E+11,8,5,2022,12:20:00,1,32,32013,1,1,1,7,MONTEGUT (CHEMIN DE),"436,503,700,000","0,6366000000",2.022E+11,798 481,A01,1,1,0,9,1,1,5,NULL,2.022E+11,1 079 160,798 481,A01,1,1,3,1,1994,5,-1,0,-1,-1,-1,-1,2.022E+11,4,MONTEGUT (CHEMIN DE),0,NULL,2,2,0,2,-1,-1,1,NULL,-1,1,0,1,50,
2.022E+11,17,3,2022,01:33:00,5,67,67482,2,3,1,3,GENERAL KOENIG (QUAI DU),"485,753,190,531","77,547,839,284",2.022E+11,797 440,B01,2,1,0,2,0,1,5,NULL,2.022E+11,1 077 802,797 435,A01,1,1,1,1,1997,5,1,8,-1,-1,-1,-1,2.022E+11,4,GENERAL KOENIG (QUAI DU),0,NULL,2,5,1,1,-1,-1,1,NULL,-1,1,5,1,50,
2.022E+11,17,3,2022,01:33:00,5,67,67482,2,3,1,3,GENERAL KOENIG (QUAI DU),"485,753,190,531","77,547,839,284",2.022E+11,797 440,B01,2,1,0,2,0,1,5,NULL,2.022E+11,1 077 808,797 440,B01,1,1,4,2,1998,1,8,0,-1,-1,-1,-1,2.022E+11,4,GENERAL KOENIG (QUAI DU),0,NULL,2,5,1,1,-1,-1,1,NULL,-1,1,5,1,50,
2.022E+11,31,5,2022,18:10:00,1,31,31042,2,1,7,3,Avenue Jean MOULIN,"427,934,480,000","0,5878110000",2.022E+11,797 015,B01,1,1,0,2,8,1,5,NULL,2.022E+11,1 077 243,797 014,A01,1,1,1,1,1948,5,1,-1,-1,0,0,-1,2.022E+11,3,618,-1,NULL,2,2,0,1,13,220,1,NULL,5,1,5,1,50,
2.022E+11,31,5,2022,18:10:00,1,31,31042,2,1,7,3,Avenue Jean MOULIN,"427,934,480,000","0,5878110000",2.022E+11,797 015,B01,1,1,0,2,8,1,5,NULL,2.022E+11,1 077 244,797 015,B01,1,1,3,1,1949,5,2,-1,-1,0,0,-1,2.022E+11,3,618,-1,NULL,2,2,0,1,13,220,1,NULL,5,1,5,1,50,
2.022E+11,10,9,2022,15:55:00,1,17,17094,2,1,1,3,81 Avenue d Angoulins,"460,874,410,000","-10,959,180,000",2.022E+11,796 508,A01,1,1,0,2,8,2,5,NULL,2.022E+11,1 076 538,796 507,B01,1,1,1,1,1990,4,1,-1,-1,0,0,-1,2.022E+11,3,NULL,-1,NULL,2,2,1,1,11,623,1,NULL,4,1,0,1,30,
2.022E+11,10,9,2022,15:55:00,1,17,17094,2,1,1,3,81 Avenue d Angoulins,"460,874,410,000","-10,959,180,000",2.022E+11,796 508,A01,1,1,0,2,8,2,5,NULL,2.022E+11,1 076 539,796 508,A01,1,1,4,1,1979,5,8,-1,-1,0,0,-1,2.022E+11,3,NULL,-1,NULL,2,2,1,1,11,623,1,NULL,4,1,0,1,30,
2.022E+11,15,10,2022,11:30:00,1,81,81240,1,1,1,7,D53,"439,250,537,171","24,718,278,223",2.022E+11,796 108,A01,1,1,0,0,0,1,5,NULL,2.022E+11,1 076 005,796 108,A01,1,1,2,1,1958,5,2,-1,-1,0,0,-1,2.022E+11,3,53,0,D,2,2,0,2,109,200,3,NULL,-1,1,0,1,80,
2.022E+11,8,9,2022,10:30:00,1,34,34147,1,1,1,6,D909,"434,662,600,000","32,090,470,000",2.022E+11,782 985,A01,2,1,1,0,1,2,5,NULL,2.022E+11,1 058 477,782 985,A01,1,1,3,1,1966,5,2,-1,-1,0,0,-1,2.022E+11,3,909,0,NULL,2,2,0,1,14,700,1,NULL,-1,1,0,2,90,
2.022E+11,31,1,2022,08:00:00,1,30,30007,2,9,1,3,23 Avenue d'Alsace,"441,399,900,000","40,886,900,000",2.022E+11,777 891,B01,2,1,0,2,7,26,5,NULL,2.022E+11,1 051 727,777 889,A01,1,1,1,1,1954,5,1,5,-1,0,0,-1,2.022E+11,4,GRABIEUX (ROUTE DU PONT DE),0,NULL,1,1,0,1,0,0,2,NULL,-1,1,9,1,50,
2.022E+11,31,1,2022,08:00:00,1,30,30007,2,9,1,3,23 Avenue d'Alsace,"441,399,900,000","40,886,900,000",2.022E+11,777 891,B01,2,1,0,2,7,26,5,NULL,2.022E+11,1 051 729,777 891,B01,1,1,4,1,2002,2,2,4,-1,-1,-1,-1,2.022E+11,4,GRABIEUX (ROUTE DU PONT DE),0,NULL,1,1,0,1,0,0,2,NULL,-1,1,9,1,50,
2.022E+11,20,2,2022,13:30:00,1,31,31044,2,1,2,3,Route de Mons,"436,102,790,000","15,196,650,000",2.022E+11,776 196,A01,2,1,0,2,2,1,5,NULL,2.022E+11,1 049 435,776 195,B01,1,1,1,1,1952,5,1,-1,-1,0,0,-1,2.022E+11,7,50,0,D,2,2,0,2,40,357,1,NULL,-1,2,5,1,50,
2.022E+11,20,2,2022,13:30:00,1,31,31044,2,1,2,3,Route de Mons,"436,102,790,000","15,196,650,000",2.022E+11,776 196,A01,2,1,0,2,2,1,5,NULL,2.022E+11,1 049 436,776 196,A01,1,1,3,1,1980,5,2,-1,-1,0,0,-1,2.022E+11,7,50,0,D,2,2,0,2,40,357,1,NULL,-1,2,5,1,50,
2.022E+11,6,9,2022,11:00:00,1,39,39367,1,2,3,3,NULL,"465,558,210,000","60,134,160,000",2.022E+11,776 188,B01,1,1,0,2,1,15,5,NULL,2.022E+11,1 049 428,776 188,B01,1,1,3,1,1959,5,0,-1,-1,0,0,-1,2.022E+11,2,5,0,N,2,2,0,2,96,175,3,NULL,-1,2,5,1,80,
2.022E+11,6,9,2022,11:00:00,1,39,39367,1,2,3,3,NULL,"465,558,210,000","60,134,160,000",2.022E+11,776 188,B01,1,1,0,2,1,15,5,NULL,2.022E+11,1 049 429,776 190,A01,1,1,1,2,1962,9,1,-1,-1,0,0,-1,2.022E+11,2,5,0,N,2,2,0,2,96,175,3,NULL,-1,2,5,1,80,
2.022E+11,12,11,2022,18:35:00,5,75,75111,2,4,1,3,BOULEVARD VOLTAIRE,"488,626,480,000","23,718,800,000",2.022E+11,771 000,A01,1,1,0,2,3,15,5,NULL,2.022E+11,1 042 380,771 000,A01,1,1,4,1,1965,4,8,0,-1,0,0,-1,2.022E+11,4,BOULEVARD VOLTAIRE,0,NULL,2,4,1,1,-1,-1,1,NULL,-1,1,0,5,30,
2.022E+11,12,11,2022,18:35:00,5,75,75111,2,4,1,3,BOULEVARD VOLTAIRE,"488,626,480,000","23,718,800,000",2.022E+11,771 000,A01,1,1,0,2,3,15,5,NULL,2.022E+11,1 042 383,771 002,Z01,1,1,1,1,NULL,4,8,0,-1,-1,-1,-1,2.022E+11,4,BOULEVARD VOLTAIRE,0,NULL,2,4,1,1,-1,-1,1,NULL,-1,1,0,5,30,
2.022E+11,24,5,2022,09:45:00,1,4,4124,1,1,1,7,Route de St Laurent,"437,358,790,000","60,792,800,000",2.022E+11,770 410,A01,3,1,0,0,8,1,5,NULL,2.022E+11,1 041 581,770 410,A01,1,1,3,1,1958,5,2,-1,-1,0,0,-1,2.022E+11,4,NULL,-1,NULL,2,2,0,2,-1,-1,1,NULL,-1,1,0,1,30,
2.022E+11,19,6,2022,04:05:00,1,67,67482,2,3,1,2,VICTOIRE (BOULEVARD DE LA),"485,825,700,000","77,651,300,000",2.022E+11,764 967,B01,2,1,1,2,6,1,5,NULL,2.022E+11,1 034 379,764 965,A01,1,1,1,1,1986,1,1,8,-1,-1,-1,-1,2.022E+11,4,VICTOIRE (BOULEVARD DE LA),0,NULL,3,1,3,1,-1,-1,1,NULL,-1,1,5,1,50,
2.022E+11,19,6,2022,04:05:00,1,67,67482,2,3,1,2,VICTOIRE (BOULEVARD DE LA),"485,825,700,000","77,651,300,000",2.022E+11,764 967,B01,2,1,1,2,6,1,5,NULL,2.022E+11,1 034 382,764 967,B01,1,1,4,1,1990,0,8,8,-1,-1,-1,-1,2.022E+11,4,VICTOIRE (BOULEVARD DE LA),0,NULL,3,1,3,1,-1,-1,1,NULL,-1,1,5,1,50,
2.022E+11,24,1,2022,17:45:00,2,53,53096,2,1,8,3,Rue Alain Gerbault,"482,922,490,000"," -0,9172350000",2.022E+11,761 596,A01,2,1,15,2,1,1,5,NULL,2.022E+11,1 029 961,761 596,A01,1,1,4,1,1972,5,0,-1,-1,0,0,-1,2.022E+11,4,NULL,-1,NULL,2,2,0,4,-1,-1,1,NULL,4,1,0,1,50,
2.022E+11,24,1,2022,17:45:00,2,53,53096,2,1,8,3,Rue Alain Gerbault,"482,922,490,000"," -0,9172350000",2.022E+11,761 596,A01,2,1,15,2,1,1,5,NULL,2.022E+11,1 029 965,761 597,B01,1,1,1,1,1963,4,8,-1,-1,0,0,-1,2.022E+11,4,NULL,-1,NULL,2,2,0,4,-1,-1,1,NULL,4,1,0,1,50,
2.022E+11,11,4,2022,17:10:00,1,37,37122,2,1,1,3,RD 86 DE MONTS à TOURS,"473,352,000,341","0,6648411602",2.022E+11,761 133,A01,3,1,0,2,2,19,5,NULL,2.022E+11,1 029 337,761 133,A01,1,1,4,2,1999,1,2,0,-1,-1,-1,-1,2.022E+11,7,RD 86 DE MONTS à TOURS,0,NULL,2,-1,0,1,7,100,1,NULL,-1,1,0,1,50,