Accident_Id,jour,mois,an,hrmn,lum,dep,com,agg,int,atm,col,adr,lat,long,Num_Acc,id_vehicule,num_veh,senc,catv,obs,obsm,choc,manv,motor,occutc,Num_Acc,id_usager,id_vehicule,num_veh,place,catu,grav,sexe,an_nais,trajet,secu1,secu2,secu3,locp,actp,etatp,Num_Acc,catr,voie,v1,v2,circ,nbv,vosp,prof,pr,pr1,plan,lartpc,larrout,surf,infra,situ,vma,
2.022E+11,29,4,2022,13:55:00,1,35,35241,2,3,1,2,VILLES BILLY (ZONE ARTISANALE),"486,064,731,881","-20,532,009,602",2.022E+11,795 680,B01,3,1,0,2,4,2,5,NULL,2.022E+11,1 075 434,795 682,A01,1,1,1,1,1935,3,8,-1,-1,0,0,-1,2.022E+11,4,VILLES BILLY (ZONE ARTISANALE),0,NULL,2,2,0,1,-1,-1,1,NULL,-1,1,0,1,50,
2.022E+11,16,3,2022,07:00:00,1,75,75117,2,1,1,6,RUE CARDINET,"488,875,000,000","23,143,740,000",2.022E+11,790 734,A01,1,1,0,1,8,1,5,NULL,2.022E+11,1 068 833,790 734,A01,10,3,4,2,1942,5,0,-1,-1,2,3,1,2.022E+11,4,RUE CARDINET,0,NULL,2,3,0,4,-1,-1,1,NULL,-1,1,0,1,30,
2.022E+11,16,3,2022,07:00:00,1,75,75117,2,1,1,6,RUE CARDINET,"488,875,000,000","23,143,740,000",2.022E+11,790 734,A01,1,1,0,1,8,1,5,NULL,2.022E+11,1 068 835,790 734,A01,1,1,1,1,1967,4,2,0,-1,0,0,-1,2.022E+11,4,RUE CARDINET,0,NULL,2,3,0,4,-1,-1,1,NULL,-1,1,0,1,30,
2.022E+11,24,4,2022,15:25:00,1,92,92024,2,2,1,2,GENERAL LECLERC (BD DU) DE (61 A 9),"489,008,272,350","23,158,409,893",2.022E+11,786 018,B01,2,1,0,2,1,1,5,NULL,2.022E+11,1 062 516,786 017,A01,1,1,1,1,1984,4,1,0,-1,-1,-1,-1,2.022E+11,3,110,0,NULL,2,4,2,1,0,0,1,NULL,-1,1,0,1,50,
2.022E+11,24,4,2022,15:25:00,1,92,92024,2,2,1,2,GENERAL LECLERC (BD DU) DE (61 A 9),"489,008,272,350","23,158,409,893",2.022E+11,786 018,B01,2,1,0,2,1,1,5,NULL,2.022E+11,1 062 517,786 018,B01,1,1,4,2,1995,9,8,0,-1,-1,-1,-1,2.022E+11,3,110,0,NULL,2,4,2,1,0,0,1,NULL,-1,1,0,1,50,
2.022E+11,8,10,2022,00:30:00,5,75,75112,2,2,1,3,AVENUE DAUMESNIL,"488,472,990,000","23,753,180,000",2.022E+11,781 600,A01,1,1,0,2,1,1,5,NULL,2.022E+11,1 056 622,781 600,A01,1,1,4,1,1999,9,8,0,-1,0,0,-1,2.022E+11,4,AVENUE DAUMESNIL,0,NULL,2,2,1,1,-1,-1,1,NULL,-1,1,-1,5,30,
2.022E+11,8,10,2022,00:30:00,5,75,75112,2,2,1,3,AVENUE DAUMESNIL,"488,472,990,000","23,753,180,000",2.022E+11,781 600,A01,1,1,0,2,1,1,5,NULL,2.022E+11,1 056 623,781 601,B01,1,1,1,1,1995,9,1,0,-1,0,0,-1,2.022E+11,4,AVENUE DAUMESNIL,0,NULL,2,2,1,1,-1,-1,1,NULL,-1,1,-1,5,30,
2.022E+11,5,9,2022,09:20:00,1,75,75116,2,1,1,2,CARREFOUR DE LONGCHAMP,"488,636,400,000","22,394,870,000",2.022E+11,779 188,B01,3,1,0,2,1,1,5,NULL,2.022E+11,1 053 439,779 188,B01,1,1,4,2,1964,1,2,0,-1,0,0,-1,2.022E+11,4,CARREFOUR DE LONGCHAMP,0,NULL,2,1,1,1,-1,-1,3,NULL,-1,1,0,5,30,
2.022E+11,5,9,2022,09:20:00,1,75,75116,2,1,1,2,CARREFOUR DE LONGCHAMP,"488,636,400,000","22,394,870,000",2.022E+11,779 188,B01,3,1,0,2,1,1,5,NULL,2.022E+11,1 053 441,779 190,A01,1,1,4,1,1993,1,2,0,-1,0,0,-1,2.022E+11,4,CARREFOUR DE LONGCHAMP,0,NULL,2,1,1,1,-1,-1,3,NULL,-1,1,0,5,30,
2.022E+11,4,9,2022,16:45:00,1,7,7212,1,1,1,1,NULL,"451,367,660,000","43,943,380,000",2.022E+11,775 878,B01,1,1,0,2,1,5,5,NULL,2.022E+11,1 049 012,775 877,A01,1,1,1,1,1956,5,1,-1,-1,0,0,-1,2.022E+11,3,NULL,0,A,2,2,0,1,33,380,2,NULL,-1,1,0,1,90,
2.022E+11,4,9,2022,16:45:00,1,7,7212,1,1,1,1,NULL,"451,367,660,000","43,943,380,000",2.022E+11,775 878,B01,1,1,0,2,1,5,5,NULL,2.022E+11,1 049 013,775 878,B01,1,1,4,1,1986,5,2,-1,-1,0,0,-1,2.022E+11,3,NULL,0,A,2,2,0,1,33,380,2,NULL,-1,1,0,1,90,
2.022E+11,2,9,2022,08:50:00,1,69,69388,2,3,1,3,Avenue Jean Mermoz,"457,323,900,000","48,825,900,000",2.022E+11,772 498,B01,2,1,0,2,1,2,5,NULL,2.022E+11,1 044 355,772 497,A01,1,1,-1,-1,NULL,-1,8,-1,-1,-1,-1,-1,2.022E+11,4,JEAN MERMOZ                         (AV),0,NULL,2,4,2,1,-1,-1,1,NULL,-1,1,0,1,50,
2.022E+11,2,9,2022,08:50:00,1,69,69388,2,3,1,3,Avenue Jean Mermoz,"457,323,900,000","48,825,900,000",2.022E+11,772 498,B01,2,1,0,2,1,2,5,NULL,2.022E+11,1 044 356,772 498,B01,1,1,4,2,1995,0,2,-1,-1,0,0,-1,2.022E+11,4,JEAN MERMOZ                         (AV),0,NULL,2,4,2,1,-1,-1,1,NULL,-1,1,0,1,50,
2.022E+11,11,11,2022,16:40:00,1,22,22278,2,1,1,3,COQUELIN,"485,067,400,000","-27,840,500,000",2.022E+11,771 085,B01,3,1,0,2,1,19,5,NULL,2.022E+11,1 042 497,771 083,A01,1,1,1,1,1961,5,1,0,-1,-1,-1,-1,2.022E+11,3,COQUELIN,0,NULL,2,2,0,1,1,0,3,NULL,-1,1,0,1,30,
2.022E+11,11,11,2022,16:40:00,1,22,22278,2,1,1,3,COQUELIN,"485,067,400,000","-27,840,500,000",2.022E+11,771 085,B01,3,1,0,2,1,19,5,NULL,2.022E+11,1 042 499,771 085,B01,1,1,3,2,1952,0,2,0,-1,-1,-1,-1,2.022E+11,3,COQUELIN,0,NULL,2,2,0,1,1,0,3,NULL,-1,1,0,1,30,
2.022E+11,22,5,2022,12:00:00,1,974,97411,2,3,1,3,JAURES (BLD 1 JEAN),"-208,903,500,000","554,657,000,000",2.022E+11,770 103,B01,2,1,0,2,1,1,5,NULL,2.022E+11,1 041 148,770 103,B01,1,1,4,1,1976,0,8,0,-1,0,0,-1,2.022E+11,2,JAURES (BLD 1 JEAN),0,NULL,3,6,0,1,0,0,1,NULL,-1,1,0,1,50,
2.022E+11,22,5,2022,12:00:00,1,974,97411,2,3,1,3,JAURES (BLD 1 JEAN),"-208,903,500,000","554,657,000,000",2.022E+11,770 103,B01,2,1,0,2,1,1,5,NULL,2.022E+11,1 041 149,770 104,A01,1,1,1,2,1982,5,1,0,-1,0,0,-1,2.022E+11,2,JAURES (BLD 1 JEAN),0,NULL,3,6,0,1,0,0,1,NULL,-1,1,0,1,50,
2.022E+11,20,6,2022,11:30:00,1,73,73029,2,1,1,2,D4 - CHANAZ (ROUTE DE),"455,537,880,000","59,357,310,000",2.022E+11,768 611,A01,3,1,0,2,6,1,5,NULL,2.022E+11,1 039 176,768 609,B01,1,1,1,2,1966,4,1,0,-1,-1,-1,-1,2.022E+11,3,CHANAZ (ROUTE DE),0,NULL,2,2,0,2,-1,-1,3,NULL,-1,1,0,1,50,
2.022E+11,20,6,2022,11:30:00,1,73,73029,2,1,1,2,D4 - CHANAZ (ROUTE DE),"455,537,880,000","59,357,310,000",2.022E+11,768 611,A01,3,1,0,2,6,1,5,NULL,2.022E+11,1 039 178,768 611,A01,1,1,3,1,1958,5,2,4,-1,0,0,-1,2.022E+11,3,CHANAZ (ROUTE DE),0,NULL,2,2,0,2,-1,-1,3,NULL,-1,1,0,1,50,
2.022E+11,26,1,2022,15:25:00,1,75,75115,2,7,1,3,PLACE D ALLERAY,"488,363,800,000","23,064,650,000",2.022E+11,768 185,A01,1,1,0,2,8,9,5,NULL,2.022E+11,1 038 640,768 184,B01,1,1,1,1,1976,4,1,0,-1,0,0,-1,2.022E+11,4,PLACE D ALLERAY,0,NULL,4,1,0,1,-1,-1,1,NULL,-1,1,0,1,30,
2.022E+11,26,1,2022,15:25:00,1,75,75115,2,7,1,3,PLACE D ALLERAY,"488,363,800,000","23,064,650,000",2.022E+11,768 185,A01,1,1,0,2,8,9,5,NULL,2.022E+11,1 038 641,768 185,A01,1,1,4,1,1961,9,8,0,-1,0,0,-1,2.022E+11,4,PLACE D ALLERAY,0,NULL,4,1,0,1,-1,-1,1,NULL,-1,1,0,1,30,
2.022E+11,10,11,2022,10:20:00,1,75,75119,2,3,1,3,AVENUE JEAN JAURES,"488,847,350,000","23,776,570,000",2.022E+11,767 448,B01,2,1,0,2,1,1,5,NULL,2.022E+11,1 037 674,767 448,B01,1,1,4,1,1978,9,8,0,-1,0,0,-1,2.022E+11,4,AVENUE JEAN JAURES,0,NULL,-1,2,1,1,-1,-1,1,NULL,-1,1,0,5,30,
2.022E+11,10,11,2022,10:20:00,1,75,75119,2,3,1,3,AVENUE JEAN JAURES,"488,847,350,000","23,776,570,000",2.022E+11,767 448,B01,2,1,0,2,1,1,5,NULL,2.022E+11,1 037 676,767 450,A01,1,1,1,1,1970,9,1,0,-1,0,0,-1,2.022E+11,4,AVENUE JEAN JAURES,0,NULL,-1,2,1,1,-1,-1,1,NULL,-1,1,0,5,30,
2.022E+11,10,11,2022,16:28:00,1,64,64131,1,6,1,2,avenue marcel paul,"434,664,700,000"," -0,7503960000",2.022E+11,767 125,A01,1,1,0,0,6,1,5,NULL,2.022E+11,1 037 241,767 125,A01,1,1,3,1,1943,5,2,9,-1,0,0,-1,2.022E+11,3,9,0,D,2,1,0,1,43,910,3,NULL,-1,1,9,1,80,
2.022E+11,10,11,2022,16:28:00,1,64,64131,1,6,1,2,avenue marcel paul,"434,664,700,000"," -0,7503960000",2.022E+11,767 125,A01,1,1,0,0,6,1,5,NULL,2.022E+11,1 037 243,767 126,B01,1,1,1,1,1958,4,1,-1,-1,0,0,-1,2.022E+11,3,9,0,D,2,1,0,1,43,910,3,NULL,-1,1,9,1,80,
2.022E+11,20,5,2022,19:05:00,1,75,75116,2,7,1,3,PLACE D IENA,"488,645,589,008","22,936,762,869",2.022E+11,763 530,B01,1,1,0,2,2,1,5,NULL,2.022E+11,1 032 499,763 529,A01,1,1,1,1,1969,1,1,0,-1,0,0,-1,2.022E+11,4,PLACE D IENA,0,NULL,1,6,0,1,-1,-1,2,NULL,-1,1,0,1,30,
2.022E+11,20,5,2022,19:05:00,1,75,75116,2,7,1,3,PLACE D IENA,"488,645,589,008","22,936,762,869",2.022E+11,763 530,B01,1,1,0,2,2,1,5,NULL,2.022E+11,1 032 500,763 529,A01,2,2,1,2,1969,1,1,0,-1,0,0,-1,2.022E+11,4,PLACE D IENA,0,NULL,1,6,0,1,-1,-1,2,NULL,-1,1,0,1,30,
2.022E+11,20,5,2022,19:05:00,1,75,75116,2,7,1,3,PLACE D IENA,"488,645,589,008","22,936,762,869",2.022E+11,763 530,B01,1,1,0,2,2,1,5,NULL,2.022E+11,1 032 501,763 530,B01,1,1,4,1,1960,1,2,0,-1,0,0,-1,2.022E+11,4,PLACE D IENA,0,NULL,1,6,0,1,-1,-1,2,NULL,-1,1,0,1,30,
2.022E+11,20,6,2022,17:15:00,1,59,59611,2,3,1,3,Rue des Marronniers,"506,781,231,025","29,931,521,416",2.022E+11,761 708,B01,3,1,0,2,3,0,5,NULL,2.022E+11,1 030 122,761 708,B01,1,1,4,1,1966,1,2,-1,-1,0,0,-1,2.022E+11,7,654,0,M,2,2,0,1,6,450,1,NULL,-1,1,0,1,30,
2.022E+11,20,6,2022,17:15:00,1,59,59611,2,3,1,3,Rue des Marronniers,"506,781,231,025","29,931,521,416",2.022E+11,761 708,B01,3,1,0,2,3,0,5,NULL,2.022E+11,1 030 124,761 709,A01,1,1,1,1,1966,5,1,-1,-1,0,0,-1,2.022E+11,7,654,0,M,2,2,0,1,6,450,1,NULL,-1,1,0,1,30,
2.022E+11,21,7,2022,11:27:00,1,5,5133,1,6,1,3,ROND POINT des Carines,"449,305,400,000","65,935,830,000",2.022E+11,759 867,B01,1,1,0,2,1,1,5,NULL,2.022E+11,1 027 684,759 866,A01,1,1,1,2,1947,5,8,-1,-1,0,0,-1,2.022E+11,3,1091,0,D,1,1,0,1,41,900,2,NULL,-1,1,0,1,70,
2.022E+11,21,7,2022,11:27:00,1,5,5133,1,6,1,3,ROND POINT des Carines,"449,305,400,000","65,935,830,000",2.022E+11,759 867,B01,1,1,0,2,1,1,5,NULL,2.022E+11,1 027 686,759 867,B01,1,1,4,1,1955,5,0,-1,-1,0,0,-1,2.022E+11,3,1091,0,D,1,1,0,1,41,900,2,NULL,-1,1,0,1,70,
2.022E+11,27,8,2022,19:40:00,2,77,77478,1,1,1,1,Borne d'appel d'urgence,"489,762,170,000","30,702,170,000",2.022E+11,755 339,B01,0,1,0,2,0,0,5,NULL,2.022E+11,1 021 577,755 339,B01,1,1,3,1,2005,5,2,-1,-1,0,0,-1,2.022E+11,9,NC,0,NULL,2,2,0,1,-1,-1,1,NULL,-1,1,0,1,80,
2.022E+11,27,8,2022,19:40:00,2,77,77478,1,1,1,1,Borne d'appel d'urgence,"489,762,170,000","30,702,170,000",2.022E+11,755 341,A01,0,1,0,2,0,0,5,NULL,2.022E+11,1 021 577,755 339,B01,1,1,3,1,2005,5,2,-1,-1,0,0,-1,2.022E+11,9,NC,0,NULL,2,2,0,1,-1,-1,1,NULL,-1,1,0,1,80,
2.022E+11,27,8,2022,19:40:00,2,77,77478,1,1,1,1,Borne d'appel d'urgence,"489,762,170,000","30,702,170,000",2.022E+11,755 339,B01,0,1,0,2,0,0,5,NULL,2.022E+11,1 021 578,755 341,A01,1,1,3,1,1998,5,0,-1,-1,0,0,-1,2.022E+11,9,NC,0,NULL,2,2,0,1,-1,-1,1,NULL,-1,1,0,1,80,
2.022E+11,27,8,2022,19:40:00,2,77,77478,1,1,1,1,Borne d'appel d'urgence,"489,762,170,000","30,702,170,000",2.022E+11,755 341,A01,0,1,0,2,0,0,5,NULL,2.022E+11,1 021 578,755 341,A01,1,1,3,1,1998,5,0,-1,-1,0,0,-1,2.022E+11,9,NC,0,NULL,2,2,0,1,-1,-1,1,NULL,-1,1,0,1,80,
2.022E+11,16,6,2022,17:44:00,1,94,94044,2,1,1,2,VERDUN (AV DE),"487,503,150,000","24,829,700,000",2.022E+11,750 902,A01,0,1,0,0,1,2,5,NULL,2.022E+11,1 015 545,750 902,A01,1,1,4,1,2000,0,8,0,-1,-1,-1,-1,2.022E+11,3,VERDUN (AV DE),0,NULL,2,1,0,1,1,0,1,NULL,-1,1,0,1,50,
2.022E+11,16,6,2022,17:44:00,1,94,94044,2,1,1,2,VERDUN (AV DE),"487,503,150,000","24,829,700,000",2.022E+11,750 902,A01,0,1,0,0,1,2,5,NULL,2.022E+11,1 015 546,750 903,B01,1,1,1,1,1960,4,1,0,-1,-1,-1,-1,2.022E+11,3,VERDUN (AV DE),0,NULL,2,1,0,1,1,0,1,NULL,-1,1,0,1,50,
2.022E+11,16,7,2022,20:08:00,1,92,92025,2,2,1,3,GABRIEL PERI (RUE),"489,157,469,171","22,324,303,240",2.022E+11,749 435,A01,2,1,0,2,7,1,5,NULL,2.022E+11,1 013 652,749 434,B01,1,1,1,1,1975,0,1,0,-1,-1,-1,-1,2.022E+11,3,986,0,NULL,2,2,3,1,0,0,1,NULL,-1,1,0,1,30,
2.022E+11,16,7,2022,20:08:00,1,92,92025,2,2,1,3,GABRIEL PERI (RUE),"489,157,469,171","22,324,303,240",2.022E+11,749 435,A01,2,1,0,2,7,1,5,NULL,2.022E+11,1 013 653,749 435,A01,1,1,4,1,1990,0,8,0,-1,-1,-1,-1,2.022E+11,3,986,0,NULL,2,2,3,1,0,0,1,NULL,-1,1,0,1,30,
2.022E+11,7,4,2022,08:10:00,1,35,35152,2,1,2,3,9 Rue de la Tannerie,"482,093,280,000","-15,126,210,000",2.022E+11,747 070,B01,0,1,0,2,1,19,5,NULL,2.022E+11,1 010 453,747 070,B01,1,1,4,1,2011,2,2,-1,-1,0,0,-1,2.022E+11,4,NULL,-1,NULL,2,2,0,1,-1,-1,3,NULL,5,2,0,8,30,
2.022E+11,7,4,2022,08:10:00,1,35,35152,2,1,2,3,9 Rue de la Tannerie,"482,093,280,000","-15,126,210,000",2.022E+11,747 070,B01,0,1,0,2,1,19,5,NULL,2.022E+11,1 010 455,747 072,A01,1,1,1,2,1983,2,1,-1,-1,0,0,-1,2.022E+11,4,NULL,-1,NULL,2,2,0,1,-1,-1,3,NULL,5,2,0,8,30,
2.022E+11,16,1,2022,15:55:00,1,75,75101,2,2,1,3,BOULEVARD DE SEBASTOPOL,"488,605,790,000","23,493,700,000",2.022E+11,745 839,B01,1,1,0,2,1,1,5,NULL,2.022E+11,1 008 836,745 838,A01,1,1,1,1,1998,5,1,0,-1,0,0,-1,2.022E+11,4,BOULEVARD DE SEBASTOPOL,0,NULL,2,5,1,2,-1,-1,2,NULL,-1,2,-1,5,30,
2.022E+11,16,1,2022,15:55:00,1,75,75101,2,2,1,3,BOULEVARD DE SEBASTOPOL,"488,605,790,000","23,493,700,000",2.022E+11,745 839,B01,1,1,0,2,1,1,5,NULL,2.022E+11,1 008 837,745 839,B01,1,1,4,2,1996,9,2,0,-1,0,0,-1,2.022E+11,4,BOULEVARD DE SEBASTOPOL,0,NULL,2,5,1,2,-1,-1,2,NULL,-1,2,-1,5,30,
2.022E+11,8,7,2022,14:00:00,1,5,5061,2,1,1,7,Route des Fauvins,"445,635,800,000","60,895,200,000",2.022E+11,745 332,A01,1,1,0,0,0,26,5,NULL,2.022E+11,1 008 138,745 332,A01,1,1,3,1,1980,0,0,-1,-1,0,0,-1,2.022E+11,4,DOCTEUR AYASSE ( RUE DU ),0,NULL,2,2,1,1,0,1,1,NULL,-1,1,0,5,30,
2.022E+11,25,2,2022,09:18:00,1,10,10387,2,1,1,3,CHOMEDEY DE MAISONNEUVE (AVE),"483,088,933,760","40,688,896,179",2.022E+11,744 608,B01,1,1,0,2,0,0,5,NULL,2.022E+11,1 007 148,744 606,A01,1,1,1,1,2000,0,1,0,-1,0,0,-1,2.022E+11,4,CHOMEDEY DE MAISONNEUVE (AVE),0,NULL,1,1,1,1,-1,-1,1,NULL,-1,1,0,5,50,
2.022E+11,25,2,2022,09:18:00,1,10,10387,2,1,1,3,CHOMEDEY DE MAISONNEUVE (AVE),"483,088,933,760","40,688,896,179",2.022E+11,744 608,B01,1,1,0,2,0,0,5,NULL,2.022E+11,1 007 150,744 608,B01,1,1,4,2,1958,1,8,0,-1,0,0,-1,2.022E+11,4,CHOMEDEY DE MAISONNEUVE (AVE),0,NULL,1,1,1,1,-1,-1,1,NULL,-1,1,0,5,50,
2.022E+11,15,5,2022,10:40:00,1,62,62578,1,1,1,6,D34,"502,407,960,000","26,183,940,000",2.022E+11,740 045,B01,1,1,0,2,8,13,5,NULL,2.022E+11,1 000 958,740 044,A01,2,2,1,1,1968,5,8,-1,-1,0,0,-1,2.022E+11,3,34,-1,NULL,2,2,0,1,2,100,1,NULL,-1,1,0,1,80,
2.022E+11,15,5,2022,10:40:00,1,62,62578,1,1,1,6,D34,"502,407,960,000","26,183,940,000",2.022E+11,740 046,C01,1,1,0,2,8,13,5,NULL,2.022E+11,1 000 958,740 044,A01,2,2,1,1,1968,5,8,-1,-1,0,0,-1,2.022E+11,3,34,-1,NULL,2,2,0,1,2,100,1,NULL,-1,1,0,1,80,
2.022E+11,15,5,2022,10:40:00,1,62,62578,1,1,1,6,D34,"502,407,960,000","26,183,940,000",2.022E+11,740 047,D01,1,1,0,2,8,13,5,NULL,2.022E+11,1 000 958,740 044,A01,2,2,1,1,1968,5,8,-1,-1,0,0,-1,2.022E+11,3,34,-1,NULL,2,2,0,1,2,100,1,NULL,-1,1,0,1,80,
2.022E+11,15,5,2022,10:40:00,1,62,62578,1,1,1,6,D34,"502,407,960,000","26,183,940,000",2.022E+11,740 045,B01,1,1,0,2,8,13,5,NULL,2.022E+11,1 000 959,740 044,A01,1,1,1,1,2003,5,8,-1,-1,0,0,-1,2.022E+11,3,34,-1,NULL,2,2,0,1,2,100,1,NULL,-1,1,0,1,80,
2.022E+11,15,5,2022,10:40:00,1,62,62578,1,1,1,6,D34,"502,407,960,000","26,183,940,000",2.022E+11,740 046,C01,1,1,0,2,8,13,5,NULL,2.022E+11,1 000 959,740 044,A01,1,1,1,1,2003,5,8,-1,-1,0,0,-1,2.022E+11,3,34,-1,NULL,2,2,0,1,2,100,1,NULL,-1,1,0,1,80,
2.022E+11,15,5,2022,10:40:00,1,62,62578,1,1,1,6,D34,"502,407,960,000","26,183,940,000",2.022E+11,740 047,D01,1,1,0,2,8,13,5,NULL,2.022E+11,1 000 959,740 044,A01,1,1,1,1,2003,5,8,-1,-1,0,0,-1,2.022E+11,3,34,-1,NULL,2,2,0,1,2,100,1,NULL,-1,1,0,1,80,
2.022E+11,15,5,2022,10:40:00,1,62,62578,1,1,1,6,D34,"502,407,960,000","26,183,940,000",2.022E+11,740 045,B01,1,1,0,2,8,13,5,NULL,2.022E+11,1 000 960,740 045,B01,1,1,4,1,1979,5,2,-1,-1,0,0,-1,2.022E+11,3,34,-1,NULL,2,2,0,1,2,100,1,NULL,-1,1,0,1,80,
2.022E+11,15,5,2022,10:40:00,1,62,62578,1,1,1,6,D34,"502,407,960,000","26,183,940,000",2.022E+11,740 046,C01,1,1,0,2,8,13,5,NULL,2.022E+11,1 000 960,740 045,B01,1,1,4,1,1979,5,2,-1,-1,0,0,-1,2.022E+11,3,34,-1,NULL,2,2,0,1,2,100,1,NULL,-1,1,0,1,80,
2.022E+11,15,5,2022,10:40:00,1,62,62578,1,1,1,6,D34,"502,407,960,000","26,183,940,000",2.022E+11,740 047,D01,1,1,0,2,8,13,5,NULL,2.022E+11,1 000 960,740 045,B01,1,1,4,1,1979,5,2,-1,-1,0,0,-1,2.022E+11,3,34,-1,NULL,2,2,0,1,2,100,1,NULL,-1,1,0,1,80,
2.022E+11,15,5,2022,10:40:00,1,62,62578,1,1,1,6,D34,"502,407,960,000","26,183,940,000",2.022E+11,740 045,B01,1,1,0,2,8,13,5,NULL,2.022E+11,1 000 961,740 046,C01,1,1,4,1,1983,5,2,-1,-1,0,0,-1,2.022E+11,3,34,-1,NULL,2,2,0,1,2,100,1,NULL,-1,1,0,1,80,
2.022E+11,15,5,2022,10:40:00,1,62,62578,1,1,1,6,D34,"502,407,960,000","26,183,940,000",2.022E+11,740 046,C01,1,1,0,2,8,13,5,NULL,2.022E+11,1 000 961,740 046,C01,1,1,4,1,1983,5,2,-1,-1,0,0,-1,2.022E+11,3,34,-1,NULL,2,2,0,1,2,100,1,NULL,-1,1,0,1,80,
2.022E+11,15,5,2022,10:40:00,1,62,62578,1,1,1,6,D34,"502,407,960,000","26,183,940,000",2.022E+11,740 047,D01,1,1,0,2,8,13,5,NULL,2.022E+11,1 000 961,740 046,C01,1,1,4,1,1983,5,2,-1,-1,0,0,-1,2.022E+11,3,34,-1,NULL,2,2,0,1,2,100,1,NULL,-1,1,0,1,80,
2.022E+11,15,5,2022,10:40:00,1,62,62578,1,1,1,6,D34,"502,407,960,000","26,183,940,000",2.022E+11,740 045,B01,1,1,0,2,8,13,5,NULL,2.022E+11,1 000 962,740 047,D01,1,1,1,1,1974,5,2,-1,-1,0,0,-1,2.022E+11,3,34,-1,NULL,2,2,0,1,2,100,1,NULL,-1,1,0,1,80,
2.022E+11,15,5,2022,10:40:00,1,62,62578,1,1,1,6,D34,"502,407,960,000","26,183,940,000",2.022E+11,740 046,C01,1,1,0,2,8,13,5,NULL,2.022E+11,1 000 962,740 047,D01,1,1,1,1,1974,5,2,-1,-1,0,0,-1,2.022E+11,3,34,-1,NULL,2,2,0,1,2,100,1,NULL,-1,1,0,1,80,
2.022E+11,15,5,2022,10:40:00,1,62,62578,1,1,1,6,D34,"502,407,960,000","26,183,940,000",2.022E+11,740 047,D01,1,1,0,2,8,13,5,NULL,2.022E+11,1 000 962,740 047,D01,1,1,1,1,1974,5,2,-1,-1,0,0,-1,2.022E+11,3,34,-1,NULL,2,2,0,1,2,100,1,NULL,-1,1,0,1,80,
2.022E+11,16,4,2022,11:50:00,1,50,50165,2,6,1,3,COUTANCES (ROUTE DE),"488,538,500,000","-15,650,500,000",2.022E+11,737 858,B01,1,1,0,2,8,1,5,NULL,2.022E+11,997 940,737 856,A01,1,1,1,1,1931,5,1,-1,-1,-1,-1,-1,2.022E+11,3,COUTANCES (ROUTE DE),0,NULL,2,2,0,2,0,11,2,NULL,-1,1,5,1,30,
2.022E+11,16,4,2022,11:50:00,1,50,50165,2,6,1,3,COUTANCES (ROUTE DE),"488,538,500,000","-15,650,500,000",2.022E+11,737 858,B01,1,1,0,2,8,1,5,NULL,2.022E+11,997 944,737 858,B01,1,1,4,1,1994,5,2,-1,-1,-1,-1,-1,2.022E+11,3,COUTANCES (ROUTE DE),0,NULL,2,2,0,2,0,11,2,NULL,-1,1,5,1,30,
2.022E+11,27,10,2022,15:46:00,1,49,49007,2,1,1,2,ARNAULD ( HENRI) BOULEVARD,"474,725,500,000"," -0,5629000000",2.022E+11,736 704,A01,1,1,0,2,1,0,5,NULL,2.022E+11,996 352,736 703,B01,1,1,1,2,1976,5,1,0,-1,-1,-1,-1,2.022E+11,4,ARNAULD ( HENRI) BOULEVARD,0,NULL,2,2,0,1,-1,-1,1,NULL,-1,1,0,1,30,
2.022E+11,27,10,2022,15:46:00,1,49,49007,2,1,1,2,ARNAULD ( HENRI) BOULEVARD,"474,725,500,000"," -0,5629000000",2.022E+11,736 704,A01,1,1,0,2,1,0,5,NULL,2.022E+11,996 353,736 704,A01,1,1,4,1,2004,5,8,0,-1,-1,-1,-1,2.022E+11,4,ARNAULD ( HENRI) BOULEVARD,0,NULL,2,2,0,1,-1,-1,1,NULL,-1,1,0,1,30,
2.022E+11,11,1,2022,17:25:00,2,56,56121,2,2,1,6,CARNOT (RUE  LAZARE ),"477,433,900,000","-33,600,400,000",2.022E+11,736 286,A01,2,1,0,1,1,25,5,NULL,2.022E+11,995 834,736 286,A01,1,1,4,1,1968,1,2,0,-1,-1,-1,-1,2.022E+11,4,CARNOT (RUE  LAZARE ),0,NULL,2,2,0,1,-1,-1,1,NULL,-1,1,0,4,30,
2.022E+11,11,1,2022,17:25:00,2,56,56121,2,2,1,6,CARNOT (RUE  LAZARE ),"477,433,900,000","-33,600,400,000",2.022E+11,736 286,A01,2,1,0,1,1,25,5,NULL,2.022E+11,995 835,736 286,A01,10,3,1,1,1980,0,0,-1,-1,9,B,1,2.022E+11,4,CARNOT (RUE  LAZARE ),0,NULL,2,2,0,1,-1,-1,1,NULL,-1,1,0,4,30,
2.022E+11,11,1,2022,08:17:00,2,75,75119,2,2,1,3,AVENUE DE FLANDRE,"488,944,260,000","23,814,870,000",2.022E+11,732 843,B01,2,1,0,2,1,1,5,NULL,2.022E+11,991 254,732 843,B01,1,1,4,1,1990,9,2,0,-1,0,0,-1,2.022E+11,4,AVENUE DE FLANDRE,0,NULL,3,2,0,1,-1,-1,1,NULL,-1,1,0,1,30,
2.022E+11,11,1,2022,08:17:00,2,75,75119,2,2,1,3,AVENUE DE FLANDRE,"488,944,260,000","23,814,870,000",2.022E+11,732 843,B01,2,1,0,2,1,1,5,NULL,2.022E+11,991 255,732 844,A01,1,1,1,1,1964,9,1,0,-1,0,0,-1,2.022E+11,4,AVENUE DE FLANDRE,0,NULL,3,2,0,1,-1,-1,1,NULL,-1,1,0,1,30,