Accident_Id,jour,mois,an,hrmn,lum,dep,com,agg,int,atm,col,adr,lat,long,Num_Acc,id_vehicule,num_veh,senc,catv,obs,obsm,choc,manv,motor,occutc,Num_Acc,id_usager,id_vehicule,num_veh,place,catu,grav,sexe,an_nais,trajet,secu1,secu2,secu3,locp,actp,etatp,Num_Acc,catr,voie,v1,v2,circ,nbv,vosp,prof,pr,pr1,plan,lartpc,larrout,surf,infra,situ,vma,
2.022E+11,14,5,2022,02:55:00,5,17,17300,2,1,1,3,MINIMES   AVENUE DES,"461,432,740,000","-11,630,040,000",2.022E+11,743 192,B01,3,1,0,2,2,26,5,NULL,2.022E+11,1 005 296,743 192,B01,1,1,4,1,1988,0,0,0,-1,-1,-1,-1,2.022E+11,4,MINIMES   AVENUE DES,0,NULL,2,2,1,1,-1,-1,1,NULL,-1,1,0,5,30,
2.022E+11,23,2,2022,08:10:00,1,49,49007,2,1,1,3,BOISNET RUE,"474,744,589,340"," -0,5520468950",2.022E+11,740 844,B01,1,1,0,2,7,1,5,NULL,2.022E+11,1 002 088,740 840,A01,1,1,1,1,1970,1,8,0,-1,-1,-1,-1,2.022E+11,4,BOISNET RUE,0,NULL,2,2,0,1,1,0,1,NULL,-1,1,0,1,50,
2.022E+11,23,2,2022,08:10:00,1,49,49007,2,1,1,3,BOISNET RUE,"474,744,589,340"," -0,5520468950",2.022E+11,740 844,B01,1,1,0,2,7,1,5,NULL,2.022E+11,1 002 092,740 844,B01,1,1,4,2,2004,1,8,0,-1,-1,-1,-1,2.022E+11,4,BOISNET RUE,0,NULL,2,2,0,1,1,0,1,NULL,-1,1,0,1,50,
2.022E+11,15,5,2022,11:50:00,1,88,88470,2,3,1,3,Route de Noir Rupt,"480,813,580,000","67,396,890,000",2.022E+11,739 975,B01,-1,1,0,2,1,1,5,NULL,2.022E+11,1 000 857,739 975,B01,1,1,3,1,1993,4,2,-1,-1,0,0,-1,2.022E+11,4,6,-1,NULL,2,2,0,2,-1,-1,3,NULL,-1,1,9,1,50,
2.022E+11,15,5,2022,11:50:00,1,88,88470,2,3,1,3,Route de Noir Rupt,"480,813,580,000","67,396,890,000",2.022E+11,739 975,B01,-1,1,0,2,1,1,5,NULL,2.022E+11,1 000 858,739 976,A01,1,1,1,1,1988,5,1,-1,-1,0,0,-1,2.022E+11,4,6,-1,NULL,2,2,0,2,-1,-1,3,NULL,-1,1,9,1,50,
2.022E+11,25,9,2022,13:40:00,1,75,75105,2,2,1,3,AVENUE DES GOBELINS,"488,384,620,000","23,506,990,000",2.022E+11,739 274,B01,1,1,0,2,1,15,5,NULL,2.022E+11,999 908,739 273,A01,1,1,1,1,1959,5,1,0,-1,0,0,-1,2.022E+11,4,AVENUE DES GOBELINS,0,NULL,-1,4,0,1,-1,-1,1,NULL,-1,1,0,1,30,
2.022E+11,25,9,2022,13:40:00,1,75,75105,2,2,1,3,AVENUE DES GOBELINS,"488,384,620,000","23,506,990,000",2.022E+11,739 274,B01,1,1,0,2,1,15,5,NULL,2.022E+11,999 909,739 274,B01,1,1,4,1,1965,5,8,0,-1,0,0,-1,2.022E+11,4,AVENUE DES GOBELINS,0,NULL,-1,4,0,1,-1,-1,1,NULL,-1,1,0,1,30,
2.022E+11,11,5,2022,08:00:00,1,22,22113,2,6,1,2,MARECHAL FOCH (QUAI DU),"487,313,300,000","-34,650,100,000",2.022E+11,736 414,B01,3,1,0,2,4,1,5,NULL,2.022E+11,995 988,736 413,A01,1,1,1,1,1976,1,1,0,-1,-1,-1,-1,2.022E+11,4,MARECHAL FOCH (QUAI DU),0,NULL,1,1,0,1,1,0,1,NULL,-1,1,0,1,50,
2.022E+11,11,5,2022,08:00:00,1,22,22113,2,6,1,2,MARECHAL FOCH (QUAI DU),"487,313,300,000","-34,650,100,000",2.022E+11,736 414,B01,3,1,0,2,4,1,5,NULL,2.022E+11,995 989,736 414,B01,1,1,4,1,1962,1,2,4,-1,-1,-1,-1,2.022E+11,4,MARECHAL FOCH (QUAI DU),0,NULL,1,1,0,1,1,0,1,NULL,-1,1,0,1,50,
2.022E+11,2,12,2022,17:30:00,5,75,75115,2,3,2,6,RUE DE LA CONVENTION,"488,363,040,000","22,996,720,000",2.022E+11,735 383,A01,1,1,0,1,0,1,5,NULL,2.022E+11,994 613,735 383,A01,1,1,1,1,1995,5,8,0,-1,0,0,-1,2.022E+11,4,RUE DE LA CONVENTION,0,NULL,2,2,0,1,-1,-1,1,NULL,-1,2,0,1,30,
2.022E+11,2,12,2022,17:30:00,5,75,75115,2,3,2,6,RUE DE LA CONVENTION,"488,363,040,000","22,996,720,000",2.022E+11,735 383,A01,1,1,0,1,0,1,5,NULL,2.022E+11,994 614,735 383,A01,10,3,4,2,1932,5,0,-1,-1,2,3,1,2.022E+11,4,RUE DE LA CONVENTION,0,NULL,2,2,0,1,-1,-1,1,NULL,-1,2,0,1,30,
2.022E+11,31,3,2022,01:10:00,5,35,35238,2,1,1,6,Quai de la Prévalaye,"481,084,700,000","-16,885,300,000",2.022E+11,730 974,A01,3,1,0,1,1,1,5,NULL,2.022E+11,988 771,730 974,A01,1,1,4,1,1975,5,8,0,-1,0,0,-1,2.022E+11,4,PREVALAYE (QUAI DE LA),0,NULL,1,1,1,2,-1,-1,1,NULL,-1,1,0,5,30,
2.022E+11,31,3,2022,01:10:00,5,35,35238,2,1,1,6,Quai de la Prévalaye,"481,084,700,000","-16,885,300,000",2.022E+11,730 974,A01,3,1,0,1,1,1,5,NULL,2.022E+11,988 774,730 974,A01,10,3,1,1,1987,5,0,-1,-1,1,9,3,2.022E+11,4,PREVALAYE (QUAI DE LA),0,NULL,1,1,1,2,-1,-1,1,NULL,-1,1,0,5,30,
2.022E+11,18,6,2022,19:15:00,2,30,30189,2,1,1,6,Avenue Général Leclerc,"438,275,000,000","43,746,000,000",2.022E+11,728 209,B01,1,1,0,2,0,0,5,NULL,2.022E+11,985 144,728 209,B01,1,1,4,1,2004,5,8,0,-1,-1,-1,-1,2.022E+11,3,NULL,0,NULL,-1,2,1,1,-1,-1,1,NULL,-1,1,0,1,50,
2.022E+11,18,6,2022,19:15:00,2,30,30189,2,1,1,6,Avenue Général Leclerc,"438,275,000,000","43,746,000,000",2.022E+11,728 209,B01,1,1,0,2,0,0,5,NULL,2.022E+11,985 150,728 212,A01,1,1,1,1,1943,5,1,0,-1,0,0,-1,2.022E+11,3,NULL,0,NULL,-1,2,1,1,-1,-1,1,NULL,-1,1,0,1,50,
2.022E+11,10,8,2022,04:00:00,5,75,75107,2,3,1,3,BOULEVARD SAINT GERMAIN,"488,569,740,000","23,245,990,000",2.022E+11,718 007,A01,2,1,0,2,1,1,5,NULL,2.022E+11,971 416,717 999,Z01,1,1,1,-1,NULL,-1,-1,-1,-1,-1,-1,-1,2.022E+11,4,BOULEVARD SAINT GERMAIN,0,NULL,1,5,3,1,-1,-1,1,NULL,-1,1,-1,6,30,
2.022E+11,10,8,2022,04:00:00,5,75,75107,2,3,1,3,BOULEVARD SAINT GERMAIN,"488,569,740,000","23,245,990,000",2.022E+11,718 007,A01,2,1,0,2,1,1,5,NULL,2.022E+11,971 420,717 999,Z01,4,2,1,1,1997,9,8,0,-1,0,0,-1,2.022E+11,4,BOULEVARD SAINT GERMAIN,0,NULL,1,5,3,1,-1,-1,1,NULL,-1,1,-1,6,30,
2.022E+11,10,8,2022,04:00:00,5,75,75107,2,3,1,3,BOULEVARD SAINT GERMAIN,"488,569,740,000","23,245,990,000",2.022E+11,718 007,A01,2,1,0,2,1,1,5,NULL,2.022E+11,971 430,718 007,A01,1,1,4,1,1992,1,8,0,-1,0,0,-1,2.022E+11,4,BOULEVARD SAINT GERMAIN,0,NULL,1,5,3,1,-1,-1,1,NULL,-1,1,-1,6,30,
2.022E+11,5,5,2022,06:50:00,1,69,69386,2,2,2,3,Rue Tête d’Or,"457,651,100,000","48,531,800,000",2.022E+11,717 489,B01,1,1,0,2,4,1,5,NULL,2.022E+11,970 694,717 489,B01,1,1,4,1,1977,1,8,-1,-1,-1,-1,-1,2.022E+11,4,TETE D'OR (DE LA)                   (R ),0,NULL,1,1,2,1,-1,-1,1,NULL,-1,2,0,1,50,
2.022E+11,5,5,2022,06:50:00,1,69,69386,2,2,2,3,Rue Tête d’Or,"457,651,100,000","48,531,800,000",2.022E+11,717 489,B01,1,1,0,2,4,1,5,NULL,2.022E+11,970 705,717 497,A01,1,1,1,1,2000,1,1,-1,-1,-1,-1,-1,2.022E+11,4,TETE D'OR (DE LA)                   (R ),0,NULL,1,1,2,1,-1,-1,1,NULL,-1,2,0,1,50,
2.022E+11,22,3,2022,11:30:00,1,44,44109,2,4,1,3,20 Rue des Rochettes,"472,251,030,000","-15,376,980,000",2.022E+11,810 494,C01,2,1,0,2,1,1,5,NULL,2.022E+11,1 095 087,810 494,C01,1,1,4,2,1999,2,2,-1,-1,0,0,-1,2.022E+11,4,NULL,-1,NULL,1,1,-1,1,-1,-1,2,NULL,-1,1,5,1,30,
2.022E+11,22,3,2022,11:30:00,1,44,44109,2,4,1,3,20 Rue des Rochettes,"472,251,030,000","-15,376,980,000",2.022E+11,810 494,C01,2,1,0,2,1,1,5,NULL,2.022E+11,1 095 090,810 497,A01,1,1,1,1,1968,4,1,-1,-1,0,0,-1,2.022E+11,4,NULL,-1,NULL,1,1,-1,1,-1,-1,2,NULL,-1,1,5,1,30,
2.022E+11,18,10,2022,09:48:00,1,75,75108,2,7,1,2,RUE DES SAUSSAIES,"488,710,640,000","23,164,900,000",2.022E+11,810 313,A01,1,1,0,2,1,17,5,NULL,2.022E+11,1 094 849,810 311,B01,1,1,1,1,1974,4,1,0,-1,0,0,-1,2.022E+11,4,RUE DES SAUSSAIES,0,NULL,1,1,0,1,-1,-1,1,NULL,-1,1,0,1,30,
2.022E+11,18,10,2022,09:48:00,1,75,75108,2,7,1,2,RUE DES SAUSSAIES,"488,710,640,000","23,164,900,000",2.022E+11,810 313,A01,1,1,0,2,1,17,5,NULL,2.022E+11,1 094 852,810 313,A01,1,1,4,2,1993,9,8,0,-1,0,0,-1,2.022E+11,4,RUE DES SAUSSAIES,0,NULL,1,1,0,1,-1,-1,1,NULL,-1,1,0,1,30,
2.022E+11,5,6,2022,10:40:00,1,2A,2A247,2,1,1,3,Avenue de Bastia,"416,107,380,503","92,788,418,390",2.022E+11,809 799,B01,2,1,0,2,1,2,5,NULL,2.022E+11,1 094 166,809 797,A01,1,1,1,2,1987,9,1,-1,-1,0,0,-1,2.022E+11,2,t10,0,T,2,2,0,1,27,220,1,NULL,-1,1,0,3,50,
2.022E+11,5,6,2022,10:40:00,1,2A,2A247,2,1,1,3,Avenue de Bastia,"416,107,380,503","92,788,418,390",2.022E+11,809 799,B01,2,1,0,2,1,2,5,NULL,2.022E+11,1 094 168,809 799,B01,1,1,3,1,1979,5,2,-1,-1,0,0,-1,2.022E+11,2,t10,0,T,2,2,0,1,27,220,1,NULL,-1,1,0,3,50,
2.022E+11,20,3,2022,14:05:00,1,72,72181,1,1,1,7,ESTEREL USINE DES EAUX,"479,909,600,000","0,2389600000",2.022E+11,803 731,A01,3,1,16,0,0,1,5,NULL,2.022E+11,1 086 080,803 731,A01,1,1,3,1,1967,9,8,0,-1,-1,-1,-1,2.022E+11,4,ESTEREL USINE DES EAUX,0,NULL,-1,1,0,2,0,0,3,NULL,-1,1,9,1,50,
2.022E+11,20,6,2022,06:30:00,1,59,59350,2,1,1,7,NULL,"506,413,340,000","30,707,370,000",2.022E+11,803 267,A01,2,1,0,0,0,1,5,NULL,2.022E+11,1 085 414,803 267,A01,1,1,2,1,1967,1,0,-1,-1,-1,-1,-1,2.022E+11,4,NULL,-1,NULL,1,-1,-1,1,-1,-1,1,NULL,-1,1,-1,1,-1,
2.022E+11,13,9,2022,13:45:00,1,42,42032,1,1,1,1,Route du Val Fleury,"455,226,840,000","44,970,020,000",2.022E+11,802 943,B01,3,1,0,2,9,1,5,NULL,2.022E+11,1 085 012,802 943,B01,1,1,3,1,1979,4,2,-1,-1,0,0,-1,2.022E+11,7,106,0,NULL,2,2,0,2,9,570,3,NULL,-1,1,0,1,80,
2.022E+11,13,9,2022,13:45:00,1,42,42032,1,1,1,1,Route du Val Fleury,"455,226,840,000","44,970,020,000",2.022E+11,802 943,B01,3,1,0,2,9,1,5,NULL,2.022E+11,1 085 014,802 944,A01,1,1,1,1,1999,4,1,-1,-1,0,0,-1,2.022E+11,7,106,0,NULL,2,2,0,2,9,570,3,NULL,-1,1,0,1,80,
2.022E+11,1,7,2022,09:20:00,1,35,35238,2,2,1,3,CHATEAUGIRON (DE),"481,018,775,711","-16,563,472,152",2.022E+11,799 227,B01,3,1,0,2,1,1,5,NULL,2.022E+11,1 080 132,799 226,A01,1,1,1,2,1983,1,1,8,-1,0,0,-1,2.022E+11,4,MOUEZY (AVENUE MONSEIGNEUR),0,NULL,2,2,0,1,-1,-1,2,NULL,-1,1,0,2,50,
2.022E+11,1,7,2022,09:20:00,1,35,35238,2,2,1,3,CHATEAUGIRON (DE),"481,018,775,711","-16,563,472,152",2.022E+11,799 227,B01,3,1,0,2,1,1,5,NULL,2.022E+11,1 080 133,799 227,B01,1,1,4,1,1990,1,2,0,-1,0,0,-1,2.022E+11,4,MOUEZY (AVENUE MONSEIGNEUR),0,NULL,2,2,0,1,-1,-1,2,NULL,-1,1,0,2,50,
2.022E+11,31,5,2022,16:20:00,1,69,69264,1,1,1,3,Boulevard Burdeau,"459,978,000,000","47,338,200,000",2.022E+11,794 671,B01,3,1,0,2,8,1,0,NULL,2.022E+11,1 074 106,794 668,A01,1,1,1,1,1949,0,1,-1,-1,0,0,-1,2.022E+11,3,BURDEAU BD,0,NULL,2,4,2,1,1,0,1,NULL,-1,1,0,1,50,
2.022E+11,31,5,2022,16:20:00,1,69,69264,1,1,1,3,Boulevard Burdeau,"459,978,000,000","47,338,200,000",2.022E+11,794 671,B01,3,1,0,2,8,1,0,NULL,2.022E+11,1 074 109,794 671,B01,1,1,4,1,1995,0,8,-1,-1,0,0,-1,2.022E+11,3,BURDEAU BD,0,NULL,2,4,2,1,1,0,1,NULL,-1,1,0,1,50,
2.022E+11,15,4,2022,12:00:00,1,13,13201,2,2,1,3,FRANKLIN ROOSEVELT (COURS)   1 A 37,"432,991,000,000","53,880,200,000",2.022E+11,793 084,B01,2,1,0,2,8,1,5,NULL,2.022E+11,1 072 029,793 083,A01,1,1,1,1,1979,0,8,0,-1,-1,-1,-1,2.022E+11,4,FRANKLIN ROOSEVELT (COURS)   1 A 37,0,NULL,2,2,0,2,0,0,1,NULL,-1,1,0,1,50,
2.022E+11,15,4,2022,12:00:00,1,13,13201,2,2,1,3,FRANKLIN ROOSEVELT (COURS)   1 A 37,"432,991,000,000","53,880,200,000",2.022E+11,793 084,B01,2,1,0,2,8,1,5,NULL,2.022E+11,1 072 031,793 084,B01,1,1,4,1,1969,0,8,0,-1,-1,-1,-1,2.022E+11,4,FRANKLIN ROOSEVELT (COURS)   1 A 37,0,NULL,2,2,0,2,0,0,1,NULL,-1,1,0,1,50,
2.022E+11,10,10,2022,08:38:00,1,87,87085,2,1,2,7,JAURES (RUE JEAN),"458,315,400,000","12,587,100,000",2.022E+11,791 917,A01,2,1,0,0,7,14,5,NULL,2.022E+11,1 070 508,791 917,A01,1,1,4,1,2004,5,8,0,-1,-1,-1,-1,2.022E+11,4,JAURES (RUE JEAN),0,NULL,2,2,0,1,0,0,1,NULL,-1,2,0,1,20,
2.022E+11,16,11,2022,16:15:00,1,31,31483,1,1,1,7,D 9  ROUTE DE LA SERRE DE NEROUS,"431,230,500,000","0,7111200000",2.022E+11,791 324,B01,1,1,0,2,4,1,5,NULL,2.022E+11,1 069 653,791 323,A01,1,1,1,1,1964,4,1,8,-1,0,0,-1,2.022E+11,3,D 9  ROUTE DE LA SERRE DE NEROUS,0,NULL,2,2,0,2,18,748,1,NULL,-1,1,0,1,80,
2.022E+11,16,11,2022,16:15:00,1,31,31483,1,1,1,7,D 9  ROUTE DE LA SERRE DE NEROUS,"431,230,500,000","0,7111200000",2.022E+11,791 324,B01,1,1,0,2,4,1,5,NULL,2.022E+11,1 069 654,791 324,B01,1,1,4,1,2009,5,2,8,-1,0,0,-1,2.022E+11,3,D 9  ROUTE DE LA SERRE DE NEROUS,0,NULL,2,2,0,2,18,748,1,NULL,-1,1,0,1,80,
2.022E+11,6,2,2022,16:00:00,1,74,74243,1,1,1,6,Route d Annemasse,"461,423,960,000","60,927,180,000",2.022E+11,789 702,B01,2,1,0,2,0,1,5,NULL,2.022E+11,1 067 508,789 700,A01,1,1,1,1,1948,9,8,-1,-1,0,0,-1,2.022E+11,3,1206,0,D,2,2,0,1,18,4,1,NULL,-1,1,0,1,70,
2.022E+11,6,2,2022,16:00:00,1,74,74243,1,1,1,6,Route d Annemasse,"461,423,960,000","60,927,180,000",2.022E+11,789 702,B01,2,1,0,2,0,1,5,NULL,2.022E+11,1 067 509,789 702,B01,1,1,2,1,1967,5,2,6,-1,0,0,-1,2.022E+11,3,1206,0,D,2,2,0,1,18,4,1,NULL,-1,1,0,1,70,
2.022E+11,11,10,2022,12:15:00,1,14,14762,2,1,1,6,Rue Charles Tellier,"488,569,080,000"," -0,8801260000",2.022E+11,785 199,A01,3,1,0,1,1,1,5,NULL,2.022E+11,1 061 374,785 199,A01,1,1,1,-1,NULL,-1,-1,-1,-1,-1,-1,-1,2.022E+11,4,NULL,-1,NULL,2,2,0,1,-1,-1,1,NULL,5,1,0,4,50,
2.022E+11,11,10,2022,12:15:00,1,14,14762,2,1,1,6,Rue Charles Tellier,"488,569,080,000"," -0,8801260000",2.022E+11,785 199,A01,3,1,0,1,1,1,5,NULL,2.022E+11,1 061 375,785 199,A01,10,3,4,1,1976,4,4,-1,-1,3,3,1,2.022E+11,4,NULL,-1,NULL,2,2,0,1,-1,-1,1,NULL,5,1,0,4,50,
2.022E+11,12,3,2022,03:32:00,3,17,17333,1,1,1,1,EXPRESS (VOIE),"456,150,760,000"," -0,9865360000",2.022E+11,783 044,B01,2,1,0,2,4,13,5,NULL,2.022E+11,1 058 538,783 040,A01,1,1,1,1,1997,1,1,0,-1,-1,-1,-1,2.022E+11,3,EXPRESS (VOIE),0,NULL,2,3,0,1,39,152,1,NULL,-1,1,0,1,80,
2.022E+11,12,3,2022,03:32:00,3,17,17333,1,1,1,1,EXPRESS (VOIE),"456,150,760,000"," -0,9865360000",2.022E+11,783 044,B01,2,1,0,2,4,13,5,NULL,2.022E+11,1 058 540,783 040,A01,10,3,3,1,2003,5,0,-1,-1,1,3,2,2.022E+11,3,EXPRESS (VOIE),0,NULL,2,3,0,1,39,152,1,NULL,-1,1,0,1,80,
2.022E+11,12,3,2022,03:32:00,3,17,17333,1,1,1,1,EXPRESS (VOIE),"456,150,760,000"," -0,9865360000",2.022E+11,783 044,B01,2,1,0,2,4,13,5,NULL,2.022E+11,1 058 543,783 040,A01,10,3,1,1,2003,0,0,-1,-1,1,3,2,2.022E+11,3,EXPRESS (VOIE),0,NULL,2,3,0,1,39,152,1,NULL,-1,1,0,1,80,
2.022E+11,12,3,2022,03:32:00,3,17,17333,1,1,1,1,EXPRESS (VOIE),"456,150,760,000"," -0,9865360000",2.022E+11,783 044,B01,2,1,0,2,4,13,5,NULL,2.022E+11,1 058 546,783 044,B01,1,1,2,1,1996,5,0,0,-1,-1,-1,-1,2.022E+11,3,EXPRESS (VOIE),0,NULL,2,3,0,1,39,152,1,NULL,-1,1,0,1,80,
2.022E+11,4,9,2022,08:35:00,1,971,97101,1,1,1,2,RN11,"162,732,800,000","-615,172,100,000",2.022E+11,782 767,A01,2,1,0,2,4,1,5,NULL,2.022E+11,1 058 193,782 767,A01,1,1,4,1,1972,5,2,0,-1,-1,-1,-1,2.022E+11,2,RN11,0,NULL,3,5,0,2,-1,-1,1,NULL,-1,1,0,1,90,
2.022E+11,4,9,2022,08:35:00,1,971,97101,1,1,1,2,RN11,"162,732,800,000","-615,172,100,000",2.022E+11,782 767,A01,2,1,0,2,4,1,5,NULL,2.022E+11,1 058 195,782 769,B01,1,1,4,1,1967,0,2,0,-1,-1,-1,-1,2.022E+11,2,RN11,0,NULL,3,5,0,2,-1,-1,1,NULL,-1,1,0,1,90,
2.022E+11,10,11,2022,17:51:00,1,29,29019,2,6,1,3,rue Emile Rousse,"483,830,800,000","-45,274,700,000",2.022E+11,781 554,B01,0,1,0,0,1,1,5,NULL,2.022E+11,1 056 564,781 553,A01,1,1,1,2,1942,5,1,-1,-1,-1,-1,-1,2.022E+11,4,ROUSSE EMILE,0,NULL,-1,2,0,1,-1,-1,1,NULL,-1,1,0,1,50,
2.022E+11,10,11,2022,17:51:00,1,29,29019,2,6,1,3,rue Emile Rousse,"483,830,800,000","-45,274,700,000",2.022E+11,781 554,B01,0,1,0,0,1,1,5,NULL,2.022E+11,1 056 565,781 554,B01,1,1,4,1,1962,1,2,-1,-1,-1,-1,-1,2.022E+11,4,ROUSSE EMILE,0,NULL,-1,2,0,1,-1,-1,1,NULL,-1,1,0,1,50,
2.022E+11,10,11,2022,07:28:00,5,65,65440,2,3,1,3,Rue Maréchal Foch,"432,321,450,000","0,0783870000",2.022E+11,781 343,B01,1,1,0,2,1,17,5,NULL,2.022E+11,1 056 290,781 343,B01,1,1,3,1,1977,1,8,-1,-1,0,0,-1,2.022E+11,4, RUE DU MARECHAL FOCH,0,NULL,1,1,0,1,-1,-1,1,NULL,-1,1,0,1,50,
2.022E+11,10,11,2022,07:28:00,5,65,65440,2,3,1,3,Rue Maréchal Foch,"432,321,450,000","0,0783870000",2.022E+11,781 343,B01,1,1,0,2,1,17,5,NULL,2.022E+11,1 056 293,781 345,A01,1,1,1,1,1987,4,1,-1,-1,0,0,-1,2.022E+11,4, RUE DU MARECHAL FOCH,0,NULL,1,1,0,1,-1,-1,1,NULL,-1,1,0,1,50,
2.022E+11,28,5,2022,18:00:00,1,75,75120,2,4,1,6,RUE DES PYRENEES,"488,737,070,398","23,895,405,406",2.022E+11,780 642,A01,1,1,0,1,1,1,5,NULL,2.022E+11,1 055 393,780 642,A01,10,3,4,2,1970,9,0,-1,-1,3,3,1,2.022E+11,4,RUE DES PYRENEES,0,NULL,2,3,0,1,-1,-1,2,NULL,-1,1,0,1,30,
2.022E+11,28,5,2022,18:00:00,1,75,75120,2,4,1,6,RUE DES PYRENEES,"488,737,070,398","23,895,405,406",2.022E+11,780 642,A01,1,1,0,1,1,1,5,NULL,2.022E+11,1 055 395,780 642,A01,1,1,1,1,2003,9,2,0,-1,0,0,-1,2.022E+11,4,RUE DES PYRENEES,0,NULL,2,3,0,1,-1,-1,2,NULL,-1,1,0,1,30,
2.022E+11,18,4,2022,19:30:00,1,34,34032,2,1,1,6,22 AOUT 1944 (AVENUE DU),"433,437,700,000","32,215,800,000",2.022E+11,775 493,A01,1,1,0,1,1,1,5,NULL,2.022E+11,1 048 489,775 493,A01,10,3,3,1,2010,9,0,-1,-1,1,5,1,2.022E+11,4,22 AOUT 1944 (AVENUE DU),0,NULL,1,2,0,2,-1,-1,1,NULL,-1,1,0,1,50,
2.022E+11,18,4,2022,19:30:00,1,34,34032,2,1,1,6,22 AOUT 1944 (AVENUE DU),"433,437,700,000","32,215,800,000",2.022E+11,775 493,A01,1,1,0,1,1,1,5,NULL,2.022E+11,1 048 491,775 493,A01,1,1,1,1,1978,4,8,0,-1,0,0,-1,2.022E+11,4,22 AOUT 1944 (AVENUE DU),0,NULL,1,2,0,2,-1,-1,1,NULL,-1,1,0,1,50,
2.022E+11,8,3,2022,08:50:00,1,69,69029,2,1,1,6,Avenue François Mitterrand,"457,382,800,000","49,240,200,000",2.022E+11,772 637,A01,2,1,0,1,1,1,6,NULL,2.022E+11,1 044 567,772 637,A01,1,1,1,1,1970,1,2,-1,-1,-1,-1,-1,2.022E+11,9,FRANCOIS MITTERRAND                 (AV),0,NULL,1,2,2,1,-1,-1,1,NULL,-1,1,0,5,50,
2.022E+11,8,3,2022,08:50:00,1,69,69029,2,1,1,6,Avenue François Mitterrand,"457,382,800,000","49,240,200,000",2.022E+11,772 637,A01,2,1,0,1,1,1,6,NULL,2.022E+11,1 044 568,772 637,A01,10,3,4,2,1948,0,0,-1,-1,5,3,1,2.022E+11,9,FRANCOIS MITTERRAND                 (AV),0,NULL,1,2,2,1,-1,-1,1,NULL,-1,1,0,5,50,
2.022E+11,17,4,2022,22:10:00,5,31,31555,2,1,1,3,PONT PIERRE DE COUBERTIN,"435,843,200,000","14,344,200,000",2.022E+11,772 274,A01,0,1,12,0,8,13,5,NULL,2.022E+11,1 044 047,772 274,A01,1,1,4,1,1976,5,8,0,-1,0,0,-1,2.022E+11,4,PONT PIERRE DE COUBERTIN,0,NULL,2,8,1,1,-1,-1,1,NULL,-1,1,2,1,50,
2.022E+11,17,4,2022,22:10:00,5,31,31555,2,1,1,3,PONT PIERRE DE COUBERTIN,"435,843,200,000","14,344,200,000",2.022E+11,772 274,A01,0,1,12,0,8,13,5,NULL,2.022E+11,1 044 048,772 275,B01,1,1,1,1,1957,1,1,0,-1,0,0,-1,2.022E+11,4,PONT PIERRE DE COUBERTIN,0,NULL,2,8,1,1,-1,-1,1,NULL,-1,1,2,1,50,
2.022E+11,16,4,2022,18:05:00,1,75,75117,2,2,1,6,RUE CARDINET,"488,886,163,385","23,156,449,199",2.022E+11,771 757,A01,1,1,0,1,1,16,5,NULL,2.022E+11,1 043 353,771 757,A01,1,1,4,1,1991,1,2,0,-1,0,0,-1,2.022E+11,4,RUE CARDINET,0,NULL,2,3,0,1,-1,-1,1,NULL,-1,1,0,1,30,
2.022E+11,16,4,2022,18:05:00,1,75,75117,2,2,1,6,RUE CARDINET,"488,886,163,385","23,156,449,199",2.022E+11,771 757,A01,1,1,0,1,1,16,5,NULL,2.022E+11,1 043 355,771 757,A01,10,3,4,1,1957,5,0,-1,-1,4,3,1,2.022E+11,4,RUE CARDINET,0,NULL,2,3,0,1,-1,-1,1,NULL,-1,1,0,1,30,
2.022E+11,20,6,2022,08:45:00,1,7,7102,1,6,1,3,NULL,"449,240,580,000","48,597,150,000",2.022E+11,768 456,B01,1,1,0,2,7,1,5,NULL,2.022E+11,1 038 990,768 456,B01,1,1,4,1,1951,5,2,0,-1,-1,-1,-1,2.022E+11,4,Route departementale 96 ,0,NULL,1,2,2,1,-1,-1,1,NULL,-1,1,5,5,70,
2.022E+11,20,6,2022,08:45:00,1,7,7102,1,6,1,3,NULL,"449,240,580,000","48,597,150,000",2.022E+11,768 456,B01,1,1,0,2,7,1,5,NULL,2.022E+11,1 038 993,768 458,A01,1,1,1,1,1967,5,1,0,-1,-1,-1,-1,2.022E+11,4,Route departementale 96 ,0,NULL,1,2,2,1,-1,-1,1,NULL,-1,1,5,5,70,
2.022E+11,24,1,2022,09:00:00,1,67,67482,2,3,1,3,COLMAR (AVENUE DE),"485,512,200,000","77,427,900,000",2.022E+11,764 628,B01,1,1,0,2,5,1,5,NULL,2.022E+11,1 033 921,764 628,B01,1,1,4,1,1982,0,2,8,-1,-1,-1,-1,2.022E+11,4,COLMAR (AVENUE DE),0,NULL,3,8,1,1,-1,-1,1,NULL,-1,1,5,5,50,
2.022E+11,24,1,2022,09:00:00,1,67,67482,2,3,1,3,COLMAR (AVENUE DE),"485,512,200,000","77,427,900,000",2.022E+11,764 628,B01,1,1,0,2,5,1,5,NULL,2.022E+11,1 033 922,764 629,A01,1,1,1,1,1978,5,1,0,-1,-1,-1,-1,2.022E+11,4,COLMAR (AVENUE DE),0,NULL,3,8,1,1,-1,-1,1,NULL,-1,1,5,5,50,