Accident_Id,jour,mois,an,hrmn,lum,dep,com,agg,int,atm,col,adr,lat,long,Num_Acc,id_vehicule,num_veh,senc,catv,obs,obsm,choc,manv,motor,occutc,Num_Acc,id_usager,id_vehicule,num_veh,place,catu,grav,sexe,an_nais,trajet,secu1,secu2,secu3,locp,actp,etatp,Num_Acc,catr,voie,v1,v2,circ,nbv,vosp,prof,pr,pr1,plan,lartpc,larrout,surf,infra,situ,vma,
2.022E+11,8,11,2022,20:30:00,3,62,62865,1,1,1,2,D39,"503,036,220,000","29,921,870,000",2.022E+11,757 445,B01,1,1,0,2,0,2,5,NULL,2.022E+11,1 024 465,757 445,B01,1,1,3,1,1963,5,0,-1,-1,0,0,-1,2.022E+11,3,39,0,NULL,2,2,0,1,8,435,1,NULL,-1,1,0,1,80,
2.022E+11,8,11,2022,20:30:00,3,62,62865,1,1,1,2,D39,"503,036,220,000","29,921,870,000",2.022E+11,757 445,B01,1,1,0,2,0,2,5,NULL,2.022E+11,1 024 466,757 446,A01,1,1,1,2,1982,5,8,-1,-1,0,0,-1,2.022E+11,3,39,0,NULL,2,2,0,1,8,435,1,NULL,-1,1,0,1,80,
2.022E+11,17,5,2022,20:20:00,5,974,97416,2,1,2,3,LORION(RUE LUC),"-213,310,400,000","554,724,600,000",2.022E+11,753 501,B01,1,1,0,2,8,2,5,NULL,2.022E+11,1 019 098,753 500,A01,1,1,1,1,1974,5,1,0,-1,0,0,-1,2.022E+11,4,LORION(RUE LUC),0,NULL,1,2,0,2,0,0,1,NULL,-1,2,0,1,50,
2.022E+11,17,5,2022,20:20:00,5,974,97416,2,1,2,3,LORION(RUE LUC),"-213,310,400,000","554,724,600,000",2.022E+11,753 501,B01,1,1,0,2,8,2,5,NULL,2.022E+11,1 019 099,753 501,B01,1,1,4,1,1981,5,8,0,-1,0,0,-1,2.022E+11,4,LORION(RUE LUC),0,NULL,1,2,0,2,0,0,1,NULL,-1,2,0,1,50,
2.022E+11,12,1,2022,15:45:00,1,67,67482,2,3,1,6,22 NOVEMBRE (RUE DU),"485,826,500,000","77,435,800,000",2.022E+11,739 577,A01,1,1,0,1,3,15,5,NULL,2.022E+11,1 000 316,739 577,A01,1,1,1,1,1972,9,8,0,-1,-1,-1,-1,2.022E+11,4,22 NOVEMBRE (RUE DU),0,NULL,1,3,1,1,-1,-1,1,NULL,-1,1,0,1,50,
2.022E+11,12,1,2022,15:45:00,1,67,67482,2,3,1,6,22 NOVEMBRE (RUE DU),"485,826,500,000","77,435,800,000",2.022E+11,739 577,A01,1,1,0,1,3,15,5,NULL,2.022E+11,1 000 317,739 577,A01,10,3,4,2,1946,0,0,-1,-1,3,3,1,2.022E+11,4,22 NOVEMBRE (RUE DU),0,NULL,1,3,1,1,-1,-1,1,NULL,-1,1,0,1,50,
2.022E+11,11,7,2022,07:40:00,1,64,64445,2,2,1,2,PAIX,"433,195,700,000"," -0,3486200000",2.022E+11,738 848,B01,3,1,0,2,4,15,5,NULL,2.022E+11,999 286,738 847,A01,1,1,1,2,1977,0,1,8,-1,-1,-1,-1,2.022E+11,4,PAIX,0,NULL,-1,3,0,1,0,0,1,NULL,-1,1,5,1,50,
2.022E+11,11,7,2022,07:40:00,1,64,64445,2,2,1,2,PAIX,"433,195,700,000"," -0,3486200000",2.022E+11,738 848,B01,3,1,0,2,4,15,5,NULL,2.022E+11,999 287,738 848,B01,1,1,4,2,1997,9,2,0,-1,-1,-1,-1,2.022E+11,4,PAIX,0,NULL,-1,3,0,1,0,0,1,NULL,-1,1,5,1,50,
2.022E+11,10,1,2022,13:55:00,1,27,27229,2,4,8,3,SEMARD (RUE PIERRE),"490,177,500,000","11,580,200,000",2.022E+11,732 634,B01,0,1,0,2,3,1,5,NULL,2.022E+11,990 987,732 634,B01,1,1,4,1,1992,5,2,4,-1,0,0,-1,2.022E+11,4,SEMARD (RUE PIERRE),0,NULL,2,2,3,2,-1,-1,2,NULL,-1,1,0,1,50,
2.022E+11,10,1,2022,13:55:00,1,27,27229,2,4,8,3,SEMARD (RUE PIERRE),"490,177,500,000","11,580,200,000",2.022E+11,732 634,B01,0,1,0,2,3,1,5,NULL,2.022E+11,990 988,732 635,A01,1,1,1,1,1979,5,1,5,-1,0,0,-1,2.022E+11,4,SEMARD (RUE PIERRE),0,NULL,2,2,3,2,-1,-1,2,NULL,-1,1,0,1,50,
2.022E+11,23,9,2022,14:00:00,1,93,93062,2,2,1,3,Allée de l'Eglise / Allée des Espaliers,"489,035,600,000","25,235,000,000",2.022E+11,732 432,A01,2,1,0,2,8,5,5,NULL,2.022E+11,990 731,732 432,A01,1,1,4,1,2009,2,8,0,-1,0,0,-1,2.022E+11,4,EGLISE (ALLEE DE L'),0,NULL,2,2,0,1,0,0,1,NULL,-1,1,0,1,50,
2.022E+11,23,9,2022,14:00:00,1,93,93062,2,2,1,3,Allée de l'Eglise / Allée des Espaliers,"489,035,600,000","25,235,000,000",2.022E+11,732 432,A01,2,1,0,2,8,5,5,NULL,2.022E+11,990 732,732 433,B01,1,1,1,1,2000,4,8,0,-1,0,0,-1,2.022E+11,4,EGLISE (ALLEE DE L'),0,NULL,2,2,0,1,0,0,1,NULL,-1,1,0,1,50,
2.022E+11,16,8,2022,10:15:00,1,60,60668,1,4,1,3,Rue de la Montagne,"495,034,470,000","20,601,400,000",2.022E+11,727 965,B01,3,1,0,2,3,1,5,NULL,2.022E+11,984 819,727 963,A01,1,1,1,2,1953,5,1,8,-1,0,0,-1,2.022E+11,4,NULL,-1,NULL,2,2,0,1,-1,-1,3,NULL,4,1,0,1,80,
2.022E+11,16,8,2022,10:15:00,1,60,60668,1,4,1,3,Rue de la Montagne,"495,034,470,000","20,601,400,000",2.022E+11,727 965,B01,3,1,0,2,3,1,5,NULL,2.022E+11,984 822,727 965,B01,1,1,4,1,1969,5,8,-1,-1,0,0,-1,2.022E+11,4,NULL,-1,NULL,2,2,0,1,-1,-1,3,NULL,4,1,0,1,80,
2.022E+11,9,6,2022,15:30:00,1,93,93010,2,3,1,3,Avenue Galliéni / Chemin du Pont,"489,070,900,000","24,892,000,000",2.022E+11,727 300,B01,3,1,0,2,7,0,5,NULL,2.022E+11,983 933,727 296,A01,1,1,1,1,1984,0,1,0,-1,-1,-1,-1,2.022E+11,3,GALLIENI (AV.) DE 188 A 230,0,NULL,3,8,0,1,1,1,1,NULL,-1,1,0,1,50,
2.022E+11,9,6,2022,15:30:00,1,93,93010,2,3,1,3,Avenue Galliéni / Chemin du Pont,"489,070,900,000","24,892,000,000",2.022E+11,727 300,B01,3,1,0,2,7,0,5,NULL,2.022E+11,983 937,727 300,B01,1,1,4,1,1966,1,8,0,-1,-1,-1,-1,2.022E+11,3,GALLIENI (AV.) DE 188 A 230,0,NULL,3,8,0,1,1,1,1,NULL,-1,1,0,1,50,
2.022E+11,23,10,2022,02:00:00,5,75,75112,2,2,1,2,AVENUE DAUMESNIL,"488,486,320,000","23,725,420,000",2.022E+11,722 902,A01,2,1,0,2,4,1,5,NULL,2.022E+11,978 170,722 902,A01,1,1,4,1,1975,9,8,0,-1,0,0,-1,2.022E+11,4,AVENUE DAUMESNIL,0,NULL,1,3,0,1,-1,-1,1,NULL,-1,1,0,1,30,
2.022E+11,23,10,2022,02:00:00,5,75,75112,2,2,1,2,AVENUE DAUMESNIL,"488,486,320,000","23,725,420,000",2.022E+11,722 902,A01,2,1,0,2,4,1,5,NULL,2.022E+11,978 175,722 905,Z01,1,1,1,1,1990,9,8,0,-1,-1,-1,-1,2.022E+11,4,AVENUE DAUMESNIL,0,NULL,1,3,0,1,-1,-1,1,NULL,-1,1,0,1,30,
2.022E+11,3,1,2022,17:55:00,3,60,60159,1,6,3,3,Carrefour de Mercières,"493,930,390,000","28,024,990,000",2.022E+11,722 420,B01,3,1,0,2,7,1,5,NULL,2.022E+11,977 515,722 420,B01,1,1,3,1,2000,5,8,0,-1,-1,-1,-1,2.022E+11,3,MERCIERES (CARREFOUR DE),0,NULL,4,5,0,1,3,250,3,NULL,-1,2,5,1,50,
2.022E+11,3,1,2022,17:55:00,3,60,60159,1,6,3,3,Carrefour de Mercières,"493,930,390,000","28,024,990,000",2.022E+11,722 420,B01,3,1,0,2,7,1,5,NULL,2.022E+11,977 516,722 421,A01,1,1,1,2,1993,1,1,0,-1,-1,-1,-1,2.022E+11,3,MERCIERES (CARREFOUR DE),0,NULL,4,5,0,1,3,250,3,NULL,-1,2,5,1,50,
2.022E+11,14,2,2022,09:15:00,1,75,75112,2,4,1,3,AVENUE DE NOGENT,"488,436,370,000","24,471,880,000",2.022E+11,718 828,B01,1,1,0,2,1,1,5,NULL,2.022E+11,972 557,718 825,A01,1,1,1,2,1994,1,1,0,-1,0,0,-1,2.022E+11,4,AVENUE DE NOGENT,0,NULL,2,2,1,1,-1,-1,1,NULL,-1,1,-1,5,50,
2.022E+11,14,2,2022,09:15:00,1,75,75112,2,4,1,3,AVENUE DE NOGENT,"488,436,370,000","24,471,880,000",2.022E+11,718 828,B01,1,1,0,2,1,1,5,NULL,2.022E+11,972 561,718 828,B01,1,1,4,2,1968,1,2,0,-1,0,0,-1,2.022E+11,4,AVENUE DE NOGENT,0,NULL,2,2,1,1,-1,-1,1,NULL,-1,1,-1,5,50,
2.022E+11,23,3,2022,00:30:00,5,75,75108,2,5,1,7,BOULEVARD HAUSSMANN,"488,748,110,000","23,059,810,000",2.022E+11,810 388,A01,2,1,0,0,0,1,5,NULL,2.022E+11,1 094 945,810 388,A01,1,1,4,1,1978,5,0,0,-1,0,0,-1,2.022E+11,4,BOULEVARD HAUSSMANN,0,NULL,2,4,0,1,-1,-1,1,NULL,-1,1,0,1,30,
2.022E+11,19,10,2022,16:10:00,1,50,50288,2,6,1,3,D911/D973,"486,938,000,000","-13,738,860,000",2.022E+11,809 883,B01,2,1,0,2,7,1,5,NULL,2.022E+11,1 094 279,809 880,A01,1,1,1,2,1953,3,1,-1,-1,0,0,-1,2.022E+11,3,973,0,NULL,1,1,0,1,22,636,2,NULL,-1,1,5,1,30,
2.022E+11,19,10,2022,16:10:00,1,50,50288,2,6,1,3,D911/D973,"486,938,000,000","-13,738,860,000",2.022E+11,809 883,B01,2,1,0,2,7,1,5,NULL,2.022E+11,1 094 283,809 883,B01,1,1,3,2,1962,3,2,-1,-1,0,0,-1,2.022E+11,3,973,0,NULL,1,1,0,1,22,636,2,NULL,-1,1,5,1,30,
2.022E+11,16,9,2022,20:49:00,5,14,14118,2,2,2,3,Rue de Bayeux,"491,830,910,000"," -0,3845420000",2.022E+11,809 227,B01,3,1,0,2,1,15,5,NULL,2.022E+11,1 093 401,809 227,B01,1,1,4,2,1996,0,2,0,-1,0,0,-1,2.022E+11,4,BAYEUX (RUE DU143 IMPAIR . 160 PAIR,0,NULL,-1,2,0,1,-1,-1,1,NULL,-1,2,0,1,50,
2.022E+11,16,9,2022,20:49:00,5,14,14118,2,2,2,3,Rue de Bayeux,"491,830,910,000"," -0,3845420000",2.022E+11,809 227,B01,3,1,0,2,1,15,5,NULL,2.022E+11,1 093 402,809 228,A01,1,1,1,1,1981,0,2,6,-1,0,0,-1,2.022E+11,4,BAYEUX (RUE DU143 IMPAIR . 160 PAIR,0,NULL,-1,2,0,1,-1,-1,1,NULL,-1,2,0,1,50,
2.022E+11,23,11,2022,07:30:00,-1,32,32013,2,3,1,3,MARNE (AVENUE DE LA),"436,491,200,000","0,5961300000",2.022E+11,805 387,A01,2,1,0,2,1,1,5,NULL,2.022E+11,1 088 245,805 384,B01,1,1,1,1,1977,0,0,-1,-1,0,0,-1,2.022E+11,3,NULL,-1,NULL,2,1,-1,1,55,600,1,NULL,5,1,5,1,-1,
2.022E+11,23,11,2022,07:30:00,-1,32,32013,2,3,1,3,MARNE (AVENUE DE LA),"436,491,200,000","0,5961300000",2.022E+11,805 387,A01,2,1,0,2,1,1,5,NULL,2.022E+11,1 088 248,805 387,A01,1,1,4,1,1989,0,0,-1,-1,0,0,-1,2.022E+11,3,NULL,-1,NULL,2,1,-1,1,55,600,1,NULL,5,1,5,1,-1,
2.022E+11,5,6,2022,19:45:00,1,75,75119,2,1,8,7,AVENUE SIMON BOLIVAR,"488,763,400,410","23,761,770,129",2.022E+11,804 270,A01,1,1,0,0,0,1,5,NULL,2.022E+11,1 086 786,804 270,A01,1,1,4,1,1978,9,2,-1,-1,0,0,-1,2.022E+11,4,AVENUE SIMON BOLIVAR,0,NULL,2,2,0,2,-1,-1,3,NULL,-1,2,0,1,30,
2.022E+11,22,11,2022,11:30:00,1,59,59560,2,1,2,1,EPINETTE ROND POINT DE L,"505,474,900,000","30,490,800,000",2.022E+11,801 758,B01,3,1,0,2,1,25,5,NULL,2.022E+11,1 083 425,801 758,B01,1,1,3,1,2002,1,0,0,-1,0,0,-1,2.022E+11,7,EPINETTE ROND POINT DE L,0,NULL,4,2,1,1,-1,-1,3,NULL,-1,2,5,5,50,
2.022E+11,22,11,2022,11:30:00,1,59,59560,2,1,2,1,EPINETTE ROND POINT DE L,"505,474,900,000","30,490,800,000",2.022E+11,801 758,B01,3,1,0,2,1,25,5,NULL,2.022E+11,1 083 427,801 760,A01,1,1,1,1,1956,3,1,0,-1,0,0,-1,2.022E+11,7,EPINETTE ROND POINT DE L,0,NULL,4,2,1,1,-1,-1,3,NULL,-1,2,5,5,50,
2.022E+11,22,11,2022,16:10:00,1,75,75107,2,2,9,3,PONT ALEXANDRE III,"488,628,500,000","23,134,440,000",2.022E+11,801 459,A01,1,1,0,2,2,1,5,NULL,2.022E+11,1 083 051,801 458,B01,1,1,1,1,1987,9,1,0,-1,0,0,-1,2.022E+11,4,PONT ALEXANDRE III,0,NULL,2,6,1,1,-1,-1,1,NULL,-1,1,2,5,30,
2.022E+11,22,11,2022,16:10:00,1,75,75107,2,2,9,3,PONT ALEXANDRE III,"488,628,500,000","23,134,440,000",2.022E+11,801 459,A01,1,1,0,2,2,1,5,NULL,2.022E+11,1 083 052,801 459,A01,1,1,4,1,1942,5,8,0,-1,0,0,-1,2.022E+11,4,PONT ALEXANDRE III,0,NULL,2,6,1,1,-1,-1,1,NULL,-1,1,2,5,30,
2.022E+11,5,10,2022,07:55:00,1,5,5061,2,3,1,7,rue Col Thomas Piddington,"445,653,959,607","60,761,475,563",2.022E+11,799 745,B01,3,1,0,0,0,0,5,NULL,2.022E+11,1 080 809,799 745,B01,1,1,4,2,1993,0,2,-1,-1,0,0,-1,2.022E+11,4,COLONEL PIDDINGTON,0,NULL,2,2,0,2,0,1,2,NULL,-1,1,0,1,50,
2.022E+11,5,10,2022,07:55:00,1,5,5061,2,3,1,7,rue Col Thomas Piddington,"445,653,959,607","60,761,475,563",2.022E+11,799 745,B01,3,1,0,0,0,0,5,NULL,2.022E+11,1 080 811,799 747,A01,1,1,1,1,1973,1,1,-1,-1,0,0,-1,2.022E+11,4,COLONEL PIDDINGTON,0,NULL,2,2,0,2,0,1,2,NULL,-1,1,0,1,50,
2.022E+11,9,2,2022,17:54:00,2,38,38185,2,1,1,6,CHENOISE (RUE),"451,934,900,000","57,311,000,000",2.022E+11,798 707,A01,1,1,0,1,0,1,5,NULL,2.022E+11,1 079 445,798 707,A01,10,3,4,1,1938,3,0,-1,-1,1,3,2,2.022E+11,4,CHENOISE (RUE),0,NULL,1,10,0,1,-1,-1,1,NULL,-1,1,0,1,50,
2.022E+11,9,2,2022,17:54:00,2,38,38185,2,1,1,6,CHENOISE (RUE),"451,934,900,000","57,311,000,000",2.022E+11,798 707,A01,1,1,0,1,0,1,5,NULL,2.022E+11,1 079 446,798 707,A01,1,1,1,1,1997,5,8,0,-1,0,0,-1,2.022E+11,4,CHENOISE (RUE),0,NULL,1,10,0,1,-1,-1,1,NULL,-1,1,0,1,50,
2.022E+11,3,8,2022,08:35:00,1,11,11279,1,2,1,3,D203,"432,717,470,000","23,166,430,000",2.022E+11,798 506,B01,1,1,0,2,1,1,5,NULL,2.022E+11,1 079 188,798 505,A01,1,1,1,1,1989,5,1,-1,-1,0,0,-1,2.022E+11,3,203,0,D,2,2,0,2,4,150,1,NULL,-1,1,0,1,80,
2.022E+11,3,8,2022,08:35:00,1,11,11279,1,2,1,3,D203,"432,717,470,000","23,166,430,000",2.022E+11,798 506,B01,1,1,0,2,1,1,5,NULL,2.022E+11,1 079 189,798 506,B01,1,1,3,1,1943,5,2,4,9,0,0,-1,2.022E+11,3,203,0,D,2,2,0,2,4,150,1,NULL,-1,1,0,1,80,
2.022E+11,1,8,2022,22:41:00,5,75,75113,2,5,1,3,BOULEVARD SAINT MARCEL,"488,367,450,000","23,518,770,000",2.022E+11,798 346,B01,2,1,0,2,7,1,5,NULL,2.022E+11,1 078 978,798 346,B01,1,1,4,2,1998,9,2,0,-1,0,0,-1,2.022E+11,4,BOULEVARD SAINT MARCEL,0,NULL,2,6,0,1,-1,-1,1,NULL,-1,1,0,1,30,
2.022E+11,1,8,2022,22:41:00,5,75,75113,2,5,1,3,BOULEVARD SAINT MARCEL,"488,367,450,000","23,518,770,000",2.022E+11,798 346,B01,2,1,0,2,7,1,5,NULL,2.022E+11,1 078 979,798 347,A01,1,1,1,1,2000,4,1,0,-1,0,0,-1,2.022E+11,4,BOULEVARD SAINT MARCEL,0,NULL,2,6,0,1,-1,-1,1,NULL,-1,1,0,1,30,
2.022E+11,26,4,2022,09:40:00,1,75,75106,2,2,1,2,BOULEVARD SAINT GERMAIN,"488,520,996,199","23,403,212,428",2.022E+11,797 700,B01,1,1,0,2,4,2,5,NULL,2.022E+11,1 078 149,797 698,A01,1,1,1,1,1985,4,1,0,-1,0,0,-1,2.022E+11,4,BOULEVARD SAINT GERMAIN,0,NULL,1,4,0,1,-1,-1,1,NULL,-1,1,0,1,30,
2.022E+11,26,4,2022,09:40:00,1,75,75106,2,2,1,2,BOULEVARD SAINT GERMAIN,"488,520,996,199","23,403,212,428",2.022E+11,797 700,B01,1,1,0,2,4,2,5,NULL,2.022E+11,1 078 152,797 700,B01,1,1,4,1,1953,5,2,0,-1,0,0,-1,2.022E+11,4,BOULEVARD SAINT GERMAIN,0,NULL,1,4,0,1,-1,-1,1,NULL,-1,1,0,1,30,
2.022E+11,8,2,2022,07:50:00,2,49,49007,2,1,1,3,GARDOT,"474,678,700,000"," -0,5367800000",2.022E+11,795 760,B01,1,1,0,2,7,26,5,NULL,2.022E+11,1 075 535,795 760,B01,1,1,4,1,2002,9,8,0,-1,-1,-1,-1,2.022E+11,4,NULL,0,NULL,2,2,0,1,1,0,1,NULL,-1,2,0,1,50,
2.022E+11,8,2,2022,07:50:00,2,49,49007,2,1,1,3,GARDOT,"474,678,700,000"," -0,5367800000",2.022E+11,795 760,B01,1,1,0,2,7,26,5,NULL,2.022E+11,1 075 536,795 761,A01,1,1,1,1,1996,1,1,0,-1,-1,-1,-1,2.022E+11,4,NULL,0,NULL,2,2,0,1,1,0,1,NULL,-1,2,0,1,50,
2.022E+11,1,8,2022,22:15:00,5,75,75113,2,1,1,6,RUE DE TOLBIAC,"488,294,680,000","23,747,490,000",2.022E+11,795 015,A01,2,1,12,0,1,14,5,NULL,2.022E+11,1 074 571,795 015,A01,1,1,4,2,1995,9,2,0,-1,0,0,-1,2.022E+11,4,RUE DE TOLBIAC,0,NULL,2,3,0,2,-1,-1,1,NULL,-1,1,0,1,30,
2.022E+11,1,9,2022,16:08:00,1,54,54431,1,1,1,7,RD 657 ,"489,220,000,000","60,654,600,000",2.022E+11,793 167,A01,2,1,0,0,0,0,5,NULL,2.022E+11,1 072 144,793 167,A01,1,1,2,1,1968,5,8,8,-1,0,0,-1,2.022E+11,3,RD 657 CHAMPEY,0,NULL,2,2,0,1,6,310,3,NULL,-1,1,0,3,70,
2.022E+11,11,10,2022,17:23:00,1,49,49007,2,2,1,1,SORIN RUE ET IMPASSE,"474,756,800,000"," -0,5938900000",2.022E+11,789 145,B01,2,1,0,2,1,1,5,NULL,2.022E+11,1 066 696,789 143,A01,1,1,1,2,1998,9,8,0,-1,-1,-1,-1,2.022E+11,4,SORIN RUE ET IMPASSE,0,NULL,2,2,0,1,1,0,1,NULL,-1,1,0,1,50,
2.022E+11,11,10,2022,17:23:00,1,49,49007,2,2,1,1,SORIN RUE ET IMPASSE,"474,756,800,000"," -0,5938900000",2.022E+11,789 145,B01,2,1,0,2,1,1,5,NULL,2.022E+11,1 066 701,789 145,B01,1,1,4,1,1999,9,2,0,-1,-1,-1,-1,2.022E+11,4,SORIN RUE ET IMPASSE,0,NULL,2,2,0,1,1,0,1,NULL,-1,1,0,1,50,
2.022E+11,6,9,2022,14:20:00,1,66,66136,1,6,1,6,NULL,"427,267,419,460","29,005,622,864",2.022E+11,786 082,B01,3,1,0,2,1,19,5,NULL,2.022E+11,1 062 615,786 082,B01,1,1,4,1,1994,0,8,0,-1,-1,-1,-1,2.022E+11,4,LOUIS NOGUERES (BOULEVARD),0,NULL,3,2,0,1,-1,-1,1,NULL,-1,1,0,5,70,
2.022E+11,6,9,2022,14:20:00,1,66,66136,1,6,1,6,NULL,"427,267,419,460","29,005,622,864",2.022E+11,786 082,B01,3,1,0,2,1,19,5,NULL,2.022E+11,1 062 616,786 083,A01,1,1,1,1,1963,0,1,8,-1,-1,-1,-1,2.022E+11,4,LOUIS NOGUERES (BOULEVARD),0,NULL,3,2,0,1,-1,-1,1,NULL,-1,1,0,5,70,
2.022E+11,13,3,2022,18:15:00,1,91,91589,2,2,2,3,AV JEAN ALLEMANE,"486,877,340,000","23,409,600,000",2.022E+11,783 917,A01,1,1,0,2,3,15,5,NULL,2.022E+11,1 059 701,783 915,B01,1,1,1,2,1995,4,1,4,-1,-1,-1,-1,2.022E+11,3,AV JEAN ALLEMANE,0,NULL,2,2,0,1,-1,-1,1,NULL,-1,2,0,1,50,
2.022E+11,13,3,2022,18:15:00,1,91,91589,2,2,2,3,AV JEAN ALLEMANE,"486,877,340,000","23,409,600,000",2.022E+11,783 917,A01,1,1,0,2,3,15,5,NULL,2.022E+11,1 059 702,783 915,B01,2,2,1,1,1972,4,1,4,-1,-1,-1,-1,2.022E+11,3,AV JEAN ALLEMANE,0,NULL,2,2,0,1,-1,-1,1,NULL,-1,2,0,1,50,
2.022E+11,13,3,2022,18:15:00,1,91,91589,2,2,2,3,AV JEAN ALLEMANE,"486,877,340,000","23,409,600,000",2.022E+11,783 917,A01,1,1,0,2,3,15,5,NULL,2.022E+11,1 059 704,783 915,B01,4,2,1,1,1991,4,1,4,-1,-1,-1,-1,2.022E+11,3,AV JEAN ALLEMANE,0,NULL,2,2,0,1,-1,-1,1,NULL,-1,2,0,1,50,
2.022E+11,13,3,2022,18:15:00,1,91,91589,2,2,2,3,AV JEAN ALLEMANE,"486,877,340,000","23,409,600,000",2.022E+11,783 917,A01,1,1,0,2,3,15,5,NULL,2.022E+11,1 059 705,783 915,B01,3,2,1,1,1997,4,1,4,-1,-1,-1,-1,2.022E+11,3,AV JEAN ALLEMANE,0,NULL,2,2,0,1,-1,-1,1,NULL,-1,2,0,1,50,
2.022E+11,13,3,2022,18:15:00,1,91,91589,2,2,2,3,AV JEAN ALLEMANE,"486,877,340,000","23,409,600,000",2.022E+11,783 917,A01,1,1,0,2,3,15,5,NULL,2.022E+11,1 059 706,783 917,A01,1,1,4,1,2008,5,8,0,-1,-1,-1,-1,2.022E+11,3,AV JEAN ALLEMANE,0,NULL,2,2,0,1,-1,-1,1,NULL,-1,2,0,1,50,
2.022E+11,7,9,2022,17:17:00,1,75,75107,2,3,2,3,QUAI BRANLY,"488,606,440,000","22,954,560,000",2.022E+11,783 154,B01,1,1,0,2,1,1,5,NULL,2.022E+11,1 058 698,783 152,A01,1,1,1,1,1963,4,1,0,-1,0,0,-1,2.022E+11,4,QUAI BRANLY,0,NULL,4,4,1,1,-1,-1,1,NULL,-1,2,-1,5,30,
2.022E+11,7,9,2022,17:17:00,1,75,75107,2,3,2,3,QUAI BRANLY,"488,606,440,000","22,954,560,000",2.022E+11,783 154,B01,1,1,0,2,1,1,5,NULL,2.022E+11,1 058 700,783 154,B01,1,1,4,1,1973,9,2,0,-1,0,0,-1,2.022E+11,4,QUAI BRANLY,0,NULL,4,4,1,1,-1,-1,1,NULL,-1,2,-1,5,30,
2.022E+11,22,4,2022,18:45:00,1,75,75114,2,1,1,3,BOULEVARD BRUNE,"488,253,570,000","23,162,520,000",2.022E+11,782 564,B01,2,1,0,2,3,1,5,NULL,2.022E+11,1 057 930,782 563,A01,1,1,1,1,1979,4,1,0,-1,0,0,-1,2.022E+11,4,BOULEVARD BRUNE,0,NULL,3,3,1,1,-1,-1,1,NULL,-1,1,-1,5,50,
2.022E+11,22,4,2022,18:45:00,1,75,75114,2,1,1,3,BOULEVARD BRUNE,"488,253,570,000","23,162,520,000",2.022E+11,782 564,B01,2,1,0,2,3,1,5,NULL,2.022E+11,1 057 931,782 564,B01,1,1,4,1,2001,4,2,0,-1,0,0,-1,2.022E+11,4,BOULEVARD BRUNE,0,NULL,3,3,1,1,-1,-1,1,NULL,-1,1,-1,5,50,
2.022E+11,26,6,2022,20:35:00,1,75,75108,2,7,1,3,PLACE CHARLES DE GAULLE,"488,738,380,000","22,960,210,000",2.022E+11,782 507,B01,1,1,0,2,0,1,5,NULL,2.022E+11,1 057 865,782 507,B01,1,1,4,1,2000,5,2,0,-1,0,0,-1,2.022E+11,4,PLACE CHARLES DE GAULLE,0,NULL,1,6,0,1,-1,-1,1,NULL,-1,1,0,1,30,
2.022E+11,26,6,2022,20:35:00,1,75,75108,2,7,1,3,PLACE CHARLES DE GAULLE,"488,738,380,000","22,960,210,000",2.022E+11,782 507,B01,1,1,0,2,0,1,5,NULL,2.022E+11,1 057 867,782 509,A01,2,2,1,2,1994,5,1,0,-1,0,0,-1,2.022E+11,4,PLACE CHARLES DE GAULLE,0,NULL,1,6,0,1,-1,-1,1,NULL,-1,1,0,1,30,
2.022E+11,26,6,2022,20:35:00,1,75,75108,2,7,1,3,PLACE CHARLES DE GAULLE,"488,738,380,000","22,960,210,000",2.022E+11,782 507,B01,1,1,0,2,0,1,5,NULL,2.022E+11,1 057 868,782 509,A01,1,1,1,1,1984,9,1,0,-1,0,0,-1,2.022E+11,4,PLACE CHARLES DE GAULLE,0,NULL,1,6,0,1,-1,-1,1,NULL,-1,1,0,1,30,
2.022E+11,2,2,2022,09:20:00,1,94,94052,2,3,2,6,Boulevard de la Marne,"488,320,700,000","24,765,400,000",2.022E+11,781 127,B01,3,1,0,2,7,1,5,NULL,2.022E+11,1 056 009,781 123,A01,1,1,1,2,1963,5,1,0,-1,-1,-1,-1,2.022E+11,4,MARNE (BD DE LA),0,NULL,2,2,0,1,0,0,1,NULL,-1,2,0,1,30,
2.022E+11,2,2,2022,09:20:00,1,94,94052,2,3,2,6,Boulevard de la Marne,"488,320,700,000","24,765,400,000",2.022E+11,781 127,B01,3,1,0,2,7,1,5,NULL,2.022E+11,1 056 014,781 127,B01,1,1,4,2,1979,9,0,0,-1,-1,-1,-1,2.022E+11,4,MARNE (BD DE LA),0,NULL,2,2,0,1,0,0,1,NULL,-1,2,0,1,30,
2.022E+11,27,7,2022,20:20:00,1,67,67544,1,1,1,3,Route de Schweigen,"490,446,200,000","79,532,860,000",2.022E+11,780 455,B01,3,1,0,2,1,1,5,NULL,2.022E+11,1 055 150,780 452,A01,2,2,1,1,2001,5,1,-1,-1,0,0,-1,2.022E+11,3,264,-1,D,2,2,1,4,60,800,1,NULL,-1,1,9,1,50,
2.022E+11,27,7,2022,20:20:00,1,67,67544,1,1,1,3,Route de Schweigen,"490,446,200,000","79,532,860,000",2.022E+11,780 455,B01,3,1,0,2,1,1,5,NULL,2.022E+11,1 055 151,780 452,A01,1,1,1,2,2000,5,1,-1,-1,0,0,-1,2.022E+11,3,264,-1,D,2,2,1,4,60,800,1,NULL,-1,1,9,1,50,
2.022E+11,27,7,2022,20:20:00,1,67,67544,1,1,1,3,Route de Schweigen,"490,446,200,000","79,532,860,000",2.022E+11,780 455,B01,3,1,0,2,1,1,5,NULL,2.022E+11,1 055 153,780 455,B01,1,1,3,1,1995,5,2,-1,-1,0,0,-1,2.022E+11,3,264,-1,D,2,2,1,4,60,800,1,NULL,-1,1,9,1,50,