Accident_Id,jour,mois,an,hrmn,lum,dep,com,agg,int,atm,col,adr,lat,long,Num_Acc,id_vehicule,num_veh,senc,catv,obs,obsm,choc,manv,motor,occutc,Num_Acc,id_usager,id_vehicule,num_veh,place,catu,grav,sexe,an_nais,trajet,secu1,secu2,secu3,locp,actp,etatp,Num_Acc,catr,voie,v1,v2,circ,nbv,vosp,prof,pr,pr1,plan,lartpc,larrout,surf,infra,situ,vma,
2.022E+11,16,11,2022,09:05:00,1,75,75102,2,4,8,3,RUE GRENETA,"488,654,810,000","23,532,290,000",2.022E+11,784 922,A01,1,1,0,2,7,19,5,NULL,2.022E+11,1 061 018,784 922,A01,1,1,4,1,2001,2,8,0,-1,0,0,-1,2.022E+11,4,RUE GRENETA,0,NULL,1,2,1,1,-1,-1,1,NULL,-1,2,0,1,30,
2.022E+11,16,11,2022,09:05:00,1,75,75102,2,4,8,3,RUE GRENETA,"488,654,810,000","23,532,290,000",2.022E+11,784 922,A01,1,1,0,2,7,19,5,NULL,2.022E+11,1 061 019,784 923,B01,1,1,1,1,1985,1,2,6,-1,0,0,1,2.022E+11,4,RUE GRENETA,0,NULL,1,2,1,1,-1,-1,1,NULL,-1,2,0,1,30,
2.022E+11,9,10,2022,16:10:00,1,75,75111,2,2,1,3,BOULEVARD VOLTAIRE,"488,597,540,000","23,768,590,000",2.022E+11,781 821,A01,2,1,0,2,3,21,5,NULL,2.022E+11,1 056 921,781 821,A01,1,1,4,1,1994,5,8,0,-1,0,0,-1,2.022E+11,4,BOULEVARD VOLTAIRE,0,NULL,2,4,1,1,-1,-1,1,NULL,-1,1,0,1,30,
2.022E+11,9,10,2022,16:10:00,1,75,75111,2,2,1,3,BOULEVARD VOLTAIRE,"488,597,540,000","23,768,590,000",2.022E+11,781 821,A01,2,1,0,2,3,21,5,NULL,2.022E+11,1 056 922,781 822,B01,1,1,4,1,1975,9,8,0,-1,0,0,-1,2.022E+11,4,BOULEVARD VOLTAIRE,0,NULL,2,4,1,1,-1,-1,1,NULL,-1,1,0,1,30,
2.022E+11,10,11,2022,09:40:00,1,51,51454,1,6,1,3,rue de la 12ème Escadre d'Aviation,"492,746,600,000","40,331,200,000",2.022E+11,781 199,B01,3,1,0,2,5,26,5,NULL,2.022E+11,1 056 111,781 199,B01,1,1,4,2,1960,0,2,-1,-1,0,0,-1,2.022E+11,4,DOUZIEME ESCADRON D'AVIATION (RUE),0,NULL,2,2,0,1,-1,-1,1,NULL,-1,1,0,1,30,
2.022E+11,10,11,2022,09:40:00,1,51,51454,1,6,1,3,rue de la 12ème Escadre d'Aviation,"492,746,600,000","40,331,200,000",2.022E+11,781 199,B01,3,1,0,2,5,26,5,NULL,2.022E+11,1 056 117,781 205,A01,1,1,1,1,1978,5,1,-1,-1,0,0,-1,2.022E+11,4,DOUZIEME ESCADRON D'AVIATION (RUE),0,NULL,2,2,0,1,-1,-1,1,NULL,-1,1,0,1,30,
2.022E+11,2,2,2022,08:30:00,1,75,75113,2,1,1,3,RUE DE DOMREMY,"488,291,290,000","23,707,720,000",2.022E+11,781 166,B01,2,1,0,2,1,1,5,NULL,2.022E+11,1 056 069,781 166,B01,1,1,4,1,1988,1,0,0,-1,0,0,-1,2.022E+11,4,RUE DE DOMREMY,0,NULL,1,1,2,1,-1,-1,1,NULL,-1,2,0,5,30,
2.022E+11,2,2,2022,08:30:00,1,75,75113,2,1,1,3,RUE DE DOMREMY,"488,291,290,000","23,707,720,000",2.022E+11,781 166,B01,2,1,0,2,1,1,5,NULL,2.022E+11,1 056 071,781 168,A01,1,1,1,2,1971,1,1,8,-1,0,0,-1,2.022E+11,4,RUE DE DOMREMY,0,NULL,1,1,2,1,-1,-1,1,NULL,-1,2,0,5,30,
2.022E+11,20,4,2022,05:35:00,5,35,35055,2,3,1,3,AUVERGNE (RUE D'),"480,863,693,831","-16,143,612,564",2.022E+11,778 855,B01,3,1,0,2,3,15,5,NULL,2.022E+11,1 052 967,778 855,B01,1,1,4,1,1995,0,2,-1,-1,-1,-1,-1,2.022E+11,4,AUVERGNE (RUE D'),0,NULL,2,2,0,1,-1,-1,1,NULL,-1,1,0,1,50,
2.022E+11,20,4,2022,05:35:00,5,35,35055,2,3,1,3,AUVERGNE (RUE D'),"480,863,693,831","-16,143,612,564",2.022E+11,778 855,B01,3,1,0,2,3,15,5,NULL,2.022E+11,1 052 970,778 856,A01,1,1,1,1,1978,1,1,-1,-1,-1,-1,-1,2.022E+11,4,AUVERGNE (RUE D'),0,NULL,2,2,0,1,-1,-1,1,NULL,-1,1,0,1,50,
2.022E+11,7,10,2022,08:05:00,2,35,35238,2,1,1,1,FEE VIVIANE (DE LA),"481,176,100,000","-17,139,000,000",2.022E+11,778 197,B01,3,1,0,2,1,1,5,NULL,2.022E+11,1 052 116,778 196,A01,1,1,1,1,1960,5,1,-1,-1,0,0,-1,2.022E+11,4,FEE VIVIANE (DE LA),0,NULL,2,2,0,1,-1,-1,1,NULL,-1,1,0,1,30,
2.022E+11,7,10,2022,08:05:00,2,35,35238,2,1,1,1,FEE VIVIANE (DE LA),"481,176,100,000","-17,139,000,000",2.022E+11,778 197,B01,3,1,0,2,1,1,5,NULL,2.022E+11,1 052 117,778 197,B01,1,1,4,1,1944,5,2,-1,-1,0,0,-1,2.022E+11,4,FEE VIVIANE (DE LA),0,NULL,2,2,0,1,-1,-1,1,NULL,-1,1,0,1,30,
2.022E+11,30,1,2022,20:45:00,5,75,75107,2,3,1,3,QUAI VOLTAIRE,"488,592,610,000","23,302,280,000",2.022E+11,777 536,B01,1,1,0,2,4,9,5,NULL,2.022E+11,1 051 263,777 536,B01,1,1,4,1,2003,4,2,0,-1,0,0,-1,2.022E+11,4,QUAI VOLTAIRE,0,NULL,2,5,0,1,-1,-1,1,NULL,-1,1,0,1,30,
2.022E+11,30,1,2022,20:45:00,5,75,75107,2,3,1,3,QUAI VOLTAIRE,"488,592,610,000","23,302,280,000",2.022E+11,777 536,B01,1,1,0,2,4,9,5,NULL,2.022E+11,1 051 264,777 537,A01,1,1,1,1,1994,5,2,6,-1,0,0,-1,2.022E+11,4,QUAI VOLTAIRE,0,NULL,2,5,0,1,-1,-1,1,NULL,-1,1,0,1,30,
2.022E+11,6,10,2022,08:10:00,1,35,35238,2,3,1,3,NULL,"481,080,360,000","-17,007,360,000",2.022E+11,774 740,B01,2,1,0,2,1,15,5,NULL,2.022E+11,1 047 483,774 740,B01,1,1,4,1,1966,1,2,4,-1,0,0,-1,2.022E+11,4,LORIENT (DE),0,NULL,2,2,1,1,-1,-1,1,NULL,-1,1,0,1,50,
2.022E+11,6,10,2022,08:10:00,1,35,35238,2,3,1,3,NULL,"481,080,360,000","-17,007,360,000",2.022E+11,774 740,B01,2,1,0,2,1,15,5,NULL,2.022E+11,1 047 484,774 741,A01,1,1,4,1,1992,1,8,-1,-1,0,0,-1,2.022E+11,4,LORIENT (DE),0,NULL,2,2,1,1,-1,-1,1,NULL,-1,1,0,1,50,
2.022E+11,9,3,2022,13:45:00,1,75,75110,2,1,1,6,BOULEVARD DE MAGENTA,"488,816,370,000","23,512,740,000",2.022E+11,772 920,A01,1,1,0,1,1,7,5,NULL,2.022E+11,1 044 953,772 920,A01,1,1,1,1,1999,5,2,0,-1,0,0,-1,2.022E+11,4,BOULEVARD DE MAGENTA,0,NULL,2,4,3,1,-1,-1,1,NULL,-1,1,-1,6,30,
2.022E+11,9,3,2022,13:45:00,1,75,75110,2,1,1,6,BOULEVARD DE MAGENTA,"488,816,370,000","23,512,740,000",2.022E+11,772 920,A01,1,1,0,1,1,7,5,NULL,2.022E+11,1 044 954,772 920,A01,10,3,4,2,1941,5,0,-1,-1,4,3,1,2.022E+11,4,BOULEVARD DE MAGENTA,0,NULL,2,4,3,1,-1,-1,1,NULL,-1,1,-1,6,30,
2.022E+11,21,6,2022,08:15:00,1,94,94068,2,6,1,3,D'ADAMVILLE KENNEDY (PL),"487,933,890,000","24,873,080,000",2.022E+11,771 741,B01,0,1,0,2,8,0,5,NULL,2.022E+11,1 043 331,771 741,B01,1,1,4,2,1964,0,8,0,-1,-1,-1,-1,2.022E+11,4,D'ADAMVILLE KENNEDY (PL),0,NULL,1,1,1,1,-1,-1,2,NULL,-1,1,0,1,30,
2.022E+11,21,6,2022,08:15:00,1,94,94068,2,6,1,3,D'ADAMVILLE KENNEDY (PL),"487,933,890,000","24,873,080,000",2.022E+11,771 741,B01,0,1,0,2,8,0,5,NULL,2.022E+11,1 043 332,771 742,A01,1,1,1,1,1947,5,1,0,-1,-1,-1,-1,2.022E+11,4,D'ADAMVILLE KENNEDY (PL),0,NULL,1,1,1,1,-1,-1,2,NULL,-1,1,0,1,30,
2.022E+11,24,7,2022,10:35:00,1,1,1375,2,1,1,7,Route de la Perrette,"462,835,840,000","51,179,510,000",2.022E+11,770 680,A01,3,1,0,0,0,1,5,NULL,2.022E+11,1 041 938,770 680,A01,1,1,3,1,1957,5,2,9,-1,0,0,-1,2.022E+11,4,NULL,0,NULL,2,2,0,4,-1,-1,1,NULL,4,1,0,1,50,
2.022E+11,31,8,2022,09:00:00,1,49,49328,2,3,1,3,RENAULT (BOULEVARD LOUIS),"472,530,300,000"," -0,0839500000",2.022E+11,769 078,B01,2,1,0,2,1,1,5,NULL,2.022E+11,1 039 798,769 078,B01,1,1,4,1,1943,5,8,0,-1,-1,-1,-1,2.022E+11,4,RENAULT (BOULEVARD LOUIS),0,NULL,2,3,2,1,0,0,1,NULL,-1,1,0,1,50,
2.022E+11,31,8,2022,09:00:00,1,49,49328,2,3,1,3,RENAULT (BOULEVARD LOUIS),"472,530,300,000"," -0,0839500000",2.022E+11,769 078,B01,2,1,0,2,1,1,5,NULL,2.022E+11,1 039 799,769 079,A01,1,1,1,1,1947,5,1,0,-1,-1,-1,-1,2.022E+11,4,RENAULT (BOULEVARD LOUIS),0,NULL,2,3,2,1,0,0,1,NULL,-1,1,0,1,50,
2.022E+11,4,10,2022,14:50:00,1,85,85302,2,1,1,7,21 Rue de la motte,"469,535,030,000","-10,075,240,000",2.022E+11,763 551,A01,1,1,0,0,0,1,5,NULL,2.022E+11,1 032 530,763 551,A01,1,1,3,1,1943,5,2,4,-1,0,0,-1,2.022E+11,4,NULL,0,NULL,2,2,0,2,-1,-1,2,NULL,"5,5",1,0,1,50,
2.022E+11,4,10,2022,14:50:00,1,85,85302,2,1,1,7,21 Rue de la motte,"469,535,030,000","-10,075,240,000",2.022E+11,763 551,A01,1,1,0,0,0,1,5,NULL,2.022E+11,1 032 531,763 552,B01,1,1,1,1,1970,4,1,-1,-1,0,0,-1,2.022E+11,4,NULL,0,NULL,2,2,0,2,-1,-1,2,NULL,"5,5",1,0,1,50,
2.022E+11,21,7,2022,15:30:00,1,93,93071,2,1,8,3,Allée du Canal,"489,277,377,502","25,170,629,919",2.022E+11,763 138,A01,3,1,0,2,0,0,5,NULL,2.022E+11,1 031 993,763 136,Z01,1,1,1,-1,NULL,-1,-1,-1,-1,-1,-1,-1,2.022E+11,9,CANAL (ALLEE DU),0,NULL,2,1,1,1,0,0,1,NULL,-1,1,9,5,30,
2.022E+11,21,7,2022,15:30:00,1,93,93071,2,1,8,3,Allée du Canal,"489,277,377,502","25,170,629,919",2.022E+11,763 138,A01,3,1,0,2,0,0,5,NULL,2.022E+11,1 031 995,763 138,A01,1,1,4,1,1961,0,2,8,-1,0,0,-1,2.022E+11,9,CANAL (ALLEE DU),0,NULL,2,1,1,1,0,0,1,NULL,-1,1,9,5,30,
2.022E+11,19,6,2022,12:50:00,1,75,75115,2,2,1,6,RUE DE LOURMEL,"488,456,570,000","22,879,970,000",2.022E+11,761 415,A01,2,1,0,1,1,16,5,NULL,2.022E+11,1 029 730,761 415,A01,10,3,4,2,1955,5,0,-1,-1,3,3,1,2.022E+11,4,RUE DE LOURMEL,0,NULL,1,1,0,1,-1,-1,1,NULL,-1,1,0,1,30,
2.022E+11,19,6,2022,12:50:00,1,75,75115,2,2,1,6,RUE DE LOURMEL,"488,456,570,000","22,879,970,000",2.022E+11,761 415,A01,2,1,0,1,1,16,5,NULL,2.022E+11,1 029 731,761 415,A01,1,1,1,1,1982,4,8,0,-1,0,0,-1,2.022E+11,4,RUE DE LOURMEL,0,NULL,1,1,0,1,-1,-1,1,NULL,-1,1,0,1,30,
2.022E+11,23,1,2022,12:27:00,1,65,65320,1,2,1,3,ROUTE DÉPARTEMANTALE 8,"431,288,210,000","0,1154210000",2.022E+11,761 026,B01,1,1,0,2,7,1,5,NULL,2.022E+11,1 029 194,761 025,A01,1,1,1,1,1964,5,1,-1,-1,0,0,-1,2.022E+11,3,8,0,NULL,2,2,0,1,14,200,1,NULL,-1,1,0,1,90,
2.022E+11,23,1,2022,12:27:00,1,65,65320,1,2,1,3,ROUTE DÉPARTEMANTALE 8,"431,288,210,000","0,1154210000",2.022E+11,761 026,B01,1,1,0,2,7,1,5,NULL,2.022E+11,1 029 195,761 026,B01,1,1,3,1,1947,5,2,-1,-1,0,0,-1,2.022E+11,3,8,0,NULL,2,2,0,1,14,200,1,NULL,-1,1,0,1,90,
2.022E+11,28,8,2022,07:25:00,2,75,75115,2,3,1,7,BOULEVARD LEFEBVRE,"488,311,910,000","22,918,650,000",2.022E+11,758 685,A01,2,1,0,0,8,1,5,NULL,2.022E+11,1 026 133,758 685,A01,1,1,4,1,1998,5,8,0,-1,0,0,-1,2.022E+11,4,BOULEVARD LEFEBVRE,0,NULL,1,1,1,2,-1,-1,1,NULL,-1,1,-1,5,30,
2.022E+11,13,4,2022,17:30:00,1,71,71150,1,3,1,3,Route du Port d Arciat,"462,429,820,000","47,953,020,000",2.022E+11,758 248,B01,2,1,0,2,1,1,5,NULL,2.022E+11,1 025 544,758 248,B01,1,1,3,1,1967,5,2,-1,-1,0,0,-1,2.022E+11,3,NULL,0,NULL,2,2,0,1,1,50,4,NULL,5,1,0,1,50,
2.022E+11,13,4,2022,17:30:00,1,71,71150,1,3,1,3,Route du Port d Arciat,"462,429,820,000","47,953,020,000",2.022E+11,758 248,B01,2,1,0,2,1,1,5,NULL,2.022E+11,1 025 546,758 249,A01,1,1,1,2,2002,5,1,-1,-1,0,0,-1,2.022E+11,3,NULL,0,NULL,2,2,0,1,1,50,4,NULL,5,1,0,1,50,
2.022E+11,25,8,2022,13:30:00,1,64,64445,2,6,1,3,rond-point des allées de Morlaàs,"433,080,400,000"," -0,3393800000",2.022E+11,755 063,B01,1,1,0,2,7,16,5,NULL,2.022E+11,1 021 212,755 063,B01,1,1,4,1,1972,1,2,8,-1,-1,-1,-1,2.022E+11,4,TOURASSE,0,NULL,2,2,1,1,0,0,3,NULL,-1,1,0,5,50,
2.022E+11,25,8,2022,13:30:00,1,64,64445,2,6,1,3,rond-point des allées de Morlaàs,"433,080,400,000"," -0,3393800000",2.022E+11,755 063,B01,1,1,0,2,7,16,5,NULL,2.022E+11,1 021 213,755 064,Z01,1,1,1,2,1943,-1,1,-1,-1,-1,-1,-1,2.022E+11,4,TOURASSE,0,NULL,2,2,1,1,0,0,3,NULL,-1,1,0,5,50,
2.022E+11,16,6,2022,09:00:00,1,75,75114,2,2,1,7,BOULEVARD DE PORT ROYAL,"488,388,570,000","23,396,710,000",2.022E+11,750 952,A01,2,1,0,0,0,1,5,NULL,2.022E+11,1 015 605,750 952,A01,1,1,4,2,1969,1,2,0,-1,0,0,-1,2.022E+11,4,BOULEVARD DE PORT ROYAL,0,NULL,2,4,3,1,-1,-1,1,NULL,-1,1,-1,6,30,
2.022E+11,15,7,2022,23:50:00,5,75,75107,2,3,1,3,QUAI ANATOLE FRANCE,"488,595,440,000","23,292,800,000",2.022E+11,749 462,A01,3,1,0,2,0,19,5,NULL,2.022E+11,1 013 684,749 460,B01,1,1,4,1,1977,5,2,6,-1,0,0,-1,2.022E+11,4,QUAI ANATOLE FRANCE,0,NULL,1,3,1,1,-1,-1,1,NULL,-1,1,0,1,30,
2.022E+11,15,7,2022,23:50:00,5,75,75107,2,3,1,3,QUAI ANATOLE FRANCE,"488,595,440,000","23,292,800,000",2.022E+11,749 462,A01,3,1,0,2,0,19,5,NULL,2.022E+11,1 013 685,749 460,B01,2,2,4,2,1977,5,2,6,-1,0,0,-1,2.022E+11,4,QUAI ANATOLE FRANCE,0,NULL,1,3,1,1,-1,-1,1,NULL,-1,1,0,1,30,
2.022E+11,15,7,2022,23:50:00,5,75,75107,2,3,1,3,QUAI ANATOLE FRANCE,"488,595,440,000","23,292,800,000",2.022E+11,749 462,A01,3,1,0,2,0,19,5,NULL,2.022E+11,1 013 687,749 462,A01,1,1,1,-1,NULL,-1,-1,-1,-1,-1,-1,-1,2.022E+11,4,QUAI ANATOLE FRANCE,0,NULL,1,3,1,1,-1,-1,1,NULL,-1,1,0,1,30,
2.022E+11,16,5,2022,15:55:00,1,45,45234,2,1,1,7,6 Boulevard Guy-Marie Riobé,"479,127,500,000","19,137,900,000",2.022E+11,746 856,A01,3,1,0,0,0,25,5,NULL,2.022E+11,1 010 159,746 856,A01,1,1,4,1,1962,0,8,0,-1,-1,-1,-1,2.022E+11,4,RIOBE (BOULEVARD GUY MARIE),0,NULL,3,2,0,1,-1,-1,1,NULL,-1,1,0,4,50,
2.022E+11,24,8,2022,12:35:00,1,53,53146,1,6,7,3,RN162,"481,963,405,146"," -0,6666485519",2.022E+11,744 719,B01,2,1,0,2,5,1,5,NULL,2.022E+11,1 007 297,744 717,A01,1,1,1,1,2000,1,1,-1,-1,0,0,-1,2.022E+11,2,162,-1,NULL,2,2,0,1,54,800,2,NULL,-1,1,5,1,80,
2.022E+11,24,8,2022,12:35:00,1,53,53146,1,6,7,3,RN162,"481,963,405,146"," -0,6666485519",2.022E+11,744 719,B01,2,1,0,2,5,1,5,NULL,2.022E+11,1 007 299,744 719,B01,1,1,4,1,1978,5,2,-1,-1,0,0,-1,2.022E+11,2,162,-1,NULL,2,2,0,1,54,800,2,NULL,-1,1,5,1,80,
2.022E+11,22,2,2022,16:55:00,1,92,92024,2,3,1,3,PIERRE BEREGOVOY (RUE),"489,021,050,456","22,956,288,010",2.022E+11,741 223,B01,1,1,0,2,5,1,5,NULL,2.022E+11,1 002 578,741 223,B01,1,1,4,2,1993,1,8,0,-1,0,0,-1,2.022E+11,4,NULL,0,NULL,2,-1,0,1,0,0,1,NULL,-1,9,8,1,30,
2.022E+11,22,2,2022,16:55:00,1,92,92024,2,3,1,3,PIERRE BEREGOVOY (RUE),"489,021,050,456","22,956,288,010",2.022E+11,741 223,B01,1,1,0,2,5,1,5,NULL,2.022E+11,1 002 583,741 226,A01,1,1,1,1,1986,4,1,8,-1,0,0,-1,2.022E+11,4,NULL,0,NULL,2,-1,0,1,0,0,1,NULL,-1,9,8,1,30,
2.022E+11,23,2,2022,16:25:00,1,37,37261,2,1,1,1,NAPOLEON (PONT),"473,973,800,000","0,6764200000",2.022E+11,740 818,B01,1,1,0,9,1,1,5,NULL,2.022E+11,1 002 060,740 818,B01,1,1,1,1,2004,5,8,0,-1,-1,-1,-1,2.022E+11,4,NULL,0,NULL,2,7,1,1,-1,-1,1,NULL,-1,1,2,5,30,
2.022E+11,23,2,2022,16:25:00,1,37,37261,2,1,1,1,NAPOLEON (PONT),"473,973,800,000","0,6764200000",2.022E+11,740 820,A01,2,1,0,9,1,5,5,NULL,2.022E+11,1 002 060,740 818,B01,1,1,1,1,2004,5,8,0,-1,-1,-1,-1,2.022E+11,4,NULL,0,NULL,2,7,1,1,-1,-1,1,NULL,-1,1,2,5,30,
2.022E+11,23,2,2022,16:25:00,1,37,37261,2,1,1,1,NAPOLEON (PONT),"473,973,800,000","0,6764200000",2.022E+11,740 818,B01,1,1,0,9,1,1,5,NULL,2.022E+11,1 002 062,740 820,A01,1,1,4,2,2008,5,8,0,-1,-1,-1,-1,2.022E+11,4,NULL,0,NULL,2,7,1,1,-1,-1,1,NULL,-1,1,2,5,30,
2.022E+11,23,2,2022,16:25:00,1,37,37261,2,1,1,1,NAPOLEON (PONT),"473,973,800,000","0,6764200000",2.022E+11,740 820,A01,2,1,0,9,1,5,5,NULL,2.022E+11,1 002 062,740 820,A01,1,1,4,2,2008,5,8,0,-1,-1,-1,-1,2.022E+11,4,NULL,0,NULL,2,7,1,1,-1,-1,1,NULL,-1,1,2,5,30,
2.022E+11,11,7,2022,08:30:00,1,94,94041,2,9,7,3,Boulevard Hippolyte Marquès,"488,190,270,000","23,725,210,000",2.022E+11,735 092,B01,3,1,0,2,1,0,5,NULL,2.022E+11,994 214,735 090,A01,1,1,1,2,1982,1,1,0,-1,0,0,-1,2.022E+11,3,HIPPOLYTE MARQUES (BD),0,NULL,1,0,0,2,1,0,1,NULL,-1,1,0,1,50,
2.022E+11,11,7,2022,08:30:00,1,94,94041,2,9,7,3,Boulevard Hippolyte Marquès,"488,190,270,000","23,725,210,000",2.022E+11,735 092,B01,3,1,0,2,1,0,5,NULL,2.022E+11,994 216,735 092,B01,10,3,4,1,1968,1,0,-1,-1,2,3,1,2.022E+11,3,HIPPOLYTE MARQUES (BD),0,NULL,1,0,0,2,1,0,1,NULL,-1,1,0,1,50,
2.022E+11,11,7,2022,08:30:00,1,94,94041,2,9,7,3,Boulevard Hippolyte Marquès,"488,190,270,000","23,725,210,000",2.022E+11,735 092,B01,3,1,0,2,1,0,5,NULL,2.022E+11,994 217,735 092,B01,1,1,4,2,1990,1,8,0,-1,0,0,-1,2.022E+11,3,HIPPOLYTE MARQUES (BD),0,NULL,1,0,0,2,1,0,1,NULL,-1,1,0,1,50,
2.022E+11,13,8,2022,18:00:00,1,67,67482,2,1,1,3,LOUIS LOUCHEUR (RUE),"485,495,800,000","77,580,000,000",2.022E+11,734 878,A01,1,1,0,2,0,1,5,NULL,2.022E+11,993 926,734 878,A01,1,1,4,1,2010,5,2,8,-1,-1,-1,-1,2.022E+11,4,LOUIS LOUCHEUR (RUE),0,NULL,2,2,1,1,-1,-1,1,NULL,-1,1,0,1,50,
2.022E+11,13,8,2022,18:00:00,1,67,67482,2,1,1,3,LOUIS LOUCHEUR (RUE),"485,495,800,000","77,580,000,000",2.022E+11,734 878,A01,1,1,0,2,0,1,5,NULL,2.022E+11,993 930,734 880,Z01,1,1,1,-1,NULL,-1,-1,-1,-1,-1,-1,-1,2.022E+11,4,LOUIS LOUCHEUR (RUE),0,NULL,2,2,1,1,-1,-1,1,NULL,-1,1,0,1,50,
2.022E+11,26,10,2022,21:00:00,5,93,93048,2,2,1,3,Rue Francois Arago / Rue du Colonel Delorme,"488,541,400,000","24,277,100,000",2.022E+11,733 215,Y01,2,1,1,0,8,1,5,NULL,2.022E+11,991 716,733 214,A01,1,1,1,1,2001,5,1,8,-1,0,0,-1,2.022E+11,4,FRANCOIS ARAGO (RUE),0,NULL,1,1,2,2,0,0,1,NULL,-1,1,0,1,30,
2.022E+11,26,10,2022,21:00:00,5,93,93048,2,2,1,3,Rue Francois Arago / Rue du Colonel Delorme,"488,541,400,000","24,277,100,000",2.022E+11,733 215,Y01,2,1,1,0,8,1,5,NULL,2.022E+11,991 717,733 215,Y01,1,1,4,1,2003,5,0,-1,-1,0,0,-1,2.022E+11,4,FRANCOIS ARAGO (RUE),0,NULL,1,1,2,2,0,0,1,NULL,-1,1,0,1,30,
2.022E+11,22,9,2022,15:15:00,1,54,54357,2,1,1,2,REPUBLIQUE (RUE DE LA),"487,132,635,441","61,581,292,748",2.022E+11,732 542,B01,1,1,0,2,4,1,5,NULL,2.022E+11,990 870,732 542,B01,1,1,4,1,1957,5,2,0,-1,0,0,-1,2.022E+11,4,REPUBLIQUE (RUE DE LA),0,NULL,2,2,0,2,-1,-1,1,NULL,-1,1,0,1,50,
2.022E+11,22,9,2022,15:15:00,1,54,54357,2,1,1,2,REPUBLIQUE (RUE DE LA),"487,132,635,441","61,581,292,748",2.022E+11,732 542,B01,1,1,0,2,4,1,5,NULL,2.022E+11,990 871,732 543,A01,1,1,1,1,1943,5,1,0,-1,0,0,-1,2.022E+11,4,REPUBLIQUE (RUE DE LA),0,NULL,2,2,0,2,-1,-1,1,NULL,-1,1,0,1,50,
2.022E+11,15,9,2022,19:30:00,1,31,31202,2,6,1,3,Route de toulouse,"438,220,190,000","13,973,240,000",2.022E+11,732 373,B01,1,1,0,2,7,2,5,NULL,2.022E+11,990 655,732 371,A01,1,1,1,2,1987,5,8,-1,-1,0,0,-1,2.022E+11,3,4,-1,D,1,1,0,1,56,5,2,NULL,-1,1,5,1,50,
2.022E+11,15,9,2022,19:30:00,1,31,31202,2,6,1,3,Route de toulouse,"438,220,190,000","13,973,240,000",2.022E+11,732 373,B01,1,1,0,2,7,2,5,NULL,2.022E+11,990 657,732 373,B01,1,1,3,1,1958,5,0,-1,-1,0,0,-1,2.022E+11,3,4,-1,D,1,1,0,1,56,5,2,NULL,-1,1,5,1,50,
2.022E+11,14,8,2022,23:30:00,5,94,94077,2,6,2,2,REPUBLIQUE (VLA DE LA),"487,310,590,000","24,184,150,000",2.022E+11,728 623,B01,2,1,3,2,4,15,5,NULL,2.022E+11,985 672,728 622,A01,1,1,1,1,1991,0,1,8,-1,-1,-1,-1,2.022E+11,3,REPUBLIQUE (VLA DE LA),0,NULL,-1,1,0,2,1,0,3,NULL,-1,2,5,1,50,
2.022E+11,14,8,2022,23:30:00,5,94,94077,2,6,2,2,REPUBLIQUE (VLA DE LA),"487,310,590,000","24,184,150,000",2.022E+11,728 623,B01,2,1,3,2,4,15,5,NULL,2.022E+11,985 674,728 623,B01,1,1,3,1,1981,0,2,0,-1,-1,-1,-1,2.022E+11,3,REPUBLIQUE (VLA DE LA),0,NULL,-1,1,0,2,1,0,3,NULL,-1,2,5,1,50,
2.022E+11,9,6,2022,08:15:00,1,38,38151,2,5,2,3,AVENUE DES ÉTATS GÉNÉRAUX,"451,576,500,000","57,194,000,000",2.022E+11,728 208,B01,1,1,0,2,7,0,5,NULL,2.022E+11,985 142,728 208,B01,1,1,4,1,1994,5,2,0,-1,-1,-1,-1,2.022E+11,4,AVENUE DES ÉTATS GÉNÉRAUX,0,NULL,3,4,0,1,-1,-1,1,NULL,-1,2,0,1,50,
2.022E+11,9,6,2022,08:15:00,1,38,38151,2,5,2,3,AVENUE DES ÉTATS GÉNÉRAUX,"451,576,500,000","57,194,000,000",2.022E+11,728 208,B01,1,1,0,2,7,0,5,NULL,2.022E+11,985 149,728 213,A01,1,1,1,1,1972,4,1,0,-1,-1,-1,-1,2.022E+11,4,AVENUE DES ÉTATS GÉNÉRAUX,0,NULL,3,4,0,1,-1,-1,1,NULL,-1,2,0,1,50,
2.022E+11,11,5,2022,08:50:00,1,85,85211,2,4,1,1,Rue du Petit Logis,"466,116,400,000","-15,796,870,000",2.022E+11,726 255,B01,2,1,0,2,3,1,5,NULL,2.022E+11,982 591,726 253,A01,1,1,1,2,2002,4,1,-1,-1,0,0,-1,2.022E+11,3,12,-1,NULL,2,2,0,1,21,380,4,NULL,-1,1,0,1,50,
2.022E+11,11,5,2022,08:50:00,1,85,85211,2,4,1,1,Rue du Petit Logis,"466,116,400,000","-15,796,870,000",2.022E+11,726 255,B01,2,1,0,2,3,1,5,NULL,2.022E+11,982 593,726 255,B01,1,1,3,1,1953,5,2,-1,-1,0,0,-1,2.022E+11,3,12,-1,NULL,2,2,0,1,21,380,4,NULL,-1,1,0,1,50,
2.022E+11,26,11,2022,11:10:00,1,75,75111,2,2,1,3,BOULEVARD VOLTAIRE,"488,587,200,000","23,785,800,000",2.022E+11,716 399,B01,2,1,0,2,1,1,5,NULL,2.022E+11,969 242,716 391,A01,3,2,1,1,1961,5,1,0,-1,0,0,-1,2.022E+11,4,BOULEVARD VOLTAIRE,0,NULL,3,2,1,1,-1,-1,1,NULL,-1,1,0,5,30,
2.022E+11,26,11,2022,11:10:00,1,75,75111,2,2,1,3,BOULEVARD VOLTAIRE,"488,587,200,000","23,785,800,000",2.022E+11,716 399,B01,2,1,0,2,1,1,5,NULL,2.022E+11,969 246,716 391,A01,1,1,1,1,1982,4,1,0,-1,0,0,-1,2.022E+11,4,BOULEVARD VOLTAIRE,0,NULL,3,2,1,1,-1,-1,1,NULL,-1,1,0,5,30,