Accident_Id,jour,mois,an,hrmn,lum,dep,com,agg,int,atm,col,adr,lat,long,Num_Acc,id_vehicule,num_veh,senc,catv,obs,obsm,choc,manv,motor,occutc,Num_Acc,id_usager,id_vehicule,num_veh,place,catu,grav,sexe,an_nais,trajet,secu1,secu2,secu3,locp,actp,etatp,Num_Acc,catr,voie,v1,v2,circ,nbv,vosp,prof,pr,pr1,plan,lartpc,larrout,surf,infra,situ,vma,
2.022E+11,19,9,2022,18:50:00,1,77,77350,2,6,1,3,AV DU 8 MAI 1945,"487,612,700,000","26,787,400,000",2.022E+11,736 750,B01,2,1,0,2,7,1,5,NULL,2.022E+11,996 410,736 749,A01,1,1,1,2,1945,0,1,0,-1,-1,-1,-1,2.022E+11,4,AV DU 8 MAI 1945,0,NULL,1,2,3,1,0,0,3,NULL,-1,1,5,1,50,
2.022E+11,19,9,2022,18:50:00,1,77,77350,2,6,1,3,AV DU 8 MAI 1945,"487,612,700,000","26,787,400,000",2.022E+11,736 750,B01,2,1,0,2,7,1,5,NULL,2.022E+11,996 413,736 750,B01,1,1,3,2,1979,0,8,0,-1,-1,-1,-1,2.022E+11,4,AV DU 8 MAI 1945,0,NULL,1,2,3,1,0,0,3,NULL,-1,1,5,1,50,
2.022E+11,13,5,2022,19:55:00,1,92,92012,2,1,1,3,REPUBLIQUE (BOULEVARD DE LA) 5/77BIS - 6,"488,313,250,000","22,561,780,000",2.022E+11,736 650,A01,2,1,0,2,0,13,5,NULL,2.022E+11,996 278,736 650,A01,1,1,1,1,1995,4,8,0,-1,-1,-1,-1,2.022E+11,3,50,0,NULL,2,3,0,1,0,0,1,NULL,-1,1,0,1,50,
2.022E+11,13,5,2022,19:55:00,1,92,92012,2,1,1,3,REPUBLIQUE (BOULEVARD DE LA) 5/77BIS - 6,"488,313,250,000","22,561,780,000",2.022E+11,736 651,B01,2,1,0,2,0,2,5,NULL,2.022E+11,996 278,736 650,A01,1,1,1,1,1995,4,8,0,-1,-1,-1,-1,2.022E+11,3,50,0,NULL,2,3,0,1,0,0,1,NULL,-1,1,0,1,50,
2.022E+11,13,5,2022,19:55:00,1,92,92012,2,1,1,3,REPUBLIQUE (BOULEVARD DE LA) 5/77BIS - 6,"488,313,250,000","22,561,780,000",2.022E+11,736 650,A01,2,1,0,2,0,13,5,NULL,2.022E+11,996 279,736 651,B01,1,1,4,1,2002,4,8,0,-1,-1,-1,-1,2.022E+11,3,50,0,NULL,2,3,0,1,0,0,1,NULL,-1,1,0,1,50,
2.022E+11,13,5,2022,19:55:00,1,92,92012,2,1,1,3,REPUBLIQUE (BOULEVARD DE LA) 5/77BIS - 6,"488,313,250,000","22,561,780,000",2.022E+11,736 651,B01,2,1,0,2,0,2,5,NULL,2.022E+11,996 279,736 651,B01,1,1,4,1,2002,4,8,0,-1,-1,-1,-1,2.022E+11,3,50,0,NULL,2,3,0,1,0,0,1,NULL,-1,1,0,1,50,
2.022E+11,13,4,2022,08:42:00,1,49,49007,2,1,1,7,PRUNIERS,"474,709,600,000"," -0,5872400000",2.022E+11,732 295,A01,3,1,0,0,0,2,5,NULL,2.022E+11,990 552,732 295,A01,1,1,4,1,2000,0,8,0,-1,-1,-1,-1,2.022E+11,4,PRUNIERS,0,NULL,2,4,2,1,1,0,1,NULL,-1,1,0,1,30,
2.022E+11,5,7,2022,20:30:00,1,72,72181,2,1,1,3,REMBRANDT (AV),"479,751,000,000","0,2130200000",2.022E+11,731 508,A01,3,1,0,2,1,19,5,NULL,2.022E+11,989 489,731 508,A01,1,1,4,2,2018,5,8,0,-1,-1,-1,-1,2.022E+11,4,REMBRANDT (AV),0,NULL,2,2,0,1,0,0,1,NULL,-1,1,0,1,50,
2.022E+11,5,7,2022,20:30:00,1,72,72181,2,1,1,3,REMBRANDT (AV),"479,751,000,000","0,2130200000",2.022E+11,731 508,A01,3,1,0,2,1,19,5,NULL,2.022E+11,989 492,731 511,B01,1,1,1,1,1974,9,1,0,-1,-1,-1,-1,2.022E+11,4,REMBRANDT (AV),0,NULL,2,2,0,1,0,0,1,NULL,-1,1,0,1,50,
2.022E+11,11,5,2022,13:40:00,1,94,94081,2,1,1,3,14 Avenue Maximilien de Robespierre,"487,910,000,000","23,880,000,000",2.022E+11,730 054,B01,2,1,0,2,0,0,5,NULL,2.022E+11,987 565,730 054,B01,1,1,4,1,2006,2,0,0,-1,-1,-1,-1,2.022E+11,3,MAXIMILIEN ROBESPIERRE (AV),0,NULL,1,2,1,1,14,0,1,NULL,-1,1,9,1,50,
2.022E+11,11,5,2022,13:40:00,1,94,94081,2,1,1,3,14 Avenue Maximilien de Robespierre,"487,910,000,000","23,880,000,000",2.022E+11,730 054,B01,2,1,0,2,0,0,5,NULL,2.022E+11,987 568,730 057,A01,1,1,1,2,NULL,0,8,0,-1,-1,-1,-1,2.022E+11,3,MAXIMILIEN ROBESPIERRE (AV),0,NULL,1,2,1,1,14,0,1,NULL,-1,1,9,1,50,
2.022E+11,7,1,2022,18:10:00,3,93,93074,2,1,1,3,Route de Courtry,"489,359,752,521","26,017,615,199",2.022E+11,725 880,B01,3,1,0,2,8,1,5,NULL,2.022E+11,982 083,725 880,B01,1,1,4,1,1995,0,2,4,-1,-1,-1,-1,2.022E+11,4,COURTRY RUE DE,0,NULL,2,2,0,1,0,0,1,NULL,-1,1,0,1,50,
2.022E+11,7,1,2022,18:10:00,3,93,93074,2,1,1,3,Route de Courtry,"489,359,752,521","26,017,615,199",2.022E+11,725 880,B01,3,1,0,2,8,1,5,NULL,2.022E+11,982 084,725 881,A01,1,1,1,2,1975,0,1,0,-1,-1,-1,-1,2.022E+11,4,COURTRY RUE DE,0,NULL,2,2,0,1,0,0,1,NULL,-1,1,0,1,50,
2.022E+11,18,9,2022,15:37:00,1,51,51108,2,1,1,3,Rue du Commandant Derrien,"489,698,695,345","43,708,151,579",2.022E+11,719 559,B01,1,1,1,0,0,0,5,NULL,2.022E+11,973 606,719 556,A01,1,1,1,2,1968,5,1,-1,-1,-1,-1,-1,2.022E+11,4,DERRIEN (RUE DU COMMANDANT),0,NULL,1,2,1,1,-1,-1,1,NULL,-1,1,9,5,30,
2.022E+11,18,9,2022,15:37:00,1,51,51108,2,1,1,3,Rue du Commandant Derrien,"489,698,695,345","43,708,151,579",2.022E+11,719 559,B01,1,1,1,0,0,0,5,NULL,2.022E+11,973 611,719 559,B01,1,1,3,1,1948,5,8,-1,-1,-1,-1,-1,2.022E+11,4,DERRIEN (RUE DU COMMANDANT),0,NULL,1,2,1,1,-1,-1,1,NULL,-1,1,9,5,30,
2.022E+11,18,3,2022,11:30:00,1,33,33063,2,3,1,3,Rue Camille Godard,"448,550,200,000"," -0,5755500000",2.022E+11,800 399,B01,1,1,0,2,8,15,5,NULL,2.022E+11,1 081 651,800 399,B01,1,1,4,2,1996,3,0,-1,-1,-1,-1,-1,2.022E+11,4,RUE CAMILLE GODARD,0,NULL,2,2,0,1,-1,-1,1,NULL,-1,1,0,1,30,
2.022E+11,18,3,2022,11:30:00,1,33,33063,2,3,1,3,Rue Camille Godard,"448,550,200,000"," -0,5755500000",2.022E+11,800 399,B01,1,1,0,2,8,15,5,NULL,2.022E+11,1 081 654,800 401,A01,1,1,1,2,1988,4,1,-1,-1,-1,-1,-1,2.022E+11,4,RUE CAMILLE GODARD,0,NULL,2,2,0,1,-1,-1,1,NULL,-1,1,0,1,30,
2.022E+11,20,3,2022,11:00:00,1,29,29212,2,3,7,3,Avenue Jean Moulin,"483,789,520,000","-46,032,450,000",2.022E+11,800 102,B01,2,1,0,2,1,1,5,NULL,2.022E+11,1 081 254,800 101,A01,1,1,1,2,1949,0,1,-1,-1,0,0,-1,2.022E+11,4,12,-1,D,2,2,1,1,-1,-1,1,NULL,-1,1,-1,5,50,
2.022E+11,20,3,2022,11:00:00,1,29,29212,2,3,7,3,Avenue Jean Moulin,"483,789,520,000","-46,032,450,000",2.022E+11,800 102,B01,2,1,0,2,1,1,5,NULL,2.022E+11,1 081 255,800 102,B01,1,1,3,2,1969,5,2,-1,-1,0,0,-1,2.022E+11,4,12,-1,D,2,2,1,1,-1,-1,1,NULL,-1,1,-1,5,50,
2.022E+11,12,10,2022,16:40:00,1,37,37261,2,6,1,3,ALOUETTE (CARREFOUR DE L'),"473,639,406,519","0,6995901018",2.022E+11,792 656,B01,2,1,0,2,7,25,5,NULL,2.022E+11,1 071 478,792 655,A01,1,1,1,1,1977,5,1,0,-1,-1,-1,-1,2.022E+11,4,NULL,0,NULL,1,1,0,1,-1,-1,2,NULL,-1,1,0,1,50,
2.022E+11,12,10,2022,16:40:00,1,37,37261,2,6,1,3,ALOUETTE (CARREFOUR DE L'),"473,639,406,519","0,6995901018",2.022E+11,792 656,B01,2,1,0,2,7,25,5,NULL,2.022E+11,1 071 479,792 656,B01,1,1,4,1,2004,5,8,0,-1,-1,-1,-1,2.022E+11,4,NULL,0,NULL,1,1,0,1,-1,-1,2,NULL,-1,1,0,1,50,
2.022E+11,16,3,2022,18:45:00,5,95,95052,2,1,1,3,Rue Léon Siméon,"491,388,609,242","22,884,553,671",2.022E+11,790 561,B01,3,1,0,2,1,1,5,NULL,2.022E+11,1 068 603,790 557,A01,1,1,1,1,2002,9,1,-1,-1,0,0,-1,2.022E+11,4,NC,0,NULL,2,2,0,1,-1,-1,1,NULL,-1,1,0,1,30,
2.022E+11,16,3,2022,18:45:00,5,95,95052,2,1,1,3,Rue Léon Siméon,"491,388,609,242","22,884,553,671",2.022E+11,790 561,B01,3,1,0,2,1,1,5,NULL,2.022E+11,1 068 606,790 561,B01,1,1,4,1,2004,5,0,-1,-1,0,0,-1,2.022E+11,4,NC,0,NULL,2,2,0,1,-1,-1,1,NULL,-1,1,0,1,30,
2.022E+11,27,4,2022,18:30:00,1,67,67205,2,6,7,3,Rue du Ried,"486,906,610,000","77,847,920,000",2.022E+11,790 026,B01,3,1,0,2,1,1,5,NULL,2.022E+11,1 067 925,790 026,B01,1,1,4,1,1974,1,2,-1,-1,0,0,-1,2.022E+11,4,NULL,-1,NULL,2,2,0,1,-1,-1,1,NULL,4,1,5,1,50,
2.022E+11,27,4,2022,18:30:00,1,67,67205,2,6,7,3,Rue du Ried,"486,906,610,000","77,847,920,000",2.022E+11,790 026,B01,3,1,0,2,1,1,5,NULL,2.022E+11,1 067 929,790 030,A01,1,1,1,2,1969,1,1,-1,-1,0,0,-1,2.022E+11,4,NULL,-1,NULL,2,2,0,1,-1,-1,1,NULL,4,1,5,1,50,
2.022E+11,6,2,2022,07:05:00,5,94,94017,2,3,2,6,Avenue Marx Dormoy / Rue du Monument,"488,126,400,000","25,148,300,000",2.022E+11,789 869,A01,2,1,0,2,0,0,5,NULL,2.022E+11,1 067 726,789 869,A01,1,1,3,1,1972,0,2,0,-1,-1,-1,-1,2.022E+11,3,MARX DORMOY (AV),0,NULL,3,4,0,4,-1,-1,1,NULL,-1,2,0,1,50,
2.022E+11,6,2,2022,07:05:00,5,94,94017,2,3,2,6,Avenue Marx Dormoy / Rue du Monument,"488,126,400,000","25,148,300,000",2.022E+11,789 869,A01,2,1,0,2,0,0,5,NULL,2.022E+11,1 067 729,789 873,Z01,1,1,1,1,NULL,0,8,0,-1,-1,-1,-1,2.022E+11,3,MARX DORMOY (AV),0,NULL,3,4,0,4,-1,-1,1,NULL,-1,2,0,1,50,
2.022E+11,28,6,2022,13:40:00,1,94,94068,2,5,1,3,D'ADAMVILLE KENNEDY (PL),"487,939,100,000","24,864,700,000",2.022E+11,788 790,B01,1,1,0,2,6,1,5,NULL,2.022E+11,1 066 243,788 790,B01,1,1,4,2,1978,9,8,0,-1,-1,-1,-1,2.022E+11,4,D'ADAMVILLE KENNEDY (PL),0,NULL,1,1,0,1,0,0,2,NULL,-1,1,0,1,30,
2.022E+11,28,6,2022,13:40:00,1,94,94068,2,5,1,3,D'ADAMVILLE KENNEDY (PL),"487,939,100,000","24,864,700,000",2.022E+11,788 790,B01,1,1,0,2,6,1,5,NULL,2.022E+11,1 066 244,788 791,A01,1,1,1,1,1965,9,1,0,-1,-1,-1,-1,2.022E+11,4,D'ADAMVILLE KENNEDY (PL),0,NULL,1,1,0,1,0,0,2,NULL,-1,1,0,1,30,
2.022E+11,17,1,2022,17:00:00,1,59,59268,2,6,1,3,Rue de la lys,"506,343,808,793","27,361,978,590",2.022E+11,774 428,B01,2,1,0,2,7,1,5,NULL,2.022E+11,1 047 039,774 427,A01,1,1,1,2,1952,5,1,-1,-1,0,0,-1,2.022E+11,3,945,-1,NULL,2,2,0,1,2,817,3,NULL,-1,1,0,1,50,
2.022E+11,17,1,2022,17:00:00,1,59,59268,2,6,1,3,Rue de la lys,"506,343,808,793","27,361,978,590",2.022E+11,774 428,B01,2,1,0,2,7,1,5,NULL,2.022E+11,1 047 040,774 428,B01,1,1,3,2,1965,5,0,-1,-1,0,0,-1,2.022E+11,3,945,-1,NULL,2,2,0,1,2,817,3,NULL,-1,1,0,1,50,
2.022E+11,12,11,2022,11:57:00,1,64,64445,2,3,1,3,rue de l'abbé Brémond,"433,068,250,000"," -0,3664340000",2.022E+11,773 955,B01,2,1,0,2,1,15,5,NULL,2.022E+11,1 046 337,773 955,B01,1,1,4,1,1997,5,8,0,-1,0,0,-1,2.022E+11,4,ABBE BREMOND DE L',0,NULL,2,2,0,1,-1,-1,1,NULL,-1,1,0,1,50,
2.022E+11,12,11,2022,11:57:00,1,64,64445,2,3,1,3,rue de l'abbé Brémond,"433,068,250,000"," -0,3664340000",2.022E+11,773 955,B01,2,1,0,2,1,15,5,NULL,2.022E+11,1 046 342,773 960,A01,1,1,1,1,1975,9,1,8,-1,-1,-1,-1,2.022E+11,4,ABBE BREMOND DE L',0,NULL,2,2,0,1,-1,-1,1,NULL,-1,1,0,1,50,
2.022E+11,5,10,2022,16:20:00,1,10,10362,1,1,1,4,NULL,"482,965,500,000","40,060,000,000",2.022E+11,771 632,C01,0,1,0,0,4,1,5,NULL,2.022E+11,1 043 197,771 631,B01,3,2,4,2,2021,0,1,0,-1,-1,-1,-1,2.022E+11,3,RD 660,0,NULL,2,2,0,1,4,624,3,NULL,-1,1,0,1,90,
2.022E+11,5,10,2022,16:20:00,1,10,10362,1,1,1,4,NULL,"482,965,500,000","40,060,000,000",2.022E+11,771 632,C01,0,1,0,0,4,1,5,NULL,2.022E+11,1 043 198,771 631,B01,4,2,4,1,2020,0,1,0,-1,-1,-1,-1,2.022E+11,3,RD 660,0,NULL,2,2,0,1,4,624,3,NULL,-1,1,0,1,90,
2.022E+11,5,10,2022,16:20:00,1,10,10362,1,1,1,4,NULL,"482,965,500,000","40,060,000,000",2.022E+11,771 632,C01,0,1,0,0,4,1,5,NULL,2.022E+11,1 043 199,771 631,B01,2,2,4,1,1998,0,1,4,-1,-1,-1,-1,2.022E+11,3,RD 660,0,NULL,2,2,0,1,4,624,3,NULL,-1,1,0,1,90,
2.022E+11,5,10,2022,16:20:00,1,10,10362,1,1,1,4,NULL,"482,965,500,000","40,060,000,000",2.022E+11,771 632,C01,0,1,0,0,4,1,5,NULL,2.022E+11,1 043 200,771 631,B01,1,1,4,1,1996,0,1,4,-1,-1,-1,-1,2.022E+11,3,RD 660,0,NULL,2,2,0,1,4,624,3,NULL,-1,1,0,1,90,
2.022E+11,5,10,2022,16:20:00,1,10,10362,1,1,1,4,NULL,"482,965,500,000","40,060,000,000",2.022E+11,771 632,C01,0,1,0,0,4,1,5,NULL,2.022E+11,1 043 201,771 632,C01,1,1,4,1,1949,0,8,8,-1,-1,-1,-1,2.022E+11,3,RD 660,0,NULL,2,2,0,1,4,624,3,NULL,-1,1,0,1,90,
2.022E+11,5,10,2022,16:20:00,1,10,10362,1,1,1,4,NULL,"482,965,500,000","40,060,000,000",2.022E+11,771 632,C01,0,1,0,0,4,1,5,NULL,2.022E+11,1 043 202,771 633,A01,1,1,1,1,1966,4,1,4,-1,-1,-1,-1,2.022E+11,3,RD 660,0,NULL,2,2,0,1,4,624,3,NULL,-1,1,0,1,90,
2.022E+11,7,11,2022,08:10:00,1,64,64445,2,1,7,2,boulevard de la Paix,"433,166,000,000"," -0,3401600000",2.022E+11,760 876,B01,2,1,0,2,4,1,5,NULL,2.022E+11,1 029 000,760 876,B01,1,1,4,1,1959,0,8,0,-1,-1,-1,-1,2.022E+11,4,PAIX,0,NULL,2,2,0,1,-1,-1,1,NULL,-1,1,0,1,50,
2.022E+11,7,11,2022,08:10:00,1,64,64445,2,1,7,2,boulevard de la Paix,"433,166,000,000"," -0,3401600000",2.022E+11,760 876,B01,2,1,0,2,4,1,5,NULL,2.022E+11,1 029 001,760 877,A01,1,1,1,1,1984,4,1,0,-1,-1,-1,-1,2.022E+11,4,PAIX,0,NULL,2,2,0,1,-1,-1,1,NULL,-1,1,0,1,50,
2.022E+11,13,7,2022,08:45:00,2,29,29165,1,3,1,1,D102 - Rue de Lesconil,"478,168,442,839","-42,292,141,913",2.022E+11,755 824,B01,2,1,0,2,1,1,5,NULL,2.022E+11,1 022 259,755 824,B01,1,1,4,1,1973,5,2,-1,-1,0,0,-1,2.022E+11,3,53,-1,NULL,2,2,0,1,5,491,1,NULL,-1,1,0,1,80,
2.022E+11,13,7,2022,08:45:00,2,29,29165,1,3,1,1,D102 - Rue de Lesconil,"478,168,442,839","-42,292,141,913",2.022E+11,755 824,B01,2,1,0,2,1,1,5,NULL,2.022E+11,1 022 260,755 825,A01,1,1,1,1,1958,5,1,-1,-1,0,0,-1,2.022E+11,3,53,-1,NULL,2,2,0,1,5,491,1,NULL,-1,1,0,1,80,
2.022E+11,16,7,2022,21:15:00,1,13,13063,2,1,1,3,OLYMPIE BOULEVARD D',"435,917,200,000","50,032,700,000",2.022E+11,752 347,A01,3,1,0,2,5,9,5,NULL,2.022E+11,1 017 488,752 345,B01,2,2,4,1,1995,5,8,0,-1,-1,-1,-1,2.022E+11,4,OLYMPIE BOULEVARD D',0,NULL,2,2,0,1,0,0,1,NULL,-1,1,0,1,50,
2.022E+11,16,7,2022,21:15:00,1,13,13063,2,1,1,3,OLYMPIE BOULEVARD D',"435,917,200,000","50,032,700,000",2.022E+11,752 347,A01,3,1,0,2,5,9,5,NULL,2.022E+11,1 017 489,752 345,B01,1,1,1,1,2003,5,8,0,-1,-1,-1,-1,2.022E+11,4,OLYMPIE BOULEVARD D',0,NULL,2,2,0,1,0,0,1,NULL,-1,1,0,1,50,
2.022E+11,16,7,2022,21:15:00,1,13,13063,2,1,1,3,OLYMPIE BOULEVARD D',"435,917,200,000","50,032,700,000",2.022E+11,752 347,A01,3,1,0,2,5,9,5,NULL,2.022E+11,1 017 491,752 347,A01,1,1,1,1,2000,5,8,0,-1,-1,-1,-1,2.022E+11,4,OLYMPIE BOULEVARD D',0,NULL,2,2,0,1,0,0,1,NULL,-1,1,0,1,50,
2.022E+11,2,11,2022,19:20:00,5,67,67482,2,3,1,3,RHIN (AVENUE DU),"485,693,177,227","77,779,327,333",2.022E+11,750 508,A01,1,1,0,2,1,1,5,NULL,2.022E+11,1 015 033,750 507,Z01,1,1,1,-1,NULL,-1,-1,-1,-1,-1,-1,-1,2.022E+11,4,RHIN (AVENUE DU),0,NULL,3,4,0,1,-1,-1,1,NULL,-1,1,0,1,50,
2.022E+11,2,11,2022,19:20:00,5,67,67482,2,3,1,3,RHIN (AVENUE DU),"485,693,177,227","77,779,327,333",2.022E+11,750 508,A01,1,1,0,2,1,1,5,NULL,2.022E+11,1 015 034,750 508,A01,1,1,4,2,1985,0,8,8,-1,-1,0,-1,2.022E+11,4,RHIN (AVENUE DU),0,NULL,3,4,0,1,-1,-1,1,NULL,-1,1,0,1,50,
2.022E+11,14,5,2022,15:45:00,1,57,57498,2,3,1,7,Rue Emile Zola,"493,177,720,000","60,210,870,000",2.022E+11,746 763,A01,2,1,0,0,2,1,5,NULL,2.022E+11,1 010 039,746 763,A01,1,1,3,1,1951,5,2,-1,-1,0,0,-1,2.022E+11,4,1,0,NULL,2,2,0,4,-1,-1,1,NULL,-1,1,5,1,50,
2.022E+11,14,6,2022,10:20:00,1,77,77048,2,2,1,3,D104,"483,406,300,000","27,095,500,000",2.022E+11,744 283,A01,1,1,0,2,3,19,5,NULL,2.022E+11,1 006 734,744 279,B01,1,1,1,1,1960,9,1,0,-1,-1,-1,-1,2.022E+11,3,RUE DE LA LIBERATION,0,NULL,2,2,0,1,-1,-1,1,NULL,-1,1,5,1,30,
2.022E+11,14,6,2022,10:20:00,1,77,77048,2,2,1,3,D104,"483,406,300,000","27,095,500,000",2.022E+11,744 283,A01,1,1,0,2,3,19,5,NULL,2.022E+11,1 006 736,744 283,A01,1,1,4,1,1946,5,8,0,-1,-1,-1,-1,2.022E+11,3,RUE DE LA LIBERATION,0,NULL,2,2,0,1,-1,-1,1,NULL,-1,1,5,1,30,
2.022E+11,6,4,2022,16:00:00,1,37,37261,2,1,1,6,FOURNIER (RUE DU DOCTEUR),"473,855,714,169","0,7025161386",2.022E+11,744 021,A01,1,1,0,1,2,1,5,NULL,2.022E+11,1 006 392,744 021,A01,1,1,1,1,1989,1,8,0,-1,-1,-1,-1,2.022E+11,4,FOURNIER (RUE DU DOCTEUR),0,NULL,2,2,0,1,-1,-1,1,NULL,-1,1,0,1,50,
2.022E+11,6,4,2022,16:00:00,1,37,37261,2,1,1,6,FOURNIER (RUE DU DOCTEUR),"473,855,714,169","0,7025161386",2.022E+11,744 021,A01,1,1,0,1,2,1,5,NULL,2.022E+11,1 006 393,744 021,A01,10,3,4,2,1993,2,0,-1,-1,1,1,2,2.022E+11,4,FOURNIER (RUE DU DOCTEUR),0,NULL,2,2,0,1,-1,-1,1,NULL,-1,1,0,1,50,
2.022E+11,15,5,2022,13:20:00,1,88,88075,1,9,1,3,Route de Gerardmer,"480,193,240,000","68,901,440,000",2.022E+11,743 353,B01,0,1,0,2,8,13,5,NULL,2.022E+11,1 005 513,743 352,A01,1,1,1,2,1995,5,1,-1,-1,0,0,-1,2.022E+11,3,486,-1,NULL,2,2,0,2,25,700,1,NULL,-1,1,0,1,-1,
2.022E+11,15,5,2022,13:20:00,1,88,88075,1,9,1,3,Route de Gerardmer,"480,193,240,000","68,901,440,000",2.022E+11,743 353,B01,0,1,0,2,8,13,5,NULL,2.022E+11,1 005 514,743 353,B01,1,1,4,1,1994,5,2,-1,-1,0,0,-1,2.022E+11,3,486,-1,NULL,2,2,0,2,25,700,1,NULL,-1,1,0,1,-1,
2.022E+11,27,9,2022,16:45:00,1,75,75115,2,1,2,6,RUE DU COMMERCE,"488,451,654,086","22,942,797,840",2.022E+11,742 995,A01,2,1,0,1,1,1,5,NULL,2.022E+11,1 005 032,742 995,A01,1,1,1,1,1986,9,2,0,-1,0,0,-1,2.022E+11,4,RUE DU COMMERCE,0,NULL,2,2,0,1,-1,-1,1,NULL,-1,2,0,1,30,
2.022E+11,27,9,2022,16:45:00,1,75,75115,2,1,2,6,RUE DU COMMERCE,"488,451,654,086","22,942,797,840",2.022E+11,742 995,A01,2,1,0,1,1,1,5,NULL,2.022E+11,1 005 033,742 995,A01,10,3,4,2,1941,5,0,-1,-1,1,3,1,2.022E+11,4,RUE DU COMMERCE,0,NULL,2,2,0,1,-1,-1,1,NULL,-1,2,0,1,30,
2.022E+11,4,4,2022,11:30:00,1,75,75104,2,2,1,3,BOULEVARD DE SEBASTOPOL,"488,585,322,925","23,482,692,987",2.022E+11,740 311,A01,3,1,0,2,2,15,5,NULL,2.022E+11,1 001 371,740 310,B01,1,1,1,1,1958,4,1,0,-1,0,0,-1,2.022E+11,4,BOULEVARD DE SEBASTOPOL,0,NULL,1,1,0,1,-1,-1,1,NULL,-1,1,0,1,30,
2.022E+11,4,4,2022,11:30:00,1,75,75104,2,2,1,3,BOULEVARD DE SEBASTOPOL,"488,585,322,925","23,482,692,987",2.022E+11,740 311,A01,3,1,0,2,2,15,5,NULL,2.022E+11,1 001 372,740 311,A01,1,1,4,1,1992,4,0,0,-1,0,0,-1,2.022E+11,4,BOULEVARD DE SEBASTOPOL,0,NULL,1,1,0,1,-1,-1,1,NULL,-1,1,0,1,30,
2.022E+11,17,6,2022,02:32:00,5,92,92035,2,1,1,6,République ( boulevard de la ),"489,066,390,000","22,464,500,000",2.022E+11,738 434,A01,1,1,1,0,3,14,5,NULL,2.022E+11,998 726,738 434,A01,1,1,4,1,2001,5,8,0,-1,-1,-1,-1,2.022E+11,3,908,0,NULL,2,2,0,1,0,0,1,NULL,-1,1,0,1,50,
2.022E+11,22,9,2022,07:56:00,2,26,26058,2,3,7,3,DE STAEL RUE MADAME,"449,559,100,000","49,186,300,000",2.022E+11,732 497,B01,3,1,0,2,8,1,5,NULL,2.022E+11,990 817,732 496,A01,1,1,1,2,1990,1,1,0,-1,0,0,-1,2.022E+11,4,DE STAEL RUE MADAME,0,NULL,2,2,0,1,-1,-1,1,NULL,-1,1,0,1,50,
2.022E+11,22,9,2022,07:56:00,2,26,26058,2,3,7,3,DE STAEL RUE MADAME,"449,559,100,000","49,186,300,000",2.022E+11,732 497,B01,3,1,0,2,8,1,5,NULL,2.022E+11,990 818,732 497,B01,1,1,4,1,1956,5,2,0,-1,-1,-1,-1,2.022E+11,4,DE STAEL RUE MADAME,0,NULL,2,2,0,1,-1,-1,1,NULL,-1,1,0,1,50,
2.022E+11,17,2,2022,14:45:00,1,85,85194,2,6,2,3,NICOT (RUE JEAN),"464,992,760,000","-17,841,670,000",2.022E+11,730 164,A01,3,1,0,2,2,15,5,NULL,2.022E+11,987 697,730 164,A01,1,1,3,2,1956,5,8,0,-1,-1,-1,-1,2.022E+11,4,NULL,0,NULL,2,2,0,1,-1,-1,1,NULL,-1,2,5,1,50,
2.022E+11,17,2,2022,14:45:00,1,85,85194,2,6,2,3,NICOT (RUE JEAN),"464,992,760,000","-17,841,670,000",2.022E+11,730 164,A01,3,1,0,2,2,15,5,NULL,2.022E+11,987 699,730 166,Z01,1,1,1,-1,NULL,-1,-1,-1,-1,-1,-1,-1,2.022E+11,4,NULL,0,NULL,2,2,0,1,-1,-1,1,NULL,-1,2,5,1,50,
2.022E+11,18,2,2022,10:50:00,1,75,75112,2,1,2,3,BOULEVARD DIDEROT,"488,470,490,000","23,841,500,000",2.022E+11,728 344,B01,1,1,0,2,1,1,5,NULL,2.022E+11,985 315,728 344,B01,1,1,4,1,1969,9,2,0,-1,0,0,-1,2.022E+11,4,BOULEVARD DIDEROT,0,NULL,2,3,1,1,-1,-1,1,NULL,-1,2,-1,5,30,
2.022E+11,18,2,2022,10:50:00,1,75,75112,2,1,2,3,BOULEVARD DIDEROT,"488,470,490,000","23,841,500,000",2.022E+11,728 344,B01,1,1,0,2,1,1,5,NULL,2.022E+11,985 317,728 346,A01,1,1,1,1,1979,4,1,0,-1,0,0,-1,2.022E+11,4,BOULEVARD DIDEROT,0,NULL,2,3,1,1,-1,-1,1,NULL,-1,2,-1,5,30,
2.022E+11,24,10,2022,18:53:00,1,39,39333,2,3,1,3,1 Route de Saint-Laurent,"464,345,260,000","57,250,250,000",2.022E+11,724 088,B01,1,1,0,2,3,1,5,NULL,2.022E+11,979 711,724 079,A01,1,1,1,2,1992,1,1,-1,-1,0,0,-1,2.022E+11,3,D470E,-1,NULL,2,2,0,1,1,760,2,NULL,-1,1,0,1,50,
2.022E+11,24,10,2022,18:53:00,1,39,39333,2,3,1,3,1 Route de Saint-Laurent,"464,345,260,000","57,250,250,000",2.022E+11,724 088,B01,1,1,0,2,3,1,5,NULL,2.022E+11,979 721,724 088,B01,1,1,4,1,1947,0,2,4,-1,0,0,-1,2.022E+11,3,D470E,-1,NULL,2,2,0,1,1,760,2,NULL,-1,1,0,1,50,
2.022E+11,22,10,2022,19:10:00,2,69,69290,2,6,1,2,Route de Grenoble,"457,129,500,000","49,703,900,000",2.022E+11,720 123,B01,1,1,0,2,0,0,5,NULL,2.022E+11,974 381,720 123,B01,1,1,4,2,2002,1,2,-1,-1,0,0,-1,2.022E+11,7,GRENOBLE (DE)  -  RN 6              (RO),0,NULL,2,4,0,1,-1,-1,1,NULL,-1,1,5,1,50,