Accident_Id,jour,mois,an,hrmn,lum,dep,com,agg,int,atm,col,adr,lat,long,Num_Acc,id_vehicule,num_veh,senc,catv,obs,obsm,choc,manv,motor,occutc,Num_Acc,id_usager,id_vehicule,num_veh,place,catu,grav,sexe,an_nais,trajet,secu1,secu2,secu3,locp,actp,etatp,Num_Acc,catr,voie,v1,v2,circ,nbv,vosp,prof,pr,pr1,plan,lartpc,larrout,surf,infra,situ,vma,
2.022E+11,12,3,2022,15:40:00,1,92,92004,2,1,1,2,COLOMBES ( RUE DE 31 A ),"489,156,700,000","22,765,900,000",2.022E+11,782 880,B01,1,1,9,2,1,1,5,NULL,2.022E+11,1 058 340,782 880,B01,1,1,4,2,1952,9,2,8,-1,-1,-1,-1,2.022E+11,4,NULL,0,NULL,2,0,0,1,0,0,1,NULL,-1,1,0,1,50,
2.022E+11,12,3,2022,15:40:00,1,92,92004,2,1,1,2,COLOMBES ( RUE DE 31 A ),"489,156,700,000","22,765,900,000",2.022E+11,782 880,B01,1,1,9,2,1,1,5,NULL,2.022E+11,1 058 341,782 881,A01,1,1,1,2,1959,9,1,8,-1,-1,-1,-1,2.022E+11,4,NULL,0,NULL,2,0,0,1,0,0,1,NULL,-1,1,0,1,50,
2.022E+11,7,7,2022,13:20:00,1,22,22278,2,2,1,3,ABERYSTWYTH (RD-PT),"484,979,900,000","-27,529,900,000",2.022E+11,780 919,B01,3,1,0,2,1,1,5,NULL,2.022E+11,1 055 739,780 915,A01,1,1,1,1,1992,5,1,0,-1,-1,-1,-1,2.022E+11,4,ABERYSTWYTH (RD-PT),0,NULL,1,2,0,1,1,0,2,NULL,-1,1,9,1,30,
2.022E+11,7,7,2022,13:20:00,1,22,22278,2,2,1,3,ABERYSTWYTH (RD-PT),"484,979,900,000","-27,529,900,000",2.022E+11,780 919,B01,3,1,0,2,1,1,5,NULL,2.022E+11,1 055 745,780 919,B01,1,1,4,1,1966,1,2,0,-1,-1,-1,-1,2.022E+11,4,ABERYSTWYTH (RD-PT),0,NULL,1,2,0,1,1,0,2,NULL,-1,1,9,1,30,
2.022E+11,28,4,2022,16:30:00,1,16,16223,2,1,1,7,"Départementale 06, faubourg basse ville","456,685,210,000","0,5045690000",2.022E+11,780 122,A01,1,1,0,2,1,1,5,NULL,2.022E+11,1 054 677,780 122,A01,1,1,3,1,1952,5,2,-1,-1,0,0,-1,2.022E+11,3,NULL,0,D,2,2,0,4,9,620,4,NULL,7,1,0,1,50,
2.022E+11,6,11,2022,10:30:00,1,6,6065,2,1,1,1,Route de Saint-Jeannet,"437,350,420,000","71,522,340,000",2.022E+11,774 745,A01,3,1,15,0,1,1,5,NULL,2.022E+11,1 047 488,774 745,A01,1,1,3,1,1972,5,2,-1,-1,0,0,-1,2.022E+11,7,18,0,NULL,2,2,1,2,-1,-1,1,NULL,-1,1,9,3,50,
2.022E+11,22,6,2022,12:55:00,1,75,75113,2,3,1,3,QUAI DE LA GARE,"488,356,730,000","23,753,640,000",2.022E+11,771 777,B01,2,1,0,2,1,1,5,NULL,2.022E+11,1 043 379,771 775,A01,1,1,1,1,1949,4,1,0,-1,0,0,-1,2.022E+11,4,QUAI DE LA GARE,0,NULL,-1,4,1,1,-1,-1,1,NULL,-1,1,-1,5,30,
2.022E+11,22,6,2022,12:55:00,1,75,75113,2,3,1,3,QUAI DE LA GARE,"488,356,730,000","23,753,640,000",2.022E+11,771 777,B01,2,1,0,2,1,1,5,NULL,2.022E+11,1 043 380,771 777,B01,1,1,4,1,1994,1,8,0,-1,0,0,-1,2.022E+11,4,QUAI DE LA GARE,0,NULL,-1,4,1,1,-1,-1,1,NULL,-1,1,-1,5,30,
2.022E+11,22,7,2022,08:45:00,1,31,31555,2,1,1,3,AV JEAN CHAUBET,"436,042,500,000","14,744,000,000",2.022E+11,766 970,A01,3,1,0,2,1,19,5,NULL,2.022E+11,1 037 053,766 970,A01,1,1,4,1,1997,1,2,0,-1,-1,-1,-1,2.022E+11,4,AV JEAN CHAUBET,0,NULL,2,1,0,2,-1,-1,1,NULL,-1,1,0,8,50,
2.022E+11,22,7,2022,08:45:00,1,31,31555,2,1,1,3,AV JEAN CHAUBET,"436,042,500,000","14,744,000,000",2.022E+11,766 970,A01,3,1,0,2,1,19,5,NULL,2.022E+11,1 037 055,766 972,B01,1,1,1,2,1979,0,1,0,-1,-1,-1,-1,2.022E+11,4,AV JEAN CHAUBET,0,NULL,2,1,0,2,-1,-1,1,NULL,-1,1,0,8,50,
2.022E+11,22,7,2022,09:30:00,1,75,75118,2,2,1,3,RUE MARX DORMOY,"488,902,450,000","23,599,120,000",2.022E+11,766 895,B01,1,1,0,2,3,1,5,NULL,2.022E+11,1 036 952,766 892,A01,1,1,4,1,1991,9,2,6,-1,0,0,-1,2.022E+11,4,RUE MARX DORMOY,0,NULL,2,2,1,1,-1,-1,1,NULL,-1,1,0,1,30,
2.022E+11,22,7,2022,09:30:00,1,75,75118,2,2,1,3,RUE MARX DORMOY,"488,902,450,000","23,599,120,000",2.022E+11,766 895,B01,1,1,0,2,3,1,5,NULL,2.022E+11,1 036 955,766 895,B01,1,1,4,2,1962,9,2,0,-1,0,0,-1,2.022E+11,4,RUE MARX DORMOY,0,NULL,2,2,1,1,-1,-1,1,NULL,-1,1,0,1,30,
2.022E+11,9,11,2022,15:15:00,1,92,92051,2,1,1,7,MARECHAL JUIN (PONT DU),"488,940,100,000","22,671,800,000",2.022E+11,764 344,A01,1,1,15,0,1,9,5,NULL,2.022E+11,1 033 547,764 344,A01,1,1,4,2,1985,0,8,0,-1,-1,-1,-1,2.022E+11,3,908,0,NULL,4,6,1,1,0,0,1,NULL,-1,1,2,1,50,
2.022E+11,7,11,2022,18:10:00,5,38,38516,2,2,1,1,VERDUN(AV. DE)EST PASSAGE RICOU,"452,005,400,000","57,592,100,000",2.022E+11,760 852,B01,1,1,0,2,1,1,5,NULL,2.022E+11,1 028 965,760 852,B01,1,1,4,1,2003,0,8,0,-1,-1,-1,-1,2.022E+11,7,VERDUN(AV. DE)EST PASSAGE RICOU,0,NULL,2,1,0,1,0,100,1,NULL,-1,1,5,1,70,
2.022E+11,7,11,2022,18:10:00,5,38,38516,2,2,1,1,VERDUN(AV. DE)EST PASSAGE RICOU,"452,005,400,000","57,592,100,000",2.022E+11,760 852,B01,1,1,0,2,1,1,5,NULL,2.022E+11,1 028 966,760 853,A01,1,1,1,2,2004,2,1,0,-1,0,0,-1,2.022E+11,7,VERDUN(AV. DE)EST PASSAGE RICOU,0,NULL,2,1,0,1,0,100,1,NULL,-1,1,5,1,70,
2.022E+11,19,11,2022,09:20:00,1,69,69259,2,1,2,6,Avenue Charles de Gaulle,"457,174,500,000","48,912,100,000",2.022E+11,759 498,B01,0,1,0,2,0,9,5,NULL,2.022E+11,1 027 206,759 498,B01,1,1,4,1,1970,0,8,-1,-1,0,0,-1,2.022E+11,7,CHARLES DE GAULLE                   (AV),0,NULL,2,4,3,1,0,400,1,NULL,-1,2,9,8,50,
2.022E+11,19,11,2022,09:20:00,1,69,69259,2,1,2,6,Avenue Charles de Gaulle,"457,174,500,000","48,912,100,000",2.022E+11,759 498,B01,0,1,0,2,0,9,5,NULL,2.022E+11,1 027 207,759 499,A01,1,1,-1,-1,NULL,-1,8,-1,-1,-1,-1,-1,2.022E+11,7,CHARLES DE GAULLE                   (AV),0,NULL,2,4,3,1,0,400,1,NULL,-1,2,9,8,50,
2.022E+11,27,8,2022,14:50:00,1,72,72090,1,1,1,3,1407 Route des Thuaudières,"480,294,585,207","0,4453933237",2.022E+11,755 411,B01,2,1,0,2,8,2,5,NULL,2.022E+11,1 021 674,755 411,B01,1,1,4,1,2001,5,0,-1,-1,0,0,-1,2.022E+11,3,20,0,NULL,-1,2,0,2,24,100,1,NULL,-1,1,0,1,80,
2.022E+11,27,8,2022,14:50:00,1,72,72090,1,1,1,3,1407 Route des Thuaudières,"480,294,585,207","0,4453933237",2.022E+11,755 412,A01,2,1,0,2,7,2,5,NULL,2.022E+11,1 021 674,755 411,B01,1,1,4,1,2001,5,0,-1,-1,0,0,-1,2.022E+11,3,20,0,NULL,-1,2,0,2,24,100,1,NULL,-1,1,0,1,80,
2.022E+11,27,8,2022,14:50:00,1,72,72090,1,1,1,3,1407 Route des Thuaudières,"480,294,585,207","0,4453933237",2.022E+11,755 411,B01,2,1,0,2,8,2,5,NULL,2.022E+11,1 021 675,755 412,A01,1,1,3,1,1973,5,0,-1,-1,0,0,-1,2.022E+11,3,20,0,NULL,-1,2,0,2,24,100,1,NULL,-1,1,0,1,80,
2.022E+11,27,8,2022,14:50:00,1,72,72090,1,1,1,3,1407 Route des Thuaudières,"480,294,585,207","0,4453933237",2.022E+11,755 412,A01,2,1,0,2,7,2,5,NULL,2.022E+11,1 021 675,755 412,A01,1,1,3,1,1973,5,0,-1,-1,0,0,-1,2.022E+11,3,20,0,NULL,-1,2,0,2,24,100,1,NULL,-1,1,0,1,80,
2.022E+11,3,11,2022,22:55:00,5,64,64348,2,6,1,3,Rond Point Combattants d'Afrique du Nord,"433,384,100,000"," -0,3801800000",2.022E+11,753 826,B01,1,1,0,2,7,1,5,NULL,2.022E+11,1 019 511,753 826,B01,1,1,4,1,2000,5,8,6,-1,-1,-1,-1,2.022E+11,3,Rond Point Combattants d'Afrique du Nord,0,NULL,1,2,0,1,31,554,2,NULL,-1,2,0,1,50,
2.022E+11,3,11,2022,22:55:00,5,64,64348,2,6,1,3,Rond Point Combattants d'Afrique du Nord,"433,384,100,000"," -0,3801800000",2.022E+11,753 826,B01,1,1,0,2,7,1,5,NULL,2.022E+11,1 019 512,753 827,Z01,1,1,1,1,NULL,0,8,0,-1,-1,-1,-1,2.022E+11,3,Rond Point Combattants d'Afrique du Nord,0,NULL,1,2,0,1,31,554,2,NULL,-1,2,0,1,50,
2.022E+11,3,11,2022,06:55:00,1,973,97302,2,1,1,6,BADUEL (ROUTE DE),"49,323,619,282","-523,081,290,722",2.022E+11,750 536,A01,1,1,0,2,8,15,5,NULL,2.022E+11,1 015 071,750 536,A01,1,1,4,1,1971,0,8,0,-1,0,0,-1,2.022E+11,3,BADUEL (ROUTE DE),0,NULL,2,2,1,1,2,500,1,NULL,-1,1,0,1,50,
2.022E+11,3,11,2022,06:55:00,1,973,97302,2,1,1,6,BADUEL (ROUTE DE),"49,323,619,282","-523,081,290,722",2.022E+11,750 536,A01,1,1,0,2,8,15,5,NULL,2.022E+11,1 015 072,750 537,B01,1,1,1,1,1982,1,2,0,-1,0,0,-1,2.022E+11,3,BADUEL (ROUTE DE),0,NULL,2,2,1,1,2,500,1,NULL,-1,1,0,1,50,
2.022E+11,15,5,2022,02:50:00,5,91,91687,2,9,1,1,VICTOR SCHOELCHER (AVENUE),"486,547,700,000","23,713,900,000",2.022E+11,746 622,B01,1,1,0,2,4,1,5,NULL,2.022E+11,1 009 857,746 621,A01,1,1,4,1,1996,0,8,0,-1,-1,-1,-1,2.022E+11,3,VICTOR SCHOELCHER (AVENUE),0,NULL,1,2,0,1,0,0,4,NULL,-1,1,0,1,50,
2.022E+11,15,5,2022,02:50:00,5,91,91687,2,9,1,1,VICTOR SCHOELCHER (AVENUE),"486,547,700,000","23,713,900,000",2.022E+11,746 622,B01,1,1,0,2,4,1,5,NULL,2.022E+11,1 009 858,746 621,A01,2,2,1,1,2007,0,8,0,-1,-1,-1,-1,2.022E+11,3,VICTOR SCHOELCHER (AVENUE),0,NULL,1,2,0,1,0,0,4,NULL,-1,1,0,1,50,
2.022E+11,15,5,2022,02:50:00,5,91,91687,2,9,1,1,VICTOR SCHOELCHER (AVENUE),"486,547,700,000","23,713,900,000",2.022E+11,746 622,B01,1,1,0,2,4,1,5,NULL,2.022E+11,1 009 859,746 622,B01,1,1,4,1,2005,9,8,0,-1,-1,-1,-1,2.022E+11,3,VICTOR SCHOELCHER (AVENUE),0,NULL,1,2,0,1,0,0,4,NULL,-1,1,0,1,50,
2.022E+11,21,8,2022,14:20:00,1,67,67482,2,1,1,3,ROMAINS (ROUTE DES),"485,784,300,000","77,069,000,000",2.022E+11,744 395,B01,2,1,0,2,1,19,5,NULL,2.022E+11,1 006 880,744 393,A01,1,1,1,1,1975,0,1,8,-1,-1,-1,-1,2.022E+11,4,ROMAINS (ROUTE DES),0,NULL,2,5,2,1,-1,-1,1,NULL,-1,1,0,1,50,
2.022E+11,21,8,2022,14:20:00,1,67,67482,2,1,1,3,ROMAINS (ROUTE DES),"485,784,300,000","77,069,000,000",2.022E+11,744 395,B01,2,1,0,2,1,19,5,NULL,2.022E+11,1 006 881,744 393,A01,2,2,1,1,2004,0,1,8,-1,-1,-1,-1,2.022E+11,4,ROMAINS (ROUTE DES),0,NULL,2,5,2,1,-1,-1,1,NULL,-1,1,0,1,50,
2.022E+11,21,8,2022,14:20:00,1,67,67482,2,1,1,3,ROMAINS (ROUTE DES),"485,784,300,000","77,069,000,000",2.022E+11,744 395,B01,2,1,0,2,1,19,5,NULL,2.022E+11,1 006 883,744 395,B01,1,1,4,1,2014,0,8,0,-1,-1,-1,-1,2.022E+11,4,ROMAINS (ROUTE DES),0,NULL,2,5,2,1,-1,-1,1,NULL,-1,1,0,1,50,
2.022E+11,22,8,2022,19:56:00,1,92,92007,2,9,1,3,PASTEUR (AVENUE LOUIS) N° 1 A 39 ET 2 A,"487,958,720,000","23,170,420,000",2.022E+11,741 877,C01,1,1,0,2,3,11,5,NULL,2.022E+11,1 003 488,741 875,B01,1,1,1,1,1948,5,8,0,-1,-1,-1,-1,2.022E+11,4,NULL,0,NULL,1,2,0,1,0,0,1,NULL,-1,1,0,1,50,
2.022E+11,22,8,2022,19:56:00,1,92,92007,2,9,1,3,PASTEUR (AVENUE LOUIS) N° 1 A 39 ET 2 A,"487,958,720,000","23,170,420,000",2.022E+11,741 877,C01,1,1,0,2,3,11,5,NULL,2.022E+11,1 003 490,741 877,C01,1,1,4,1,2000,5,8,0,-1,-1,-1,-1,2.022E+11,4,NULL,0,NULL,1,2,0,1,0,0,1,NULL,-1,1,0,1,50,
2.022E+11,21,8,2022,17:10:00,1,34,34129,2,1,1,3,Avenue de Figuiere,"435,847,000,000","39,271,000,000",2.022E+11,741 467,B01,0,1,0,2,8,19,5,NULL,2.022E+11,1 002 906,741 465,A01,1,1,3,1,1999,0,2,8,-1,0,0,-1,2.022E+11,7,FIGUIERES (AVENUE DE),0,NULL,2,2,0,1,2,430,1,NULL,-1,1,0,1,50,
2.022E+11,21,8,2022,17:10:00,1,34,34129,2,1,1,3,Avenue de Figuiere,"435,847,000,000","39,271,000,000",2.022E+11,741 467,B01,0,1,0,2,8,19,5,NULL,2.022E+11,1 002 909,741 467,B01,1,1,3,1,1979,5,8,0,-1,0,0,-1,2.022E+11,7,FIGUIERES (AVENUE DE),0,NULL,2,2,0,1,2,430,1,NULL,-1,1,0,1,50,
2.022E+11,12,5,2022,07:30:00,1,974,97411,2,6,1,3,JAURES (BLD 2 JEAN),"-209,005,400,000","554,874,200,000",2.022E+11,736 538,B01,1,1,0,2,3,16,5,NULL,2.022E+11,996 139,736 538,B01,1,1,4,1,1972,1,2,8,-1,0,0,-1,2.022E+11,2,JAURES (BLD 2 JEAN),0,NULL,1,4,2,1,7,0,1,NULL,-1,1,0,1,50,
2.022E+11,12,5,2022,07:30:00,1,974,97411,2,6,1,3,JAURES (BLD 2 JEAN),"-209,005,400,000","554,874,200,000",2.022E+11,736 538,B01,1,1,0,2,3,16,5,NULL,2.022E+11,996 140,736 539,A01,1,1,1,1,1965,1,1,0,-1,0,0,-1,2.022E+11,2,JAURES (BLD 2 JEAN),0,NULL,1,4,2,1,7,0,1,NULL,-1,1,0,1,50,
2.022E+11,12,5,2022,13:30:00,1,91,91027,2,2,1,3,RUE DU PLEIN MIDI,"487,018,500,000","23,633,400,000",2.022E+11,736 527,B01,1,1,0,2,1,1,5,NULL,2.022E+11,996 125,736 526,A01,2,1,1,1,2003,5,8,0,-1,-1,-1,-1,2.022E+11,4,RUE DU PLEIN MIDI,0,NULL,2,2,0,1,0,0,1,NULL,-1,1,0,1,50,
2.022E+11,12,5,2022,13:30:00,1,91,91027,2,2,1,3,RUE DU PLEIN MIDI,"487,018,500,000","23,633,400,000",2.022E+11,736 527,B01,1,1,0,2,1,1,5,NULL,2.022E+11,996 126,736 527,B01,1,1,4,1,1963,0,8,0,-1,-1,-1,-1,2.022E+11,4,RUE DU PLEIN MIDI,0,NULL,2,2,0,1,0,0,1,NULL,-1,1,0,1,50,
2.022E+11,17,9,2022,17:00:00,1,95,95610,2,1,1,1,Rue des Hyettes,"490,838,158,133","18,957,504,630",2.022E+11,728 338,B01,1,1,0,2,1,1,5,NULL,2.022E+11,985 308,728 338,B01,1,1,3,1,1973,5,2,-1,-1,0,0,-1,2.022E+11,3,51,0,D,2,2,0,1,2,200,3,NULL,-1,1,0,1,30,
2.022E+11,17,9,2022,17:00:00,1,95,95610,2,1,1,1,Rue des Hyettes,"490,838,158,133","18,957,504,630",2.022E+11,728 338,B01,1,1,0,2,1,1,5,NULL,2.022E+11,985 311,728 340,A01,1,1,1,2,1981,5,1,-1,-1,0,0,-1,2.022E+11,3,51,0,D,2,2,0,1,2,200,3,NULL,-1,1,0,1,30,
2.022E+11,26,10,2022,17:15:00,1,66,66041,1,1,1,7,NULL,"427,878,570,000","27,868,040,000",2.022E+11,727 992,A01,3,1,0,0,0,0,5,NULL,2.022E+11,984 859,727 992,A01,1,1,2,1,1954,5,2,-1,-1,0,0,-1,2.022E+11,4,NULL,-1,NULL,2,1,0,2,-1,-1,2,NULL,3,1,0,8,-1,
2.022E+11,10,8,2022,17:40:00,1,51,51108,2,2,1,3,NOTRE DAME (QUAI),"489,585,231,335","43,619,987,369",2.022E+11,720 883,B01,3,1,0,2,5,0,5,NULL,2.022E+11,975 411,720 883,B01,1,1,4,2,1979,0,2,-1,-1,-1,-1,-1,2.022E+11,4,NOTRE DAME (QUAI),0,NULL,1,1,0,1,-1,-1,1,NULL,-1,1,5,1,50,
2.022E+11,10,8,2022,17:40:00,1,51,51108,2,2,1,3,NOTRE DAME (QUAI),"489,585,231,335","43,619,987,369",2.022E+11,720 883,B01,3,1,0,2,5,0,5,NULL,2.022E+11,975 420,720 889,A01,1,1,1,2,1997,1,1,0,-1,-1,-1,-1,2.022E+11,4,NOTRE DAME (QUAI),0,NULL,1,1,0,1,-1,-1,1,NULL,-1,1,5,1,50,
2.022E+11,7,6,2022,11:00:00,1,40,40197,2,3,1,1,7 Route de Garrosse,"440,260,680,000"," -0,9215090000",2.022E+11,718 943,B01,1,1,0,2,8,9,5,NULL,2.022E+11,972 719,718 939,A01,1,1,1,2,1945,0,1,-1,-1,0,0,-1,2.022E+11,3,NULL,-1,NULL,2,2,0,1,0,800,1,NULL,-1,1,0,1,50,
2.022E+11,7,6,2022,11:00:00,1,40,40197,2,3,1,1,7 Route de Garrosse,"440,260,680,000"," -0,9215090000",2.022E+11,718 943,B01,1,1,0,2,8,9,5,NULL,2.022E+11,972 721,718 943,B01,1,1,3,1,1962,0,0,-1,-1,0,0,-1,2.022E+11,3,NULL,-1,NULL,2,2,0,1,0,800,1,NULL,-1,1,0,1,50,
2.022E+11,26,3,2022,12:00:00,1,31,31285,1,2,1,3,D59,"436,316,020,000","15,999,700,000",2.022E+11,717 910,C01,1,1,0,2,7,16,5,NULL,2.022E+11,971 289,717 910,C01,1,1,3,1,1938,5,2,-1,-1,0,0,-1,2.022E+11,3,59,0,NULL,2,2,0,1,19,342,1,NULL,-1,1,0,1,80,
2.022E+11,26,3,2022,12:00:00,1,31,31285,1,2,1,3,D59,"436,316,020,000","15,999,700,000",2.022E+11,717 910,C01,1,1,0,2,7,16,5,NULL,2.022E+11,971 299,717 920,A01,1,1,1,1,1943,5,1,-1,-1,0,0,-1,2.022E+11,3,59,0,NULL,2,2,0,1,19,342,1,NULL,-1,1,0,1,80,
2.022E+11,26,3,2022,12:00:00,1,31,31285,1,2,1,3,D59,"436,316,020,000","15,999,700,000",2.022E+11,717 910,C01,1,1,0,2,7,16,5,NULL,2.022E+11,971 305,717 920,A01,6,2,1,1,1936,5,1,-1,-1,0,0,-1,2.022E+11,3,59,0,NULL,2,2,0,1,19,342,1,NULL,-1,1,0,1,80,
2.022E+11,26,3,2022,12:00:00,1,31,31285,1,2,1,3,D59,"436,316,020,000","15,999,700,000",2.022E+11,717 910,C01,1,1,0,2,7,16,5,NULL,2.022E+11,971 309,717 920,A01,2,2,1,2,1967,5,1,-1,-1,0,0,-1,2.022E+11,3,59,0,NULL,2,2,0,1,19,342,1,NULL,-1,1,0,1,80,
2.022E+11,25,11,2022,06:00:00,5,74,74012,2,2,1,3,AMOUREUX (RUE DES),"461,904,000,000","62,344,000,000",2.022E+11,810 148,B01,1,1,0,2,7,1,5,NULL,2.022E+11,1 094 627,810 144,A01,1,1,1,1,1981,1,8,8,-1,-1,-1,-1,2.022E+11,4,AMOUREUX (RUE DES),0,NULL,3,2,0,1,0,1,1,NULL,-1,1,0,1,50,
2.022E+11,25,11,2022,06:00:00,5,74,74012,2,2,1,3,AMOUREUX (RUE DES),"461,904,000,000","62,344,000,000",2.022E+11,810 148,B01,1,1,0,2,7,1,5,NULL,2.022E+11,1 094 631,810 148,B01,1,1,3,1,1970,9,8,0,-1,-1,-1,-1,2.022E+11,4,AMOUREUX (RUE DES),0,NULL,3,2,0,1,0,1,1,NULL,-1,1,0,1,50,
2.022E+11,18,10,2022,07:15:00,5,44,44109,2,1,1,3,Pont de la rotonde,"472,149,040,000","-15,460,430,000",2.022E+11,809 529,A01,1,1,0,2,7,9,5,NULL,2.022E+11,1 093 795,809 528,B01,1,1,3,1,1976,1,2,8,-1,-1,0,-1,2.022E+11,4,PONT DE LA ROTONDE,0,NULL,2,3,3,2,-1,-1,1,NULL,-1,1,0,1,30,
2.022E+11,18,10,2022,07:15:00,5,44,44109,2,1,1,3,Pont de la rotonde,"472,149,040,000","-15,460,430,000",2.022E+11,809 529,A01,1,1,0,2,7,9,5,NULL,2.022E+11,1 093 796,809 529,A01,1,1,3,2,1995,1,2,8,-1,-1,0,-1,2.022E+11,4,PONT DE LA ROTONDE,0,NULL,2,3,3,2,-1,-1,1,NULL,-1,1,0,1,30,
2.022E+11,29,10,2022,10:00:00,1,38,38140,2,4,1,3,Avenue Ambroise Croizat,"452,721,910,000","58,873,040,000",2.022E+11,807 077,B01,0,1,0,2,3,1,5,NULL,2.022E+11,1 090 509,807 077,B01,1,1,3,2,1987,9,2,-1,-1,0,0,-1,2.022E+11,3,NULL,0,NULL,1,1,1,1,1,279,1,NULL,4,1,0,5,50,
2.022E+11,29,10,2022,10:00:00,1,38,38140,2,4,1,3,Avenue Ambroise Croizat,"452,721,910,000","58,873,040,000",2.022E+11,807 077,B01,0,1,0,2,3,1,5,NULL,2.022E+11,1 090 511,807 078,A01,1,1,1,2,1976,3,1,-1,-1,0,0,-1,2.022E+11,3,NULL,0,NULL,1,1,1,1,1,279,1,NULL,4,1,0,5,50,
2.022E+11,5,8,2022,14:40:00,1,74,74010,2,3,1,3,JEAN JAURES,"459,032,600,000","61,277,900,000",2.022E+11,805 697,B01,2,1,0,2,1,1,5,NULL,2.022E+11,1 088 672,805 696,A01,1,1,1,1,1950,5,1,0,-1,-1,-1,-1,2.022E+11,4,JEAN JAURES,0,NULL,3,3,1,1,-1,-1,1,NULL,-1,1,0,5,30,
2.022E+11,5,8,2022,14:40:00,1,74,74010,2,3,1,3,JEAN JAURES,"459,032,600,000","61,277,900,000",2.022E+11,805 697,B01,2,1,0,2,1,1,5,NULL,2.022E+11,1 088 673,805 697,B01,1,1,4,2,1971,1,8,0,-1,-1,-1,-1,2.022E+11,4,JEAN JAURES,0,NULL,3,3,1,1,-1,-1,1,NULL,-1,1,0,5,30,
2.022E+11,5,8,2022,11:45:00,1,35,35051,2,6,1,3,PARIS (RUE DE),"481,144,037,049","-16,102,722,287",2.022E+11,805 655,B01,3,1,0,2,8,1,5,NULL,2.022E+11,1 088 619,805 654,A01,1,1,1,2,1964,0,1,-1,-1,0,0,-1,2.022E+11,4,PARIS (RUE DE),0,NULL,2,2,1,1,-1,-1,2,NULL,-1,1,0,1,50,
2.022E+11,5,8,2022,11:45:00,1,35,35051,2,6,1,3,PARIS (RUE DE),"481,144,037,049","-16,102,722,287",2.022E+11,805 655,B01,3,1,0,2,8,1,5,NULL,2.022E+11,1 088 620,805 655,B01,1,1,4,2,1999,1,8,-1,-1,0,0,-1,2.022E+11,4,PARIS (RUE DE),0,NULL,2,2,1,1,-1,-1,2,NULL,-1,1,0,1,50,
2.022E+11,3,8,2022,16:55:00,1,59,59350,2,3,1,3,STRASBOURG BOULEVARD,"506,180,300,000","30,558,100,000",2.022E+11,801 608,B01,2,1,0,2,1,1,5,NULL,2.022E+11,1 083 241,801 608,B01,1,1,4,1,1961,0,2,4,-1,-1,-1,-1,2.022E+11,7,STRASBOURG BOULEVARD,0,NULL,1,2,1,1,-1,-1,1,NULL,-1,1,0,5,50,
2.022E+11,3,8,2022,16:55:00,1,59,59350,2,3,1,3,STRASBOURG BOULEVARD,"506,180,300,000","30,558,100,000",2.022E+11,801 608,B01,2,1,0,2,1,1,5,NULL,2.022E+11,1 083 242,801 609,A01,1,1,1,1,1999,0,8,0,-1,-1,-1,-1,2.022E+11,7,STRASBOURG BOULEVARD,0,NULL,1,2,1,1,-1,-1,1,NULL,-1,1,0,5,50,
2.022E+11,3,8,2022,12:15:00,1,59,59122,2,7,1,3,PORTE DE PARIS (PLACE DE LA),"501,702,923,879","32,316,327,095",2.022E+11,801 597,B01,3,1,0,2,8,26,5,NULL,2.022E+11,1 083 227,801 597,B01,1,1,3,1,1983,4,8,0,-1,-1,-1,-1,2.022E+11,4,PORTE DE PARIS (PLACE DE LA),0,NULL,1,1,0,1,-1,-1,1,NULL,-1,1,0,1,40,
2.022E+11,3,8,2022,12:15:00,1,59,59122,2,7,1,3,PORTE DE PARIS (PLACE DE LA),"501,702,923,879","32,316,327,095",2.022E+11,801 597,B01,3,1,0,2,8,26,5,NULL,2.022E+11,1 083 229,801 599,A01,1,1,1,1,2000,0,1,0,-1,-1,-1,-1,2.022E+11,4,PORTE DE PARIS (PLACE DE LA),0,NULL,1,1,0,1,-1,-1,1,NULL,-1,1,0,1,40,
2.022E+11,22,11,2022,16:00:00,1,68,68042,2,6,1,3,Rue du 19 Novembre,"476,079,030,000","75,036,780,000",2.022E+11,801 355,B01,2,1,0,0,7,1,5,NULL,2.022E+11,1 082 911,801 355,B01,1,1,4,1,1989,1,0,-1,-1,0,0,-1,2.022E+11,3,12.1,-1,NULL,2,2,0,1,4,800,1,NULL,4,1,0,1,50,
2.022E+11,22,11,2022,16:00:00,1,68,68042,2,6,1,3,Rue du 19 Novembre,"476,079,030,000","75,036,780,000",2.022E+11,801 355,B01,2,1,0,0,7,1,5,NULL,2.022E+11,1 082 914,801 356,A01,1,1,1,2,1951,5,1,-1,-1,0,0,-1,2.022E+11,3,12.1,-1,NULL,2,2,0,1,4,800,1,NULL,4,1,0,1,50,
2.022E+11,11,10,2022,18:00:00,1,19,19031,2,4,1,3,MELITOPOL (AVENUE DE),"451,605,100,000","15,152,100,000",2.022E+11,796 307,B01,2,1,0,2,1,1,5,NULL,2.022E+11,1 076 265,796 305,A01,1,1,1,1,2000,0,1,0,-1,-1,-1,-1,2.022E+11,4,MELITOPOL (AVENUE DE),0,NULL,1,1,0,1,0,0,1,NULL,-1,1,0,1,50,