Accident_Id,jour,mois,an,hrmn,lum,dep,com,agg,int,atm,col,adr,lat,long,Num_Acc,id_vehicule,num_veh,senc,catv,obs,obsm,choc,manv,motor,occutc,Num_Acc,id_usager,id_vehicule,num_veh,place,catu,grav,sexe,an_nais,trajet,secu1,secu2,secu3,locp,actp,etatp,Num_Acc,catr,voie,v1,v2,circ,nbv,vosp,prof,pr,pr1,plan,lartpc,larrout,surf,infra,situ,vma,
2.022E+11,5,1,2022,15:15:00,1,75,75108,2,7,1,1,RUE DE SAINT PETERSBOURG,"488,791,530,000","23,234,930,000",2.022E+11,722 385,A01,2,1,0,2,1,5,5,NULL,2.022E+11,977 465,722 386,B01,1,1,4,1,1976,1,2,6,-1,0,0,-1,2.022E+11,4,RUE DE SAINT PETERSBOURG,0,NULL,2,0,0,1,-1,-1,1,NULL,-1,1,0,1,30,
2.022E+11,18,9,2022,20:00:00,5,69,69383,2,1,1,3,Avenue Lacassagne,"457,458,700,000","48,869,600,000",2.022E+11,716 620,B01,1,1,0,2,1,1,0,NULL,2.022E+11,969 546,716 620,B01,1,1,4,1,1991,0,8,-1,-1,0,0,-1,2.022E+11,4,LACASSAGNE                          (AV),0,NULL,1,1,2,1,-1,-1,1,NULL,-1,1,0,5,30,
2.022E+11,18,9,2022,20:00:00,5,69,69383,2,1,1,3,Avenue Lacassagne,"457,458,700,000","48,869,600,000",2.022E+11,716 620,B01,1,1,0,2,1,1,0,NULL,2.022E+11,969 551,716 627,A01,1,1,1,1,1964,0,8,-1,-1,0,0,-1,2.022E+11,4,LACASSAGNE                          (AV),0,NULL,1,1,2,1,-1,-1,1,NULL,-1,1,0,5,30,
2.022E+11,9,8,2022,14:17:00,1,2A,2A004,2,6,1,3,SEBASTIANU COSTA BD,"419,388,600,000","87,420,700,000",2.022E+11,716 198,B01,0,1,0,2,1,15,5,NULL,2.022E+11,968 973,716 194,A01,1,1,1,1,1952,0,1,8,-1,-1,-1,-1,2.022E+11,4,SEBASTIANU COSTA BD,0,NULL,1,2,0,1,-1,-1,2,NULL,-1,1,9,1,30,
2.022E+11,9,8,2022,14:17:00,1,2A,2A004,2,6,1,3,SEBASTIANU COSTA BD,"419,388,600,000","87,420,700,000",2.022E+11,716 198,B01,0,1,0,2,1,15,5,NULL,2.022E+11,968 978,716 198,B01,1,1,4,1,1964,1,8,0,-1,-1,-1,-1,2.022E+11,4,SEBASTIANU COSTA BD,0,NULL,1,2,0,1,-1,-1,2,NULL,-1,1,9,1,30,
2.022E+11,24,9,2022,15:35:00,1,73,73008,2,2,1,3,GRAND PORT  AVENUE DU,"457,045,600,000","58,909,500,000",2.022E+11,810 016,B01,1,1,0,2,2,1,5,NULL,2.022E+11,1 094 458,810 015,A01,1,1,1,1,1943,5,1,-1,-1,-1,-1,-1,2.022E+11,3,GRAND PORT (JUSQU'A L'HOPITAL) AVENUE DU,0,NULL,2,2,2,1,0,285,2,NULL,-1,1,5,1,50,
2.022E+11,24,9,2022,15:35:00,1,73,73008,2,2,1,3,GRAND PORT  AVENUE DU,"457,045,600,000","58,909,500,000",2.022E+11,810 016,B01,1,1,0,2,2,1,5,NULL,2.022E+11,1 094 460,810 016,B01,1,1,4,1,1994,0,2,0,-1,-1,-1,-1,2.022E+11,3,GRAND PORT (JUSQU'A L'HOPITAL) AVENUE DU,0,NULL,2,2,2,1,0,285,2,NULL,-1,1,5,1,50,
2.022E+11,12,12,2022,18:15:00,4,26,26333,2,4,8,3,Rue du Port,"451,781,850,000","48,132,050,000",2.022E+11,807 362,B01,2,1,0,0,3,0,5,NULL,2.022E+11,1 090 912,807 362,B01,1,1,4,1,1970,1,4,-1,-1,0,0,-1,2.022E+11,2,NULL,-1,NULL,1,2,0,2,15,300,1,NULL,4,2,0,1,50,
2.022E+11,12,12,2022,18:15:00,4,26,26333,2,4,8,3,Rue du Port,"451,781,850,000","48,132,050,000",2.022E+11,807 362,B01,2,1,0,0,3,0,5,NULL,2.022E+11,1 090 913,807 364,A01,1,1,1,2,2002,3,1,-1,-1,0,0,-1,2.022E+11,2,NULL,-1,NULL,1,2,0,2,15,300,1,NULL,4,2,0,1,50,
2.022E+11,17,12,2022,17:30:00,2,987,98747,1,1,1,2,PK 58 devant la marina,"-177,560,000,000","-1,487,360,000,000",2.022E+11,807 354,B01,2,1,0,2,4,15,5,NULL,2.022E+11,1 090 900,807 354,B01,1,1,3,1,1975,5,0,-1,-1,0,0,-1,2.022E+11,2,1,-1,NULL,2,2,0,1,58,0,1,NULL,-1,1,0,1,80,
2.022E+11,17,12,2022,17:30:00,2,987,98747,1,1,1,2,PK 58 devant la marina,"-177,560,000,000","-1,487,360,000,000",2.022E+11,807 354,B01,2,1,0,2,4,15,5,NULL,2.022E+11,1 090 904,807 356,A01,1,1,1,2,1984,5,1,-1,-1,0,0,-1,2.022E+11,2,1,-1,NULL,2,2,0,1,58,0,1,NULL,-1,1,0,1,80,
2.022E+11,17,12,2022,17:30:00,2,987,98747,1,1,1,2,PK 58 devant la marina,"-177,560,000,000","-1,487,360,000,000",2.022E+11,807 354,B01,2,1,0,2,4,15,5,NULL,2.022E+11,1 090 905,807 356,A01,2,2,1,1,1989,5,1,-1,-1,0,0,-1,2.022E+11,2,1,-1,NULL,2,2,0,1,58,0,1,NULL,-1,1,0,1,80,
2.022E+11,13,9,2022,12:00:00,1,84,84088,2,3,1,1,Avenue du Barriot,"439,964,340,000","50,588,070,000",2.022E+11,796 505,B01,3,1,0,2,1,1,5,NULL,2.022E+11,1 076 536,796 505,B01,1,1,4,1,1955,5,2,6,-1,0,0,-1,2.022E+11,4,NULL,-1,NULL,2,2,0,1,-1,-1,1,NULL,4,1,0,1,50,
2.022E+11,13,9,2022,12:00:00,1,84,84088,2,3,1,1,Avenue du Barriot,"439,964,340,000","50,588,070,000",2.022E+11,796 505,B01,3,1,0,2,1,1,5,NULL,2.022E+11,1 076 537,796 506,A01,1,1,1,1,1953,2,1,-1,-1,0,0,-1,2.022E+11,4,NULL,-1,NULL,2,2,0,1,-1,-1,1,NULL,4,1,0,1,50,
2.022E+11,10,10,2022,16:00:00,1,974,97407,2,6,1,3,ROND POINT BUTTE CITRONNELLE,"-209,317,700,000","552,968,500,000",2.022E+11,791 954,B01,1,1,0,2,2,21,5,NULL,2.022E+11,1 070 551,791 952,A01,1,1,1,2,1952,5,1,8,-1,0,0,-1,2.022E+11,4,ROND POINT BUTTE CITRONNELLE,0,NULL,1,1,1,1,0,0,1,NULL,-1,1,0,1,50,
2.022E+11,10,10,2022,16:00:00,1,974,97407,2,6,1,3,ROND POINT BUTTE CITRONNELLE,"-209,317,700,000","552,968,500,000",2.022E+11,791 954,B01,1,1,0,2,2,21,5,NULL,2.022E+11,1 070 553,791 954,B01,1,1,4,1,1960,1,8,0,-1,0,0,-1,2.022E+11,4,ROND POINT BUTTE CITRONNELLE,0,NULL,1,1,1,1,0,0,1,NULL,-1,1,0,1,50,
2.022E+11,30,7,2022,20:05:00,1,75,75113,2,3,1,2,BOULEVARD DE L HOPITAL,"488,358,660,000","23,587,740,000",2.022E+11,791 369,B01,2,1,0,2,2,1,5,NULL,2.022E+11,1 069 715,791 368,A01,1,1,1,1,1935,5,8,0,-1,0,0,-1,2.022E+11,4,BOULEVARD DE L HOPITAL,0,NULL,2,4,3,2,-1,-1,1,NULL,-1,1,0,1,30,
2.022E+11,30,7,2022,20:05:00,1,75,75113,2,3,1,2,BOULEVARD DE L HOPITAL,"488,358,660,000","23,587,740,000",2.022E+11,791 369,B01,2,1,0,2,2,1,5,NULL,2.022E+11,1 069 717,791 369,B01,1,1,4,2,1993,5,0,0,-1,0,0,-1,2.022E+11,4,BOULEVARD DE L HOPITAL,0,NULL,2,4,3,2,-1,-1,1,NULL,-1,1,0,1,30,
2.022E+11,18,11,2022,22:20:00,3,93,93010,2,2,1,3,Avenue Galliéni / Rue Jules Guesde,"489,044,000,000","24,731,900,000",2.022E+11,791 065,B01,2,1,0,2,8,19,5,NULL,2.022E+11,1 069 282,791 065,B01,1,1,3,1,1980,0,8,0,-1,0,0,-1,2.022E+11,3,GALLIENI (AV.) DE 2 A 96,0,NULL,3,6,0,1,0,1,2,NULL,-1,2,0,1,50,
2.022E+11,18,11,2022,22:20:00,3,93,93010,2,2,1,3,Avenue Galliéni / Rue Jules Guesde,"489,044,000,000","24,731,900,000",2.022E+11,791 065,B01,2,1,0,2,8,19,5,NULL,2.022E+11,1 069 285,791 068,A01,1,1,1,1,1989,5,2,6,-1,0,0,-1,2.022E+11,3,GALLIENI (AV.) DE 2 A 96,0,NULL,3,6,0,1,0,1,2,NULL,-1,2,0,1,50,
2.022E+11,6,2,2022,02:05:00,5,75,75107,2,1,1,7,QUAI ANATOLE FRANCE,"488,618,080,000","23,218,700,000",2.022E+11,789 910,A01,2,1,0,0,0,1,5,NULL,2.022E+11,1 067 780,789 910,A01,1,1,4,1,1989,5,8,0,-1,0,0,-1,2.022E+11,4,QUAI ANATOLE FRANCE,0,NULL,2,4,1,1,-1,-1,1,NULL,-1,1,0,5,30,
2.022E+11,3,2,2022,16:20:00,1,26,26272,2,4,1,3,"D327, intersection rouvillane","445,160,470,000","48,605,170,000",2.022E+11,783 800,B01,1,1,0,2,1,1,5,NULL,2.022E+11,1 059 551,783 800,B01,1,1,3,1,1957,5,2,-1,-1,0,0,-1,2.022E+11,3,D327,-1,NULL,2,2,0,1,0,680,1,NULL,-1,1,0,1,30,
2.022E+11,3,2,2022,16:20:00,1,26,26272,2,4,1,3,"D327, intersection rouvillane","445,160,470,000","48,605,170,000",2.022E+11,783 800,B01,1,1,0,2,1,1,5,NULL,2.022E+11,1 059 554,783 803,A01,1,1,1,1,1966,0,1,-1,-1,0,0,-1,2.022E+11,3,D327,-1,NULL,2,2,0,1,0,680,1,NULL,-1,1,0,1,30,
2.022E+11,3,2,2022,16:20:00,1,26,26272,2,4,1,3,"D327, intersection rouvillane","445,160,470,000","48,605,170,000",2.022E+11,783 800,B01,1,1,0,2,1,1,5,NULL,2.022E+11,1 059 556,783 803,A01,2,2,1,1,2008,0,1,-1,-1,0,0,-1,2.022E+11,3,D327,-1,NULL,2,2,0,1,0,680,1,NULL,-1,1,0,1,30,
2.022E+11,27,7,2022,10:30:00,1,75,75113,2,2,1,7,BOULEVARD AUGUSTE BLANQUI,"488,303,450,000","23,458,850,000",2.022E+11,780 619,A01,1,1,0,0,0,1,5,NULL,2.022E+11,1 055 362,780 619,A01,1,1,4,2,1992,5,0,0,-1,0,0,-1,2.022E+11,4,BOULEVARD AUGUSTE BLANQUI,0,NULL,1,4,1,2,-1,-1,1,NULL,-1,1,0,5,30,
2.022E+11,21,12,2022,07:20:00,5,75,75109,2,5,8,3,RUE VICTOR MASSE,"488,804,050,000","23,404,500,000",2.022E+11,780 022,B01,1,1,0,2,1,1,5,NULL,2.022E+11,1 054 543,780 022,B01,1,1,4,1,1953,5,8,0,-1,0,0,-1,2.022E+11,4,RUE VICTOR MASSE,0,NULL,1,1,0,1,-1,-1,1,NULL,-1,2,0,1,30,
2.022E+11,21,12,2022,07:20:00,5,75,75109,2,5,8,3,RUE VICTOR MASSE,"488,804,050,000","23,404,500,000",2.022E+11,780 022,B01,1,1,0,2,1,1,5,NULL,2.022E+11,1 054 545,780 024,A01,1,1,1,1,1965,4,1,8,-1,0,0,-1,2.022E+11,4,RUE VICTOR MASSE,0,NULL,1,1,0,1,-1,-1,1,NULL,-1,2,0,1,30,
2.022E+11,27,2,2022,18:40:00,2,45,45234,2,2,1,3,Rue Basse Mouillère,"478,795,300,000","19,089,100,000",2.022E+11,779 898,A01,2,1,0,2,5,1,5,NULL,2.022E+11,1 054 366,779 898,A01,1,1,4,2,1940,3,8,0,-1,-1,-1,-1,2.022E+11,4,BASSE MOUILLERE (RUE ),0,NULL,2,3,0,1,-1,-1,1,NULL,-1,1,5,1,50,
2.022E+11,27,2,2022,18:40:00,2,45,45234,2,2,1,3,Rue Basse Mouillère,"478,795,300,000","19,089,100,000",2.022E+11,779 898,A01,2,1,0,2,5,1,5,NULL,2.022E+11,1 054 368,779 900,B01,1,1,1,2,1977,0,1,0,-1,-1,-1,-1,2.022E+11,4,BASSE MOUILLERE (RUE ),0,NULL,2,3,0,1,-1,-1,1,NULL,-1,1,5,1,50,
2.022E+11,25,1,2022,11:00:00,1,85,85234,2,6,1,3,VC Rue des Sables,"467,919,320,000","-20,534,670,000",2.022E+11,770 944,B01,1,1,0,2,4,1,5,NULL,2.022E+11,1 042 313,770 944,B01,1,1,3,1,1959,0,0,-1,-1,0,0,-1,2.022E+11,4,NULL,-1,NULL,1,2,0,1,-1,-1,1,NULL,"5,5",1,0,1,50,
2.022E+11,25,1,2022,11:00:00,1,85,85234,2,6,1,3,VC Rue des Sables,"467,919,320,000","-20,534,670,000",2.022E+11,770 944,B01,1,1,0,2,4,1,5,NULL,2.022E+11,1 042 316,770 946,A01,1,1,1,2,1999,9,1,-1,-1,0,0,-1,2.022E+11,4,NULL,-1,NULL,1,2,0,1,-1,-1,1,NULL,"5,5",1,0,1,50,
2.022E+11,13,12,2022,07:30:00,5,51,51454,2,1,1,3,rond-point porte Farman,"492,365,100,000","40,713,400,000",2.022E+11,766 295,B01,2,1,0,2,1,1,5,NULL,2.022E+11,1 036 112,766 295,B01,1,1,4,1,2004,0,0,-1,-1,0,0,-1,2.022E+11,3,FARMAN (AVENUE HENRI),0,NULL,-1,2,0,1,22,0,3,NULL,-1,1,0,1,50,
2.022E+11,13,12,2022,07:30:00,5,51,51454,2,1,1,3,rond-point porte Farman,"492,365,100,000","40,713,400,000",2.022E+11,766 295,B01,2,1,0,2,1,1,5,NULL,2.022E+11,1 036 113,766 296,A01,1,1,1,2,1980,1,1,-1,-1,0,0,-1,2.022E+11,3,FARMAN (AVENUE HENRI),0,NULL,-1,2,0,1,22,0,3,NULL,-1,1,0,1,50,
2.022E+11,20,6,2022,14:45:00,1,59,59350,2,1,1,3,COLBERT RUE N°69 A FIN-88 A FIN,"506,299,700,000","30,453,900,000",2.022E+11,764 906,B01,2,1,0,2,3,5,5,NULL,2.022E+11,1 034 304,764 905,A01,1,1,1,1,1991,1,1,0,-1,-1,-1,-1,2.022E+11,4,COLBERT RUE N°69 A FIN-88 A FIN,0,NULL,1,1,3,1,-1,-1,1,NULL,-1,1,0,1,50,
2.022E+11,20,6,2022,14:45:00,1,59,59350,2,1,1,3,COLBERT RUE N°69 A FIN-88 A FIN,"506,299,700,000","30,453,900,000",2.022E+11,764 906,B01,2,1,0,2,3,5,5,NULL,2.022E+11,1 034 305,764 906,B01,1,1,4,1,1988,5,8,0,-1,-1,-1,-1,2.022E+11,4,COLBERT RUE N°69 A FIN-88 A FIN,0,NULL,1,1,3,1,-1,-1,1,NULL,-1,1,0,1,50,
2.022E+11,19,6,2022,12:50:00,1,92,92012,2,2,1,6,JEAN JAURES (BOULEVARD) 1/61 - COTE IMPA,"488,434,979,011","22,379,493,713",2.022E+11,761 355,B01,2,1,0,1,1,1,5,NULL,2.022E+11,1 029 652,761 355,B01,10,3,4,2,1972,0,8,8,-1,2,3,1,2.022E+11,4,NULL,0,NULL,2,2,0,1,0,0,1,NULL,-1,1,0,1,50,
2.022E+11,19,6,2022,12:50:00,1,92,92012,2,2,1,6,JEAN JAURES (BOULEVARD) 1/61 - COTE IMPA,"488,434,979,011","22,379,493,713",2.022E+11,761 355,B01,2,1,0,1,1,1,5,NULL,2.022E+11,1 029 653,761 355,B01,1,1,4,1,1992,0,8,0,-1,-1,-1,-1,2.022E+11,4,NULL,0,NULL,2,2,0,1,0,0,1,NULL,-1,1,0,1,50,
2.022E+11,16,7,2022,14:35:00,1,67,67482,2,3,1,3,ENGELBREIT (RUE DE L ),"485,817,700,000","77,073,500,000",2.022E+11,759 530,B01,2,1,0,2,2,15,5,NULL,2.022E+11,1 027 247,759 528,A01,1,1,1,2,1989,0,1,8,-1,-1,-1,-1,2.022E+11,4,ENGELBREIT (RUE DE L ),0,NULL,2,3,0,1,-1,-1,1,NULL,-1,1,0,1,50,
2.022E+11,16,7,2022,14:35:00,1,67,67482,2,3,1,3,ENGELBREIT (RUE DE L ),"485,817,700,000","77,073,500,000",2.022E+11,759 530,B01,2,1,0,2,2,15,5,NULL,2.022E+11,1 027 249,759 530,B01,2,2,1,2,2019,0,8,8,-1,-1,-1,-1,2.022E+11,4,ENGELBREIT (RUE DE L ),0,NULL,2,3,0,1,-1,-1,1,NULL,-1,1,0,1,50,
2.022E+11,16,7,2022,14:35:00,1,67,67482,2,3,1,3,ENGELBREIT (RUE DE L ),"485,817,700,000","77,073,500,000",2.022E+11,759 530,B01,2,1,0,2,2,15,5,NULL,2.022E+11,1 027 251,759 530,B01,1,1,4,2,1985,0,8,8,-1,-1,-1,-1,2.022E+11,4,ENGELBREIT (RUE DE L ),0,NULL,2,3,0,1,-1,-1,1,NULL,-1,1,0,1,50,
2.022E+11,28,8,2022,23:00:00,5,54,54395,2,2,1,3,CHEVERT (RUE DU GENERAL),"486,726,940,961","61,765,506,864",2.022E+11,755 592,B01,2,1,0,2,2,1,5,NULL,2.022E+11,1 021 955,755 592,B01,1,1,3,1,1983,0,8,0,-1,0,0,-1,2.022E+11,4,CHEVERT (RUE DU GENERAL),0,NULL,1,1,2,2,-1,-1,1,NULL,-1,1,0,1,50,
2.022E+11,28,8,2022,23:00:00,5,54,54395,2,2,1,3,CHEVERT (RUE DU GENERAL),"486,726,940,961","61,765,506,864",2.022E+11,755 592,B01,2,1,0,2,2,1,5,NULL,2.022E+11,1 021 957,755 594,A01,1,1,1,-1,NULL,-1,-1,-1,-1,0,0,-1,2.022E+11,4,CHEVERT (RUE DU GENERAL),0,NULL,1,1,2,2,-1,-1,1,NULL,-1,1,0,1,50,
2.022E+11,23,8,2022,09:05:00,1,53,53054,2,1,2,7,BRETAGNE ( RUE DE ),"480,982,490,000"," -0,7921010000",2.022E+11,755 583,A01,2,1,0,0,8,9,5,NULL,2.022E+11,1 021 945,755 583,A01,1,1,3,1,1959,5,2,8,-1,-1,-1,-1,2.022E+11,3,BRETAGNE ( RUE DE ),0,NULL,2,1,0,2,3,74,2,NULL,-1,2,0,1,50,
2.022E+11,27,8,2022,15:55:00,1,63,63348,1,2,1,3,CLARET,"455,087,680,000","35,040,160,000",2.022E+11,752 135,C01,0,1,0,0,1,1,5,NULL,2.022E+11,1 017 209,752 135,C01,1,1,4,1,1954,5,2,-1,-1,0,0,-1,2.022E+11,4,NULL,-1,NULL,-1,1,0,2,-1,-1,4,NULL,3,1,0,1,90,
2.022E+11,27,8,2022,15:55:00,1,63,63348,1,2,1,3,CLARET,"455,087,680,000","35,040,160,000",2.022E+11,752 136,B01,0,1,0,2,1,1,5,NULL,2.022E+11,1 017 209,752 135,C01,1,1,4,1,1954,5,2,-1,-1,0,0,-1,2.022E+11,4,NULL,-1,NULL,-1,1,0,2,-1,-1,4,NULL,3,1,0,1,90,
2.022E+11,27,8,2022,15:55:00,1,63,63348,1,2,1,3,CLARET,"455,087,680,000","35,040,160,000",2.022E+11,752 135,C01,0,1,0,0,1,1,5,NULL,2.022E+11,1 017 210,752 136,B01,1,1,3,1,1954,5,2,-1,-1,0,0,-1,2.022E+11,4,NULL,-1,NULL,-1,1,0,2,-1,-1,4,NULL,3,1,0,1,90,
2.022E+11,27,8,2022,15:55:00,1,63,63348,1,2,1,3,CLARET,"455,087,680,000","35,040,160,000",2.022E+11,752 136,B01,0,1,0,2,1,1,5,NULL,2.022E+11,1 017 210,752 136,B01,1,1,3,1,1954,5,2,-1,-1,0,0,-1,2.022E+11,4,NULL,-1,NULL,-1,1,0,2,-1,-1,4,NULL,3,1,0,1,90,
2.022E+11,27,8,2022,15:55:00,1,63,63348,1,2,1,3,CLARET,"455,087,680,000","35,040,160,000",2.022E+11,752 135,C01,0,1,0,0,1,1,5,NULL,2.022E+11,1 017 212,752 138,A01,1,1,1,1,1953,5,1,-1,-1,0,0,-1,2.022E+11,4,NULL,-1,NULL,-1,1,0,2,-1,-1,4,NULL,3,1,0,1,90,
2.022E+11,27,8,2022,15:55:00,1,63,63348,1,2,1,3,CLARET,"455,087,680,000","35,040,160,000",2.022E+11,752 136,B01,0,1,0,2,1,1,5,NULL,2.022E+11,1 017 212,752 138,A01,1,1,1,1,1953,5,1,-1,-1,0,0,-1,2.022E+11,4,NULL,-1,NULL,-1,1,0,2,-1,-1,4,NULL,3,1,0,1,90,
2.022E+11,16,5,2022,15:40:00,1,75,75115,2,2,1,6,RUE LECOURBE,"488,449,959,537","23,106,895,387",2.022E+11,746 806,A01,2,1,0,1,4,1,5,NULL,2.022E+11,1 010 091,746 806,A01,1,1,1,1,2002,9,2,0,-1,0,0,-1,2.022E+11,4,RUE LECOURBE,0,NULL,2,3,1,1,-1,-1,1,NULL,-1,1,-1,5,30,
2.022E+11,16,5,2022,15:40:00,1,75,75115,2,2,1,6,RUE LECOURBE,"488,449,959,537","23,106,895,387",2.022E+11,746 806,A01,2,1,0,1,4,1,5,NULL,2.022E+11,1 010 092,746 806,A01,10,3,4,2,1994,9,0,-1,-1,4,3,1,2.022E+11,4,RUE LECOURBE,0,NULL,2,3,1,1,-1,-1,1,NULL,-1,1,-1,5,30,
2.022E+11,18,8,2022,11:40:00,1,84,84007,2,1,1,3,PEINTRES PARROCEL( Rue des),"439,320,000,000","48,289,100,000",2.022E+11,744 445,B01,3,1,0,2,7,0,5,NULL,2.022E+11,1 006 944,744 445,B01,1,1,3,1,1953,5,2,0,-1,-1,-1,-1,2.022E+11,4,PEINTRES PARROCEL( Rue des),0,NULL,1,1,1,1,0,1,3,NULL,-1,1,0,1,50,
2.022E+11,18,8,2022,11:40:00,1,84,84007,2,1,1,3,PEINTRES PARROCEL( Rue des),"439,320,000,000","48,289,100,000",2.022E+11,744 445,B01,3,1,0,2,7,0,5,NULL,2.022E+11,1 006 945,744 446,A01,1,1,1,1,2003,5,1,0,-1,-1,-1,-1,2.022E+11,4,PEINTRES PARROCEL( Rue des),0,NULL,1,1,1,1,0,1,3,NULL,-1,1,0,1,50,
2.022E+11,4,12,2022,16:50:00,2,47,47001,2,3,1,3,GRIFFON (RUE GABRIEL),"442,057,773,196","0,6156912446",2.022E+11,742 209,A01,1,1,0,9,7,0,5,NULL,2.022E+11,1 003 940,742 209,A01,1,1,4,1,2009,0,8,-1,-1,0,0,-1,2.022E+11,4,GRIFFON (RUE GABRIEL),0,NULL,2,1,0,1,0,0,1,NULL,-1,1,0,5,30,
2.022E+11,4,12,2022,16:50:00,2,47,47001,2,3,1,3,GRIFFON (RUE GABRIEL),"442,057,773,196","0,6156912446",2.022E+11,742 211,B01,1,1,0,9,1,0,5,NULL,2.022E+11,1 003 940,742 209,A01,1,1,4,1,2009,0,8,-1,-1,0,0,-1,2.022E+11,4,GRIFFON (RUE GABRIEL),0,NULL,2,1,0,1,0,0,1,NULL,-1,1,0,5,30,
2.022E+11,4,12,2022,16:50:00,2,47,47001,2,3,1,3,GRIFFON (RUE GABRIEL),"442,057,773,196","0,6156912446",2.022E+11,742 209,A01,1,1,0,9,7,0,5,NULL,2.022E+11,1 003 941,742 211,B01,1,1,4,2,1986,5,8,-1,-1,0,0,-1,2.022E+11,4,GRIFFON (RUE GABRIEL),0,NULL,2,1,0,1,0,0,1,NULL,-1,1,0,5,30,
2.022E+11,4,12,2022,16:50:00,2,47,47001,2,3,1,3,GRIFFON (RUE GABRIEL),"442,057,773,196","0,6156912446",2.022E+11,742 211,B01,1,1,0,9,1,0,5,NULL,2.022E+11,1 003 941,742 211,B01,1,1,4,2,1986,5,8,-1,-1,0,0,-1,2.022E+11,4,GRIFFON (RUE GABRIEL),0,NULL,2,1,0,1,0,0,1,NULL,-1,1,0,5,30,
2.022E+11,12,7,2022,15:00:00,1,94,94071,2,1,1,7,27 Chemin du Bois Clary,"487,561,500,000","25,532,700,000",2.022E+11,738 499,A01,0,1,16,0,9,1,5,NULL,2.022E+11,998 814,738 499,A01,1,1,4,1,1964,0,8,0,-1,0,0,-1,2.022E+11,4,BOIS CLARY (CHE DU),0,NULL,2,2,0,1,0,0,1,NULL,-1,1,0,1,50,
2.022E+11,19,2,2022,10:27:00,1,37,37123,2,3,1,1,17 Rue Falloux,"473,234,821,697","0,4077135399",2.022E+11,733 504,B01,1,1,0,2,1,1,5,NULL,2.022E+11,992 078,733 502,A01,1,1,1,1,2001,9,8,-1,-1,0,0,-1,2.022E+11,4,57,-1,NULL,2,2,0,1,-1,-1,1,NULL,5,1,0,1,50,
2.022E+11,19,2,2022,10:27:00,1,37,37123,2,3,1,1,17 Rue Falloux,"473,234,821,697","0,4077135399",2.022E+11,733 504,B01,1,1,0,2,1,1,5,NULL,2.022E+11,992 080,733 504,B01,1,1,3,1,1957,5,2,6,9,0,0,-1,2.022E+11,4,57,-1,NULL,2,2,0,1,-1,-1,1,NULL,5,1,0,1,50,
2.022E+11,17,8,2022,12:35:00,1,92,92012,2,2,8,3,MEUDON (RUE DE) - COTE IMPAIR,"488,255,529,146","22,418,970,465",2.022E+11,731 848,A01,1,1,0,2,8,1,5,NULL,2.022E+11,989 927,731 848,A01,1,1,4,2,1978,0,8,0,-1,-1,-1,-1,2.022E+11,4,NULL,0,NULL,2,2,0,1,0,0,1,NULL,-1,1,0,1,50,
2.022E+11,17,8,2022,12:35:00,1,92,92012,2,2,8,3,MEUDON (RUE DE) - COTE IMPAIR,"488,255,529,146","22,418,970,465",2.022E+11,731 848,A01,1,1,0,2,8,1,5,NULL,2.022E+11,989 931,731 852,B01,1,1,1,1,1999,0,1,0,-1,-1,-1,-1,2.022E+11,4,NULL,0,NULL,2,2,0,1,0,0,1,NULL,-1,1,0,1,50,
2.022E+11,5,7,2022,15:00:00,1,37,37195,2,1,1,6,HAUTES MARCHES (RUE DES),"473,858,819,554","0,6577366590",2.022E+11,728 539,A01,1,1,0,0,0,0,5,NULL,2.022E+11,985 572,728 539,A01,1,1,4,1,2009,5,8,0,-1,-1,-1,-1,2.022E+11,4,HAUTES MARCHES (RUE DES),0,NULL,2,2,0,1,-1,-1,1,NULL,-1,1,0,1,50,
2.022E+11,6,7,2022,11:00:00,1,75,75116,2,1,1,7,ROUTE DES TRIBUNES,"488,546,460,000","22,288,660,000",2.022E+11,725 742,A01,3,1,0,0,0,1,5,NULL,2.022E+11,981 911,725 742,A01,1,1,3,1,1962,5,0,0,-1,0,0,-1,2.022E+11,4,ROUTE DES TRIBUNES,0,NULL,1,2,2,1,-1,-1,1,NULL,-1,1,0,1,30,
2.022E+11,31,8,2022,16:15:00,1,73,73132,1,1,1,3,D70,"457,509,390,000","65,914,370,000",2.022E+11,724 843,B01,1,1,0,2,8,1,5,NULL,2.022E+11,980 722,724 843,B01,1,1,3,1,1958,4,0,-1,-1,0,0,-1,2.022E+11,3,70,-1,NULL,2,2,0,1,6,200,1,NULL,-1,1,2,1,80,
2.022E+11,31,8,2022,16:15:00,1,73,73132,1,1,1,3,D70,"457,509,390,000","65,914,370,000",2.022E+11,724 843,B01,1,1,0,2,8,1,5,NULL,2.022E+11,980 725,724 845,A01,2,2,1,1,1984,4,1,-1,-1,0,0,-1,2.022E+11,3,70,-1,NULL,2,2,0,1,6,200,1,NULL,-1,1,2,1,80,
2.022E+11,31,8,2022,16:15:00,1,73,73132,1,1,1,3,D70,"457,509,390,000","65,914,370,000",2.022E+11,724 843,B01,1,1,0,2,8,1,5,NULL,2.022E+11,980 726,724 845,A01,1,1,1,1,1963,4,1,-1,-1,0,0,-1,2.022E+11,3,70,-1,NULL,2,2,0,1,6,200,1,NULL,-1,1,2,1,80,
2.022E+11,7,6,2022,19:05:00,1,75,75104,2,2,1,6,RUE DES FRANCS BOURGEOIS,"488,564,620,000","23,643,490,000",2.022E+11,722 241,A01,1,1,0,1,8,7,5,NULL,2.022E+11,977 260,722 241,A01,1,1,1,1,1992,9,2,8,-1,0,0,-1,2.022E+11,4,RUE DES FRANCS BOURGEOIS,0,NULL,1,2,0,1,-1,-1,1,NULL,-1,1,-1,6,30,