Accident_Id,jour,mois,an,hrmn,lum,dep,com,agg,int,atm,col,adr,lat,long,Num_Acc,id_vehicule,num_veh,senc,catv,obs,obsm,choc,manv,motor,occutc,Num_Acc,id_usager,id_vehicule,num_veh,place,catu,grav,sexe,an_nais,trajet,secu1,secu2,secu3,locp,actp,etatp,Num_Acc,catr,voie,v1,v2,circ,nbv,vosp,prof,pr,pr1,plan,lartpc,larrout,surf,infra,situ,vma,
2.022E+11,20,8,2022,14:25:00,1,67,67185,1,1,1,2,D116,"487,759,970,000","74,449,060,000",2.022E+11,737 606,A01,2,1,1,0,1,2,5,NULL,2.022E+11,997 621,737 606,A01,1,1,3,1,1964,5,0,-1,-1,0,0,-1,2.022E+11,3,116,-1,NULL,2,2,0,2,4,8,1,NULL,-1,1,0,1,80,
2.022E+11,12,7,2022,12:20:00,1,42,42253,2,1,1,2,332 Route de Roanne,"460,395,220,000","40,118,930,000",2.022E+11,734 962,B01,1,1,1,0,1,1,5,NULL,2.022E+11,994 038,734 960,A01,1,1,1,1,1980,0,8,-1,-1,0,0,-1,2.022E+11,3,9,0,NULL,2,2,0,1,23,450,1,NULL,-1,1,0,5,50,
2.022E+11,12,7,2022,12:20:00,1,42,42253,2,1,1,2,332 Route de Roanne,"460,395,220,000","40,118,930,000",2.022E+11,734 962,B01,1,1,1,0,1,1,5,NULL,2.022E+11,994 039,734 962,B01,1,1,3,1,1948,5,2,-1,-1,0,0,-1,2.022E+11,3,9,0,NULL,2,2,0,1,23,450,1,NULL,-1,1,0,5,50,
2.022E+11,28,10,2022,08:10:00,2,75,75115,2,2,1,3,PLACE FERNAND FOREST,"488,493,350,000","22,816,380,000",2.022E+11,734 578,A01,1,1,0,2,4,1,5,NULL,2.022E+11,993 543,734 578,A01,1,1,4,1,1995,1,2,0,-1,0,0,-1,2.022E+11,4,PLACE FERNAND FOREST,0,NULL,2,6,0,1,-1,-1,1,NULL,-1,1,0,1,30,
2.022E+11,28,10,2022,08:10:00,2,75,75115,2,2,1,3,PLACE FERNAND FOREST,"488,493,350,000","22,816,380,000",2.022E+11,734 578,A01,1,1,0,2,4,1,5,NULL,2.022E+11,993 548,734 581,B01,1,1,4,1,1974,1,1,0,-1,0,0,-1,2.022E+11,4,PLACE FERNAND FOREST,0,NULL,2,6,0,1,-1,-1,1,NULL,-1,1,0,1,30,
2.022E+11,24,2,2022,21:40:00,5,75,75116,2,3,1,3,ROUTE DE LA PTE DES SABLONS A LA PTE MAI,"488,749,280,000","22,710,990,000",2.022E+11,729 763,A01,0,1,0,2,7,1,5,NULL,2.022E+11,987 186,729 763,A01,1,1,4,2,1982,9,2,0,-1,0,0,-1,2.022E+11,4,ROUTE DE LA PTE DES SABLONS A LA PTE MAI,0,NULL,2,2,1,2,-1,-1,2,NULL,-1,2,-1,5,30,
2.022E+11,24,2,2022,21:40:00,5,75,75116,2,3,1,3,ROUTE DE LA PTE DES SABLONS A LA PTE MAI,"488,749,280,000","22,710,990,000",2.022E+11,729 763,A01,0,1,0,2,7,1,5,NULL,2.022E+11,987 187,729 764,B01,1,1,1,1,1999,4,2,0,-1,0,0,-1,2.022E+11,4,ROUTE DE LA PTE DES SABLONS A LA PTE MAI,0,NULL,2,2,1,2,-1,-1,2,NULL,-1,2,-1,5,30,
2.022E+11,6,1,2022,17:40:00,1,49,49007,2,1,1,7,PAUL BERT,"474,658,500,000"," -0,5516600000",2.022E+11,725 958,A01,1,1,0,2,0,21,5,NULL,2.022E+11,982 189,725 958,A01,1,1,4,1,1994,5,8,0,-1,-1,-1,-1,2.022E+11,4,PAUL BERT,0,NULL,2,3,1,1,1,0,1,NULL,-1,1,0,5,30,
2.022E+11,13,8,2022,12:00:00,1,69,69259,2,1,1,3,Avenue Jean Cagne,"456,976,300,000","48,699,800,000",2.022E+11,725 445,B01,3,1,0,2,8,1,0,NULL,2.022E+11,981 531,725 445,B01,1,1,4,1,1998,0,8,-1,-1,0,0,-1,2.022E+11,4,JEAN CAGNE                          (AV),0,NULL,2,2,2,1,-1,-1,1,NULL,-1,1,0,5,50,
2.022E+11,13,8,2022,12:00:00,1,69,69259,2,1,1,3,Avenue Jean Cagne,"456,976,300,000","48,699,800,000",2.022E+11,725 445,B01,3,1,0,2,8,1,0,NULL,2.022E+11,981 534,725 449,A01,1,1,1,1,1997,4,1,-1,-1,0,0,-1,2.022E+11,4,JEAN CAGNE                          (AV),0,NULL,2,2,2,1,-1,-1,1,NULL,-1,1,0,5,50,
2.022E+11,19,9,2022,18:25:00,1,75,75119,2,2,1,2,BOULEVARD SERURIER,"488,772,060,000","24,066,800,000",2.022E+11,718 617,B01,2,1,0,2,5,1,5,NULL,2.022E+11,972 295,718 617,B01,1,1,4,2,1970,5,8,0,-1,0,0,-1,2.022E+11,4,BOULEVARD SERURIER,0,NULL,3,4,0,1,-1,-1,1,NULL,-1,1,0,1,30,
2.022E+11,19,9,2022,18:25:00,1,75,75119,2,2,1,2,BOULEVARD SERURIER,"488,772,060,000","24,066,800,000",2.022E+11,718 617,B01,2,1,0,2,5,1,5,NULL,2.022E+11,972 300,718 623,A01,1,1,1,2,1979,5,8,0,-1,0,0,-1,2.022E+11,4,BOULEVARD SERURIER,0,NULL,3,4,0,1,-1,-1,1,NULL,-1,1,0,1,30,
2.022E+11,12,2,2022,13:35:00,1,78,78265,2,1,1,3,33 Rue du General Leclerc,"488,211,260,000","17,565,150,000",2.022E+11,716 695,B01,1,1,0,2,9,17,5,NULL,2.022E+11,969 649,716 695,B01,1,1,3,1,1952,5,0,-1,-1,0,0,-1,2.022E+11,3,33,0,NULL,4,2,0,1,11,620,1,NULL,-1,1,0,1,50,
2.022E+11,12,2,2022,13:35:00,1,78,78265,2,1,1,3,33 Rue du General Leclerc,"488,211,260,000","17,565,150,000",2.022E+11,716 695,B01,1,1,0,2,9,17,5,NULL,2.022E+11,969 657,716 699,A01,1,1,1,1,1979,0,1,-1,-1,0,0,-1,2.022E+11,3,33,0,NULL,4,2,0,1,11,620,1,NULL,-1,1,0,1,50,
2.022E+11,5,10,2022,07:30:00,2,19,19031,2,3,1,3,ALSACE LORRAINE (AVENUE) A PARTIR DE N°,"451,519,000,000","15,412,600,000",2.022E+11,810 499,B01,2,1,0,2,1,1,5,NULL,2.022E+11,1 095 089,810 496,Z01,1,1,1,-1,NULL,-1,-1,-1,-1,-1,-1,-1,2.022E+11,3,ALSACE LORRAINE (AVENUE) A PARTIR DE N°,0,NULL,2,0,0,2,34,220,1,NULL,-1,1,0,1,50,
2.022E+11,5,10,2022,07:30:00,2,19,19031,2,3,1,3,ALSACE LORRAINE (AVENUE) A PARTIR DE N°,"451,519,000,000","15,412,600,000",2.022E+11,810 499,B01,2,1,0,2,1,1,5,NULL,2.022E+11,1 095 092,810 499,B01,1,1,3,1,2010,2,2,0,-1,-1,-1,-1,2.022E+11,3,ALSACE LORRAINE (AVENUE) A PARTIR DE N°,0,NULL,2,0,0,2,34,220,1,NULL,-1,1,0,1,50,
2.022E+11,13,2,2022,12:45:00,1,32,32307,2,1,1,3,Route d Auch,"436,129,910,000","0,5880650000",2.022E+11,805 104,B01,1,1,0,2,8,1,5,NULL,2.022E+11,1 087 865,805 104,B01,1,1,2,2,1948,5,0,-1,-1,0,0,-1,2.022E+11,3,929,-1,NULL,2,2,0,1,1,230,1,NULL,-1,1,9,1,50,
2.022E+11,13,2,2022,12:45:00,1,32,32307,2,1,1,3,Route d Auch,"436,129,910,000","0,5880650000",2.022E+11,805 104,B01,1,1,0,2,8,1,5,NULL,2.022E+11,1 087 866,805 105,A01,1,1,1,1,1951,5,1,-1,-1,0,0,-1,2.022E+11,3,929,-1,NULL,2,2,0,1,1,230,1,NULL,-1,1,9,1,50,
2.022E+11,4,8,2022,18:40:00,1,75,75110,2,3,1,3,QUAI DE VALMY,"488,697,360,000","23,661,860,000",2.022E+11,802 052,A01,2,1,0,2,3,11,5,NULL,2.022E+11,1 083 815,802 052,A01,1,1,4,1,1998,1,0,-1,-1,0,0,-1,2.022E+11,4,QUAI DE VALMY,0,NULL,1,3,1,1,-1,-1,1,NULL,-1,1,0,1,30,
2.022E+11,4,8,2022,18:40:00,1,75,75110,2,3,1,3,QUAI DE VALMY,"488,697,360,000","23,661,860,000",2.022E+11,802 052,A01,2,1,0,2,3,11,5,NULL,2.022E+11,1 083 816,802 053,B01,1,1,1,1,1995,1,1,0,-1,0,0,-1,2.022E+11,4,QUAI DE VALMY,0,NULL,1,3,1,1,-1,-1,1,NULL,-1,1,0,1,30,
2.022E+11,29,4,2022,10:45:00,1,92,92051,2,9,1,2,"CHARLES DE GAULLE (AVENUE,N°118 A 192 +","488,844,472,183","22,622,248,381",2.022E+11,800 543,B01,1,1,0,2,4,0,5,NULL,2.022E+11,1 081 847,800 541,A01,1,1,1,2,1941,5,1,0,-1,-1,-1,-1,2.022E+11,2,13,0,NULL,1,1,0,1,0,0,1,NULL,-1,1,9,1,50,
2.022E+11,29,4,2022,10:45:00,1,92,92051,2,9,1,2,"CHARLES DE GAULLE (AVENUE,N°118 A 192 +","488,844,472,183","22,622,248,381",2.022E+11,800 543,B01,1,1,0,2,4,0,5,NULL,2.022E+11,1 081 851,800 543,B01,1,1,4,1,1988,1,8,0,-1,-1,-1,-1,2.022E+11,2,13,0,NULL,1,1,0,1,0,0,1,NULL,-1,1,9,1,50,
2.022E+11,2,8,2022,07:28:00,1,13,13110,1,1,7,2,Route de Saint-Maximin,"434,654,690,000","57,289,410,000",2.022E+11,795 153,B01,1,1,0,0,4,2,5,NULL,2.022E+11,1 074 744,795 153,B01,1,1,2,1,1955,5,2,-1,-1,0,0,-1,2.022E+11,3,6,0,NULL,2,2,0,1,-1,-1,1,NULL,-1,1,0,1,80,
2.022E+11,2,8,2022,07:28:00,1,13,13110,1,1,7,2,Route de Saint-Maximin,"434,654,690,000","57,289,410,000",2.022E+11,795 153,B01,1,1,0,0,4,2,5,NULL,2.022E+11,1 074 745,795 154,A01,1,1,1,-1,NULL,-1,-1,-1,-1,-1,-1,-1,2.022E+11,3,6,0,NULL,2,2,0,1,-1,-1,1,NULL,-1,1,0,1,80,
2.022E+11,22,3,2022,17:45:00,1,73,73183,1,4,1,3,Chemin du Lac des Pères,"455,100,270,000","59,829,620,000",2.022E+11,793 509,A01,3,1,0,2,8,1,5,NULL,2.022E+11,1 072 601,793 505,B01,1,1,1,1,1994,4,1,-1,-1,0,0,-1,2.022E+11,4,NULL,-1,NULL,2,2,0,1,-1,-1,2,NULL,3,1,0,1,80,
2.022E+11,22,3,2022,17:45:00,1,73,73183,1,4,1,3,Chemin du Lac des Pères,"455,100,270,000","59,829,620,000",2.022E+11,793 509,A01,3,1,0,2,8,1,5,NULL,2.022E+11,1 072 605,793 509,A01,1,1,4,1,1970,1,2,-1,-1,0,0,-1,2.022E+11,4,NULL,-1,NULL,2,2,0,1,-1,-1,2,NULL,3,1,0,1,80,
2.022E+11,4,2,2022,18:10:00,3,38,38185,2,2,1,3,HOCHE (RUE),"451,859,300,000","57,287,400,000",2.022E+11,786 817,B01,1,1,0,2,2,0,5,NULL,2.022E+11,1 063 590,786 817,B01,1,1,3,2,1999,0,8,0,-1,-1,-1,-1,2.022E+11,4,HOCHE (RUE),0,NULL,1,1,0,1,-1,-1,1,NULL,-1,1,0,1,30,
2.022E+11,4,2,2022,18:10:00,3,38,38185,2,2,1,3,HOCHE (RUE),"451,859,300,000","57,287,400,000",2.022E+11,786 817,B01,1,1,0,2,2,0,5,NULL,2.022E+11,1 063 595,786 821,A01,1,1,1,1,1964,0,1,8,-1,-1,-1,-1,2.022E+11,4,HOCHE (RUE),0,NULL,1,1,0,1,-1,-1,1,NULL,-1,1,0,1,30,
2.022E+11,27,6,2022,06:30:00,1,74,74010,2,1,1,3,TOURNETTE (PLACE DE LA/PASSAGE DE LA),"458,979,700,000","61,306,900,000",2.022E+11,785 916,B01,3,1,0,2,3,19,5,NULL,2.022E+11,1 062 372,785 916,B01,1,1,1,2,1963,1,8,0,-1,-1,-1,-1,2.022E+11,4,TOURNETTE (PLACE DE LA/PASSAGE DE LA),0,NULL,2,4,1,1,-1,-1,1,NULL,-1,1,0,5,30,
2.022E+11,27,6,2022,06:30:00,1,74,74010,2,1,1,3,TOURNETTE (PLACE DE LA/PASSAGE DE LA),"458,979,700,000","61,306,900,000",2.022E+11,785 917,A01,3,1,0,2,1,1,5,NULL,2.022E+11,1 062 372,785 916,B01,1,1,1,2,1963,1,8,0,-1,-1,-1,-1,2.022E+11,4,TOURNETTE (PLACE DE LA/PASSAGE DE LA),0,NULL,2,4,1,1,-1,-1,1,NULL,-1,1,0,5,30,
2.022E+11,27,6,2022,06:30:00,1,74,74010,2,1,1,3,TOURNETTE (PLACE DE LA/PASSAGE DE LA),"458,979,700,000","61,306,900,000",2.022E+11,785 916,B01,3,1,0,2,3,19,5,NULL,2.022E+11,1 062 373,785 917,A01,1,1,3,1,1954,1,2,8,-1,-1,-1,-1,2.022E+11,4,TOURNETTE (PLACE DE LA/PASSAGE DE LA),0,NULL,2,4,1,1,-1,-1,1,NULL,-1,1,0,5,30,
2.022E+11,27,6,2022,06:30:00,1,74,74010,2,1,1,3,TOURNETTE (PLACE DE LA/PASSAGE DE LA),"458,979,700,000","61,306,900,000",2.022E+11,785 917,A01,3,1,0,2,1,1,5,NULL,2.022E+11,1 062 373,785 917,A01,1,1,3,1,1954,1,2,8,-1,-1,-1,-1,2.022E+11,4,TOURNETTE (PLACE DE LA/PASSAGE DE LA),0,NULL,2,4,1,1,-1,-1,1,NULL,-1,1,0,5,30,
2.022E+11,22,4,2022,12:45:00,1,75,75104,2,3,1,7,RUE SAINT ANTOINE,"488,543,087,355","23,637,461,464",2.022E+11,782 517,A01,2,1,0,0,0,21,5,NULL,2.022E+11,1 057 877,782 517,A01,1,1,4,2,1993,9,2,0,-1,0,0,-1,2.022E+11,4,RUE SAINT ANTOINE,0,NULL,2,3,1,1,-1,-1,1,NULL,-1,1,-1,5,30,
2.022E+11,20,12,2022,08:55:00,1,75,75101,2,2,1,3,RUE SAINT FLORENTIN,"488,679,470,000","23,245,840,000",2.022E+11,779 979,B01,1,1,1,0,1,1,5,NULL,2.022E+11,1 054 474,779 978,A01,3,2,1,1,1974,4,1,0,-1,0,0,-1,2.022E+11,4,RUE SAINT FLORENTIN,0,NULL,1,2,1,1,-1,-1,1,NULL,-1,1,0,1,30,
2.022E+11,20,12,2022,08:55:00,1,75,75101,2,2,1,3,RUE SAINT FLORENTIN,"488,679,470,000","23,245,840,000",2.022E+11,779 979,B01,1,1,1,0,1,1,5,NULL,2.022E+11,1 054 475,779 978,A01,1,1,1,1,1981,4,1,0,-1,0,0,-1,2.022E+11,4,RUE SAINT FLORENTIN,0,NULL,1,2,1,1,-1,-1,1,NULL,-1,1,0,1,30,
2.022E+11,20,12,2022,08:55:00,1,75,75101,2,2,1,3,RUE SAINT FLORENTIN,"488,679,470,000","23,245,840,000",2.022E+11,779 979,B01,1,1,1,0,1,1,5,NULL,2.022E+11,1 054 477,779 979,B01,1,1,4,2,1994,9,2,0,-1,0,0,-1,2.022E+11,4,RUE SAINT FLORENTIN,0,NULL,1,2,1,1,-1,-1,1,NULL,-1,1,0,1,30,
2.022E+11,6,9,2022,11:00:00,1,75,75108,2,7,1,3,RUE DE LA PEPINIERE,"488,748,640,000","23,198,980,000",2.022E+11,779 682,A01,3,1,0,2,3,1,5,NULL,2.022E+11,1 054 097,779 682,A01,1,1,4,1,1992,9,2,0,-1,0,0,-1,2.022E+11,4,RUE DE LA PEPINIERE,0,NULL,2,3,1,1,-1,-1,3,NULL,-1,1,-1,5,30,
2.022E+11,6,9,2022,11:00:00,1,75,75108,2,7,1,3,RUE DE LA PEPINIERE,"488,748,640,000","23,198,980,000",2.022E+11,779 682,A01,3,1,0,2,3,1,5,NULL,2.022E+11,1 054 099,779 683,B01,1,1,1,1,1959,4,1,0,-1,0,0,-1,2.022E+11,4,RUE DE LA PEPINIERE,0,NULL,2,3,1,1,-1,-1,3,NULL,-1,1,-1,5,30,
2.022E+11,7,10,2022,08:30:00,1,45,45234,2,1,1,3,15 Rue Eugène Vignat,"479,080,600,000","19,106,700,000",2.022E+11,778 207,B01,1,1,0,2,1,17,5,NULL,2.022E+11,1 052 130,778 206,A01,1,1,1,1,1969,1,1,0,-1,-1,-1,-1,2.022E+11,4,VIGNAT (RUE EUGENE),0,NULL,2,2,1,1,-1,-1,1,NULL,-1,1,0,1,50,
2.022E+11,7,10,2022,08:30:00,1,45,45234,2,1,1,3,15 Rue Eugène Vignat,"479,080,600,000","19,106,700,000",2.022E+11,778 207,B01,1,1,0,2,1,17,5,NULL,2.022E+11,1 052 131,778 207,B01,1,1,4,1,1977,1,2,0,-1,-1,-1,-1,2.022E+11,4,VIGNAT (RUE EUGENE),0,NULL,2,2,1,1,-1,-1,1,NULL,-1,1,0,1,50,
2.022E+11,27,7,2022,11:30:00,1,42,42139,1,3,1,3,Route de Saint Genest Malifaux,"452,890,430,000","44,090,690,000",2.022E+11,777 162,B01,1,1,0,2,0,9,5,NULL,2.022E+11,1 050 731,777 161,A01,1,1,3,1,1972,9,2,6,9,0,0,-1,2.022E+11,3,501,0,D,2,2,0,4,12,600,1,NULL,-1,1,0,1,80,
2.022E+11,27,7,2022,11:30:00,1,42,42139,1,3,1,3,Route de Saint Genest Malifaux,"452,890,430,000","44,090,690,000",2.022E+11,777 162,B01,1,1,0,2,0,9,5,NULL,2.022E+11,1 050 732,777 162,B01,1,1,3,1,1950,5,2,6,-1,0,0,-1,2.022E+11,3,501,0,D,2,2,0,4,12,600,1,NULL,-1,1,0,1,80,
2.022E+11,25,7,2022,14:00:00,1,37,37233,2,3,1,3,AUDENET (RUE MARTIN),"473,851,428,344","0,7110562921",2.022E+11,774 202,B01,1,1,0,2,8,16,5,NULL,2.022E+11,1 046 728,774 201,A01,1,1,1,2,1968,0,1,0,-1,-1,-1,-1,2.022E+11,4,AUDENET (RUE MARTIN),0,NULL,2,2,0,1,-1,-1,1,NULL,-1,1,0,1,50,
2.022E+11,25,7,2022,14:00:00,1,37,37233,2,3,1,3,AUDENET (RUE MARTIN),"473,851,428,344","0,7110562921",2.022E+11,774 202,B01,1,1,0,2,8,16,5,NULL,2.022E+11,1 046 729,774 202,B01,1,1,4,2,1963,0,2,0,-1,0,0,-1,2.022E+11,4,AUDENET (RUE MARTIN),0,NULL,2,2,0,1,-1,-1,1,NULL,-1,1,0,1,50,
2.022E+11,21,6,2022,05:55:00,2,69,69259,2,1,1,1,Avenue Charles de Gaulle,"457,151,400,000","48,956,700,000",2.022E+11,768 597,A01,3,1,0,2,1,0,0,NULL,2.022E+11,1 039 160,768 595,B01,1,1,4,1,1960,1,2,-1,-1,0,0,-1,2.022E+11,7,CHARLES DE GAULLE                   (AV),0,NULL,2,6,1,1,1,0,1,NULL,-1,1,-1,5,50,
2.022E+11,21,6,2022,05:55:00,2,69,69259,2,1,1,1,Avenue Charles de Gaulle,"457,151,400,000","48,956,700,000",2.022E+11,768 597,A01,3,1,0,2,1,0,0,NULL,2.022E+11,1 039 162,768 597,A01,1,1,1,-1,NULL,-1,8,-1,-1,0,0,-1,2.022E+11,7,CHARLES DE GAULLE                   (AV),0,NULL,2,6,1,1,1,0,1,NULL,-1,1,-1,5,50,
2.022E+11,4,10,2022,15:45:00,1,75,75102,2,3,1,3,BOULEVARD DE BONNE NOUVELLE,"488,696,830,000","23,526,540,000",2.022E+11,768 060,A01,2,1,0,2,8,1,5,NULL,2.022E+11,1 038 475,768 059,B01,1,1,1,1,1981,9,2,6,-1,0,0,-1,2.022E+11,4,BOULEVARD DE BONNE NOUVELLE,0,NULL,2,4,2,1,-1,-1,1,NULL,-1,1,-1,5,30,
2.022E+11,4,10,2022,15:45:00,1,75,75102,2,3,1,3,BOULEVARD DE BONNE NOUVELLE,"488,696,830,000","23,526,540,000",2.022E+11,768 060,A01,2,1,0,2,8,1,5,NULL,2.022E+11,1 038 477,768 060,A01,1,1,4,1,1962,1,8,0,-1,0,0,-1,2.022E+11,4,BOULEVARD DE BONNE NOUVELLE,0,NULL,2,4,2,1,-1,-1,1,NULL,-1,1,-1,5,30,
2.022E+11,31,8,2022,10:25:00,1,75,75115,2,1,1,6,BOULEVARD GENERAL MARTIAL VALIN,"488,366,050,000","22,762,520,000",2.022E+11,765 598,A01,2,1,0,2,0,1,5,NULL,2.022E+11,1 035 166,765 597,Z01,1,1,1,-1,NULL,-1,-1,-1,-1,-1,-1,-1,2.022E+11,4,BOULEVARD GENERAL MARTIAL VALIN,0,NULL,1,1,0,1,-1,-1,1,NULL,-1,1,0,1,30,
2.022E+11,31,8,2022,10:25:00,1,75,75115,2,1,1,6,BOULEVARD GENERAL MARTIAL VALIN,"488,366,050,000","22,762,520,000",2.022E+11,765 598,A01,2,1,0,2,0,1,5,NULL,2.022E+11,1 035 167,765 598,A01,1,1,4,2,1971,9,2,8,-1,0,0,-1,2.022E+11,4,BOULEVARD GENERAL MARTIAL VALIN,0,NULL,1,1,0,1,-1,-1,1,NULL,-1,1,0,1,30,
2.022E+11,1,9,2022,18:40:00,1,31,31547,2,1,1,1,Route de Toulouse,"435,050,050,000","13,220,820,000",2.022E+11,765 521,A01,1,1,0,2,8,25,5,NULL,2.022E+11,1 035 074,765 520,B01,1,1,1,2,1994,1,1,-1,-1,0,0,-1,2.022E+11,3,15,-1,NULL,-1,2,1,1,27,50,1,NULL,-1,1,0,1,50,
2.022E+11,1,9,2022,18:40:00,1,31,31547,2,1,1,1,Route de Toulouse,"435,050,050,000","13,220,820,000",2.022E+11,765 521,A01,1,1,0,2,8,25,5,NULL,2.022E+11,1 035 075,765 521,A01,1,1,3,1,2010,5,0,-1,-1,0,0,-1,2.022E+11,3,15,-1,NULL,-1,2,1,1,27,50,1,NULL,-1,1,0,1,50,
2.022E+11,14,4,2022,14:30:00,1,75,75107,2,1,1,7,BOULEVARD RASPAIL,"488,551,870,000","23,256,590,000",2.022E+11,765 073,A01,1,1,1,0,0,21,5,NULL,2.022E+11,1 034 505,765 073,A01,1,1,4,2,1966,1,2,0,-1,0,0,-1,2.022E+11,4,BOULEVARD RASPAIL,0,NULL,1,1,1,1,-1,-1,1,NULL,-1,1,0,5,30,
2.022E+11,19,6,2022,21:40:00,2,67,67482,2,1,1,3,RHIN TORTU (RUE DU),"485,537,900,000","77,576,000,000",2.022E+11,764 968,A01,1,1,0,2,1,9,5,NULL,2.022E+11,1 034 383,764 968,A01,1,1,4,1,1999,1,8,0,-1,-1,-1,-1,2.022E+11,4,RHIN TORTU (RUE DU),0,NULL,3,4,1,1,-1,-1,1,NULL,-1,1,0,1,30,
2.022E+11,19,6,2022,21:40:00,2,67,67482,2,1,1,3,RHIN TORTU (RUE DU),"485,537,900,000","77,576,000,000",2.022E+11,764 968,A01,1,1,0,2,1,9,5,NULL,2.022E+11,1 034 385,764 970,B01,1,1,1,1,1986,0,1,8,-1,-1,-1,-1,2.022E+11,4,RHIN TORTU (RUE DU),0,NULL,3,4,1,1,-1,-1,1,NULL,-1,1,0,1,30,
2.022E+11,20,5,2022,10:00:00,1,75,75120,2,3,3,6,RUE LE VAU,"488,678,918,693","24,109,961,092",2.022E+11,763 537,A01,2,1,0,1,1,1,5,NULL,2.022E+11,1 032 509,763 537,A01,1,1,1,1,1986,1,2,0,-1,0,0,-1,2.022E+11,4,RUE LE VAU,0,NULL,2,3,1,4,-1,-1,1,NULL,-1,2,-1,5,30,
2.022E+11,20,5,2022,10:00:00,1,75,75120,2,3,3,6,RUE LE VAU,"488,678,918,693","24,109,961,092",2.022E+11,763 537,A01,2,1,0,1,1,1,5,NULL,2.022E+11,1 032 510,763 537,A01,10,3,4,2,1977,9,0,-1,-1,4,3,1,2.022E+11,4,RUE LE VAU,0,NULL,2,3,1,4,-1,-1,1,NULL,-1,2,-1,5,30,
2.022E+11,21,7,2022,12:00:00,1,35,35238,2,1,1,3,CLEUNAY (BD DE),"481,006,800,000","-17,014,400,000",2.022E+11,763 292,B01,0,1,0,2,0,0,5,NULL,2.022E+11,1 032 183,763 290,A01,1,1,1,1,1967,5,1,-1,-1,-1,-1,-1,2.022E+11,4,CLEUNAY (BD DE),0,NULL,2,2,2,2,-1,-1,1,NULL,-1,1,0,1,30,
2.022E+11,21,7,2022,12:00:00,1,35,35238,2,1,1,3,CLEUNAY (BD DE),"481,006,800,000","-17,014,400,000",2.022E+11,763 292,B01,0,1,0,2,0,0,5,NULL,2.022E+11,1 032 186,763 292,B01,1,1,4,1,1954,5,8,-1,-1,-1,-1,-1,2.022E+11,4,CLEUNAY (BD DE),0,NULL,2,2,2,2,-1,-1,1,NULL,-1,1,0,1,30,
2.022E+11,4,3,2022,15:30:00,1,69,69387,2,1,1,7,78 Rue de Gerland,"457,373,150,412","48,397,752,643",2.022E+11,762 523,A01,0,1,0,0,1,1,5,NULL,2.022E+11,1 031 156,762 523,A01,1,1,4,2,1977,0,8,-1,-1,-1,-1,-1,2.022E+11,4,GERLAND (DE)                        (R ),0,NULL,2,2,0,1,-1,-1,1,NULL,-1,1,0,1,50,
2.022E+11,30,9,2022,19:35:00,5,54,54395,2,2,1,2,LECLERC (AV. DU GENE,"486,825,665,320","61,842,580,140",2.022E+11,760 383,B01,1,1,0,2,4,15,5,NULL,2.022E+11,1 028 356,760 383,B01,1,1,4,1,2003,5,2,0,-1,0,0,-1,2.022E+11,4,LECLERC (AV. DU GENE,0,NULL,2,4,0,1,-1,-1,1,NULL,-1,1,2,1,50,
2.022E+11,30,9,2022,19:35:00,5,54,54395,2,2,1,2,LECLERC (AV. DU GENE,"486,825,665,320","61,842,580,140",2.022E+11,760 383,B01,1,1,0,2,4,15,5,NULL,2.022E+11,1 028 357,760 384,A01,1,1,4,1,1952,5,2,0,-1,0,0,-1,2.022E+11,4,LECLERC (AV. DU GENE,0,NULL,2,4,0,1,-1,-1,1,NULL,-1,1,2,1,50,
2.022E+11,3,10,2022,20:44:00,5,17,17300,2,3,1,1,PEUPLIERS   RUE DES,"461,465,700,000","-11,423,000,000",2.022E+11,760 328,A01,3,1,0,2,1,16,5,NULL,2.022E+11,1 028 269,760 326,B01,1,1,1,1,1995,9,1,0,-1,-1,-1,-1,2.022E+11,4,PEUPLIERS   RUE DES,0,NULL,2,2,0,1,-1,-1,3,NULL,-1,1,0,1,30,
2.022E+11,3,10,2022,20:44:00,5,17,17300,2,3,1,1,PEUPLIERS   RUE DES,"461,465,700,000","-11,423,000,000",2.022E+11,760 328,A01,3,1,0,2,1,16,5,NULL,2.022E+11,1 028 272,760 328,A01,1,1,4,1,1999,0,8,0,-1,-1,-1,-1,2.022E+11,4,PEUPLIERS   RUE DES,0,NULL,2,2,0,1,-1,-1,3,NULL,-1,1,0,1,30,
2.022E+11,28,2,2022,15:45:00,1,69,69282,2,3,1,1,Rue du Rambion,"457,606,100,000","49,979,100,000",2.022E+11,755 363,B01,0,1,0,2,1,1,-1,NULL,2.022E+11,1 021 605,755 361,A01,1,1,1,2,1979,1,1,-1,-1,-1,-1,-1,2.022E+11,4,RAMBION (DU)                        (R ),0,NULL,1,1,2,2,-1,-1,1,NULL,-1,1,0,1,50,
2.022E+11,28,2,2022,15:45:00,1,69,69282,2,3,1,1,Rue du Rambion,"457,606,100,000","49,979,100,000",2.022E+11,755 363,B01,0,1,0,2,1,1,-1,NULL,2.022E+11,1 021 608,755 363,B01,1,1,4,1,1979,5,2,-1,-1,-1,-1,-1,2.022E+11,4,RAMBION (DU)                        (R ),0,NULL,1,1,2,2,-1,-1,1,NULL,-1,1,0,1,50,