Accident_Id,jour,mois,an,hrmn,lum,dep,com,agg,int,atm,col,adr,lat,long,Num_Acc,id_vehicule,num_veh,senc,catv,obs,obsm,choc,manv,motor,occutc,Num_Acc,id_usager,id_vehicule,num_veh,place,catu,grav,sexe,an_nais,trajet,secu1,secu2,secu3,locp,actp,etatp,Num_Acc,catr,voie,v1,v2,circ,nbv,vosp,prof,pr,pr1,plan,lartpc,larrout,surf,infra,situ,vma,
2.022E+11,5,10,2022,10:32:00,1,86,86066,2,6,1,3,Boulevard Sadi Carnot,"468,210,370,000","0,5475000000",2.022E+11,778 278,B01,1,1,0,2,7,1,5,NULL,2.022E+11,1 052 217,778 278,B01,1,1,3,1,1965,5,8,0,-1,0,0,-1,2.022E+11,4,CARNOT (BOULEVARD SADI),0,NULL,1,2,0,1,-1,-1,1,NULL,-1,1,0,1,50,
2.022E+11,15,11,2022,17:25:00,3,43,43040,2,1,1,1,71 Avenue d'Auvergne,"453,076,890,000","33,766,010,000",2.022E+11,778 049,B01,2,1,0,2,7,19,5,NULL,2.022E+11,1 051 937,778 048,A01,1,1,1,2,1961,5,1,-1,-1,0,0,-1,2.022E+11,3,912,0,D,2,2,0,1,7,898,1,NULL,-1,1,0,1,50,
2.022E+11,15,11,2022,17:25:00,3,43,43040,2,1,1,1,71 Avenue d'Auvergne,"453,076,890,000","33,766,010,000",2.022E+11,778 049,B01,2,1,0,2,7,19,5,NULL,2.022E+11,1 051 938,778 049,B01,1,1,4,1,1963,3,0,-1,-1,0,0,-1,2.022E+11,3,912,0,D,2,2,0,1,7,898,1,NULL,-1,1,0,1,50,
2.022E+11,18,4,2022,19:30:00,1,92,92025,2,2,1,3,COLBERT  115 A 131   104 A 124 (RUE),"489,151,322,730","22,332,492,024",2.022E+11,775 502,A01,1,1,0,2,2,1,5,NULL,2.022E+11,1 048 502,775 501,B01,1,1,1,1,1988,5,1,0,-1,-1,-1,-1,2.022E+11,4,NULL,0,NULL,1,3,0,1,0,0,1,NULL,-1,1,0,1,30,
2.022E+11,18,4,2022,19:30:00,1,92,92025,2,2,1,3,COLBERT  115 A 131   104 A 124 (RUE),"489,151,322,730","22,332,492,024",2.022E+11,775 502,A01,1,1,0,2,2,1,5,NULL,2.022E+11,1 048 504,775 502,A01,1,1,4,1,2003,2,8,0,-1,-1,-1,-1,2.022E+11,4,NULL,0,NULL,1,3,0,1,0,0,1,NULL,-1,1,0,1,30,
2.022E+11,23,5,2022,14:00:00,1,4,4148,1,1,1,3,D4085,"437,972,900,000","66,288,970,000",2.022E+11,770 219,B01,1,1,0,2,3,15,5,NULL,2.022E+11,1 041 308,770 218,A01,1,1,1,1,2000,5,1,-1,-1,0,0,-1,2.022E+11,3,4085,-1,NULL,2,2,0,1,115,600,1,NULL,-1,1,0,1,80,
2.022E+11,23,5,2022,14:00:00,1,4,4148,1,1,1,3,D4085,"437,972,900,000","66,288,970,000",2.022E+11,770 219,B01,1,1,0,2,3,15,5,NULL,2.022E+11,1 041 311,770 219,B01,1,1,3,1,1968,5,2,-1,-1,0,0,-1,2.022E+11,3,4085,-1,NULL,2,2,0,1,115,600,1,NULL,-1,1,0,1,80,
2.022E+11,3,5,2022,15:45:00,1,85,85191,2,6,1,3,rond-point Duchesne-de-Denant,"466,505,600,000","-14,372,700,000",2.022E+11,770 025,A01,0,1,0,2,8,0,5,NULL,2.022E+11,1 041 042,770 024,B01,1,1,1,2,1988,0,1,0,-1,0,0,-1,2.022E+11,4,NULL,0,NULL,2,1,1,1,-1,-1,1,NULL,-1,1,5,5,50,
2.022E+11,3,5,2022,15:45:00,1,85,85191,2,6,1,3,rond-point Duchesne-de-Denant,"466,505,600,000","-14,372,700,000",2.022E+11,770 025,A01,0,1,0,2,8,0,5,NULL,2.022E+11,1 041 043,770 025,A01,1,1,2,1,1947,5,0,-1,-1,0,0,-1,2.022E+11,4,NULL,0,NULL,2,1,1,1,-1,-1,1,NULL,-1,1,5,5,50,
2.022E+11,5,3,2022,13:55:00,1,15,15014,2,6,1,3,JULIEN (AVENUE DE),"449,040,000,000","24,265,400,000",2.022E+11,769 350,B01,3,1,0,2,7,1,5,NULL,2.022E+11,1 040 149,769 349,A01,1,1,1,2,1966,1,1,0,-1,-1,-1,-1,2.022E+11,4,JULIEN (AVENUE DE),0,NULL,2,2,0,1,-1,-1,1,NULL,-1,1,0,1,50,
2.022E+11,5,3,2022,13:55:00,1,15,15014,2,6,1,3,JULIEN (AVENUE DE),"449,040,000,000","24,265,400,000",2.022E+11,769 350,B01,3,1,0,2,7,1,5,NULL,2.022E+11,1 040 150,769 350,B01,1,1,4,1,1949,5,8,0,-1,-1,-1,-1,2.022E+11,4,JULIEN (AVENUE DE),0,NULL,2,2,0,1,-1,-1,1,NULL,-1,1,0,1,50,
2.022E+11,4,10,2022,09:50:00,1,37,37122,1,9,1,3,VIEILLE CARTE (ROUTE DE),"473,345,100,000","0,6259900000",2.022E+11,767 407,B01,3,1,0,2,2,16,5,NULL,2.022E+11,1 037 625,767 407,B01,1,1,4,1,1960,5,2,6,-1,-1,-1,-1,2.022E+11,7,VIEILLE CARTE (ROUTE DE),0,NULL,2,2,0,1,-1,-1,2,NULL,-1,1,9,1,50,
2.022E+11,4,10,2022,09:50:00,1,37,37122,1,9,1,3,VIEILLE CARTE (ROUTE DE),"473,345,100,000","0,6259900000",2.022E+11,767 407,B01,3,1,0,2,2,16,5,NULL,2.022E+11,1 037 629,767 411,A01,1,1,1,2,1958,0,1,0,-1,-1,-1,-1,2.022E+11,7,VIEILLE CARTE (ROUTE DE),0,NULL,2,2,0,1,-1,-1,2,NULL,-1,1,9,1,50,
2.022E+11,1,9,2022,07:20:00,1,74,74213,1,6,1,3,D14,"459,196,950,000","60,835,990,000",2.022E+11,765 515,B01,1,1,0,2,1,19,5,NULL,2.022E+11,1 035 068,765 514,A01,1,1,1,1,1989,1,1,-1,-1,0,0,-1,2.022E+11,3,14,0,NULL,1,1,1,1,8,265,3,NULL,-1,1,0,1,50,
2.022E+11,1,9,2022,07:20:00,1,74,74213,1,6,1,3,D14,"459,196,950,000","60,835,990,000",2.022E+11,765 515,B01,1,1,0,2,1,19,5,NULL,2.022E+11,1 035 069,765 515,B01,1,1,3,1,1949,5,2,-1,-1,0,0,-1,2.022E+11,3,14,0,NULL,1,1,1,1,8,265,3,NULL,-1,1,0,1,50,
2.022E+11,13,4,2022,08:45:00,1,93,93048,2,2,3,3,Rue Raspail / Rue Marceau,"488,529,000,000","24,260,000,000",2.022E+11,761 688,B01,2,1,14,0,7,19,5,NULL,2.022E+11,1 030 092,761 684,A01,1,1,1,1,1974,1,1,0,-1,-1,-1,-1,2.022E+11,4,RASPAIL (RUE),0,NULL,1,1,1,1,0,0,1,NULL,-1,2,9,1,30,
2.022E+11,13,4,2022,08:45:00,1,93,93048,2,2,3,3,Rue Raspail / Rue Marceau,"488,529,000,000","24,260,000,000",2.022E+11,761 688,B01,2,1,14,0,7,19,5,NULL,2.022E+11,1 030 097,761 688,B01,1,1,4,1,1969,0,0,-1,-1,0,0,-1,2.022E+11,4,RASPAIL (RUE),0,NULL,1,1,1,1,0,0,1,NULL,-1,2,9,1,30,
2.022E+11,28,2,2022,17:00:00,1,69,69386,1,1,1,3,Rue Fénelon,"457,642,400,000","48,433,000,000",2.022E+11,755 424,B01,3,1,0,2,1,0,5,NULL,2.022E+11,1 021 694,755 424,B01,1,1,4,1,1997,0,8,-1,-1,-1,-1,-1,2.022E+11,4,FENELON                             (R ),0,NULL,1,1,2,1,-1,-1,1,NULL,-1,1,0,1,50,
2.022E+11,28,2,2022,17:00:00,1,69,69386,1,1,1,3,Rue Fénelon,"457,642,400,000","48,433,000,000",2.022E+11,755 424,B01,3,1,0,2,1,0,5,NULL,2.022E+11,1 021 697,755 426,A01,1,1,1,1,1967,0,8,-1,-1,-1,-1,-1,2.022E+11,4,FENELON                             (R ),0,NULL,1,1,2,1,-1,-1,1,NULL,-1,1,0,1,50,
2.022E+11,12,6,2022,09:16:00,1,36,36159,2,1,1,2,Avenue de la Forêt,"467,567,300,000","17,217,600,000",2.022E+11,751 166,B01,1,1,0,2,8,1,5,NULL,2.022E+11,1 015 886,751 166,B01,1,1,4,2,1971,1,8,0,-1,-1,-1,-1,2.022E+11,3,FORET (AVENUE DE LA) R.D. N°990,0,NULL,2,2,1,1,6,470,1,NULL,-1,1,0,1,50,
2.022E+11,12,6,2022,09:16:00,1,36,36159,2,1,1,2,Avenue de la Forêt,"467,567,300,000","17,217,600,000",2.022E+11,751 166,B01,1,1,0,2,8,1,5,NULL,2.022E+11,1 015 890,751 169,A01,1,1,1,1,1941,5,1,0,-1,-1,-1,-1,2.022E+11,3,FORET (AVENUE DE LA) R.D. N°990,0,NULL,2,2,1,1,6,470,1,NULL,-1,1,0,1,50,
2.022E+11,14,6,2022,11:50:00,1,17,17449,2,3,1,1,JOLIOT CURIE RUE,"459,462,570,000"," -0,8919950000",2.022E+11,751 041,A01,3,1,0,2,8,9,5,NULL,2.022E+11,1 015 725,751 041,A01,1,1,3,2,1965,5,2,8,-1,-1,-1,-1,2.022E+11,3,JOLIOT CURIE RUE,0,NULL,2,2,0,1,25,10,1,NULL,-1,1,0,1,50,
2.022E+11,14,6,2022,11:50:00,1,17,17449,2,3,1,1,JOLIOT CURIE RUE,"459,462,570,000"," -0,8919950000",2.022E+11,751 041,A01,3,1,0,2,8,9,5,NULL,2.022E+11,1 015 729,751 045,B01,1,1,-1,-1,NULL,-1,-1,-1,-1,-1,-1,-1,2.022E+11,3,JOLIOT CURIE RUE,0,NULL,2,2,0,1,25,10,1,NULL,-1,1,0,1,50,
2.022E+11,16,5,2022,00:30:00,5,75,75110,2,2,2,3,RUE DE PARADIS,"488,757,830,000","23,482,520,000",2.022E+11,746 801,A01,1,1,0,2,1,1,5,NULL,2.022E+11,1 010 082,746 800,B01,1,1,1,1,1990,9,1,0,-1,0,0,-1,2.022E+11,4,RUE DE PARADIS,0,NULL,1,2,3,1,-1,-1,1,NULL,-1,2,-1,6,30,
2.022E+11,16,5,2022,00:30:00,5,75,75110,2,2,2,3,RUE DE PARADIS,"488,757,830,000","23,482,520,000",2.022E+11,746 801,A01,1,1,0,2,1,1,5,NULL,2.022E+11,1 010 083,746 801,A01,1,1,4,1,1988,9,2,0,-1,0,0,-1,2.022E+11,4,RUE DE PARADIS,0,NULL,1,2,3,1,-1,-1,1,NULL,-1,2,-1,6,30,
2.022E+11,14,6,2022,14:45:00,1,75,75115,2,1,1,7,RUE LECOURBE,"488,400,380,000","22,944,640,000",2.022E+11,744 059,A01,1,1,0,0,0,1,5,NULL,2.022E+11,1 006 447,744 059,A01,1,1,4,1,1956,5,8,0,-1,0,0,-1,2.022E+11,4,RUE LECOURBE,0,NULL,2,3,1,1,-1,-1,1,NULL,-1,1,0,5,30,
2.022E+11,15,5,2022,06:55:00,1,974,97414,1,1,1,2,Route nationale 1,"-212,808,670,000","553,866,930,000",2.022E+11,743 404,B01,2,1,0,0,4,0,5,NULL,2.022E+11,1 005 576,743 403,A01,1,1,1,1,1962,5,1,-1,-1,0,0,-1,2.022E+11,2,NULL,-1,NULL,2,4,3,1,73,500,1,NULL,-1,1,0,1,110,
2.022E+11,15,5,2022,06:55:00,1,974,97414,1,1,1,2,Route nationale 1,"-212,808,670,000","553,866,930,000",2.022E+11,743 404,B01,2,1,0,0,4,0,5,NULL,2.022E+11,1 005 577,743 404,B01,1,1,3,1,1957,5,2,-1,-1,0,0,-1,2.022E+11,2,NULL,-1,NULL,2,4,3,1,73,500,1,NULL,-1,1,0,1,110,
2.022E+11,26,10,2022,09:44:00,1,75,75113,2,4,1,6,RUE BOBILLOT,"488,300,980,000","23,543,440,000",2.022E+11,730 492,A01,2,1,0,1,8,1,5,NULL,2.022E+11,988 132,730 492,A01,1,1,1,1,1998,1,8,0,-1,0,0,-1,2.022E+11,4,RUE BOBILLOT,0,NULL,1,2,2,1,-1,-1,1,NULL,-1,1,0,5,30,
2.022E+11,26,10,2022,09:44:00,1,75,75113,2,4,1,6,RUE BOBILLOT,"488,300,980,000","23,543,440,000",2.022E+11,730 492,A01,2,1,0,1,8,1,5,NULL,2.022E+11,988 134,730 492,A01,10,3,4,2,1987,1,0,-1,-1,2,3,1,2.022E+11,4,RUE BOBILLOT,0,NULL,1,2,2,1,-1,-1,1,NULL,-1,1,0,5,30,
2.022E+11,30,3,2022,08:35:00,1,75,75117,2,1,2,7,RUE LEMERCIER,"488,887,520,000","23,199,790,000",2.022E+11,729 772,A01,2,1,0,0,0,1,5,NULL,2.022E+11,987 200,729 772,A01,1,1,4,2,1982,2,2,0,-1,0,0,-1,2.022E+11,4,RUE LEMERCIER,0,NULL,2,2,0,1,-1,-1,1,NULL,-1,2,0,1,30,
2.022E+11,30,3,2022,08:35:00,1,75,75117,2,1,2,7,RUE LEMERCIER,"488,887,520,000","23,199,790,000",2.022E+11,729 772,A01,2,1,0,0,0,1,5,NULL,2.022E+11,987 201,729 772,A01,2,2,4,1,2019,2,3,0,-1,0,0,-1,2.022E+11,4,RUE LEMERCIER,0,NULL,2,2,0,1,-1,-1,1,NULL,-1,2,0,1,30,
2.022E+11,15,8,2022,01:50:00,3,17,17051,2,1,1,6,17 Avenue de la Plage,"461,799,010,000","-13,943,090,000",2.022E+11,728 052,A01,0,1,1,0,8,1,5,NULL,2.022E+11,984 936,728 052,A01,1,1,3,1,2005,5,0,-1,-1,0,0,-1,2.022E+11,4,NULL,0,NULL,1,1,1,1,-1,-1,1,NULL,4,1,0,1,30,
2.022E+11,25,11,2022,18:32:00,5,49,49007,2,1,1,3,BOISNET RUE,"474,741,400,000"," -0,5536500000",2.022E+11,717 485,B01,1,1,0,2,0,23,5,NULL,2.022E+11,970 685,717 478,A01,1,1,1,2,1994,9,8,0,-1,0,0,-1,2.022E+11,4,BOISNET RUE,0,NULL,2,2,0,1,-1,-1,1,NULL,-1,1,0,1,30,
2.022E+11,25,11,2022,18:32:00,5,49,49007,2,1,1,3,BOISNET RUE,"474,741,400,000"," -0,5536500000",2.022E+11,717 485,B01,1,1,0,2,0,23,5,NULL,2.022E+11,970 690,717 485,B01,1,1,4,2,2001,9,8,0,-1,0,0,-1,2.022E+11,4,BOISNET RUE,0,NULL,2,2,0,1,-1,-1,1,NULL,-1,1,0,1,30,
2.022E+11,19,10,2022,10:00:00,1,62,62193,2,6,2,2,Boulevard de la Resistance,"509,599,800,000","18,442,860,000",2.022E+11,716 331,B01,1,1,0,2,1,9,5,NULL,2.022E+11,969 144,716 321,A01,1,1,1,2,1996,1,1,0,-1,-1,-1,-1,2.022E+11,4,RESISTANCE (BOULEVARD DE LA),0,NULL,2,1,1,1,-1,-1,3,NULL,-1,2,5,1,50,
2.022E+11,19,10,2022,10:00:00,1,62,62193,2,6,2,2,Boulevard de la Resistance,"509,599,800,000","18,442,860,000",2.022E+11,716 331,B01,1,1,0,2,1,9,5,NULL,2.022E+11,969 158,716 331,B01,1,1,3,1,1973,5,2,0,-1,-1,-1,-1,2.022E+11,4,RESISTANCE (BOULEVARD DE LA),0,NULL,2,1,1,1,-1,-1,3,NULL,-1,2,5,1,50,
2.022E+11,25,3,2022,21:13:00,5,10,10387,2,1,1,3,KLEBER (RUE),"483,028,400,000","40,838,500,000",2.022E+11,715 688,B01,1,1,0,2,1,26,5,NULL,2.022E+11,968 314,715 686,A01,1,1,1,2,1983,3,1,0,-1,0,0,-1,2.022E+11,4,KLEBER (RUE),0,NULL,2,2,0,1,-1,-1,1,NULL,-1,1,0,1,50,
2.022E+11,25,3,2022,21:13:00,5,10,10387,2,1,1,3,KLEBER (RUE),"483,028,400,000","40,838,500,000",2.022E+11,715 688,B01,1,1,0,2,1,26,5,NULL,2.022E+11,968 316,715 688,B01,1,1,4,1,1983,3,8,0,-1,0,0,-1,2.022E+11,4,KLEBER (RUE),0,NULL,2,2,0,1,-1,-1,1,NULL,-1,1,0,1,50,
2.022E+11,5,8,2022,05:05:00,5,75,75103,2,2,2,3,RUE DE TURBIGO,"488,654,600,000","23,561,180,000",2.022E+11,808 634,A01,1,1,0,2,1,15,5,NULL,2.022E+11,1 092 611,808 633,B01,1,1,1,1,1975,4,1,0,-1,0,0,-1,2.022E+11,4,RUE DE TURBIGO,0,NULL,1,3,3,1,-1,-1,1,NULL,-1,2,0,1,30,
2.022E+11,5,8,2022,05:05:00,5,75,75103,2,2,2,3,RUE DE TURBIGO,"488,654,600,000","23,561,180,000",2.022E+11,808 634,A01,1,1,0,2,1,15,5,NULL,2.022E+11,1 092 612,808 634,A01,1,1,4,1,1975,9,8,0,-1,0,0,-1,2.022E+11,4,RUE DE TURBIGO,0,NULL,1,3,3,1,-1,-1,1,NULL,-1,2,0,1,30,
2.022E+11,24,11,2022,12:50:00,1,75,75114,2,2,1,3,BOULEVARD JOURDAN,"488,222,350,000","23,303,900,000",2.022E+11,808 171,B01,2,1,0,2,1,1,5,NULL,2.022E+11,1 091 986,808 171,B01,1,1,4,1,1962,5,8,0,-1,0,0,-1,2.022E+11,4,BOULEVARD JOURDAN,0,NULL,-1,2,1,1,-1,-1,1,NULL,-1,1,0,1,30,
2.022E+11,24,11,2022,12:50:00,1,75,75114,2,2,1,3,BOULEVARD JOURDAN,"488,222,350,000","23,303,900,000",2.022E+11,808 171,B01,2,1,0,2,1,1,5,NULL,2.022E+11,1 091 988,808 173,A01,1,1,1,1,1971,1,1,0,-1,0,0,-1,2.022E+11,4,BOULEVARD JOURDAN,0,NULL,-1,2,1,1,-1,-1,1,NULL,-1,1,0,1,30,
2.022E+11,24,11,2022,16:00:00,1,75,75104,2,4,1,6,RUE DE RIVOLI,"488,550,740,000","23,616,320,000",2.022E+11,808 145,A01,1,1,12,0,1,1,5,NULL,2.022E+11,1 091 948,808 145,A01,1,1,4,1,1975,5,2,6,-1,0,0,-1,2.022E+11,4,RUE DE RIVOLI,0,NULL,2,4,1,1,-1,-1,1,NULL,-1,1,0,5,30,
2.022E+11,4,5,2022,13:20:00,1,54,54192,1,2,7,3,D112,"485,477,794,433","63,009,703,154",2.022E+11,807 950,A01,1,1,0,2,1,1,5,NULL,2.022E+11,1 091 684,807 950,A01,1,1,3,1,1984,5,2,-1,-1,0,0,-1,2.022E+11,3,112,-1,NULL,2,2,0,2,11,804,1,NULL,-1,1,0,1,80,
2.022E+11,4,5,2022,13:20:00,1,54,54192,1,2,7,3,D112,"485,477,794,433","63,009,703,154",2.022E+11,807 950,A01,1,1,0,2,1,1,5,NULL,2.022E+11,1 091 689,807 954,B01,1,1,1,2,1982,1,1,-1,-1,0,0,-1,2.022E+11,3,112,-1,NULL,2,2,0,2,11,804,1,NULL,-1,1,0,1,80,
2.022E+11,30,4,2022,18:58:00,1,13,13103,2,3,1,3,AVENUE DE LATTRE DE TASSIGNY-RD 17-,"436,500,800,000","50,912,600,000",2.022E+11,803 987,B01,1,1,0,2,8,1,5,NULL,2.022E+11,1 086 414,803 983,A01,1,1,1,1,1962,0,8,0,-1,0,0,-1,2.022E+11,7,AVENUE DE LATTRE DE TASSIGNY-RD 17-,0,NULL,1,3,1,1,0,0,1,NULL,-1,1,9,1,30,
2.022E+11,30,4,2022,18:58:00,1,13,13103,2,3,1,3,AVENUE DE LATTRE DE TASSIGNY-RD 17-,"436,500,800,000","50,912,600,000",2.022E+11,803 987,B01,1,1,0,2,8,1,5,NULL,2.022E+11,1 086 419,803 987,B01,1,1,4,1,1959,5,8,0,-1,0,0,-1,2.022E+11,7,AVENUE DE LATTRE DE TASSIGNY-RD 17-,0,NULL,1,3,1,1,0,0,1,NULL,-1,1,9,1,30,
2.022E+11,12,9,2022,08:50:00,1,49,49328,2,6,1,3,ROND POINT  PONT FOUCHARD,"472,535,000,000"," -0,0854000000",2.022E+11,799 909,B01,2,1,0,2,4,1,5,NULL,2.022E+11,1 081 013,799 909,B01,1,1,4,2,1977,1,8,0,-1,-1,-1,-1,2.022E+11,4,ROND POINT  PONT FOUCHARD,0,NULL,2,2,2,1,0,0,1,NULL,-1,1,2,1,50,
2.022E+11,12,9,2022,08:50:00,1,49,49328,2,6,1,3,ROND POINT  PONT FOUCHARD,"472,535,000,000"," -0,0854000000",2.022E+11,799 909,B01,2,1,0,2,4,1,5,NULL,2.022E+11,1 081 014,799 910,A01,1,1,1,2,1968,1,1,0,-1,-1,-1,-1,2.022E+11,4,ROND POINT  PONT FOUCHARD,0,NULL,2,2,2,1,0,0,1,NULL,-1,1,2,1,50,
2.022E+11,8,2,2022,08:45:00,2,92,92049,2,1,1,7,JAURES AVENUE JEAN N°53 A FIN,"488,144,000,247","23,082,591,891",2.022E+11,798 630,A01,2,1,0,0,0,18,5,NULL,2.022E+11,1 079 349,798 630,A01,1,1,4,1,1966,9,2,8,-1,0,0,-1,2.022E+11,4,NULL,0,NULL,2,2,0,1,0,0,1,NULL,-1,1,0,1,50,
2.022E+11,2,9,2022,12:18:00,1,6,6091,1,1,1,1,3850 Route de la Grave,"437,968,750,000","73,888,930,000",2.022E+11,796 436,A01,2,1,0,2,1,1,5,NULL,2.022E+11,1 076 451,796 435,B01,1,1,1,1,1977,4,1,-1,-1,0,0,-1,2.022E+11,3,53,0,D,2,2,0,2,2,192,2,NULL,-1,1,0,1,80,
2.022E+11,2,9,2022,12:18:00,1,6,6091,1,1,1,1,3850 Route de la Grave,"437,968,750,000","73,888,930,000",2.022E+11,796 436,A01,2,1,0,2,1,1,5,NULL,2.022E+11,1 076 452,796 436,A01,1,1,4,1,1992,5,2,-1,-1,0,0,-1,2.022E+11,3,53,0,D,2,2,0,2,2,192,2,NULL,-1,1,0,1,80,
2.022E+11,18,11,2022,12:30:00,1,59,59360,2,4,1,2,MOCQUET GUY RUE,"506,075,200,000","30,213,800,000",2.022E+11,794 461,B01,3,1,0,2,0,0,5,NULL,2.022E+11,1 073 835,794 461,B01,1,1,4,1,1965,0,8,0,-1,0,0,-1,2.022E+11,7,MOCQUET GUY RUE,0,NULL,2,2,0,1,-1,-1,3,NULL,-1,1,0,1,50,
2.022E+11,18,11,2022,12:30:00,1,59,59360,2,4,1,2,MOCQUET GUY RUE,"506,075,200,000","30,213,800,000",2.022E+11,794 461,B01,3,1,0,2,0,0,5,NULL,2.022E+11,1 073 837,794 464,Z01,1,1,1,-1,NULL,-1,-1,-1,-1,0,0,-1,2.022E+11,7,MOCQUET GUY RUE,0,NULL,2,2,0,1,-1,-1,3,NULL,-1,1,0,1,50,
2.022E+11,10,9,2022,09:30:00,1,64,64237,2,6,1,3,D 802,"432,790,435,022"," -0,3755763173",2.022E+11,793 177,B01,1,1,0,2,4,2,5,NULL,2.022E+11,1 072 156,793 177,B01,1,1,4,1,1969,0,2,0,-1,-1,-1,-1,2.022E+11,3,D 802,0,NULL,2,2,0,1,6,745,3,NULL,-1,1,0,1,50,
2.022E+11,10,9,2022,09:30:00,1,64,64237,2,6,1,3,D 802,"432,790,435,022"," -0,3755763173",2.022E+11,793 177,B01,1,1,0,2,4,2,5,NULL,2.022E+11,1 072 157,793 178,A01,1,1,1,1,1955,0,1,0,-1,-1,-1,-1,2.022E+11,3,D 802,0,NULL,2,2,0,1,6,745,3,NULL,-1,1,0,1,50,
2.022E+11,17,3,2022,00:15:00,3,974,97407,2,1,1,4,ROUTE DU SACRE COEUR,"-209,591,700,000","553,211,000,000",2.022E+11,790 867,B01,1,1,0,2,4,0,5,NULL,2.022E+11,1 068 995,790 865,A01,1,1,1,-1,NULL,-1,-1,-1,-1,0,0,-1,2.022E+11,2,ROUTE DU SACRE COEUR,0,NULL,2,2,1,1,5,350,1,NULL,-1,1,0,1,50,
2.022E+11,17,3,2022,00:15:00,3,974,97407,2,1,1,4,ROUTE DU SACRE COEUR,"-209,591,700,000","553,211,000,000",2.022E+11,790 867,B01,1,1,0,2,4,0,5,NULL,2.022E+11,1 068 997,790 867,B01,1,1,4,1,1978,5,8,0,-1,0,0,-1,2.022E+11,2,ROUTE DU SACRE COEUR,0,NULL,2,2,1,1,5,350,1,NULL,-1,1,0,1,50,
2.022E+11,17,3,2022,00:15:00,3,974,97407,2,1,1,4,ROUTE DU SACRE COEUR,"-209,591,700,000","553,211,000,000",2.022E+11,790 867,B01,1,1,0,2,4,0,5,NULL,2.022E+11,1 068 999,790 869,C01,1,1,1,2,1996,0,1,0,-1,0,0,-1,2.022E+11,2,ROUTE DU SACRE COEUR,0,NULL,2,2,1,1,5,350,1,NULL,-1,1,0,1,50,
2.022E+11,30,5,2022,15:00:00,1,84,84042,1,1,1,1,Route de Vaugines (D56),"437,769,430,000","54,276,000,000",2.022E+11,790 244,B01,3,1,0,2,4,1,5,NULL,2.022E+11,1 068 191,790 244,B01,1,1,3,2,1962,5,2,-1,-1,0,0,-1,2.022E+11,3,56,0,NULL,2,2,0,1,-1,-1,1,NULL,-1,1,0,1,80,
2.022E+11,30,5,2022,15:00:00,1,84,84042,1,1,1,1,Route de Vaugines (D56),"437,769,430,000","54,276,000,000",2.022E+11,790 244,B01,3,1,0,2,4,1,5,NULL,2.022E+11,1 068 194,790 246,A01,1,1,1,1,1967,0,1,-1,-1,0,0,-1,2.022E+11,3,56,0,NULL,2,2,0,1,-1,-1,1,NULL,-1,1,0,1,80,
2.022E+11,30,5,2022,15:00:00,1,84,84042,1,1,1,1,Route de Vaugines (D56),"437,769,430,000","54,276,000,000",2.022E+11,790 244,B01,3,1,0,2,4,1,5,NULL,2.022E+11,1 068 196,790 246,A01,2,2,1,1,1972,0,1,-1,-1,0,0,-1,2.022E+11,3,56,0,NULL,2,2,0,1,-1,-1,1,NULL,-1,1,0,1,80,
2.022E+11,30,7,2022,17:50:00,1,71,71061,1,2,1,7,RD971,"465,639,500,000","50,295,070,000",2.022E+11,787 692,A01,1,1,0,0,9,1,5,NULL,2.022E+11,1 064 780,787 692,A01,1,1,4,1,1989,5,0,-1,-1,0,0,-1,2.022E+11,3,971,-1,NULL,2,2,0,1,1,100,1,NULL,4,1,0,1,90,
2.022E+11,5,10,2022,09:15:00,1,85,85016,2,4,1,3,1 Rue du jaunay,"466,760,457,094","-16,124,160,703",2.022E+11,785 203,B01,1,1,0,2,3,15,5,NULL,2.022E+11,1 061 378,785 202,A01,1,1,1,1,1960,5,1,-1,-1,0,0,-1,2.022E+11,3,42,0,NULL,2,2,0,2,13,100,2,NULL,-1,1,0,1,50,
2.022E+11,5,10,2022,09:15:00,1,85,85016,2,4,1,3,1 Rue du jaunay,"466,760,457,094","-16,124,160,703",2.022E+11,785 203,B01,1,1,0,2,3,15,5,NULL,2.022E+11,1 061 379,785 203,B01,1,1,4,1,1957,5,2,-1,-1,0,0,-1,2.022E+11,3,42,0,NULL,2,2,0,2,13,100,2,NULL,-1,1,0,1,50,
2.022E+11,12,3,2022,15:50:00,1,37,37261,2,1,1,5,COMMERCE (RUE DU),"473,950,700,000","0,6850200000",2.022E+11,783 819,G01,1,1,0,2,4,1,5,NULL,2.022E+11,1 059 575,783 819,G01,1,1,1,1,2006,5,2,4,-1,0,0,-1,2.022E+11,4,COMMERCE (RUE DU),0,NULL,1,1,0,1,-1,-1,1,NULL,-1,1,0,1,30,
2.022E+11,12,3,2022,15:50:00,1,37,37261,2,1,1,5,COMMERCE (RUE DU),"473,950,700,000","0,6850200000",2.022E+11,783 827,F01,1,1,0,2,4,1,5,NULL,2.022E+11,1 059 575,783 819,G01,1,1,1,1,2006,5,2,4,-1,0,0,-1,2.022E+11,4,COMMERCE (RUE DU),0,NULL,1,1,0,1,-1,-1,1,NULL,-1,1,0,1,30,
2.022E+11,12,3,2022,15:50:00,1,37,37261,2,1,1,5,COMMERCE (RUE DU),"473,950,700,000","0,6850200000",2.022E+11,783 819,G01,1,1,0,2,4,1,5,NULL,2.022E+11,1 059 576,783 820,A01,1,1,1,2,1936,5,1,0,-1,-1,-1,-1,2.022E+11,4,COMMERCE (RUE DU),0,NULL,1,1,0,1,-1,-1,1,NULL,-1,1,0,1,30,