Accident_Id,jour,mois,an,hrmn,lum,dep,com,agg,int,atm,col,adr,lat,long,Num_Acc,id_vehicule,num_veh,senc,catv,obs,obsm,choc,manv,motor,occutc,Num_Acc,id_usager,id_vehicule,num_veh,place,catu,grav,sexe,an_nais,trajet,secu1,secu2,secu3,locp,actp,etatp,Num_Acc,catr,voie,v1,v2,circ,nbv,vosp,prof,pr,pr1,plan,lartpc,larrout,surf,infra,situ,vma,
2.022E+11,26,8,2022,08:10:00,1,67,67482,2,1,1,6,PETIT MARAIS (RUE DU),"485,624,000,000","76,947,100,000",2.022E+11,762 029,B01,1,1,0,9,1,1,5,NULL,2.022E+11,1 030 525,762 030,A01,1,1,1,1,1985,5,1,8,-1,-1,-1,-1,2.022E+11,4,PETIT MARAIS (RUE DU),0,NULL,3,3,0,1,-1,-1,1,NULL,-1,1,0,1,50,
2.022E+11,3,10,2022,17:45:00,1,54,54456,1,3,1,1,D70,"486,970,968,530","63,907,653,102",2.022E+11,760 185,B01,3,1,0,2,7,19,5,NULL,2.022E+11,1 028 084,760 185,B01,1,1,4,1,2004,1,0,-1,-1,0,0,-1,2.022E+11,3,70,-1,NULL,2,2,0,2,13,500,1,NULL,-1,1,0,1,70,
2.022E+11,3,10,2022,17:45:00,1,54,54456,1,3,1,1,D70,"486,970,968,530","63,907,653,102",2.022E+11,760 185,B01,3,1,0,2,7,19,5,NULL,2.022E+11,1 028 088,760 186,A01,1,1,1,1,1969,1,1,-1,-1,0,0,-1,2.022E+11,3,70,-1,NULL,2,2,0,2,13,500,1,NULL,-1,1,0,1,70,
2.022E+11,20,7,2022,08:50:00,2,75,75112,2,1,2,2,AVENUE DAUMESNIL,"488,450,160,000","23,800,620,000",2.022E+11,760 061,A01,2,1,0,2,8,1,5,NULL,2.022E+11,1 027 928,760 058,Z01,1,1,1,-1,NULL,-1,-1,-1,-1,-1,-1,-1,2.022E+11,4,AVENUE DAUMESNIL,0,NULL,1,4,1,1,-1,-1,1,NULL,-1,2,-1,5,30,
2.022E+11,20,7,2022,08:50:00,2,75,75112,2,1,2,2,AVENUE DAUMESNIL,"488,450,160,000","23,800,620,000",2.022E+11,760 061,A01,2,1,0,2,8,1,5,NULL,2.022E+11,1 027 931,760 061,A01,1,1,4,2,1962,1,8,0,-1,0,0,-1,2.022E+11,4,AVENUE DAUMESNIL,0,NULL,1,4,1,1,-1,-1,1,NULL,-1,2,-1,5,30,
2.022E+11,10,12,2022,16:20:00,1,33,33063,2,1,1,3,Boulevard Maréchal Leclerc,"448,304,354,957"," -0,5968183279",2.022E+11,759 540,B01,3,1,0,2,7,19,5,NULL,2.022E+11,1 027 266,759 538,A01,1,1,4,1,1975,5,2,6,-1,0,0,-1,2.022E+11,4,BD MARECHAL LECLERC,0,NULL,3,4,3,1,-1,-1,1,NULL,-1,1,0,1,50,
2.022E+11,10,12,2022,16:20:00,1,33,33063,2,1,1,3,Boulevard Maréchal Leclerc,"448,304,354,957"," -0,5968183279",2.022E+11,759 540,B01,3,1,0,2,7,19,5,NULL,2.022E+11,1 027 268,759 540,B01,1,1,4,2,2000,5,0,-1,-1,0,0,-1,2.022E+11,4,BD MARECHAL LECLERC,0,NULL,3,4,3,1,-1,-1,1,NULL,-1,1,0,1,50,
2.022E+11,25,8,2022,15:45:00,1,71,71475,2,1,1,3,LYON (ROUTE DE ),"467,633,000,000","48,425,000,000",2.022E+11,751 805,B01,2,1,0,2,8,1,5,NULL,2.022E+11,1 016 749,751 803,A01,1,1,1,1,1994,0,1,8,-1,0,0,-1,2.022E+11,3,LYON (ROUTE DE ),0,NULL,2,2,2,1,-1,-1,1,NULL,-1,1,0,1,50,
2.022E+11,25,8,2022,15:45:00,1,71,71475,2,1,1,3,LYON (ROUTE DE ),"467,633,000,000","48,425,000,000",2.022E+11,751 805,B01,2,1,0,2,8,1,5,NULL,2.022E+11,1 016 752,751 805,B01,1,1,3,1,1949,5,8,0,-1,0,0,-1,2.022E+11,3,LYON (ROUTE DE ),0,NULL,2,2,2,1,-1,-1,1,NULL,-1,1,0,1,50,
2.022E+11,16,6,2022,18:25:00,1,75,75115,2,3,7,6,RUE LECOURBE,"488,443,990,000","23,087,550,000",2.022E+11,750 957,Z01,1,1,0,1,1,1,5,NULL,2.022E+11,1 015 611,750 957,Z01,1,1,1,1,2002,-1,8,0,-1,-1,-1,-1,2.022E+11,4,RUE LECOURBE,0,NULL,2,3,1,1,-1,-1,1,NULL,-1,1,-1,5,30,
2.022E+11,16,6,2022,18:25:00,1,75,75115,2,3,7,6,RUE LECOURBE,"488,443,990,000","23,087,550,000",2.022E+11,750 957,Z01,1,1,0,1,1,1,5,NULL,2.022E+11,1 015 613,750 957,Z01,10,3,4,2,1979,9,8,8,-1,3,3,1,2.022E+11,4,RUE LECOURBE,0,NULL,2,3,1,1,-1,-1,1,NULL,-1,1,-1,5,30,
2.022E+11,24,8,2022,08:20:00,1,75,75104,2,3,1,6,RUE DE RIVOLI,"488,554,650,000","23,600,810,000",2.022E+11,748 218,A01,1,1,12,0,7,12,5,NULL,2.022E+11,1 011 971,748 218,A01,1,1,4,2,1961,1,8,0,-1,0,0,-1,2.022E+11,4,RUE DE RIVOLI,0,NULL,1,3,1,1,-1,-1,1,NULL,-1,1,-1,5,30,
2.022E+11,20,8,2022,18:05:00,1,4,4006,1,9,1,3,Route du Seignus d'Allos (Pont),"442,441,690,000","66,151,640,000",2.022E+11,738 413,A01,0,1,0,2,1,26,5,NULL,2.022E+11,998 696,738 412,B01,2,2,1,2,1968,1,1,-1,-1,0,0,-1,2.022E+11,4,26,0,R,3,2,0,1,0,31,1,NULL,-1,1,0,1,80,
2.022E+11,20,8,2022,18:05:00,1,4,4006,1,9,1,3,Route du Seignus d'Allos (Pont),"442,441,690,000","66,151,640,000",2.022E+11,738 413,A01,0,1,0,2,1,26,5,NULL,2.022E+11,998 699,738 412,B01,1,1,1,1,1967,1,1,-1,-1,0,0,-1,2.022E+11,4,26,0,R,3,2,0,1,0,31,1,NULL,-1,1,0,1,80,
2.022E+11,20,8,2022,18:05:00,1,4,4006,1,9,1,3,Route du Seignus d'Allos (Pont),"442,441,690,000","66,151,640,000",2.022E+11,738 413,A01,0,1,0,2,1,26,5,NULL,2.022E+11,998 700,738 413,A01,1,1,3,1,2007,5,0,-1,-1,0,0,-1,2.022E+11,4,26,0,R,3,2,0,1,0,31,1,NULL,-1,1,0,1,80,
2.022E+11,22,2,2022,15:20:00,1,75,75116,2,1,1,3,BOULEVARD EXELMANS,"488,448,829,836","22,585,433,722",2.022E+11,737 756,A01,2,1,0,2,7,17,5,NULL,2.022E+11,997 810,737 756,A01,1,1,4,1,1971,9,2,8,-1,0,0,-1,2.022E+11,4,BOULEVARD EXELMANS,0,NULL,3,3,1,1,-1,-1,1,NULL,-1,1,-1,5,30,
2.022E+11,22,2,2022,15:20:00,1,75,75116,2,1,1,3,BOULEVARD EXELMANS,"488,448,829,836","22,585,433,722",2.022E+11,737 756,A01,2,1,0,2,7,17,5,NULL,2.022E+11,997 815,737 758,Z01,1,1,1,-1,NULL,-1,-1,-1,-1,0,0,-1,2.022E+11,4,BOULEVARD EXELMANS,0,NULL,3,3,1,1,-1,-1,1,NULL,-1,1,-1,5,30,
2.022E+11,11,6,2022,12:50:00,1,74,74219,1,1,1,7,D41,"458,201,860,000","61,030,770,000",2.022E+11,733 788,A01,2,1,0,0,0,1,5,NULL,2.022E+11,992 460,733 788,A01,1,1,4,1,1972,5,2,-1,-1,0,0,-1,2.022E+11,3,41,0,D,2,2,0,2,13,200,1,NULL,-1,1,0,1,80,
2.022E+11,22,9,2022,16:05:00,1,974,97407,2,9,1,3,ROND POINT ROSE DES VENTS,"-209,400,100,000","553,077,400,000",2.022E+11,732 188,B01,0,1,0,0,7,2,5,NULL,2.022E+11,990 405,732 188,B01,1,1,1,1,1983,0,0,-1,-1,0,0,-1,2.022E+11,4,ROND POINT ROSE DES VENTS,0,NULL,1,2,0,1,0,0,2,NULL,-1,1,9,1,50,
2.022E+11,22,9,2022,16:05:00,1,974,97407,2,9,1,3,ROND POINT ROSE DES VENTS,"-209,400,100,000","553,077,400,000",2.022E+11,732 188,B01,0,1,0,0,7,2,5,NULL,2.022E+11,990 408,732 190,Z01,1,1,4,1,1983,1,1,0,-1,0,0,-1,2.022E+11,4,ROND POINT ROSE DES VENTS,0,NULL,1,2,0,1,0,0,2,NULL,-1,1,9,1,50,
2.022E+11,26,10,2022,09:10:00,1,92,92040,2,1,1,6,MICHELET,"488,276,680,000","22,823,600,000",2.022E+11,729 982,A01,1,1,12,0,1,16,5,NULL,2.022E+11,987 471,729 982,A01,1,1,3,1,1962,1,8,0,-1,0,0,-1,2.022E+11,4,NULL,0,NULL,1,1,0,2,0,0,3,NULL,-1,1,0,1,30,
2.022E+11,30,3,2022,06:20:00,5,67,67482,2,3,2,3,NEUHOF (ROUTE),"485,461,900,000","77,655,000,000",2.022E+11,729 929,A01,1,1,0,2,1,1,5,NULL,2.022E+11,987 409,729 929,A01,1,1,4,1,1995,0,8,0,-1,-1,-1,-1,2.022E+11,4,NEUHOF (ROUTE),0,NULL,2,4,0,1,-1,-1,1,NULL,-1,2,0,1,50,
2.022E+11,30,3,2022,06:20:00,5,67,67482,2,3,2,3,NEUHOF (ROUTE),"485,461,900,000","77,655,000,000",2.022E+11,729 929,A01,1,1,0,2,1,1,5,NULL,2.022E+11,987 411,729 931,Z01,1,1,1,2,1965,0,1,8,-1,-1,-1,-1,2.022E+11,4,NEUHOF (ROUTE),0,NULL,2,4,0,1,-1,-1,1,NULL,-1,2,0,1,50,
2.022E+11,8,1,2022,17:10:00,2,35,35115,2,6,2,3,Boulevard de Groslay,"483,526,100,000","-11,859,700,000",2.022E+11,729 240,B01,3,1,0,2,7,1,5,NULL,2.022E+11,986 490,729 240,B01,1,1,4,1,2000,5,2,-1,-1,0,0,-1,2.022E+11,4,GROSLAY (BD DE DU N°25 AU 43),0,NULL,1,2,0,2,-1,-1,1,NULL,-1,2,9,1,50,
2.022E+11,8,1,2022,17:10:00,2,35,35115,2,6,2,3,Boulevard de Groslay,"483,526,100,000","-11,859,700,000",2.022E+11,729 240,B01,3,1,0,2,7,1,5,NULL,2.022E+11,986 491,729 241,A01,1,1,1,2,2000,3,1,0,-1,0,0,-1,2.022E+11,4,GROSLAY (BD DE DU N°25 AU 43),0,NULL,1,2,0,2,-1,-1,1,NULL,-1,2,9,1,50,
2.022E+11,8,7,2022,19:35:00,1,27,27701,1,3,1,3,CHAUSSE DU VEXIN,"492,563,300,000","11,893,800,000",2.022E+11,728 072,A01,2,1,0,2,3,1,5,NULL,2.022E+11,984 955,728 064,B01,1,1,1,1,2001,0,1,8,-1,0,0,-1,2.022E+11,3,CHAUSSE DU VEXIN,0,NULL,2,2,1,2,44,720,1,NULL,-1,1,0,1,50,
2.022E+11,8,7,2022,19:35:00,1,27,27701,1,3,1,3,CHAUSSE DU VEXIN,"492,563,300,000","11,893,800,000",2.022E+11,728 072,A01,2,1,0,2,3,1,5,NULL,2.022E+11,984 963,728 072,A01,1,1,4,1,1997,5,8,0,-1,0,0,-1,2.022E+11,3,CHAUSSE DU VEXIN,0,NULL,2,2,1,2,44,720,1,NULL,-1,1,0,1,50,
2.022E+11,28,11,2022,16:00:00,2,54,54547,2,1,2,2,LECLERC (AVENUE DU GENERAL),"486,596,600,000","61,598,000,000",2.022E+11,727 684,B01,1,1,0,2,1,1,5,NULL,2.022E+11,984 441,727 681,A01,1,1,1,2,2003,0,1,0,-1,0,0,-1,2.022E+11,4,LECLERC (AVENUE DU GENERAL),0,NULL,2,2,0,2,-1,-1,1,NULL,-1,2,0,1,50,
2.022E+11,28,11,2022,16:00:00,2,54,54547,2,1,2,2,LECLERC (AVENUE DU GENERAL),"486,596,600,000","61,598,000,000",2.022E+11,727 684,B01,1,1,0,2,1,1,5,NULL,2.022E+11,984 446,727 684,B01,1,1,4,2,1968,0,2,4,-1,0,0,-1,2.022E+11,4,LECLERC (AVENUE DU GENERAL),0,NULL,2,2,0,2,-1,-1,1,NULL,-1,2,0,1,50,
2.022E+11,21,9,2022,17:42:00,1,44,44109,2,1,1,1,11 Boulevard Gaston Doumergue,"472,080,850,000","-15,451,300,000",2.022E+11,725 709,B01,1,1,0,2,8,9,5,NULL,2.022E+11,981 867,725 709,B01,1,1,3,1,1976,0,2,8,-1,0,0,-1,2.022E+11,4,BOULEVARD GASTON DOUMERGUE,0,NULL,2,2,1,1,-1,-1,1,NULL,-1,1,0,1,30,
2.022E+11,21,9,2022,17:42:00,1,44,44109,2,1,1,1,11 Boulevard Gaston Doumergue,"472,080,850,000","-15,451,300,000",2.022E+11,725 709,B01,1,1,0,2,8,9,5,NULL,2.022E+11,981 869,725 711,A01,1,1,1,2,1974,0,1,8,-1,0,0,-1,2.022E+11,4,BOULEVARD GASTON DOUMERGUE,0,NULL,2,2,1,1,-1,-1,1,NULL,-1,1,0,1,30,
2.022E+11,20,9,2022,12:30:00,1,92,92051,2,9,1,3,"ACHILLE PERETTI (AVENUE, N° 90 A 96 ET 9","488,840,333,047","22,708,504,199",2.022E+11,725 032,B01,0,1,0,2,1,2,5,NULL,2.022E+11,980 991,725 029,A01,1,1,1,1,1978,1,1,0,-1,0,0,-1,2.022E+11,4,NULL,0,NULL,2,2,1,1,0,0,1,NULL,-1,1,0,5,50,
2.022E+11,20,9,2022,12:30:00,1,92,92051,2,9,1,3,"ACHILLE PERETTI (AVENUE, N° 90 A 96 ET 9","488,840,333,047","22,708,504,199",2.022E+11,725 032,B01,0,1,0,2,1,2,5,NULL,2.022E+11,980 996,725 032,B01,1,1,4,1,1990,0,8,0,-1,0,0,-1,2.022E+11,4,NULL,0,NULL,2,2,1,1,0,0,1,NULL,-1,1,0,5,50,
2.022E+11,6,1,2022,06:20:00,5,13,13004,2,1,1,1,AV STALINGRAD,"436,854,500,000","46,341,800,000",2.022E+11,722 815,B01,2,1,0,2,1,1,5,NULL,2.022E+11,978 055,722 815,B01,1,1,1,1,1975,0,8,0,-1,-1,-1,-1,2.022E+11,4,AV STALINGRAD,0,NULL,3,2,0,1,0,0,1,NULL,-1,1,0,1,50,
2.022E+11,6,1,2022,06:20:00,5,13,13004,2,1,1,1,AV STALINGRAD,"436,854,500,000","46,341,800,000",2.022E+11,722 815,B01,2,1,0,2,1,1,5,NULL,2.022E+11,978 056,722 815,B01,2,2,4,2,1979,1,8,0,-1,-1,-1,-1,2.022E+11,4,AV STALINGRAD,0,NULL,3,2,0,1,0,0,1,NULL,-1,1,0,1,50,
2.022E+11,8,6,2022,15:57:00,1,34,34157,2,1,1,1,Rue Édouard et Juliette Massal,"434,257,500,000","36,001,790,000",2.022E+11,720 919,A01,3,1,0,2,4,9,5,NULL,2.022E+11,975 455,720 914,B01,1,1,1,2,1971,0,1,-1,-1,0,0,-1,2.022E+11,4,NULL,0,NULL,2,2,0,1,-1,-1,1,NULL,4,1,0,1,50,
2.022E+11,8,6,2022,15:57:00,1,34,34157,2,1,1,1,Rue Édouard et Juliette Massal,"434,257,500,000","36,001,790,000",2.022E+11,720 919,A01,3,1,0,2,4,9,5,NULL,2.022E+11,975 461,720 919,A01,1,1,4,1,2007,0,0,-1,-1,0,0,-1,2.022E+11,4,NULL,0,NULL,2,2,0,1,-1,-1,1,NULL,4,1,0,1,50,
2.022E+11,6,5,2022,18:42:00,2,75,75106,2,2,1,3,QUAI DE CONTI,"488,561,710,000","23,403,130,000",2.022E+11,720 850,B01,1,1,0,2,4,1,5,NULL,2.022E+11,975 362,720 841,A01,1,1,1,2,2000,1,1,0,-1,0,0,-1,2.022E+11,4,QUAI DE CONTI,0,NULL,1,2,0,1,-1,-1,1,NULL,-1,1,0,1,30,
2.022E+11,6,5,2022,18:42:00,2,75,75106,2,2,1,3,QUAI DE CONTI,"488,561,710,000","23,403,130,000",2.022E+11,720 850,B01,1,1,0,2,4,1,5,NULL,2.022E+11,975 372,720 850,B01,1,1,4,1,1996,2,8,0,-1,0,0,-1,2.022E+11,4,QUAI DE CONTI,0,NULL,1,2,0,1,-1,-1,1,NULL,-1,1,0,1,30,
2.022E+11,22,3,2022,17:30:00,1,93,93032,2,1,1,1,"JULES GUESDES  (RUE, DU 2 AU 96 ET DE 1","488,774,800,000","25,489,400,000",2.022E+11,718 188,B01,3,1,0,2,1,5,5,NULL,2.022E+11,971 677,718 186,A01,1,1,1,1,1994,1,1,8,-1,-1,-1,-1,2.022E+11,3,"JULES GUESDES  (RUE, DU 2 AU 96 ET DE 1",0,NULL,3,2,0,1,1,0,1,NULL,-1,1,2,1,50,
2.022E+11,22,3,2022,17:30:00,1,93,93032,2,1,1,1,"JULES GUESDES  (RUE, DU 2 AU 96 ET DE 1","488,774,800,000","25,489,400,000",2.022E+11,718 188,B01,3,1,0,2,1,5,5,NULL,2.022E+11,971 681,718 188,B01,1,1,4,1,2004,1,8,0,-1,-1,-1,-1,2.022E+11,3,"JULES GUESDES  (RUE, DU 2 AU 96 ET DE 1",0,NULL,3,2,0,1,1,0,1,NULL,-1,1,2,1,50,
2.022E+11,9,8,2022,17:00:00,2,987,98714,1,1,1,3,vaitape,"-163,880,000,000","-1,517,650,000,000",2.022E+11,716 948,B01,1,1,0,2,8,1,5,NULL,2.022E+11,969 978,716 948,B01,1,1,3,1,2009,5,0,-1,-1,0,0,-1,2.022E+11,2,101,0,NULL,2,2,0,1,5,500,1,NULL,-1,1,0,1,60,
2.022E+11,9,8,2022,17:00:00,2,987,98714,1,1,1,3,vaitape,"-163,880,000,000","-1,517,650,000,000",2.022E+11,716 948,B01,1,1,0,2,8,1,5,NULL,2.022E+11,969 985,716 955,A01,1,1,1,1,1952,4,1,-1,-1,0,0,-1,2.022E+11,2,101,0,NULL,2,2,0,1,5,500,1,NULL,-1,1,0,1,60,
2.022E+11,1,1,2022,16:30:00,1,75,75104,2,3,1,7,RUE DE LA CITE,"488,556,440,000","23,483,250,000",2.022E+11,715 924,A01,3,1,0,0,1,2,5,NULL,2.022E+11,968 624,715 924,A01,1,1,4,1,2001,5,8,0,-1,0,0,-1,2.022E+11,4,RUE DE LA CITE,0,NULL,1,3,1,1,-1,-1,1,NULL,-1,1,-1,5,30,
2.022E+11,2,7,2022,09:45:00,1,75,75116,2,1,1,2,ROUTE DE SEVRES A NEUILLY,"488,572,280,000","22,374,120,000",2.022E+11,805 871,A01,3,1,0,2,1,1,5,NULL,2.022E+11,1 088 906,805 870,B01,1,1,1,1,1974,4,8,0,-1,0,0,-1,2.022E+11,4,ROUTE DE SEVRES A NEUILLY,0,NULL,-1,0,1,1,-1,-1,1,NULL,-1,1,0,5,30,
2.022E+11,2,7,2022,09:45:00,1,75,75116,2,1,1,2,ROUTE DE SEVRES A NEUILLY,"488,572,280,000","22,374,120,000",2.022E+11,805 871,A01,3,1,0,2,1,1,5,NULL,2.022E+11,1 088 907,805 871,A01,1,1,4,1,1948,5,2,0,-1,0,0,-1,2.022E+11,4,ROUTE DE SEVRES A NEUILLY,0,NULL,-1,0,1,1,-1,-1,1,NULL,-1,1,0,5,30,
2.022E+11,1,6,2022,12:00:00,1,17,17333,2,3,1,3,Boulevard de Lattre de Tassigny,"456,072,096,462","-10,068,776,831",2.022E+11,804 836,B01,1,1,0,2,0,0,5,NULL,2.022E+11,1 087 529,804 836,B01,1,1,4,1,1947,5,2,0,-1,-1,-1,-1,2.022E+11,3,CORNICHE (BOULEVARD DE LA),0,NULL,2,2,1,2,1,50,1,NULL,-1,1,5,5,50,
2.022E+11,1,6,2022,12:00:00,1,17,17333,2,3,1,3,Boulevard de Lattre de Tassigny,"456,072,096,462","-10,068,776,831",2.022E+11,804 836,B01,1,1,0,2,0,0,5,NULL,2.022E+11,1 087 532,804 838,A01,1,1,1,2,1948,5,1,0,-1,-1,-1,-1,2.022E+11,3,CORNICHE (BOULEVARD DE LA),0,NULL,2,2,1,2,1,50,1,NULL,-1,1,5,5,50,
2.022E+11,17,5,2022,19:35:00,1,69,69383,2,1,1,2,Rue Maurice Flandin,"457,557,362,978","48,625,327,632",2.022E+11,803 119,A01,3,1,0,2,4,17,5,NULL,2.022E+11,1 085 222,803 119,A01,1,1,3,2,1987,0,8,-1,-1,-1,-1,-1,2.022E+11,4,MAURICE FLANDIN                     (R ),0,NULL,1,1,2,1,-1,-1,1,NULL,-1,1,0,5,30,
2.022E+11,17,5,2022,19:35:00,1,69,69383,2,1,1,2,Rue Maurice Flandin,"457,557,362,978","48,625,327,632",2.022E+11,803 119,A01,3,1,0,2,4,17,5,NULL,2.022E+11,1 085 223,803 120,B01,1,1,4,1,1979,0,8,-1,-1,-1,-1,-1,2.022E+11,4,MAURICE FLANDIN                     (R ),0,NULL,1,1,2,1,-1,-1,1,NULL,-1,1,0,5,30,
2.022E+11,10,2,2022,18:16:00,5,75,75104,2,2,3,6,RUE DE RIVOLI,"488,562,850,000","23,566,020,000",2.022E+11,802 316,Z01,1,1,0,1,1,1,5,NULL,2.022E+11,1 084 173,802 316,Z01,10,3,3,2,1961,5,8,8,-1,4,3,1,2.022E+11,4,RUE DE RIVOLI,0,NULL,1,3,1,1,-1,-1,1,NULL,-1,2,0,5,30,
2.022E+11,10,2,2022,18:16:00,5,75,75104,2,2,3,6,RUE DE RIVOLI,"488,562,850,000","23,566,020,000",2.022E+11,802 316,Z01,1,1,0,1,1,1,5,NULL,2.022E+11,1 084 174,802 316,Z01,1,1,1,-1,NULL,-1,-1,-1,-1,0,0,-1,2.022E+11,4,RUE DE RIVOLI,0,NULL,1,3,1,1,-1,-1,1,NULL,-1,2,0,5,30,
2.022E+11,16,5,2022,17:15:00,1,71,71340,2,4,1,1,route de Genelard,"465,626,520,000","42,250,370,000",2.022E+11,800 624,B01,1,1,0,2,1,1,5,NULL,2.022E+11,1 081 956,800 624,B01,1,1,3,1,1967,5,0,-1,-1,0,0,-1,2.022E+11,3,128,-1,NULL,2,2,0,1,1,130,3,NULL,4,1,0,1,70,
2.022E+11,16,5,2022,17:15:00,1,71,71340,2,4,1,1,route de Genelard,"465,626,520,000","42,250,370,000",2.022E+11,800 624,B01,1,1,0,2,1,1,5,NULL,2.022E+11,1 081 959,800 627,A01,1,1,1,1,1995,1,1,-1,-1,0,0,-1,2.022E+11,3,128,-1,NULL,2,2,0,1,1,130,3,NULL,4,1,0,1,70,
2.022E+11,1,6,2022,08:05:00,1,30,30243,1,1,1,3,D24,"440,697,482,328","40,705,277,324",2.022E+11,800 261,B01,2,1,0,0,3,15,5,NULL,2.022E+11,1 081 464,800 259,A01,1,1,1,1,1989,4,1,-1,-1,0,0,-1,2.022E+11,3,24,0,R,2,2,0,1,18,78,1,NULL,-1,1,0,1,80,
2.022E+11,1,6,2022,08:05:00,1,30,30243,1,1,1,3,D24,"440,697,482,328","40,705,277,324",2.022E+11,800 261,B01,2,1,0,0,3,15,5,NULL,2.022E+11,1 081 466,800 261,B01,1,1,3,2,1989,5,2,9,-1,0,0,-1,2.022E+11,3,24,0,R,2,2,0,1,18,78,1,NULL,-1,1,0,1,80,
2.022E+11,2,7,2022,12:30:00,1,14,14754,2,1,1,2,D118,"493,212,280,742","0,0151705742",2.022E+11,799 026,B01,1,1,0,2,1,2,5,NULL,2.022E+11,1 079 872,799 025,A01,1,1,1,2,1954,5,1,-1,-1,0,0,-1,2.022E+11,3,118,-1,NULL,2,2,0,2,14,456,1,NULL,-1,1,0,1,50,
2.022E+11,2,7,2022,12:30:00,1,14,14754,2,1,1,2,D118,"493,212,280,742","0,0151705742",2.022E+11,799 026,B01,1,1,0,2,1,2,5,NULL,2.022E+11,1 079 873,799 026,B01,1,1,4,2,1995,5,2,-1,-1,0,0,-1,2.022E+11,3,118,-1,NULL,2,2,0,2,14,456,1,NULL,-1,1,0,1,50,
2.022E+11,25,4,2022,17:50:00,1,30,30007,2,9,1,3,LECLERC (PLACE GENERAL),"441,254,700,000","40,794,100,000",2.022E+11,798 025,B01,2,1,0,2,4,1,5,NULL,2.022E+11,1 078 584,798 024,A01,1,1,1,2,1943,9,1,5,-1,-1,-1,-1,2.022E+11,4,LECLERC (PLACE GENERAL),0,NULL,1,1,0,1,0,0,3,NULL,-1,1,9,1,30,
2.022E+11,25,4,2022,17:50:00,1,30,30007,2,9,1,3,LECLERC (PLACE GENERAL),"441,254,700,000","40,794,100,000",2.022E+11,798 025,B01,2,1,0,2,4,1,5,NULL,2.022E+11,1 078 585,798 025,B01,1,1,4,2,2007,5,2,4,-1,-1,-1,-1,2.022E+11,4,LECLERC (PLACE GENERAL),0,NULL,1,1,0,1,0,0,3,NULL,-1,1,9,1,30,
2.022E+11,29,6,2022,09:20:00,1,62,62193,2,6,1,3,NORVEGE (PLACE DE),"509,568,540,000","18,574,120,000",2.022E+11,795 767,B01,1,1,0,2,8,1,5,NULL,2.022E+11,1 075 543,795 767,B01,1,1,3,1,1955,1,8,8,-1,-1,-1,-1,2.022E+11,4,NORVEGE (PLACE DE),0,NULL,1,2,0,1,-1,-1,1,NULL,-1,1,0,1,50,
2.022E+11,29,6,2022,09:20:00,1,62,62193,2,6,1,3,NORVEGE (PLACE DE),"509,568,540,000","18,574,120,000",2.022E+11,795 767,B01,1,1,0,2,8,1,5,NULL,2.022E+11,1 075 546,795 770,A01,1,1,1,2,1973,9,1,0,-1,-1,-1,-1,2.022E+11,4,NORVEGE (PLACE DE),0,NULL,1,2,0,1,-1,-1,1,NULL,-1,1,0,1,50,
2.022E+11,31,7,2022,22:40:00,5,987,98735,2,1,1,3,FARE UTE,"-175,306,520,000","-1,495,681,500,000",2.022E+11,795 099,A01,3,1,12,2,7,2,5,NULL,2.022E+11,1 074 680,795 098,B01,1,1,4,1,1983,5,1,0,-1,-1,-1,-1,2.022E+11,9,FARE UTE,0,NULL,2,2,0,1,0,0,1,NULL,-1,1,0,1,50,
2.022E+11,31,7,2022,22:40:00,5,987,98735,2,1,1,3,FARE UTE,"-175,306,520,000","-1,495,681,500,000",2.022E+11,795 099,A01,3,1,12,2,7,2,5,NULL,2.022E+11,1 074 681,795 099,A01,1,1,4,1,1985,1,8,0,-1,-1,-1,-1,2.022E+11,9,FARE UTE,0,NULL,2,2,0,1,0,0,1,NULL,-1,1,0,1,50,
2.022E+11,2,8,2022,08:00:00,1,5,5065,2,6,1,3,rond point du serre,"446,579,390,000","66,449,370,000",2.022E+11,794 884,B01,2,1,0,2,1,2,5,NULL,2.022E+11,1 074 403,794 883,A01,1,1,1,2,1975,3,1,-1,-1,0,0,-1,2.022E+11,3,D902,0,A,4,1,0,1,0,867,2,NULL,-1,1,5,1,50,
2.022E+11,2,8,2022,08:00:00,1,5,5065,2,6,1,3,rond point du serre,"446,579,390,000","66,449,370,000",2.022E+11,794 884,B01,2,1,0,2,1,2,5,NULL,2.022E+11,1 074 404,794 884,B01,1,1,3,1,1977,5,2,-1,-1,0,0,-1,2.022E+11,3,D902,0,A,4,1,0,1,0,867,2,NULL,-1,1,5,1,50,
2.022E+11,11,9,2022,09:30:00,1,90,90093,2,1,1,7,10 Rue de la Pouchotte,"476,888,940,000","68,308,030,000",2.022E+11,792 912,A01,0,1,0,0,0,0,5,NULL,2.022E+11,1 071 813,792 912,A01,1,1,3,1,1961,0,2,-1,-1,0,0,-1,2.022E+11,4,NULL,-1,NULL,2,2,0,1,-1,-1,1,NULL,4,3,0,1,50,
2.022E+11,15,3,2022,12:45:00,1,92,92024,2,2,1,3,GEORGES BOISSEAU (RUE),"489,035,731,496","23,175,490,200",2.022E+11,790 576,B01,1,1,0,2,8,19,5,NULL,2.022E+11,1 068 625,790 576,B01,1,1,4,1,1984,0,8,0,-1,0,0,-1,2.022E+11,4,GEORGES BOISSEAU (RUE),0,NULL,2,2,3,1,0,0,1,NULL,-1,1,5,1,30,