Accident_Id,jour,mois,an,hrmn,lum,dep,com,agg,int,atm,col,adr,lat,long,Num_Acc,id_vehicule,num_veh,senc,catv,obs,obsm,choc,manv,motor,occutc,Num_Acc,id_usager,id_vehicule,num_veh,place,catu,grav,sexe,an_nais,trajet,secu1,secu2,secu3,locp,actp,etatp,Num_Acc,catr,voie,v1,v2,circ,nbv,vosp,prof,pr,pr1,plan,lartpc,larrout,surf,infra,situ,vma,
2.022E+11,4,6,2022,03:00:00,5,33,33063,2,2,1,3,Cours d’Alsace et Lorraine,"448,375,500,000"," -0,5737900000",2.022E+11,807 167,B01,2,1,0,2,1,1,5,NULL,2.022E+11,1 090 631,807 165,A01,1,1,1,1,2003,5,1,-1,-1,-1,-1,-1,2.022E+11,4,CRS D'ALSACE ET LORRAINE,0,NULL,1,1,3,1,-1,-1,1,NULL,-1,1,0,1,30,
2.022E+11,4,6,2022,03:00:00,5,33,33063,2,2,1,3,Cours d’Alsace et Lorraine,"448,375,500,000"," -0,5737900000",2.022E+11,807 167,B01,2,1,0,2,1,1,5,NULL,2.022E+11,1 090 633,807 167,B01,1,1,4,1,1991,5,8,-1,-1,-1,-1,-1,2.022E+11,4,CRS D'ALSACE ET LORRAINE,0,NULL,1,1,3,1,-1,-1,1,NULL,-1,1,0,1,30,
2.022E+11,27,12,2022,08:10:00,1,974,97407,1,6,1,3,ROND POINT ROSE DES VENTS,"-209,400,900,000","553,069,100,000",2.022E+11,797 936,B01,1,1,0,2,0,0,5,NULL,2.022E+11,1 078 450,797 931,A01,1,1,1,1,1934,9,1,0,-1,-1,-1,-1,2.022E+11,4,ROND POINT ROSE DES VENTS,0,NULL,1,2,0,1,0,0,3,NULL,-1,1,0,1,30,
2.022E+11,27,12,2022,08:10:00,1,974,97407,1,6,1,3,ROND POINT ROSE DES VENTS,"-209,400,900,000","553,069,100,000",2.022E+11,797 936,B01,1,1,0,2,0,0,5,NULL,2.022E+11,1 078 456,797 936,B01,1,1,4,1,1977,5,2,0,-1,-1,-1,-1,2.022E+11,4,ROND POINT ROSE DES VENTS,0,NULL,1,2,0,1,0,0,3,NULL,-1,1,0,1,30,
2.022E+11,3,8,2022,11:30:00,1,65,65329,1,1,1,7,vallée de nistos,"430,031,490,000","0,4644170000",2.022E+11,795 207,A01,1,1,0,0,0,1,5,NULL,2.022E+11,1 074 824,795 207,A01,1,1,3,1,2001,5,2,-1,-1,0,0,-1,2.022E+11,3,d75,0,D,2,2,0,4,2,209,3,NULL,-1,9,0,1,80,
2.022E+11,26,6,2022,09:10:00,1,62,62510,2,3,1,3,LECLERC (AV DU MARECHAL),"504,224,200,000","27,757,700,000",2.022E+11,795 046,B01,2,1,0,2,1,1,5,NULL,2.022E+11,1 074 613,795 046,B01,1,1,3,1,1943,5,0,0,-1,0,0,-1,2.022E+11,3,LECLERC (AV DU MARECHAL),0,NULL,1,2,0,1,17,110,1,NULL,-1,1,0,1,50,
2.022E+11,26,6,2022,09:10:00,1,62,62510,2,3,1,3,LECLERC (AV DU MARECHAL),"504,224,200,000","27,757,700,000",2.022E+11,795 046,B01,2,1,0,2,1,1,5,NULL,2.022E+11,1 074 614,795 047,A01,1,1,1,1,1979,5,1,0,-1,-1,-1,-1,2.022E+11,3,LECLERC (AV DU MARECHAL),0,NULL,1,2,0,1,17,110,1,NULL,-1,1,0,1,50,
2.022E+11,26,6,2022,09:10:00,1,62,62510,2,3,1,3,LECLERC (AV DU MARECHAL),"504,224,200,000","27,757,700,000",2.022E+11,795 046,B01,2,1,0,2,1,1,5,NULL,2.022E+11,1 074 615,795 047,A01,2,2,1,2,1983,5,1,0,-1,-1,-1,-1,2.022E+11,3,LECLERC (AV DU MARECHAL),0,NULL,1,2,0,1,17,110,1,NULL,-1,1,0,1,50,
2.022E+11,29,7,2022,19:15:00,1,77,77142,1,9,1,7,Rue de la Ferme,"488,415,240,000","29,190,590,000",2.022E+11,791 610,A01,0,1,13,0,0,0,5,NULL,2.022E+11,1 070 055,791 610,A01,1,1,3,1,1986,0,2,6,9,0,0,-1,2.022E+11,4,NULL,-1,NULL,-1,5,0,1,-1,-1,1,NULL,-1,9,9,8,-1,
2.022E+11,28,5,2022,18:30:00,1,35,35013,1,1,1,2,D873,"477,193,780,000","-20,962,030,000",2.022E+11,790 553,B01,1,1,0,2,4,2,5,NULL,2.022E+11,1 068 597,790 553,B01,1,1,3,1,1971,5,0,-1,-1,0,0,-1,2.022E+11,3,873,-1,NULL,2,2,0,1,2,210,1,NULL,-1,1,0,1,80,
2.022E+11,28,5,2022,18:30:00,1,35,35013,1,1,1,2,D873,"477,193,780,000","-20,962,030,000",2.022E+11,790 553,B01,1,1,0,2,4,2,5,NULL,2.022E+11,1 068 602,790 556,A01,1,1,1,1,1936,5,1,-1,-1,0,0,-1,2.022E+11,3,873,-1,NULL,2,2,0,1,2,210,1,NULL,-1,1,0,1,80,
2.022E+11,10,9,2022,09:10:00,1,31,31152,1,1,7,5,D6,"433,516,380,000","0,8814870000",2.022E+11,789 666,B01,1,1,0,2,4,2,5,NULL,2.022E+11,1 067 454,789 665,A01,1,1,1,2,1959,3,1,-1,-1,0,0,-1,2.022E+11,3,6,0,NULL,2,2,0,2,13,900,1,NULL,-1,1,0,3,80,
2.022E+11,10,9,2022,09:10:00,1,31,31152,1,1,7,5,D6,"433,516,380,000","0,8814870000",2.022E+11,789 668,C01,1,1,0,2,4,2,5,NULL,2.022E+11,1 067 454,789 665,A01,1,1,1,2,1959,3,1,-1,-1,0,0,-1,2.022E+11,3,6,0,NULL,2,2,0,2,13,900,1,NULL,-1,1,0,3,80,
2.022E+11,10,9,2022,09:10:00,1,31,31152,1,1,7,5,D6,"433,516,380,000","0,8814870000",2.022E+11,789 670,D01,1,1,0,2,4,2,5,NULL,2.022E+11,1 067 454,789 665,A01,1,1,1,2,1959,3,1,-1,-1,0,0,-1,2.022E+11,3,6,0,NULL,2,2,0,2,13,900,1,NULL,-1,1,0,3,80,
2.022E+11,10,9,2022,09:10:00,1,31,31152,1,1,7,5,D6,"433,516,380,000","0,8814870000",2.022E+11,789 672,E01,1,1,0,2,4,2,5,NULL,2.022E+11,1 067 454,789 665,A01,1,1,1,2,1959,3,1,-1,-1,0,0,-1,2.022E+11,3,6,0,NULL,2,2,0,2,13,900,1,NULL,-1,1,0,3,80,
2.022E+11,10,9,2022,09:10:00,1,31,31152,1,1,7,5,D6,"433,516,380,000","0,8814870000",2.022E+11,789 666,B01,1,1,0,2,4,2,5,NULL,2.022E+11,1 067 455,789 666,B01,1,1,4,1,1978,5,2,-1,-1,0,0,-1,2.022E+11,3,6,0,NULL,2,2,0,2,13,900,1,NULL,-1,1,0,3,80,
2.022E+11,10,9,2022,09:10:00,1,31,31152,1,1,7,5,D6,"433,516,380,000","0,8814870000",2.022E+11,789 668,C01,1,1,0,2,4,2,5,NULL,2.022E+11,1 067 455,789 666,B01,1,1,4,1,1978,5,2,-1,-1,0,0,-1,2.022E+11,3,6,0,NULL,2,2,0,2,13,900,1,NULL,-1,1,0,3,80,
2.022E+11,10,9,2022,09:10:00,1,31,31152,1,1,7,5,D6,"433,516,380,000","0,8814870000",2.022E+11,789 670,D01,1,1,0,2,4,2,5,NULL,2.022E+11,1 067 455,789 666,B01,1,1,4,1,1978,5,2,-1,-1,0,0,-1,2.022E+11,3,6,0,NULL,2,2,0,2,13,900,1,NULL,-1,1,0,3,80,
2.022E+11,10,9,2022,09:10:00,1,31,31152,1,1,7,5,D6,"433,516,380,000","0,8814870000",2.022E+11,789 672,E01,1,1,0,2,4,2,5,NULL,2.022E+11,1 067 455,789 666,B01,1,1,4,1,1978,5,2,-1,-1,0,0,-1,2.022E+11,3,6,0,NULL,2,2,0,2,13,900,1,NULL,-1,1,0,3,80,
2.022E+11,10,9,2022,09:10:00,1,31,31152,1,1,7,5,D6,"433,516,380,000","0,8814870000",2.022E+11,789 666,B01,1,1,0,2,4,2,5,NULL,2.022E+11,1 067 457,789 668,C01,1,1,1,1,1966,5,2,-1,-1,0,0,-1,2.022E+11,3,6,0,NULL,2,2,0,2,13,900,1,NULL,-1,1,0,3,80,
2.022E+11,10,9,2022,09:10:00,1,31,31152,1,1,7,5,D6,"433,516,380,000","0,8814870000",2.022E+11,789 668,C01,1,1,0,2,4,2,5,NULL,2.022E+11,1 067 457,789 668,C01,1,1,1,1,1966,5,2,-1,-1,0,0,-1,2.022E+11,3,6,0,NULL,2,2,0,2,13,900,1,NULL,-1,1,0,3,80,
2.022E+11,10,9,2022,09:10:00,1,31,31152,1,1,7,5,D6,"433,516,380,000","0,8814870000",2.022E+11,789 670,D01,1,1,0,2,4,2,5,NULL,2.022E+11,1 067 457,789 668,C01,1,1,1,1,1966,5,2,-1,-1,0,0,-1,2.022E+11,3,6,0,NULL,2,2,0,2,13,900,1,NULL,-1,1,0,3,80,
2.022E+11,10,9,2022,09:10:00,1,31,31152,1,1,7,5,D6,"433,516,380,000","0,8814870000",2.022E+11,789 672,E01,1,1,0,2,4,2,5,NULL,2.022E+11,1 067 457,789 668,C01,1,1,1,1,1966,5,2,-1,-1,0,0,-1,2.022E+11,3,6,0,NULL,2,2,0,2,13,900,1,NULL,-1,1,0,3,80,
2.022E+11,10,9,2022,09:10:00,1,31,31152,1,1,7,5,D6,"433,516,380,000","0,8814870000",2.022E+11,789 666,B01,1,1,0,2,4,2,5,NULL,2.022E+11,1 067 460,789 670,D01,1,1,3,2,1977,5,2,-1,-1,0,0,-1,2.022E+11,3,6,0,NULL,2,2,0,2,13,900,1,NULL,-1,1,0,3,80,
2.022E+11,10,9,2022,09:10:00,1,31,31152,1,1,7,5,D6,"433,516,380,000","0,8814870000",2.022E+11,789 668,C01,1,1,0,2,4,2,5,NULL,2.022E+11,1 067 460,789 670,D01,1,1,3,2,1977,5,2,-1,-1,0,0,-1,2.022E+11,3,6,0,NULL,2,2,0,2,13,900,1,NULL,-1,1,0,3,80,
2.022E+11,10,9,2022,09:10:00,1,31,31152,1,1,7,5,D6,"433,516,380,000","0,8814870000",2.022E+11,789 670,D01,1,1,0,2,4,2,5,NULL,2.022E+11,1 067 460,789 670,D01,1,1,3,2,1977,5,2,-1,-1,0,0,-1,2.022E+11,3,6,0,NULL,2,2,0,2,13,900,1,NULL,-1,1,0,3,80,
2.022E+11,10,9,2022,09:10:00,1,31,31152,1,1,7,5,D6,"433,516,380,000","0,8814870000",2.022E+11,789 672,E01,1,1,0,2,4,2,5,NULL,2.022E+11,1 067 460,789 670,D01,1,1,3,2,1977,5,2,-1,-1,0,0,-1,2.022E+11,3,6,0,NULL,2,2,0,2,13,900,1,NULL,-1,1,0,3,80,
2.022E+11,10,9,2022,09:10:00,1,31,31152,1,1,7,5,D6,"433,516,380,000","0,8814870000",2.022E+11,789 666,B01,1,1,0,2,4,2,5,NULL,2.022E+11,1 067 462,789 672,E01,1,1,4,1,1978,5,2,-1,-1,0,0,-1,2.022E+11,3,6,0,NULL,2,2,0,2,13,900,1,NULL,-1,1,0,3,80,
2.022E+11,10,9,2022,09:10:00,1,31,31152,1,1,7,5,D6,"433,516,380,000","0,8814870000",2.022E+11,789 668,C01,1,1,0,2,4,2,5,NULL,2.022E+11,1 067 462,789 672,E01,1,1,4,1,1978,5,2,-1,-1,0,0,-1,2.022E+11,3,6,0,NULL,2,2,0,2,13,900,1,NULL,-1,1,0,3,80,
2.022E+11,10,9,2022,09:10:00,1,31,31152,1,1,7,5,D6,"433,516,380,000","0,8814870000",2.022E+11,789 670,D01,1,1,0,2,4,2,5,NULL,2.022E+11,1 067 462,789 672,E01,1,1,4,1,1978,5,2,-1,-1,0,0,-1,2.022E+11,3,6,0,NULL,2,2,0,2,13,900,1,NULL,-1,1,0,3,80,
2.022E+11,10,9,2022,09:10:00,1,31,31152,1,1,7,5,D6,"433,516,380,000","0,8814870000",2.022E+11,789 672,E01,1,1,0,2,4,2,5,NULL,2.022E+11,1 067 462,789 672,E01,1,1,4,1,1978,5,2,-1,-1,0,0,-1,2.022E+11,3,6,0,NULL,2,2,0,2,13,900,1,NULL,-1,1,0,3,80,
2.022E+11,29,7,2022,07:50:00,1,7,7281,2,6,1,3,ROND-POINT POLE 2000,"449,443,800,000","48,566,700,000",2.022E+11,788 063,B01,3,1,0,2,8,1,5,NULL,2.022E+11,1 065 267,788 063,B01,1,1,4,1,1948,5,8,0,-1,-1,-1,-1,2.022E+11,4,NULL,0,NULL,1,2,1,1,-1,-1,3,NULL,-1,1,0,5,50,
2.022E+11,29,7,2022,07:50:00,1,7,7281,2,6,1,3,ROND-POINT POLE 2000,"449,443,800,000","48,566,700,000",2.022E+11,788 063,B01,3,1,0,2,8,1,5,NULL,2.022E+11,1 065 269,788 065,A01,1,1,1,2,1988,1,1,0,-1,-1,-1,-1,2.022E+11,4,NULL,0,NULL,1,2,1,1,-1,-1,3,NULL,-1,1,0,5,50,
2.022E+11,6,9,2022,08:45:00,1,67,67482,2,3,1,3,METZERAL (RUE DE),"485,707,500,000","77,697,500,000",2.022E+11,783 486,B01,2,1,0,2,1,1,5,NULL,2.022E+11,1 059 139,783 486,B01,1,1,4,1,1947,5,8,0,-1,-1,-1,-1,2.022E+11,4,METZERAL (RUE DE),0,NULL,2,2,0,1,-1,-1,1,NULL,-1,1,0,1,30,
2.022E+11,6,9,2022,08:45:00,1,67,67482,2,3,1,3,METZERAL (RUE DE),"485,707,500,000","77,697,500,000",2.022E+11,783 486,B01,2,1,0,2,1,1,5,NULL,2.022E+11,1 059 142,783 489,A01,1,1,1,2,1985,0,1,8,-1,-1,-1,-1,2.022E+11,4,METZERAL (RUE DE),0,NULL,2,2,0,1,-1,-1,1,NULL,-1,1,0,1,30,
2.022E+11,7,10,2022,08:50:00,1,14,14118,1,6,7,6,D401,"492,031,440,000"," -0,3909840000",2.022E+11,781 628,B01,1,1,0,2,1,1,5,NULL,2.022E+11,1 056 656,781 627,A01,1,1,1,2,1942,5,1,0,-1,0,0,-1,2.022E+11,3,JUIN (BOULEVARD MARECHAL),0,NULL,2,4,0,1,1,0,1,NULL,-1,1,5,1,50,
2.022E+11,7,10,2022,08:50:00,1,14,14118,1,6,7,6,D401,"492,031,440,000"," -0,3909840000",2.022E+11,781 628,B01,1,1,0,2,1,1,5,NULL,2.022E+11,1 056 657,781 628,B01,1,1,3,2,1961,9,8,0,-1,-1,-1,-1,2.022E+11,3,JUIN (BOULEVARD MARECHAL),0,NULL,2,4,0,1,1,0,1,NULL,-1,1,5,1,50,
2.022E+11,20,12,2022,10:30:00,1,75,75105,2,1,2,7,BOULEVARD SAINT MICHEL,"488,451,490,000","23,396,320,000",2.022E+11,780 081,A01,2,1,0,0,0,1,5,NULL,2.022E+11,1 054 619,780 081,A01,1,1,4,1,1992,9,8,0,-1,0,0,-1,2.022E+11,4,BOULEVARD SAINT MICHEL,0,NULL,2,4,1,1,-1,-1,1,NULL,-1,2,0,5,30,
2.022E+11,25,7,2022,13:20:00,1,27,27306,2,9,1,3,SAINT ANDRE (ROUTE DE),"490,089,500,000","11,676,200,000",2.022E+11,774 156,B01,0,1,0,2,7,19,5,NULL,2.022E+11,1 046 652,774 153,A01,1,1,1,1,1977,0,1,0,-1,0,0,-1,2.022E+11,4,SAINT ANDRE (ROUTE DE),0,NULL,1,2,0,1,-1,-1,1,NULL,-1,1,9,1,50,
2.022E+11,25,7,2022,13:20:00,1,27,27306,2,9,1,3,SAINT ANDRE (ROUTE DE),"490,089,500,000","11,676,200,000",2.022E+11,774 156,B01,0,1,0,2,7,19,5,NULL,2.022E+11,1 046 656,774 156,B01,1,1,4,1,1990,0,8,0,-1,0,0,-1,2.022E+11,4,SAINT ANDRE (ROUTE DE),0,NULL,1,2,0,1,-1,-1,1,NULL,-1,1,9,1,50,
2.022E+11,1,9,2022,10:00:00,1,75,75101,2,4,1,3,PONT NEUF,"488,584,990,000","23,425,110,000",2.022E+11,772 363,A01,3,1,0,2,1,1,5,NULL,2.022E+11,1 044 178,772 363,A01,1,1,4,1,1997,1,2,0,-1,0,0,-1,2.022E+11,4,PONT NEUF,0,NULL,1,3,2,1,-1,-1,1,NULL,-1,1,0,5,30,
2.022E+11,1,9,2022,10:00:00,1,75,75101,2,4,1,3,PONT NEUF,"488,584,990,000","23,425,110,000",2.022E+11,772 363,A01,3,1,0,2,1,1,5,NULL,2.022E+11,1 044 179,772 364,Z01,3,2,1,1,2001,1,1,0,-1,0,0,-1,2.022E+11,4,PONT NEUF,0,NULL,1,3,2,1,-1,-1,1,NULL,-1,1,0,5,30,
2.022E+11,1,9,2022,10:00:00,1,75,75101,2,4,1,3,PONT NEUF,"488,584,990,000","23,425,110,000",2.022E+11,772 363,A01,3,1,0,2,1,1,5,NULL,2.022E+11,1 044 180,772 364,Z01,1,1,1,-1,NULL,4,-1,-1,-1,-1,-1,-1,2.022E+11,4,PONT NEUF,0,NULL,1,3,2,1,-1,-1,1,NULL,-1,1,0,5,30,
2.022E+11,16,6,2022,14:20:00,1,68,68066,2,9,1,3,LECLERC (BOULEVARD DU GENERAL),"480,730,440,000","73,544,250,000",2.022E+11,771 906,B01,1,1,0,2,3,2,5,NULL,2.022E+11,1 043 551,771 904,A01,1,1,1,1,1972,4,1,0,-1,-1,-1,-1,2.022E+11,4,LECLERC (BOULEVARD DU GENERAL),0,NULL,1,1,0,1,-1,-1,1,NULL,-1,1,0,1,50,
2.022E+11,16,6,2022,14:20:00,1,68,68066,2,9,1,3,LECLERC (BOULEVARD DU GENERAL),"480,730,440,000","73,544,250,000",2.022E+11,771 906,B01,1,1,0,2,3,2,5,NULL,2.022E+11,1 043 554,771 906,B01,1,1,3,2,1956,3,8,0,-1,-1,-1,-1,2.022E+11,4,LECLERC (BOULEVARD DU GENERAL),0,NULL,1,1,0,1,-1,-1,1,NULL,-1,1,0,1,50,
2.022E+11,18,5,2022,20:15:00,1,72,72181,2,3,1,3,REMBRANDT (AV),"479,742,300,000","0,2118000000",2.022E+11,756 711,A01,3,1,0,2,1,16,5,NULL,2.022E+11,1 023 475,756 710,B01,1,1,1,1,1981,9,1,8,-1,-1,-1,-1,2.022E+11,4,REMBRANDT (AV),0,NULL,1,1,0,1,0,0,1,NULL,-1,1,0,1,50,
2.022E+11,18,5,2022,20:15:00,1,72,72181,2,3,1,3,REMBRANDT (AV),"479,742,300,000","0,2118000000",2.022E+11,756 711,A01,3,1,0,2,1,16,5,NULL,2.022E+11,1 023 476,756 711,A01,1,1,4,1,2008,5,8,0,-1,-1,-1,-1,2.022E+11,4,REMBRANDT (AV),0,NULL,1,1,0,1,0,0,1,NULL,-1,1,0,1,50,
2.022E+11,10,4,2022,18:00:00,1,46,46290,2,2,1,2,CAMP DE MARO,"447,486,450,000","14,996,340,000",2.022E+11,754 948,B01,1,1,0,2,4,1,5,NULL,2.022E+11,1 021 048,754 941,A01,7,2,1,2,1983,5,1,-1,-1,0,0,-1,2.022E+11,3,39,-1,NULL,2,2,0,1,53,188,1,NULL,-1,1,0,1,80,
2.022E+11,10,4,2022,18:00:00,1,46,46290,2,2,1,2,CAMP DE MARO,"447,486,450,000","14,996,340,000",2.022E+11,754 948,B01,1,1,0,2,4,1,5,NULL,2.022E+11,1 021 050,754 941,A01,2,2,1,1,2005,5,1,-1,-1,0,0,-1,2.022E+11,3,39,-1,NULL,2,2,0,1,53,188,1,NULL,-1,1,0,1,80,
2.022E+11,10,4,2022,18:00:00,1,46,46290,2,2,1,2,CAMP DE MARO,"447,486,450,000","14,996,340,000",2.022E+11,754 948,B01,1,1,0,2,4,1,5,NULL,2.022E+11,1 021 052,754 941,A01,9,2,1,1,1954,5,1,-1,-1,0,0,-1,2.022E+11,3,39,-1,NULL,2,2,0,1,53,188,1,NULL,-1,1,0,1,80,
2.022E+11,10,4,2022,18:00:00,1,46,46290,2,2,1,2,CAMP DE MARO,"447,486,450,000","14,996,340,000",2.022E+11,754 948,B01,1,1,0,2,4,1,5,NULL,2.022E+11,1 021 054,754 941,A01,1,1,1,1,1967,5,1,-1,-1,0,0,-1,2.022E+11,3,39,-1,NULL,2,2,0,1,53,188,1,NULL,-1,1,0,1,80,
2.022E+11,10,4,2022,18:00:00,1,46,46290,2,2,1,2,CAMP DE MARO,"447,486,450,000","14,996,340,000",2.022E+11,754 948,B01,1,1,0,2,4,1,5,NULL,2.022E+11,1 021 058,754 948,B01,1,1,4,1,1960,5,2,-1,-1,0,0,-1,2.022E+11,3,39,-1,NULL,2,2,0,1,53,188,1,NULL,-1,1,0,1,80,
2.022E+11,4,11,2022,13:55:00,1,10,10387,2,1,3,3,GUSTAVE MASSON (RUE),"482,743,700,000","40,812,600,000",2.022E+11,753 774,A01,2,1,1,0,1,1,5,NULL,2.022E+11,1 019 454,753 774,A01,1,1,3,1,1963,0,2,0,-1,-1,-1,-1,2.022E+11,4,GUSTAVE MASSON (RUE),0,NULL,2,2,0,1,-1,-1,1,NULL,-1,2,0,1,50,
2.022E+11,4,11,2022,13:55:00,1,10,10387,2,1,3,3,GUSTAVE MASSON (RUE),"482,743,700,000","40,812,600,000",2.022E+11,753 774,A01,2,1,1,0,1,1,5,NULL,2.022E+11,1 019 455,753 775,B01,1,1,1,1,1978,4,8,0,-1,-1,-1,-1,2.022E+11,4,GUSTAVE MASSON (RUE),0,NULL,2,2,0,1,-1,-1,1,NULL,-1,2,0,1,50,
2.022E+11,1,3,2022,08:45:00,1,83,83112,2,6,1,2,rond poind aqualand,"431,834,160,000","56,914,540,000",2.022E+11,752 145,A01,1,1,0,2,7,12,5,NULL,2.022E+11,1 017 221,752 145,A01,1,1,3,1,1945,5,0,-1,-1,0,0,-1,2.022E+11,3,559,-1,NULL,1,2,0,1,1,630,2,NULL,-1,1,0,1,50,
2.022E+11,1,3,2022,08:45:00,1,83,83112,2,6,1,2,rond poind aqualand,"431,834,160,000","56,914,540,000",2.022E+11,752 145,A01,1,1,0,2,7,12,5,NULL,2.022E+11,1 017 224,752 149,B01,1,1,1,1,1947,5,1,-1,-1,0,0,-1,2.022E+11,3,559,-1,NULL,1,2,0,1,1,630,2,NULL,-1,1,0,1,50,
2.022E+11,16,6,2022,17:30:00,1,69,69266,2,6,1,3,Rue Château Gaillard,"457,749,300,000","48,882,600,000",2.022E+11,751 345,B01,3,1,0,2,7,1,5,NULL,2.022E+11,1 016 152,751 341,A01,1,1,1,1,1984,5,8,-1,-1,-1,-1,-1,2.022E+11,4,CHATEAU GAILLARD     (Rue de),0,NULL,2,2,0,1,-1,-1,1,NULL,-1,1,0,1,50,
2.022E+11,16,6,2022,17:30:00,1,69,69266,2,6,1,3,Rue Château Gaillard,"457,749,300,000","48,882,600,000",2.022E+11,751 345,B01,3,1,0,2,7,1,5,NULL,2.022E+11,1 016 157,751 345,B01,1,1,4,2,2001,5,2,-1,-1,-1,-1,-1,2.022E+11,4,CHATEAU GAILLARD     (Rue de),0,NULL,2,2,0,1,-1,-1,1,NULL,-1,1,0,1,50,
2.022E+11,3,11,2022,06:40:00,1,972,97213,2,6,2,2,ROUTE DEPARTEMENTALE 3,"146,144,100,000","-609,945,800,000",2.022E+11,750 531,B01,1,1,0,2,4,1,5,NULL,2.022E+11,1 015 064,750 530,A01,1,1,1,1,1951,5,1,0,-1,-1,-1,-1,2.022E+11,3,ROUTE DEPARTEMENTALE 3,0,NULL,2,2,0,1,2,99,2,NULL,-1,2,5,1,50,
2.022E+11,3,11,2022,06:40:00,1,972,97213,2,6,2,2,ROUTE DEPARTEMENTALE 3,"146,144,100,000","-609,945,800,000",2.022E+11,750 531,B01,1,1,0,2,4,1,5,NULL,2.022E+11,1 015 065,750 531,B01,1,1,4,1,1946,5,2,0,-1,-1,-1,-1,2.022E+11,3,ROUTE DEPARTEMENTALE 3,0,NULL,2,2,0,1,2,99,2,NULL,-1,2,5,1,50,
2.022E+11,17,1,2022,21:16:00,1,973,97309,2,6,1,3,SUZINI (CARREFOUR),"49,269,600,000","-522,899,300,000",2.022E+11,748 696,B01,1,1,0,2,8,2,5,NULL,2.022E+11,1 012 635,748 696,B01,1,1,4,1,1984,0,2,8,-1,-1,-1,-1,2.022E+11,3,SUZINI (CARREFOUR),0,NULL,1,2,0,1,4,728,3,NULL,-1,1,0,1,50,
2.022E+11,17,1,2022,21:16:00,1,973,97309,2,6,1,3,SUZINI (CARREFOUR),"49,269,600,000","-522,899,300,000",2.022E+11,748 696,B01,1,1,0,2,8,2,5,NULL,2.022E+11,1 012 636,748 697,A01,1,1,1,2,1942,0,1,8,-1,-1,-1,-1,2.022E+11,3,SUZINI (CARREFOUR),0,NULL,1,2,0,1,4,728,3,NULL,-1,1,0,1,50,
2.022E+11,23,2,2022,16:50:00,1,46,46028,1,1,1,6,Verdie Bas,"449,297,240,000","17,400,130,000",2.022E+11,748 395,A01,1,1,0,5,1,1,5,NULL,2.022E+11,1 012 218,748 395,A01,1,1,3,1,1952,5,2,-1,-1,0,0,-1,2.022E+11,3,20,-1,NULL,2,2,0,1,27,260,1,NULL,-1,1,0,1,80,
2.022E+11,27,9,2022,10:25:00,1,49,49007,2,1,1,3,JAURES,"474,549,000,000"," -0,5245800000",2.022E+11,746 347,B01,2,1,0,2,9,1,5,NULL,2.022E+11,1 009 491,746 347,B01,1,1,4,2,1985,5,8,0,-1,0,0,-1,2.022E+11,4,JAURES,0,NULL,2,2,0,1,-1,-1,1,NULL,-1,1,0,1,30,
2.022E+11,27,9,2022,10:25:00,1,49,49007,2,1,1,3,JAURES,"474,549,000,000"," -0,5245800000",2.022E+11,746 347,B01,2,1,0,2,9,1,5,NULL,2.022E+11,1 009 492,746 348,A01,1,1,1,1,1977,5,8,0,-1,0,0,-1,2.022E+11,4,JAURES,0,NULL,2,2,0,1,-1,-1,1,NULL,-1,1,0,1,30,
2.022E+11,25,2,2022,16:06:00,1,75,75105,2,2,1,6,RUE DES CARMES,"488,489,040,000","23,474,730,000",2.022E+11,744 545,A01,1,1,0,1,1,16,5,NULL,2.022E+11,1 007 072,744 545,A01,10,3,4,1,1946,5,0,-1,-1,4,3,1,2.022E+11,4,RUE DES CARMES,0,NULL,2,2,0,1,-1,-1,1,NULL,-1,1,0,1,30,
2.022E+11,25,2,2022,16:06:00,1,75,75105,2,2,1,6,RUE DES CARMES,"488,489,040,000","23,474,730,000",2.022E+11,744 545,A01,1,1,0,1,1,16,5,NULL,2.022E+11,1 007 075,744 545,A01,1,1,4,1,1965,9,2,0,-1,0,0,-1,2.022E+11,4,RUE DES CARMES,0,NULL,2,2,0,1,-1,-1,1,NULL,-1,1,0,1,30,
2.022E+11,14,6,2022,18:25:00,1,75,75105,2,2,1,7,RUE MONGE,"488,480,860,000","23,504,800,000",2.022E+11,744 073,A01,2,1,0,0,1,1,5,NULL,2.022E+11,1 006 463,744 073,A01,1,1,4,2,1999,1,2,0,-1,0,0,-1,2.022E+11,4,RUE MONGE,0,NULL,2,3,0,2,-1,-1,1,NULL,-1,1,0,1,30,
2.022E+11,9,9,2022,16:33:00,1,67,67462,2,1,1,1,CHARLEMAGNE (BOULEVRD),"482,633,000,000","74,552,000,000",2.022E+11,742 295,B01,3,1,0,2,1,1,5,NULL,2.022E+11,1 004 063,742 293,A01,1,1,1,1,1964,9,1,0,-1,-1,-1,-1,2.022E+11,4,CHARLEMAGNE (BOULEVRD),0,NULL,2,2,0,1,-1,-1,1,NULL,-1,1,0,1,30,
2.022E+11,9,9,2022,16:33:00,1,67,67462,2,1,1,1,CHARLEMAGNE (BOULEVRD),"482,633,000,000","74,552,000,000",2.022E+11,742 295,B01,3,1,0,2,1,1,5,NULL,2.022E+11,1 004 065,742 295,B01,1,1,4,2,2003,9,8,0,-1,-1,-1,-1,2.022E+11,4,CHARLEMAGNE (BOULEVRD),0,NULL,2,2,0,1,-1,-1,1,NULL,-1,1,0,1,30,