Accident_Id,jour,mois,an,hrmn,lum,dep,com,agg,int,atm,col,adr,lat,long,Num_Acc,id_vehicule,num_veh,senc,catv,obs,obsm,choc,manv,motor,occutc,Num_Acc,id_usager,id_vehicule,num_veh,place,catu,grav,sexe,an_nais,trajet,secu1,secu2,secu3,locp,actp,etatp,Num_Acc,catr,voie,v1,v2,circ,nbv,vosp,prof,pr,pr1,plan,lartpc,larrout,surf,infra,situ,vma,
2.022E+11,23,5,2022,08:40:00,1,972,97209,1,1,1,3,SALVADOR ALLENDE (AVENUE),"146,103,200,000","-610,496,200,000",2.022E+11,770 093,B01,3,1,0,2,0,0,5,NULL,2.022E+11,1 041 135,770 093,B01,1,1,4,1,1991,0,8,0,-1,-1,-1,-1,2.022E+11,4,SALVADOR ALLENDE (AVENUE),0,NULL,2,2,0,1,0,149,1,NULL,-1,1,0,1,30,
2.022E+11,23,5,2022,08:40:00,1,972,97209,1,1,1,3,SALVADOR ALLENDE (AVENUE),"146,103,200,000","-610,496,200,000",2.022E+11,770 093,B01,3,1,0,2,0,0,5,NULL,2.022E+11,1 041 138,770 096,A01,1,1,1,2,1977,1,1,0,-1,-1,-1,-1,2.022E+11,4,SALVADOR ALLENDE (AVENUE),0,NULL,2,2,0,1,0,149,1,NULL,-1,1,0,1,30,
2.022E+11,21,7,2022,14:00:00,1,973,97302,2,1,1,3,Chemin de Troubiran,"49,220,000,000","-523,039,200,000",2.022E+11,766 237,B01,2,1,0,2,1,9,5,NULL,2.022E+11,1 036 039,766 237,B01,1,1,4,1,1966,1,8,0,-1,-1,-1,-1,2.022E+11,4,TROUBIRAN (CHEMIN DE),0,NULL,2,2,0,1,-1,-1,1,NULL,-1,1,0,1,50,
2.022E+11,21,7,2022,14:00:00,1,973,97302,2,1,1,3,Chemin de Troubiran,"49,220,000,000","-523,039,200,000",2.022E+11,766 237,B01,2,1,0,2,1,9,5,NULL,2.022E+11,1 036 040,766 238,A01,1,1,1,1,1967,5,1,0,-1,-1,-1,-1,2.022E+11,4,TROUBIRAN (CHEMIN DE),0,NULL,2,2,0,1,-1,-1,1,NULL,-1,1,0,1,50,
2.022E+11,29,1,2022,21:30:00,5,42,42218,2,2,1,3,Rue Etienne Mimard,"454,389,200,000","43,970,600,000",2.022E+11,764 448,B01,3,1,0,2,2,12,5,NULL,2.022E+11,1 033 679,764 447,A01,1,1,1,1,2001,0,8,0,-1,-1,-1,-1,2.022E+11,4,MIMARD ETIENNE A PARTIR Nø 29-36,0,NULL,2,4,0,1,-1,-1,1,NULL,-1,1,0,1,50,
2.022E+11,29,1,2022,21:30:00,5,42,42218,2,2,1,3,Rue Etienne Mimard,"454,389,200,000","43,970,600,000",2.022E+11,764 448,B01,3,1,0,2,2,12,5,NULL,2.022E+11,1 033 681,764 448,B01,1,1,4,1,1997,1,8,0,-1,-1,-1,-1,2.022E+11,4,MIMARD ETIENNE A PARTIR Nø 29-36,0,NULL,2,4,0,1,-1,-1,1,NULL,-1,1,0,1,50,
2.022E+11,20,5,2022,13:20:00,1,33,33165,2,1,1,1,21 Route de la Tuiliere,"448,190,286,990"," -0,4408974946",2.022E+11,760 245,A01,2,1,0,2,1,5,5,NULL,2.022E+11,1 028 156,760 244,B01,1,1,1,1,1972,1,1,-1,-1,0,0,-1,2.022E+11,4,NULL,0,NULL,2,2,0,2,-1,-1,3,NULL,4,1,0,1,50,
2.022E+11,20,5,2022,13:20:00,1,33,33165,2,1,1,1,21 Route de la Tuiliere,"448,190,286,990"," -0,4408974946",2.022E+11,760 245,A01,2,1,0,2,1,5,5,NULL,2.022E+11,1 028 157,760 245,A01,1,1,3,1,1993,5,2,-1,-1,0,0,-1,2.022E+11,4,NULL,0,NULL,2,2,0,2,-1,-1,3,NULL,4,1,0,1,50,
2.022E+11,10,12,2022,16:45:00,1,973,97302,2,1,1,7,MANGO (ROUTE),"49,328,549,627","-523,188,659,549",2.022E+11,759 479,Y01,1,1,0,2,0,0,5,NULL,2.022E+11,1 027 180,759 479,Y01,1,1,3,1,2014,0,0,-1,-1,0,0,-1,2.022E+11,4,MANGO (ROUTE),0,NULL,-1,1,0,1,-1,-1,1,NULL,-1,1,0,1,30,
2.022E+11,14,7,2022,18:55:00,1,70,70206,2,3,7,1,14 Rue de Luze,"476,035,700,000","67,690,960,000",2.022E+11,752 623,B01,1,1,0,2,1,13,5,NULL,2.022E+11,1 017 917,752 623,B01,1,1,3,1,2014,5,2,-1,-1,0,0,-1,2.022E+11,4,14,0,NULL,2,2,0,1,-1,-1,1,NULL,-1,1,0,1,50,
2.022E+11,14,7,2022,18:55:00,1,70,70206,2,3,7,1,14 Rue de Luze,"476,035,700,000","67,690,960,000",2.022E+11,752 623,B01,1,1,0,2,1,13,5,NULL,2.022E+11,1 017 920,752 625,A01,1,1,1,2,1951,5,1,-1,-1,0,0,-1,2.022E+11,4,14,0,NULL,2,2,0,1,-1,-1,1,NULL,-1,1,0,1,50,
2.022E+11,19,1,2022,08:25:00,1,92,92075,2,1,1,3,JEAN BLEUZEN,"488,216,841,131","22,933,038,622",2.022E+11,751 814,B01,1,1,1,2,1,17,5,NULL,2.022E+11,1 016 762,751 814,B01,1,1,4,2,1996,1,2,8,-1,-1,-1,-1,2.022E+11,3,130,0,NULL,3,2,0,1,0,0,1,NULL,-1,1,0,1,30,
2.022E+11,19,1,2022,08:25:00,1,92,92075,2,1,1,3,JEAN BLEUZEN,"488,216,841,131","22,933,038,622",2.022E+11,751 814,B01,1,1,1,2,1,17,5,NULL,2.022E+11,1 016 764,751 816,A01,1,1,1,2,1989,1,8,0,-1,-1,-1,-1,2.022E+11,3,130,0,NULL,3,2,0,1,0,0,1,NULL,-1,1,0,1,30,
2.022E+11,10,4,2022,12:50:00,1,60,60390,1,4,1,1,D9,"495,528,350,000","21,414,540,000",2.022E+11,751 319,B01,0,1,0,2,1,1,5,NULL,2.022E+11,1 016 116,751 317,A01,1,1,1,1,1953,5,1,-1,-1,0,0,-1,2.022E+11,3,9,0,D,2,2,0,1,21,9,1,NULL,-1,1,0,1,80,
2.022E+11,10,4,2022,12:50:00,1,60,60390,1,4,1,1,D9,"495,528,350,000","21,414,540,000",2.022E+11,751 319,B01,0,1,0,2,1,1,5,NULL,2.022E+11,1 016 120,751 319,B01,1,1,2,1,1967,5,2,4,-1,0,0,-1,2.022E+11,3,9,0,D,2,2,0,1,21,9,1,NULL,-1,1,0,1,80,
2.022E+11,2,11,2022,14:54:00,1,13,13204,2,4,1,3,MARÉCHAL FOCH (AVENUE),"432,999,600,000","54,006,600,000",2.022E+11,750 452,B01,1,1,0,2,1,1,5,NULL,2.022E+11,1 014 965,750 451,A01,1,1,1,1,1973,9,1,0,-1,-1,-1,-1,2.022E+11,4,MARÉCHAL FOCH (AVENUE),0,NULL,1,1,0,1,0,0,1,NULL,-1,1,-1,1,50,
2.022E+11,2,11,2022,14:54:00,1,13,13204,2,4,1,3,MARÉCHAL FOCH (AVENUE),"432,999,600,000","54,006,600,000",2.022E+11,750 452,B01,1,1,0,2,1,1,5,NULL,2.022E+11,1 014 966,750 452,B01,1,1,3,1,1959,9,8,0,-1,-1,-1,-1,2.022E+11,4,MARÉCHAL FOCH (AVENUE),0,NULL,1,1,0,1,0,0,1,NULL,-1,1,-1,1,50,
2.022E+11,5,12,2022,18:00:00,5,12,12145,2,6,1,2,Rond Point des Stades,"441,074,000,000","30,812,700,000",2.022E+11,746 018,B01,2,1,0,2,5,1,5,NULL,2.022E+11,1 009 075,746 016,A01,1,1,1,1,1955,3,1,-1,-1,0,0,-1,2.022E+11,3,STADES  (ROND POINT des),0,NULL,2,2,0,1,44,365,1,NULL,-1,1,5,1,50,
2.022E+11,5,12,2022,18:00:00,5,12,12145,2,6,1,2,Rond Point des Stades,"441,074,000,000","30,812,700,000",2.022E+11,746 018,B01,2,1,0,2,5,1,5,NULL,2.022E+11,1 009 080,746 018,B01,1,1,3,1,1968,3,0,-1,-1,0,0,-1,2.022E+11,3,STADES  (ROND POINT des),0,NULL,2,2,0,1,44,365,1,NULL,-1,1,5,1,50,
2.022E+11,15,5,2022,07:30:00,1,68,68365,1,1,1,1,Laenderweg (Chemin),"480,516,720,000","73,387,710,000",2.022E+11,740 027,A01,3,1,0,2,3,1,5,NULL,2.022E+11,1 000 928,740 026,B01,1,1,1,2,1959,5,1,-1,-1,0,0,-1,2.022E+11,4,Rue,0,NULL,2,2,2,1,0,0,4,NULL,-1,1,0,1,50,
2.022E+11,15,5,2022,07:30:00,1,68,68365,1,1,1,1,Laenderweg (Chemin),"480,516,720,000","73,387,710,000",2.022E+11,740 027,A01,3,1,0,2,3,1,5,NULL,2.022E+11,1 000 929,740 027,A01,1,1,4,1,1980,5,2,-1,-1,0,0,-1,2.022E+11,4,Rue,0,NULL,2,2,2,1,0,0,4,NULL,-1,1,0,1,50,
2.022E+11,27,10,2022,17:15:00,1,56,56098,2,9,1,3,2 Rue Andrei Sakharov,"477,775,300,000","-33,439,500,000",2.022E+11,736 707,A01,3,1,0,2,1,25,5,NULL,2.022E+11,996 356,736 707,A01,1,1,4,1,1953,3,8,0,-1,-1,-1,-1,2.022E+11,4,SAKHAROV (RUE  ANDRE ),0,NULL,3,2,0,3,-1,-1,3,NULL,-1,1,0,1,30,
2.022E+11,27,10,2022,17:15:00,1,56,56098,2,9,1,3,2 Rue Andrei Sakharov,"477,775,300,000","-33,439,500,000",2.022E+11,736 707,A01,3,1,0,2,1,25,5,NULL,2.022E+11,996 357,736 708,B01,1,1,1,1,1949,3,1,0,-1,-1,-1,-1,2.022E+11,4,SAKHAROV (RUE  ANDRE ),0,NULL,3,2,0,3,-1,-1,3,NULL,-1,1,0,1,30,
2.022E+11,27,10,2022,17:15:00,1,56,56098,2,9,1,3,2 Rue Andrei Sakharov,"477,775,300,000","-33,439,500,000",2.022E+11,736 707,A01,3,1,0,2,1,25,5,NULL,2.022E+11,996 358,736 708,B01,2,2,1,2,1951,0,1,0,-1,-1,-1,-1,2.022E+11,4,SAKHAROV (RUE  ANDRE ),0,NULL,3,2,0,3,-1,-1,3,NULL,-1,1,0,1,30,
2.022E+11,9,7,2022,17:25:00,1,29,29051,1,6,1,3,Route de Coray,"479,937,946,271","-40,670,188,665",2.022E+11,728 153,B01,1,1,0,2,5,1,5,NULL,2.022E+11,985 068,728 153,B01,1,1,4,1,1975,5,2,-1,-1,-1,-1,-1,2.022E+11,3,CORAY ROUTE DE,0,NULL,1,1,0,1,0,469,1,NULL,-1,1,0,1,50,
2.022E+11,9,7,2022,17:25:00,1,29,29051,1,6,1,3,Route de Coray,"479,937,946,271","-40,670,188,665",2.022E+11,728 153,B01,1,1,0,2,5,1,5,NULL,2.022E+11,985 072,728 156,A01,1,1,1,1,1991,5,1,-1,-1,-1,-1,-1,2.022E+11,3,CORAY ROUTE DE,0,NULL,1,1,0,1,0,469,1,NULL,-1,1,0,1,50,
2.022E+11,2,4,2022,15:15:00,1,24,24322,2,2,1,3,JUIN ( AVENUE DU MARECHAL),"451,861,800,000","0,7040300000",2.022E+11,728 078,B01,0,1,0,0,0,0,5,NULL,2.022E+11,984 971,728 078,B01,1,1,3,2,1950,0,8,0,-1,-1,-1,-1,2.022E+11,3,JUIN ( AVENUE DU MARECHAL),0,NULL,2,3,0,1,63,450,1,NULL,-1,1,0,1,50,
2.022E+11,2,4,2022,15:15:00,1,24,24322,2,2,1,3,JUIN ( AVENUE DU MARECHAL),"451,861,800,000","0,7040300000",2.022E+11,728 078,B01,0,1,0,0,0,0,5,NULL,2.022E+11,984 977,728 084,A01,1,1,1,1,2002,0,1,8,-1,-1,-1,-1,2.022E+11,3,JUIN ( AVENUE DU MARECHAL),0,NULL,2,3,0,1,63,450,1,NULL,-1,1,0,1,50,
2.022E+11,9,5,2022,18:10:00,1,92,92024,2,1,1,1,VILLENEUVE (RUE) DE (1 A 45)   (2 A 44),"489,051,137,154","23,094,653,785",2.022E+11,723 273,B01,1,1,0,2,1,0,5,NULL,2.022E+11,978 649,723 273,B01,1,1,4,1,1989,0,8,0,-1,-1,-1,-1,2.022E+11,4,NULL,0,NULL,-1,1,0,1,0,0,1,NULL,-1,1,0,1,30,
2.022E+11,9,5,2022,18:10:00,1,92,92024,2,1,1,1,VILLENEUVE (RUE) DE (1 A 45)   (2 A 44),"489,051,137,154","23,094,653,785",2.022E+11,723 273,B01,1,1,0,2,1,0,5,NULL,2.022E+11,978 650,723 274,A01,1,1,1,1,1962,0,1,0,-1,-1,-1,-1,2.022E+11,4,NULL,0,NULL,-1,1,0,1,0,0,1,NULL,-1,1,0,1,30,
2.022E+11,6,1,2022,08:15:00,1,69,69029,2,3,1,3,Rue Guy de Maupassant,"457,380,400,000","49,227,100,000",2.022E+11,723 049,B01,2,1,0,2,1,1,5,NULL,2.022E+11,978 351,723 048,A01,1,1,1,1,1978,1,1,-1,-1,-1,-1,-1,2.022E+11,4,GUY DE MAUPASSANT                   (R ),0,NULL,2,2,2,1,-1,-1,1,NULL,-1,1,0,1,50,
2.022E+11,6,1,2022,08:15:00,1,69,69029,2,3,1,3,Rue Guy de Maupassant,"457,380,400,000","49,227,100,000",2.022E+11,723 049,B01,2,1,0,2,1,1,5,NULL,2.022E+11,978 352,723 049,B01,1,1,4,2,1985,1,2,4,-1,-1,-1,-1,2.022E+11,4,GUY DE MAUPASSANT                   (R ),0,NULL,2,2,2,1,-1,-1,1,NULL,-1,1,0,1,50,
2.022E+11,6,1,2022,10:30:00,1,31,31351,1,6,1,3,N224,"436,719,300,000","12,935,060,000",2.022E+11,722 659,A01,2,1,0,2,1,1,5,NULL,2.022E+11,977 851,722 656,B01,1,1,1,1,1985,1,1,-1,-1,0,0,-1,2.022E+11,2,224,0,NULL,1,1,0,1,25,928,2,NULL,-1,1,5,1,80,
2.022E+11,6,1,2022,10:30:00,1,31,31351,1,6,1,3,N224,"436,719,300,000","12,935,060,000",2.022E+11,722 659,A01,2,1,0,2,1,1,5,NULL,2.022E+11,977 854,722 659,A01,1,1,4,1,1952,5,2,-1,-1,0,0,-1,2.022E+11,2,224,0,NULL,1,1,0,1,25,928,2,NULL,-1,1,5,1,80,
2.022E+11,6,5,2022,14:15:00,1,68,68179,2,6,1,3,Rue Principale,"477,569,330,000","70,183,270,000",2.022E+11,722 529,B01,1,1,0,2,5,9,5,NULL,2.022E+11,977 658,722 527,A01,1,1,1,1,1982,5,1,-1,-1,0,0,-1,2.022E+11,3,NULL,0,D,2,2,0,1,22,0,2,NULL,4,1,0,1,50,
2.022E+11,6,5,2022,14:15:00,1,68,68179,2,6,1,3,Rue Principale,"477,569,330,000","70,183,270,000",2.022E+11,722 529,B01,1,1,0,2,5,9,5,NULL,2.022E+11,977 660,722 529,B01,1,1,3,1,1973,5,2,-1,-1,0,0,-1,2.022E+11,3,NULL,0,D,2,2,0,1,22,0,2,NULL,4,1,0,1,50,
2.022E+11,21,9,2022,11:25:00,1,44,44173,2,7,1,3,3 Place des Tilleuls,"470,828,100,000","-13,376,500,000",2.022E+11,721 262,B01,1,1,0,2,7,2,5,NULL,2.022E+11,975 946,721 260,A01,1,1,1,1,1980,1,1,-1,-1,0,0,-1,2.022E+11,3,58,-1,NULL,2,2,0,1,5,184,3,NULL,-1,1,0,1,50,
2.022E+11,21,9,2022,11:25:00,1,44,44173,2,7,1,3,3 Place des Tilleuls,"470,828,100,000","-13,376,500,000",2.022E+11,721 262,B01,1,1,0,2,7,2,5,NULL,2.022E+11,975 949,721 262,B01,1,1,4,1,1955,5,2,-1,-1,0,0,-1,2.022E+11,3,58,-1,NULL,2,2,0,1,5,184,3,NULL,-1,1,0,1,50,
2.022E+11,5,8,2022,20:01:00,1,49,49246,2,1,1,7,GALLIENI AVENUE,"474,343,400,000"," -0,5261700000",2.022E+11,808 687,A01,1,1,0,0,0,1,5,NULL,2.022E+11,1 092 682,808 687,A01,1,1,4,1,1980,0,8,0,-1,0,0,-1,2.022E+11,3,GALLIENI AVENUE,0,NULL,2,5,2,1,0,244,1,NULL,-1,1,0,1,30,
2.022E+11,1,6,2022,15:30:00,1,67,67482,2,3,1,3,VIRGILE (RUE),"485,824,000,000","77,074,900,000",2.022E+11,807 763,B01,2,1,0,2,7,1,5,NULL,2.022E+11,1 091 439,807 763,B01,1,1,4,1,1976,0,8,0,-1,-1,-1,-1,2.022E+11,4,NULL,0,NULL,3,3,2,1,-1,-1,1,NULL,-1,1,0,1,50,
2.022E+11,1,6,2022,15:30:00,1,67,67482,2,3,1,3,VIRGILE (RUE),"485,824,000,000","77,074,900,000",2.022E+11,807 763,B01,2,1,0,2,7,1,5,NULL,2.022E+11,1 091 441,807 766,A01,1,1,1,1,1988,0,1,8,-1,-1,-1,-1,2.022E+11,4,NULL,0,NULL,3,3,2,1,-1,-1,1,NULL,-1,1,0,1,50,
2.022E+11,15,9,2022,21:55:00,5,95,95680,2,2,1,3,Rue de la République,"490,015,100,000","23,846,800,000",2.022E+11,806 447,B01,1,1,0,2,9,1,5,NULL,2.022E+11,1 089 648,806 447,B01,1,1,4,1,1991,5,0,-1,-1,-1,0,-1,2.022E+11,3,CHEMIN VERT (RUE DU),0,NULL,2,2,0,1,0,10,1,NULL,-1,1,0,1,50,
2.022E+11,15,9,2022,21:55:00,5,95,95680,2,2,1,3,Rue de la République,"490,015,100,000","23,846,800,000",2.022E+11,806 447,B01,1,1,0,2,9,1,5,NULL,2.022E+11,1 089 649,806 448,A01,1,1,1,1,1963,5,1,-1,-1,-1,0,-1,2.022E+11,3,CHEMIN VERT (RUE DU),0,NULL,2,2,0,1,0,10,1,NULL,-1,1,0,1,50,
2.022E+11,15,9,2022,11:20:00,1,95,95355,2,1,1,3,Rue de Paris,"491,544,034,643","17,869,600,654",2.022E+11,805 245,B01,3,1,1,0,7,1,5,NULL,2.022E+11,1 088 057,805 243,A01,1,1,1,2,1948,3,0,-1,-1,0,0,-1,2.022E+11,4,NULL,-1,NULL,2,2,0,4,-1,-1,1,NULL,5,1,0,1,50,
2.022E+11,15,9,2022,11:20:00,1,95,95355,2,1,1,3,Rue de Paris,"491,544,034,643","17,869,600,654",2.022E+11,805 245,B01,3,1,1,0,7,1,5,NULL,2.022E+11,1 088 059,805 245,B01,1,1,3,2,1957,3,0,-1,-1,0,0,-1,2.022E+11,4,NULL,-1,NULL,2,2,0,4,-1,-1,1,NULL,5,1,0,1,50,
2.022E+11,18,11,2022,17:13:00,1,87,87085,2,2,1,3,LATTRE-DE-TASSIGNY (AVENUE DU MARECHAL),"458,255,900,000","12,706,100,000",2.022E+11,804 496,B01,2,1,0,2,1,1,5,NULL,2.022E+11,1 087 080,804 496,B01,1,1,4,1,2008,2,8,0,-1,-1,-1,-1,2.022E+11,3,LATTRE-DE-TASSIGNY (AVENUE DU MARECHAL),0,NULL,4,5,0,2,35,50,1,NULL,-1,1,0,1,50,
2.022E+11,18,11,2022,17:13:00,1,87,87085,2,2,1,3,LATTRE-DE-TASSIGNY (AVENUE DU MARECHAL),"458,255,900,000","12,706,100,000",2.022E+11,804 496,B01,2,1,0,2,1,1,5,NULL,2.022E+11,1 087 083,804 498,A01,1,1,1,1,1946,5,1,0,-1,-1,-1,-1,2.022E+11,3,LATTRE-DE-TASSIGNY (AVENUE DU MARECHAL),0,NULL,4,5,0,2,35,50,1,NULL,-1,1,0,1,50,
2.022E+11,1,6,2022,15:30:00,1,75,75117,2,2,1,3,BOULEVARD PEREIRE,"488,831,270,000","22,934,890,000",2.022E+11,797 915,B01,2,1,0,2,7,19,5,NULL,2.022E+11,1 078 417,797 909,A01,1,1,1,1,1932,5,1,0,-1,0,0,-1,2.022E+11,4,BOULEVARD PEREIRE,0,NULL,1,1,0,1,-1,-1,1,NULL,-1,1,0,1,30,
2.022E+11,1,6,2022,15:30:00,1,75,75117,2,2,1,3,BOULEVARD PEREIRE,"488,831,270,000","22,934,890,000",2.022E+11,797 915,B01,2,1,0,2,7,19,5,NULL,2.022E+11,1 078 425,797 915,B01,1,1,4,1,2014,5,2,0,-1,0,0,-1,2.022E+11,4,BOULEVARD PEREIRE,0,NULL,1,1,0,1,-1,-1,1,NULL,-1,1,0,1,30,
2.022E+11,28,5,2022,13:00:00,1,75,75116,2,1,1,2,ROUTE DE SEVRES A NEUILLY,"488,561,501,165","22,375,347,930",2.022E+11,790 860,B01,2,1,0,2,4,2,5,NULL,2.022E+11,1 068 991,790 860,B01,1,1,1,1,1935,5,2,0,-1,0,0,-1,2.022E+11,4,ROUTE DE SEVRES A NEUILLY,0,NULL,2,4,1,1,-1,-1,1,NULL,-1,1,-1,5,50,
2.022E+11,28,5,2022,13:00:00,1,75,75116,2,1,1,2,ROUTE DE SEVRES A NEUILLY,"488,561,501,165","22,375,347,930",2.022E+11,790 864,A01,2,1,0,2,1,2,5,NULL,2.022E+11,1 068 991,790 860,B01,1,1,1,1,1935,5,2,0,-1,0,0,-1,2.022E+11,4,ROUTE DE SEVRES A NEUILLY,0,NULL,2,4,1,1,-1,-1,1,NULL,-1,1,-1,5,50,
2.022E+11,28,5,2022,13:00:00,1,75,75116,2,1,1,2,ROUTE DE SEVRES A NEUILLY,"488,561,501,165","22,375,347,930",2.022E+11,790 860,B01,2,1,0,2,4,2,5,NULL,2.022E+11,1 068 994,790 864,A01,1,1,4,1,1969,5,2,0,-1,0,0,-1,2.022E+11,4,ROUTE DE SEVRES A NEUILLY,0,NULL,2,4,1,1,-1,-1,1,NULL,-1,1,-1,5,50,
2.022E+11,28,5,2022,13:00:00,1,75,75116,2,1,1,2,ROUTE DE SEVRES A NEUILLY,"488,561,501,165","22,375,347,930",2.022E+11,790 864,A01,2,1,0,2,1,2,5,NULL,2.022E+11,1 068 994,790 864,A01,1,1,4,1,1969,5,2,0,-1,0,0,-1,2.022E+11,4,ROUTE DE SEVRES A NEUILLY,0,NULL,2,4,1,1,-1,-1,1,NULL,-1,1,-1,5,50,
2.022E+11,10,9,2022,18:00:00,1,48,48127,2,1,1,7,RD 59 rieutort de randon,"446,377,770,000","34,774,630,000",2.022E+11,789 630,A01,1,1,0,0,0,26,5,NULL,2.022E+11,1 067 406,789 630,A01,1,1,2,1,1979,5,0,-1,-1,0,0,-1,2.022E+11,3,59,-1,NULL,2,2,0,2,0,835,1,NULL,-1,1,0,1,50,
2.022E+11,2,2,2022,15:00:00,1,60,60402,2,2,1,3,Rue du Tourteret,"493,579,980,953","27,551,522,254",2.022E+11,783 553,B01,1,1,0,2,1,1,5,NULL,2.022E+11,1 059 217,783 551,A01,1,1,1,1,1992,4,1,-1,-1,0,0,-1,2.022E+11,3,98,0,NULL,2,2,0,1,22,100,1,NULL,-1,1,0,1,50,
2.022E+11,2,2,2022,15:00:00,1,60,60402,2,2,1,3,Rue du Tourteret,"493,579,980,953","27,551,522,254",2.022E+11,783 553,B01,1,1,0,2,1,1,5,NULL,2.022E+11,1 059 220,783 553,B01,1,1,4,1,1960,5,2,-1,-1,0,0,-1,2.022E+11,3,98,0,NULL,2,2,0,1,22,100,1,NULL,-1,1,0,1,50,
2.022E+11,2,2,2022,12:40:00,1,69,69386,2,1,1,3,Rue Vauban,"457,656,268,727","48,515,260,220",2.022E+11,783 442,A01,1,1,0,2,1,1,5,NULL,2.022E+11,1 059 079,783 442,A01,1,1,4,1,1976,0,2,-1,-1,-1,-1,-1,2.022E+11,4,VAUBAN                              (R ),0,NULL,1,2,2,1,-1,-1,1,NULL,-1,1,0,1,30,
2.022E+11,2,2,2022,12:40:00,1,69,69386,2,1,1,3,Rue Vauban,"457,656,268,727","48,515,260,220",2.022E+11,783 442,A01,1,1,0,2,1,1,5,NULL,2.022E+11,1 059 082,783 444,B01,1,1,1,1,1996,1,1,-1,-1,-1,-1,-1,2.022E+11,4,VAUBAN                              (R ),0,NULL,1,2,2,1,-1,-1,1,NULL,-1,1,0,1,30,
2.022E+11,17,12,2022,19:05:00,3,31,31555,2,1,1,6,AV D ATLANTA,"436,330,120,000","14,742,300,000",2.022E+11,782 817,A01,3,1,0,1,1,1,5,NULL,2.022E+11,1 058 256,782 817,A01,10,3,3,2,1944,5,0,-1,-1,9,2,1,2.022E+11,4,AV D ATLANTA,0,NULL,2,2,1,1,-1,-1,1,NULL,-1,1,0,5,30,
2.022E+11,17,12,2022,19:05:00,3,31,31555,2,1,1,6,AV D ATLANTA,"436,330,120,000","14,742,300,000",2.022E+11,782 817,A01,3,1,0,1,1,1,5,NULL,2.022E+11,1 058 257,782 817,A01,1,1,1,1,1954,5,8,8,-1,0,0,-1,2.022E+11,4,AV D ATLANTA,0,NULL,2,2,1,1,-1,-1,1,NULL,-1,1,0,5,30,
2.022E+11,23,5,2022,20:10:00,2,34,34162,1,1,1,3,D5e11,"434,786,420,000","35,186,400,000",2.022E+11,770 248,B01,0,1,0,2,3,0,5,NULL,2.022E+11,1 041 347,770 246,A01,1,1,1,1,1956,5,1,-1,-1,0,0,-1,2.022E+11,3,D5E11,-1,NULL,2,2,0,2,1,533,1,NULL,-1,1,0,1,80,
2.022E+11,23,5,2022,20:10:00,2,34,34162,1,1,1,3,D5e11,"434,786,420,000","35,186,400,000",2.022E+11,770 248,B01,0,1,0,2,3,0,5,NULL,2.022E+11,1 041 350,770 248,B01,1,1,3,1,1977,5,0,-1,-1,0,0,-1,2.022E+11,3,D5E11,-1,NULL,2,2,0,2,1,533,1,NULL,-1,1,0,1,80,
2.022E+11,27,1,2022,18:35:00,3,83,83104,1,1,1,5,Route de Saint Paul Lez Durance,"436,277,775,702","57,654,476,166",2.022E+11,768 074,C01,2,1,0,2,8,1,5,NULL,2.022E+11,1 038 490,768 071,A01,1,1,4,1,2003,5,1,-1,-1,0,0,-1,2.022E+11,3,3,-1,NULL,2,2,0,1,25,500,3,NULL,-1,1,0,1,80,
2.022E+11,27,1,2022,18:35:00,3,83,83104,1,1,1,5,Route de Saint Paul Lez Durance,"436,277,775,702","57,654,476,166",2.022E+11,768 074,C01,2,1,0,2,8,1,5,NULL,2.022E+11,1 038 491,768 072,B01,1,1,1,1,1992,1,1,-1,-1,0,0,-1,2.022E+11,3,3,-1,NULL,2,2,0,1,25,500,3,NULL,-1,1,0,1,80,
2.022E+11,27,1,2022,18:35:00,3,83,83104,1,1,1,5,Route de Saint Paul Lez Durance,"436,277,775,702","57,654,476,166",2.022E+11,768 074,C01,2,1,0,2,8,1,5,NULL,2.022E+11,1 038 493,768 074,C01,1,1,2,1,1962,1,2,4,9,0,0,-1,2.022E+11,3,3,-1,NULL,2,2,0,1,25,500,3,NULL,-1,1,0,1,80,
2.022E+11,4,3,2022,17:15:00,1,69,69259,2,1,2,1,Rue Ernest Renan,"457,257,000,000","48,609,400,000",2.022E+11,765 871,B01,3,1,0,2,8,19,5,NULL,2.022E+11,1 035 528,765 871,B01,1,1,4,1,2010,9,8,-1,-1,-1,-1,-1,2.022E+11,4,ERNEST RENAN                        (R ),0,NULL,2,2,0,1,-1,-1,1,NULL,-1,2,0,1,50,
2.022E+11,4,3,2022,17:15:00,1,69,69259,2,1,2,1,Rue Ernest Renan,"457,257,000,000","48,609,400,000",2.022E+11,765 871,B01,3,1,0,2,8,19,5,NULL,2.022E+11,1 035 529,765 872,A01,3,2,1,1,1997,0,1,-1,-1,-1,-1,-1,2.022E+11,4,ERNEST RENAN                        (R ),0,NULL,2,2,0,1,-1,-1,1,NULL,-1,2,0,1,50,