Accident_Id,jour,mois,an,hrmn,lum,dep,com,agg,int,atm,col,adr,lat,long,Num_Acc,id_vehicule,num_veh,senc,catv,obs,obsm,choc,manv,motor,occutc,Num_Acc,id_usager,id_vehicule,num_veh,place,catu,grav,sexe,an_nais,trajet,secu1,secu2,secu3,locp,actp,etatp,Num_Acc,catr,voie,v1,v2,circ,nbv,vosp,prof,pr,pr1,plan,lartpc,larrout,surf,infra,situ,vma,
2.022E+11,4,3,2022,17:15:00,1,69,69259,2,1,2,1,Rue Ernest Renan,"457,257,000,000","48,609,400,000",2.022E+11,765 871,B01,3,1,0,2,8,19,5,NULL,2.022E+11,1 035 530,765 872,A01,1,1,1,1,1978,0,1,-1,-1,-1,-1,-1,2.022E+11,4,ERNEST RENAN                        (R ),0,NULL,2,2,0,1,-1,-1,1,NULL,-1,2,0,1,50,
2.022E+11,30,8,2022,19:03:00,1,45,45169,2,1,1,3,184 Route Nationale,"479,295,179,042","18,382,476,568",2.022E+11,762 300,B01,3,1,0,2,1,19,5,NULL,2.022E+11,1 030 875,762 298,A01,1,1,1,2,1990,5,1,0,-1,-1,-1,-1,2.022E+11,4,NULL,0,NULL,2,2,0,1,-1,-1,1,NULL,-1,1,0,1,50,
2.022E+11,30,8,2022,19:03:00,1,45,45169,2,1,1,3,184 Route Nationale,"479,295,179,042","18,382,476,568",2.022E+11,762 300,B01,3,1,0,2,1,19,5,NULL,2.022E+11,1 030 877,762 300,B01,1,1,4,1,2014,5,8,0,-1,-1,-1,-1,2.022E+11,4,NULL,0,NULL,2,2,0,1,-1,-1,1,NULL,-1,1,0,1,50,
2.022E+11,21,7,2022,09:20:00,1,83,83016,1,1,1,3,NULL,"431,897,520,000","58,144,930,000",2.022E+11,759 758,B01,1,1,0,2,8,18,5,NULL,2.022E+11,1 027 541,759 758,B01,1,1,3,1,2005,5,2,-1,-1,0,0,-1,2.022E+11,3,n8,0,D,2,2,0,1,14,0,1,NULL,-1,1,0,2,-1,
2.022E+11,21,7,2022,09:20:00,1,83,83016,1,1,1,3,NULL,"431,897,520,000","58,144,930,000",2.022E+11,759 758,B01,1,1,0,2,8,18,5,NULL,2.022E+11,1 027 544,759 761,A01,1,1,1,1,1984,4,1,-1,-1,0,0,-1,2.022E+11,3,n8,0,D,2,2,0,1,14,0,1,NULL,-1,1,0,2,-1,
2.022E+11,19,5,2022,08:40:00,1,75,75108,2,1,1,3,BOULEVARD MALESHERBES,"488,729,810,000","23,212,010,000",2.022E+11,757 097,B01,1,1,0,2,8,1,5,NULL,2.022E+11,1 024 011,757 096,A01,1,1,1,1,1966,4,1,0,-1,0,0,-1,2.022E+11,4,BOULEVARD MALESHERBES,0,NULL,2,4,1,1,-1,-1,1,NULL,-1,1,-1,5,30,
2.022E+11,19,5,2022,08:40:00,1,75,75108,2,1,1,3,BOULEVARD MALESHERBES,"488,729,810,000","23,212,010,000",2.022E+11,757 097,B01,1,1,0,2,8,1,5,NULL,2.022E+11,1 024 012,757 097,B01,1,1,4,1,1963,1,2,0,-1,0,0,-1,2.022E+11,4,BOULEVARD MALESHERBES,0,NULL,2,4,1,1,-1,-1,1,NULL,-1,1,-1,5,30,
2.022E+11,12,11,2022,14:58:00,1,25,25495,2,1,1,3,18 rue de Beaupré,"472,768,960,000","61,072,450,000",2.022E+11,756 143,B01,3,1,0,2,1,1,5,NULL,2.022E+11,1 022 686,756 142,A01,1,1,1,1,1970,5,1,-1,-1,0,0,-1,2.022E+11,4,NULL,-1,NULL,2,2,0,1,-1,-1,1,NULL,4,1,0,1,30,
2.022E+11,12,11,2022,14:58:00,1,25,25495,2,1,1,3,18 rue de Beaupré,"472,768,960,000","61,072,450,000",2.022E+11,756 143,B01,3,1,0,2,1,1,5,NULL,2.022E+11,1 022 687,756 143,B01,1,1,3,1,2004,5,2,-1,-1,0,0,-1,2.022E+11,4,NULL,-1,NULL,2,2,0,1,-1,-1,1,NULL,4,1,0,1,30,
2.022E+11,5,11,2022,13:30:00,1,75,75118,2,1,1,6,BOULEVARD DE LA CHAPELLE,"488,841,460,000","23,536,060,000",2.022E+11,754 019,Z01,1,1,0,1,1,1,5,NULL,2.022E+11,1 019 812,754 019,Z01,10,3,4,1,1956,3,0,-1,-1,2,3,1,2.022E+11,4,BOULEVARD DE LA CHAPELLE,0,NULL,1,1,1,1,-1,-1,1,NULL,-1,1,0,1,30,
2.022E+11,5,11,2022,13:30:00,1,75,75118,2,1,1,6,BOULEVARD DE LA CHAPELLE,"488,841,460,000","23,536,060,000",2.022E+11,754 019,Z01,1,1,0,1,1,1,5,NULL,2.022E+11,1 019 813,754 019,Z01,1,1,1,1,1990,0,8,0,-1,0,0,-1,2.022E+11,4,BOULEVARD DE LA CHAPELLE,0,NULL,1,1,1,1,-1,-1,1,NULL,-1,1,0,1,30,
2.022E+11,7,4,2022,13:30:00,1,75,75115,2,2,1,2,AVENUE FELIX FAURE,"488,387,406,127","22,821,138,331",2.022E+11,747 313,A01,2,1,0,2,6,2,5,NULL,2.022E+11,1 010 795,747 313,A01,1,1,4,2,1992,3,2,0,-1,0,0,-1,2.022E+11,4,AVENUE FELIX FAURE,0,NULL,2,2,0,1,-1,-1,1,NULL,-1,1,0,1,30,
2.022E+11,7,4,2022,13:30:00,1,75,75115,2,2,1,2,AVENUE FELIX FAURE,"488,387,406,127","22,821,138,331",2.022E+11,747 313,A01,2,1,0,2,6,2,5,NULL,2.022E+11,1 010 796,747 315,Z01,1,1,1,-1,NULL,-1,-1,-1,-1,0,0,-1,2.022E+11,4,AVENUE FELIX FAURE,0,NULL,2,2,0,1,-1,-1,1,NULL,-1,1,0,1,30,
2.022E+11,31,1,2022,09:25:00,1,75,75115,2,1,1,6,QUAI DE GRENELLE,"488,520,860,000","22,854,360,000",2.022E+11,743 704,A01,1,1,12,0,1,14,5,NULL,2.022E+11,1 005 962,743 704,A01,1,1,4,2,1991,1,2,0,-1,0,0,-1,2.022E+11,4,QUAI DE GRENELLE,0,NULL,2,2,1,1,-1,-1,1,NULL,-1,1,-1,5,30,
2.022E+11,12,7,2022,17:57:00,1,49,49015,2,6,1,3,DE GAULLE ROND POINT DU GENERAL,"475,006,300,000"," -0,5900800000",2.022E+11,742 116,B01,3,1,0,2,7,1,5,NULL,2.022E+11,1 003 812,742 114,A01,1,1,1,2,1940,0,8,0,-1,-1,-1,-1,2.022E+11,4,DE GAULLE ROND POINT DU GENERAL,0,NULL,1,3,2,1,1,0,2,NULL,-1,1,0,1,30,
2.022E+11,12,7,2022,17:57:00,1,49,49015,2,6,1,3,DE GAULLE ROND POINT DU GENERAL,"475,006,300,000"," -0,5900800000",2.022E+11,742 116,B01,3,1,0,2,7,1,5,NULL,2.022E+11,1 003 814,742 116,B01,1,1,4,1,1979,0,8,0,-1,-1,-1,-1,2.022E+11,4,DE GAULLE ROND POINT DU GENERAL,0,NULL,1,3,2,1,1,0,2,NULL,-1,1,0,1,30,
2.022E+11,27,3,2022,15:35:00,1,59,59350,2,2,1,3,MOSELLE BOULEVARD N°IMPAIRS,"506,304,400,000","30,346,500,000",2.022E+11,740 434,B01,2,1,0,0,0,0,5,NULL,2.022E+11,1 001 520,740 432,A01,1,1,1,2,1995,5,1,8,-1,-1,-1,-1,2.022E+11,7,MOSELLE BOULEVARD N°IMPAIRS,0,NULL,2,2,0,1,-1,-1,1,NULL,-1,1,0,1,30,
2.022E+11,27,3,2022,15:35:00,1,59,59350,2,2,1,3,MOSELLE BOULEVARD N°IMPAIRS,"506,304,400,000","30,346,500,000",2.022E+11,740 434,B01,2,1,0,0,0,0,5,NULL,2.022E+11,1 001 523,740 434,B01,1,1,4,1,1982,9,8,0,-1,-1,-1,-1,2.022E+11,7,MOSELLE BOULEVARD N°IMPAIRS,0,NULL,2,2,0,1,-1,-1,1,NULL,-1,1,0,1,30,
2.022E+11,19,2,2022,11:00:00,1,59,59135,2,6,1,3,Route Nationale,"508,009,957,441","25,014,393,925",2.022E+11,737 624,B01,1,1,0,2,2,1,5,NULL,2.022E+11,997 645,737 621,A01,1,1,1,1,1980,9,1,-1,-1,0,0,-1,2.022E+11,3,948,0,D,2,2,0,3,-1,-1,1,NULL,-1,1,0,1,50,
2.022E+11,19,2,2022,11:00:00,1,59,59135,2,6,1,3,Route Nationale,"508,009,957,441","25,014,393,925",2.022E+11,737 624,B01,1,1,0,2,2,1,5,NULL,2.022E+11,997 648,737 624,B01,1,1,3,1,2003,0,2,-1,-1,0,0,-1,2.022E+11,3,948,0,D,2,2,0,3,-1,-1,1,NULL,-1,1,0,1,50,
2.022E+11,16,8,2022,06:05:00,2,67,67482,2,1,1,3,JEAN GIRAUDOUX (RUE),"485,872,200,000","77,009,300,000",2.022E+11,734 894,B01,2,1,0,2,1,19,5,NULL,2.022E+11,993 945,734 894,B01,1,1,4,1,1973,0,8,0,-1,-1,-1,-1,2.022E+11,4,JEAN GIRAUDOUX (RUE),0,NULL,2,3,1,1,0,0,3,NULL,-1,1,0,1,50,
2.022E+11,16,8,2022,06:05:00,2,67,67482,2,1,1,3,JEAN GIRAUDOUX (RUE),"485,872,200,000","77,009,300,000",2.022E+11,734 894,B01,2,1,0,2,1,19,5,NULL,2.022E+11,993 947,734 895,A01,1,1,1,1,1998,0,1,8,-1,-1,-1,-1,2.022E+11,4,JEAN GIRAUDOUX (RUE),0,NULL,2,3,1,1,0,0,3,NULL,-1,1,0,1,50,
2.022E+11,11,5,2022,14:35:00,1,987,98734,1,1,1,2,PK 30+400,"-177,233,790,000","-1,495,057,300,000",2.022E+11,733 163,A01,1,1,0,2,4,13,5,NULL,2.022E+11,991 650,733 162,B01,1,1,1,1,1970,5,1,-1,-1,0,0,-1,2.022E+11,2,1,0,NULL,2,2,0,1,30,400,2,NULL,-1,1,0,1,-1,
2.022E+11,11,5,2022,14:35:00,1,987,98734,1,1,1,2,PK 30+400,"-177,233,790,000","-1,495,057,300,000",2.022E+11,733 163,A01,1,1,0,2,4,13,5,NULL,2.022E+11,991 651,733 163,A01,1,1,3,1,2010,5,0,-1,-1,0,0,-1,2.022E+11,2,1,0,NULL,2,2,0,1,30,400,2,NULL,-1,1,0,1,-1,
2.022E+11,10,1,2022,09:40:00,1,67,67482,2,1,1,3,THUMENAU (RUE DE LA),"485,718,699,166","77,536,386,251",2.022E+11,732 672,A01,1,1,0,2,1,19,5,NULL,2.022E+11,991 042,732 672,A01,1,1,4,2,1986,1,8,0,-1,-1,-1,-1,2.022E+11,4,THUMENAU (RUE DE LA),0,NULL,3,7,1,1,-1,-1,1,NULL,-1,1,0,1,50,
2.022E+11,10,1,2022,09:40:00,1,67,67482,2,1,1,3,THUMENAU (RUE DE LA),"485,718,699,166","77,536,386,251",2.022E+11,732 672,A01,1,1,0,2,1,19,5,NULL,2.022E+11,991 043,732 673,B01,1,1,1,1,1954,5,1,8,-1,-1,-1,-1,2.022E+11,4,THUMENAU (RUE DE LA),0,NULL,3,7,1,1,-1,-1,1,NULL,-1,1,0,1,50,
2.022E+11,10,6,2022,18:50:00,1,75,75118,2,4,1,6,BOULEVARD DE CLICHY,"488,834,210,000","23,343,450,000",2.022E+11,731 107,A01,1,1,0,1,2,7,5,NULL,2.022E+11,988 937,731 107,A01,10,3,4,1,2016,9,0,-1,-1,3,3,2,2.022E+11,4,BOULEVARD DE CLICHY,0,NULL,3,2,3,1,-1,-1,1,NULL,-1,1,-1,6,30,
2.022E+11,10,6,2022,18:50:00,1,75,75118,2,4,1,6,BOULEVARD DE CLICHY,"488,834,210,000","23,343,450,000",2.022E+11,731 107,A01,1,1,0,1,2,7,5,NULL,2.022E+11,988 940,731 107,A01,1,1,1,1,1991,9,2,0,-1,0,0,-1,2.022E+11,4,BOULEVARD DE CLICHY,0,NULL,3,2,3,1,-1,-1,1,NULL,-1,1,-1,6,30,
2.022E+11,17,2,2022,15:20:00,1,69,69383,2,2,1,3,Rue Duguesclin,"457,596,800,000","48,490,800,000",2.022E+11,727 430,B01,2,1,0,2,7,1,5,NULL,2.022E+11,984 103,727 424,A01,1,1,1,1,1980,0,1,-1,-1,-1,-1,-1,2.022E+11,4,DUGUESCLIN                          (R ),0,NULL,1,1,2,1,-1,-1,1,NULL,-1,1,0,1,50,
2.022E+11,17,2,2022,15:20:00,1,69,69383,2,2,1,3,Rue Duguesclin,"457,596,800,000","48,490,800,000",2.022E+11,727 430,B01,2,1,0,2,7,1,5,NULL,2.022E+11,984 111,727 430,B01,1,1,4,1,1960,9,2,-1,-1,-1,-1,-1,2.022E+11,4,DUGUESCLIN                          (R ),0,NULL,1,1,2,1,-1,-1,1,NULL,-1,1,0,1,50,
2.022E+11,6,1,2022,09:15:00,1,69,69382,2,1,1,3,Rue Grenette,"457,634,500,000","48,357,600,000",2.022E+11,725 765,B01,1,1,0,2,1,1,5,NULL,2.022E+11,981 936,725 765,B01,1,1,4,1,1989,9,8,-1,-1,-1,-1,-1,2.022E+11,4,GRENETTE                            (R ),0,NULL,1,2,2,1,-1,-1,1,NULL,-1,1,0,1,30,
2.022E+11,6,1,2022,09:15:00,1,69,69382,2,1,1,3,Rue Grenette,"457,634,500,000","48,357,600,000",2.022E+11,725 765,B01,1,1,0,2,1,1,5,NULL,2.022E+11,981 937,725 766,A01,1,1,1,1,1972,1,8,-1,-1,-1,-1,-1,2.022E+11,4,GRENETTE                            (R ),0,NULL,1,2,2,1,-1,-1,1,NULL,-1,1,0,1,30,
2.022E+11,27,3,2022,16:45:00,1,75,75107,2,2,1,2,QUAI D ORSAY,"488,628,510,000","23,134,440,000",2.022E+11,720 671,B01,1,1,0,2,4,23,5,NULL,2.022E+11,975 124,720 671,B01,1,1,4,2,1994,5,2,0,-1,0,0,-1,2.022E+11,4,QUAI D ORSAY,0,NULL,2,6,0,1,-1,-1,1,NULL,-1,1,0,1,30,
2.022E+11,27,3,2022,16:45:00,1,75,75107,2,2,1,2,QUAI D ORSAY,"488,628,510,000","23,134,440,000",2.022E+11,720 671,B01,1,1,0,2,4,23,5,NULL,2.022E+11,975 129,720 676,A01,1,1,1,1,1984,5,1,0,-1,0,0,-1,2.022E+11,4,QUAI D ORSAY,0,NULL,2,6,0,1,-1,-1,1,NULL,-1,1,0,1,30,
2.022E+11,6,5,2022,13:25:00,1,75,75119,2,3,1,3,AVENUE SIMON BOLIVAR,"488,768,600,000","23,744,030,000",2.022E+11,719 302,B01,1,1,0,2,7,1,5,NULL,2.022E+11,973 243,719 302,B01,1,1,4,1,1983,9,2,0,-1,0,0,-1,2.022E+11,4,AVENUE SIMON BOLIVAR,0,NULL,1,1,0,2,-1,-1,1,NULL,-1,1,0,1,30,
2.022E+11,6,5,2022,13:25:00,1,75,75119,2,3,1,3,AVENUE SIMON BOLIVAR,"488,768,600,000","23,744,030,000",2.022E+11,719 302,B01,1,1,0,2,7,1,5,NULL,2.022E+11,973 244,719 303,A01,1,1,1,1,1983,9,1,0,-1,0,0,-1,2.022E+11,4,AVENUE SIMON BOLIVAR,0,NULL,1,1,0,2,-1,-1,1,NULL,-1,1,0,1,30,
2.022E+11,6,5,2022,13:25:00,1,75,75119,2,3,1,3,AVENUE SIMON BOLIVAR,"488,768,600,000","23,744,030,000",2.022E+11,719 302,B01,1,1,0,2,7,1,5,NULL,2.022E+11,973 246,719 303,A01,2,2,1,1,1984,9,1,0,-1,0,0,-1,2.022E+11,4,AVENUE SIMON BOLIVAR,0,NULL,1,1,0,2,-1,-1,1,NULL,-1,1,0,1,30,
2.022E+11,7,5,2022,12:50:00,1,85,85201,1,1,1,7,Le Perdrion,"464,370,650,000","-13,238,800,000",2.022E+11,715 708,A01,3,1,0,0,0,0,5,NULL,2.022E+11,968 341,715 708,A01,1,1,3,1,1952,5,2,-1,-1,0,0,-1,2.022E+11,4,46,0,D,2,2,0,3,-1,-1,1,NULL,-1,1,0,1,80,
2.022E+11,28,4,2022,13:05:00,1,61,61001,2,1,1,7,VICQUES (RUE DE),"484,350,000,000","0,1080000000",2.022E+11,798 066,A01,1,1,14,0,0,26,5,NULL,2.022E+11,1 078 634,798 066,A01,1,1,4,1,2006,2,8,0,-1,-1,-1,-1,2.022E+11,4,VICQUES (RUE DE),0,NULL,-1,2,0,1,0,0,1,NULL,-1,1,9,1,30,
2.022E+11,8,2,2022,16:30:00,1,69,69388,2,1,1,7,Rue Henri Barbusse,"457,307,533,883","48,579,551,263",2.022E+11,795 901,A01,2,1,0,9,4,1,5,NULL,2.022E+11,1 075 729,795 901,A01,1,1,4,1,1974,0,2,-1,-1,-1,-1,-1,2.022E+11,4,HENRI BARBUSSE                      (R ),0,NULL,2,2,2,1,-1,-1,1,NULL,-1,1,0,1,50,
2.022E+11,14,3,2022,18:25:00,2,974,97409,2,2,1,3,RES DES LONGANIS,"-209,729,300,000","556,569,000,000",2.022E+11,794 706,B01,3,1,0,2,8,1,5,NULL,2.022E+11,1 074 152,794 703,A01,1,1,4,1,1989,0,2,0,-1,-1,-1,-1,2.022E+11,4,RES DES LONGANIS,0,NULL,2,2,0,1,0,0,1,NULL,-1,1,0,1,50,
2.022E+11,14,3,2022,18:25:00,2,974,97409,2,2,1,3,RES DES LONGANIS,"-209,729,300,000","556,569,000,000",2.022E+11,794 706,B01,3,1,0,2,8,1,5,NULL,2.022E+11,1 074 157,794 706,B01,1,1,4,1,2005,0,8,0,-1,-1,-1,-1,2.022E+11,4,RES DES LONGANIS,0,NULL,2,2,0,1,0,0,1,NULL,-1,1,0,1,50,
2.022E+11,10,9,2022,13:15:00,1,75,75108,2,3,2,6,AVENUE DES CHAMPS ELYSEES,"488,670,800,000","23,161,210,000",2.022E+11,793 046,A01,1,1,14,0,0,13,5,NULL,2.022E+11,1 071 981,793 046,A01,1,1,4,1,1966,5,8,0,-1,0,0,-1,2.022E+11,4,AVENUE DES CHAMPS ELYSEES,0,NULL,2,6,1,1,-1,-1,1,NULL,-1,2,-1,5,50,
2.022E+11,4,2,2022,13:00:00,1,75,75101,2,2,1,2,RUE DE RIVOLI,"488,598,970,000","23,439,950,000",2.022E+11,786 498,B01,1,1,0,2,4,23,5,NULL,2.022E+11,1 063 162,786 496,A01,1,1,4,1,1978,1,2,0,-1,0,0,-1,2.022E+11,4,RUE DE RIVOLI,0,NULL,1,4,1,1,-1,-1,1,NULL,-1,1,0,5,30,
2.022E+11,4,2,2022,13:00:00,1,75,75101,2,2,1,2,RUE DE RIVOLI,"488,598,970,000","23,439,950,000",2.022E+11,786 498,B01,1,1,0,2,4,23,5,NULL,2.022E+11,1 063 164,786 498,B01,1,1,1,1,1984,1,2,0,-1,0,0,-1,2.022E+11,4,RUE DE RIVOLI,0,NULL,1,4,1,1,-1,-1,1,NULL,-1,1,0,5,30,
2.022E+11,20,12,2022,18:40:00,5,33,33063,2,1,2,3,Quai de Paludate,"448,281,300,000"," -0,5525000000",2.022E+11,786 341,B01,1,1,0,2,7,1,5,NULL,2.022E+11,1 062 960,786 339,A01,1,1,1,1,1962,0,1,-1,-1,0,0,-1,2.022E+11,4,QUAI DE PALUDATE,0,NULL,2,2,0,1,-1,-1,1,NULL,-1,2,0,1,30,
2.022E+11,20,12,2022,18:40:00,5,33,33063,2,1,2,3,Quai de Paludate,"448,281,300,000"," -0,5525000000",2.022E+11,786 341,B01,1,1,0,2,7,1,5,NULL,2.022E+11,1 062 962,786 341,B01,1,1,4,1,1996,0,0,-1,-1,0,0,-1,2.022E+11,4,QUAI DE PALUDATE,0,NULL,2,2,0,1,-1,-1,1,NULL,-1,2,0,1,30,
2.022E+11,11,11,2022,13:10:00,1,67,67482,2,3,1,6,HAUTE MONTEE (RUE DE LA),"485,842,900,000","77,475,900,000",2.022E+11,781 389,A01,1,1,0,1,1,1,5,NULL,2.022E+11,1 056 352,781 389,A01,10,3,4,1,1940,0,0,-1,-1,1,3,1,2.022E+11,4,HAUTE MONTEE (RUE DE LA),0,NULL,2,2,3,1,-1,-1,1,NULL,-1,9,0,1,20,
2.022E+11,11,11,2022,13:10:00,1,67,67482,2,3,1,6,HAUTE MONTEE (RUE DE LA),"485,842,900,000","77,475,900,000",2.022E+11,781 389,A01,1,1,0,1,1,1,5,NULL,2.022E+11,1 056 353,781 389,A01,1,1,1,2,1990,0,8,8,-1,-1,-1,-1,2.022E+11,4,HAUTE MONTEE (RUE DE LA),0,NULL,2,2,3,1,-1,-1,1,NULL,-1,9,0,1,20,
2.022E+11,2,2,2022,18:45:00,1,6,6088,2,1,1,2,MICHEL ANGE (AV.) (A PARTIR DU N° 22-23),"437,123,260,000","72,615,180,000",2.022E+11,781 257,B01,2,1,0,2,1,2,5,NULL,2.022E+11,1 056 175,781 255,A01,1,1,1,1,1991,4,1,-1,-1,0,0,-1,2.022E+11,4,MICHEL ANGE (AV.) (A PARTIR DU N° 22-23),0,NULL,1,1,0,1,0,0,1,NULL,-1,1,0,1,50,
2.022E+11,2,2,2022,18:45:00,1,6,6088,2,1,1,2,MICHEL ANGE (AV.) (A PARTIR DU N° 22-23),"437,123,260,000","72,615,180,000",2.022E+11,781 257,B01,2,1,0,2,1,2,5,NULL,2.022E+11,1 056 177,781 257,B01,1,1,4,2,1964,5,8,0,-1,0,0,-1,2.022E+11,4,MICHEL ANGE (AV.) (A PARTIR DU N° 22-23),0,NULL,1,1,0,1,0,0,1,NULL,-1,1,0,1,50,
2.022E+11,28,5,2022,18:00:00,1,75,75108,2,7,1,3,AVENUE MATIGNON,"488,690,756,600","23,103,194,052",2.022E+11,780 519,A01,3,1,0,2,1,19,5,NULL,2.022E+11,1 055 246,780 519,A01,1,1,4,1,2004,5,2,0,-1,0,0,-1,2.022E+11,4,AVENUE MATIGNON,0,NULL,1,3,0,1,-1,-1,1,NULL,-1,1,0,1,30,
2.022E+11,28,5,2022,18:00:00,1,75,75108,2,7,1,3,AVENUE MATIGNON,"488,690,756,600","23,103,194,052",2.022E+11,780 519,A01,3,1,0,2,1,19,5,NULL,2.022E+11,1 055 248,780 521,B01,1,1,1,1,1989,4,1,0,-1,0,0,-1,2.022E+11,4,AVENUE MATIGNON,0,NULL,1,3,0,1,-1,-1,1,NULL,-1,1,0,1,30,
2.022E+11,5,11,2022,02:35:00,5,75,75110,2,1,1,3,BOULEVARD DE MAGENTA,"488,719,010,000","23,601,100,000",2.022E+11,780 032,A01,1,1,0,2,4,1,5,NULL,2.022E+11,1 054 554,780 032,A01,1,1,4,1,1985,9,8,0,-1,0,0,-1,2.022E+11,4,BOULEVARD DE MAGENTA,0,NULL,2,6,1,2,-1,-1,2,NULL,-1,1,0,5,30,
2.022E+11,5,11,2022,02:35:00,5,75,75110,2,1,1,3,BOULEVARD DE MAGENTA,"488,719,010,000","23,601,100,000",2.022E+11,780 032,A01,1,1,0,2,4,1,5,NULL,2.022E+11,1 054 555,780 033,B01,1,1,1,1,1996,9,2,0,-1,0,0,-1,2.022E+11,4,BOULEVARD DE MAGENTA,0,NULL,2,6,1,2,-1,-1,2,NULL,-1,1,0,5,30,
2.022E+11,7,10,2022,14:30:00,1,26,26362,2,1,1,6,FRANKLIN RUE BENJAMIN,"449,161,900,000","48,864,600,000",2.022E+11,778 171,B01,1,1,1,0,0,0,5,NULL,2.022E+11,1 052 085,778 171,B01,1,1,4,2,1954,0,-1,0,-1,0,0,-1,2.022E+11,4,FRANKLIN RUE BENJAMIN,0,NULL,3,2,0,1,-1,-1,1,NULL,-1,1,0,1,50,
2.022E+11,7,10,2022,14:30:00,1,26,26362,2,1,1,6,FRANKLIN RUE BENJAMIN,"449,161,900,000","48,864,600,000",2.022E+11,778 171,B01,1,1,1,0,0,0,5,NULL,2.022E+11,1 052 086,778 172,A01,1,1,1,1,1975,0,1,0,-1,0,0,-1,2.022E+11,4,FRANKLIN RUE BENJAMIN,0,NULL,3,2,0,1,-1,-1,1,NULL,-1,1,0,1,50,
2.022E+11,10,3,2022,09:30:00,1,92,92026,2,3,1,3,DUBONNET,"489,013,090,000","22,599,780,000",2.022E+11,776 215,B01,1,1,0,2,6,0,5,NULL,2.022E+11,1 049 458,776 213,A01,1,1,1,1,1998,0,1,0,-1,-1,-1,-1,2.022E+11,3,908,0,NULL,3,2,2,1,0,0,1,NULL,-1,1,0,1,50,
2.022E+11,10,3,2022,09:30:00,1,92,92026,2,3,1,3,DUBONNET,"489,013,090,000","22,599,780,000",2.022E+11,776 215,B01,1,1,0,2,6,0,5,NULL,2.022E+11,1 049 460,776 215,B01,1,1,4,1,1954,0,8,0,-1,-1,-1,-1,2.022E+11,3,908,0,NULL,3,2,2,1,0,0,1,NULL,-1,1,0,1,50,
2.022E+11,25,7,2022,14:30:00,1,94,94079,2,3,1,1,Rue Guillaume Bude / Avenue Emile Bernier,"488,253,682,291","25,423,023,105",2.022E+11,773 926,B01,1,1,0,2,1,5,5,NULL,2.022E+11,1 046 295,773 926,B01,1,1,4,2,2009,0,8,0,-1,-1,-1,-1,2.022E+11,4,GUILLAUME BUDE (R),0,NULL,1,1,0,2,0,0,1,NULL,-1,1,0,1,50,
2.022E+11,25,7,2022,14:30:00,1,94,94079,2,3,1,1,Rue Guillaume Bude / Avenue Emile Bernier,"488,253,682,291","25,423,023,105",2.022E+11,773 926,B01,1,1,0,2,1,5,5,NULL,2.022E+11,1 046 298,773 928,A01,1,1,1,1,1979,0,1,0,-1,-1,-1,-1,2.022E+11,4,GUILLAUME BUDE (R),0,NULL,1,1,0,2,0,0,1,NULL,-1,1,0,1,50,
2.022E+11,28,1,2022,11:35:00,1,50,50147,2,9,1,2,VERDUN (AVENUE DE),"490,391,400,000","-14,465,500,000",2.022E+11,771 348,A01,2,1,0,2,1,2,5,NULL,2.022E+11,1 042 819,771 346,B01,1,1,1,2,1969,3,1,8,-1,-1,-1,-1,2.022E+11,3,VERDUN (AVENUE DE),0,NULL,2,2,0,2,2,51,1,NULL,-1,1,0,1,50,
2.022E+11,28,1,2022,11:35:00,1,50,50147,2,9,1,2,VERDUN (AVENUE DE),"490,391,400,000","-14,465,500,000",2.022E+11,771 348,A01,2,1,0,2,1,2,5,NULL,2.022E+11,1 042 822,771 348,A01,1,1,3,1,1957,5,2,8,-1,-1,-1,-1,2.022E+11,3,VERDUN (AVENUE DE),0,NULL,2,2,0,2,2,51,1,NULL,-1,1,0,1,50,
2.022E+11,21,7,2022,09:50:00,1,1,1447,1,3,1,2,CARREFOUR DE LA D979 ET D 42A,"461,668,730,000","54,009,390,000",2.022E+11,770 166,B01,1,1,0,2,4,24,5,NULL,2.022E+11,1 041 232,770 163,A01,1,1,1,2,1999,5,1,-1,-1,0,0,-1,2.022E+11,3,42,-1,A,2,2,0,3,2,523,1,NULL,-1,1,5,1,80,
2.022E+11,21,7,2022,09:50:00,1,1,1447,1,3,1,2,CARREFOUR DE LA D979 ET D 42A,"461,668,730,000","54,009,390,000",2.022E+11,770 166,B01,1,1,0,2,4,24,5,NULL,2.022E+11,1 041 235,770 166,B01,1,1,4,1,2002,5,2,-1,-1,0,0,-1,2.022E+11,3,42,-1,A,2,2,0,3,2,523,1,NULL,-1,1,5,1,80,
2.022E+11,27,1,2022,05:30:00,5,75,75108,2,3,1,3,BOULEVARD DES BATIGNOLLES,"488,822,390,000","23,217,400,000",2.022E+11,768 179,A01,3,1,0,2,1,9,5,NULL,2.022E+11,1 038 633,768 178,B01,1,1,4,1,1979,4,2,6,-1,0,0,-1,2.022E+11,4,BOULEVARD DES BATIGNOLLES,0,NULL,3,2,0,1,-1,-1,1,NULL,-1,1,0,1,30,
2.022E+11,27,1,2022,05:30:00,5,75,75108,2,3,1,3,BOULEVARD DES BATIGNOLLES,"488,822,390,000","23,217,400,000",2.022E+11,768 179,A01,3,1,0,2,1,9,5,NULL,2.022E+11,1 038 634,768 179,A01,1,1,4,1,1999,9,2,0,-1,0,0,-1,2.022E+11,4,BOULEVARD DES BATIGNOLLES,0,NULL,3,2,0,1,-1,-1,1,NULL,-1,1,0,1,30,