Accident_Id,jour,mois,an,hrmn,lum,dep,com,agg,int,atm,col,adr,lat,long,Num_Acc,id_vehicule,num_veh,senc,catv,obs,obsm,choc,manv,motor,occutc,Num_Acc,id_usager,id_vehicule,num_veh,place,catu,grav,sexe,an_nais,trajet,secu1,secu2,secu3,locp,actp,etatp,Num_Acc,catr,voie,v1,v2,circ,nbv,vosp,prof,pr,pr1,plan,lartpc,larrout,surf,infra,situ,vma,
2.022E+11,18,5,2022,16:27:00,1,75,75107,2,2,1,3,BOULEVARD SAINT GERMAIN,"488,584,990,000","23,230,980,000",2.022E+11,753 660,B01,2,1,0,2,8,7,5,NULL,2.022E+11,1 019 304,753 660,B01,1,1,4,1,1967,1,2,0,-1,0,0,-1,2.022E+11,4,BOULEVARD SAINT GERMAIN,0,NULL,2,3,3,1,-1,-1,1,NULL,-1,1,-1,6,50,
2.022E+11,18,5,2022,16:27:00,1,75,75107,2,2,1,3,BOULEVARD SAINT GERMAIN,"488,584,990,000","23,230,980,000",2.022E+11,753 660,B01,2,1,0,2,8,7,5,NULL,2.022E+11,1 019 305,753 661,A01,1,1,1,1,1990,9,1,0,-1,0,0,-1,2.022E+11,4,BOULEVARD SAINT GERMAIN,0,NULL,2,3,3,1,-1,-1,1,NULL,-1,1,-1,6,50,
2.022E+11,25,2,2022,18:00:00,1,61,61462,2,6,1,3,rd924,"487,291,460,000"," -0,0392380000",2.022E+11,752 269,B01,2,1,0,2,8,19,5,NULL,2.022E+11,1 017 378,752 267,A01,1,1,1,2,1973,2,1,-1,-1,0,0,-1,2.022E+11,3,924,-1,NULL,3,2,0,1,2,100,1,NULL,-1,1,0,1,90,
2.022E+11,25,2,2022,18:00:00,1,61,61462,2,6,1,3,rd924,"487,291,460,000"," -0,0392380000",2.022E+11,752 269,B01,2,1,0,2,8,19,5,NULL,2.022E+11,1 017 381,752 269,B01,1,1,4,2,1962,1,0,-1,-1,0,0,-1,2.022E+11,3,924,-1,NULL,3,2,0,1,2,100,1,NULL,-1,1,0,1,90,
2.022E+11,25,8,2022,16:45:00,1,6,6157,2,1,1,3,Chemin des Anciens Combattants d Afrique du Nord,"437,244,440,000","70,896,360,000",2.022E+11,752 013,B01,3,1,0,2,1,15,5,NULL,2.022E+11,1 017 043,752 013,B01,1,1,2,2,2006,5,0,-1,-1,0,0,-1,2.022E+11,7,NULL,0,NULL,2,2,0,2,1,119,1,NULL,4,1,0,1,50,
2.022E+11,25,8,2022,16:45:00,1,6,6157,2,1,1,3,Chemin des Anciens Combattants d Afrique du Nord,"437,244,440,000","70,896,360,000",2.022E+11,752 013,B01,3,1,0,2,1,15,5,NULL,2.022E+11,1 017 044,752 014,A01,1,1,1,1,1975,5,1,-1,-1,0,0,-1,2.022E+11,7,NULL,0,NULL,2,2,0,2,1,119,1,NULL,4,1,0,1,50,
2.022E+11,14,7,2022,18:55:00,1,60,60139,2,3,7,3,Rue de l'Ancien Moulin,"491,626,910,000","22,529,640,000",2.022E+11,744 922,B01,3,1,0,2,8,19,5,NULL,2.022E+11,1 007 586,744 922,B01,1,1,4,1,2004,1,0,-1,-1,0,0,-1,2.022E+11,3,0,0,A,2,2,1,1,1,500,1,NULL,-1,1,0,1,30,
2.022E+11,14,7,2022,18:55:00,1,60,60139,2,3,7,3,Rue de l'Ancien Moulin,"491,626,910,000","22,529,640,000",2.022E+11,744 922,B01,3,1,0,2,8,19,5,NULL,2.022E+11,1 007 589,744 924,A01,1,1,1,1,1994,5,1,-1,-1,0,0,-1,2.022E+11,3,0,0,A,2,2,1,1,1,500,1,NULL,-1,1,0,1,30,
2.022E+11,6,4,2022,17:50:00,1,69,69388,2,2,1,3,Rue Feuillat,"457,433,400,000","48,742,600,000",2.022E+11,744 155,B01,3,1,0,2,0,0,0,NULL,2.022E+11,1 006 559,744 153,A01,1,1,1,1,1971,0,2,-1,-1,0,0,-1,2.022E+11,4,FEUILLAT                            (R ),0,NULL,1,1,2,1,-1,-1,1,NULL,-1,1,0,1,50,
2.022E+11,6,4,2022,17:50:00,1,69,69388,2,2,1,3,Rue Feuillat,"457,433,400,000","48,742,600,000",2.022E+11,744 155,B01,3,1,0,2,0,0,0,NULL,2.022E+11,1 006 562,744 155,B01,1,1,4,1,2001,0,8,-1,-1,0,0,-1,2.022E+11,4,FEUILLAT                            (R ),0,NULL,1,1,2,1,-1,-1,1,NULL,-1,1,0,1,50,
2.022E+11,6,4,2022,14:30:00,1,75,75119,2,1,1,2,RUE DU MAROC,"488,870,201,016","23,679,106,687",2.022E+11,743 980,A01,2,1,0,2,8,2,5,NULL,2.022E+11,1 006 333,743 978,Z01,1,1,1,-1,NULL,0,8,0,-1,-1,-1,-1,2.022E+11,4,RUE DU MAROC,0,NULL,2,2,0,1,-1,-1,1,NULL,-1,1,0,1,30,
2.022E+11,6,4,2022,14:30:00,1,75,75119,2,1,1,2,RUE DU MAROC,"488,870,201,016","23,679,106,687",2.022E+11,743 980,A01,2,1,0,2,8,2,5,NULL,2.022E+11,1 006 336,743 980,A01,1,1,4,1,1972,9,2,0,-1,0,0,-1,2.022E+11,4,RUE DU MAROC,0,NULL,2,2,0,1,-1,-1,1,NULL,-1,1,0,1,30,
2.022E+11,23,2,2022,11:25:00,1,83,83137,2,1,1,6,avenue lieutenant de vaisseau d'Etienne d'Orves,"431,271,100,000","59,197,900,000",2.022E+11,740 922,A01,1,1,0,2,0,0,5,NULL,2.022E+11,1 002 197,740 919,C01,1,1,1,1,1982,0,1,-1,-1,-1,-1,-1,2.022E+11,4,ESTIENNE D'ORVES (AVE),0,NULL,1,5,0,1,0,0,1,NULL,-1,1,0,1,50,
2.022E+11,23,2,2022,11:25:00,1,83,83137,2,1,1,6,avenue lieutenant de vaisseau d'Etienne d'Orves,"431,271,100,000","59,197,900,000",2.022E+11,740 922,A01,1,1,0,2,0,0,5,NULL,2.022E+11,1 002 200,740 921,B01,1,1,1,1,1983,0,1,-1,-1,-1,-1,-1,2.022E+11,4,ESTIENNE D'ORVES (AVE),0,NULL,1,5,0,1,0,0,1,NULL,-1,1,0,1,50,
2.022E+11,23,2,2022,11:25:00,1,83,83137,2,1,1,6,avenue lieutenant de vaisseau d'Etienne d'Orves,"431,271,100,000","59,197,900,000",2.022E+11,740 922,A01,1,1,0,2,0,0,5,NULL,2.022E+11,1 002 201,740 922,A01,1,1,3,1,1960,0,2,0,-1,-1,-1,-1,2.022E+11,4,ESTIENNE D'ORVES (AVE),0,NULL,1,5,0,1,0,0,1,NULL,-1,1,0,1,50,
2.022E+11,23,2,2022,09:25:00,1,75,75112,2,2,1,3,AVENUE DAUMESNIL,"488,393,710,000","24,299,640,000",2.022E+11,738 506,B01,3,1,0,2,8,1,5,NULL,2.022E+11,998 823,738 506,B01,1,1,4,1,1974,9,2,-1,-1,0,0,-1,2.022E+11,4,AVENUE DAUMESNIL,0,NULL,2,3,0,1,-1,-1,1,NULL,-1,1,0,1,30,
2.022E+11,23,2,2022,09:25:00,1,75,75112,2,2,1,3,AVENUE DAUMESNIL,"488,393,710,000","24,299,640,000",2.022E+11,738 506,B01,3,1,0,2,8,1,5,NULL,2.022E+11,998 825,738 509,A01,1,1,1,1,1998,9,1,-1,-1,0,0,-1,2.022E+11,4,AVENUE DAUMESNIL,0,NULL,2,3,0,1,-1,-1,1,NULL,-1,1,0,1,30,
2.022E+11,18,2,2022,15:25:00,1,42,42127,2,1,9,6,Avenue Charles de Gaulle,"460,721,200,000","40,659,300,000",2.022E+11,737 919,B01,3,1,0,0,1,26,5,NULL,2.022E+11,998 033,737 919,B01,1,1,3,1,1946,0,2,8,-1,-1,-1,-1,2.022E+11,3,CORNEILLE PIERRE (RUE),0,NULL,2,2,0,1,13,450,1,NULL,-1,1,0,1,70,
2.022E+11,18,2,2022,15:25:00,1,42,42127,2,1,9,6,Avenue Charles de Gaulle,"460,721,200,000","40,659,300,000",2.022E+11,737 919,B01,3,1,0,0,1,26,5,NULL,2.022E+11,998 034,737 920,A01,1,1,1,1,1962,3,8,0,-1,-1,-1,-1,2.022E+11,3,CORNEILLE PIERRE (RUE),0,NULL,2,2,0,1,13,450,1,NULL,-1,1,0,1,70,
2.022E+11,12,6,2022,03:45:00,5,31,31555,2,3,1,3,BD DE STRASBOURG,"436,086,000,000","14,457,400,000",2.022E+11,737 815,B01,3,1,0,2,1,19,5,NULL,2.022E+11,997 891,737 815,B01,1,1,4,2,1993,5,8,0,-1,-1,-1,-1,2.022E+11,4,BD DE STRASBOURG,0,NULL,2,2,0,1,-1,-1,1,NULL,-1,1,0,1,50,
2.022E+11,12,6,2022,03:45:00,5,31,31555,2,3,1,3,BD DE STRASBOURG,"436,086,000,000","14,457,400,000",2.022E+11,737 815,B01,3,1,0,2,1,19,5,NULL,2.022E+11,997 897,737 819,A01,1,1,1,1,1995,5,1,8,-1,-1,-1,-1,2.022E+11,4,BD DE STRASBOURG,0,NULL,2,2,0,1,-1,-1,1,NULL,-1,1,0,1,50,
2.022E+11,24,9,2022,21:51:00,4,65,65047,2,6,8,3,GUESDE (RUE JULES),"432,456,120,000","0,0898850000",2.022E+11,735 898,B01,1,1,0,2,1,1,5,NULL,2.022E+11,995 298,735 898,B01,1,1,4,1,1997,9,8,-1,-1,0,0,-1,2.022E+11,3,RUE  GUESDE JULES,0,NULL,2,2,0,1,3,425,2,NULL,-1,1,0,1,50,
2.022E+11,24,9,2022,21:51:00,4,65,65047,2,6,8,3,GUESDE (RUE JULES),"432,456,120,000","0,0898850000",2.022E+11,735 898,B01,1,1,0,2,1,1,5,NULL,2.022E+11,995 299,735 899,A01,1,1,1,2,1966,2,1,-1,-1,0,0,-1,2.022E+11,3,RUE  GUESDE JULES,0,NULL,2,2,0,1,3,425,2,NULL,-1,1,0,1,50,
2.022E+11,3,11,2022,18:10:00,3,55,55545,2,6,3,7,MIRIBEL ( AVENUE ),"491,676,200,000","53,942,100,000",2.022E+11,735 688,B01,1,1,0,2,7,19,5,NULL,2.022E+11,995 007,735 686,A01,1,1,1,1,1980,0,1,0,-1,0,0,-1,2.022E+11,3,MIRIBEL ( AVENUE ),0,NULL,2,2,0,1,36,0,1,NULL,-1,2,6,1,50,
2.022E+11,3,11,2022,18:10:00,3,55,55545,2,6,3,7,MIRIBEL ( AVENUE ),"491,676,200,000","53,942,100,000",2.022E+11,735 688,B01,1,1,0,2,7,19,5,NULL,2.022E+11,995 009,735 688,B01,1,1,4,2,2001,5,0,-1,-1,3,3,1,2.022E+11,3,MIRIBEL ( AVENUE ),0,NULL,2,2,0,1,36,0,1,NULL,-1,2,6,1,50,
2.022E+11,1,12,2022,09:15:00,1,14,14118,2,3,5,1,Avenue Georges Clemenceau,"491,881,230,000"," -0,3517440000",2.022E+11,735 511,B01,1,1,0,2,1,15,5,NULL,2.022E+11,994 783,735 511,B01,1,1,4,2,1972,1,2,0,-1,0,0,-1,2.022E+11,4,CLEMENCEAU (AVENUE GEORGES),0,NULL,2,2,0,1,-1,-1,1,NULL,-1,1,0,1,50,
2.022E+11,1,12,2022,09:15:00,1,14,14118,2,3,5,1,Avenue Georges Clemenceau,"491,881,230,000"," -0,3517440000",2.022E+11,735 511,B01,1,1,0,2,1,15,5,NULL,2.022E+11,994 784,735 512,A01,1,1,1,2,1963,0,8,0,-1,0,0,-1,2.022E+11,4,CLEMENCEAU (AVENUE GEORGES),0,NULL,2,2,0,1,-1,-1,1,NULL,-1,1,0,1,50,
2.022E+11,15,8,2022,19:35:00,1,57,57433,2,1,1,3,Route de Thionville,"492,194,370,000","61,630,560,000",2.022E+11,734 089,B01,2,1,0,2,7,19,5,NULL,2.022E+11,992 890,734 088,A01,1,1,1,1,1983,1,1,-1,-1,0,0,-1,2.022E+11,3,953,-1,NULL,2,2,0,1,12,285,1,NULL,-1,1,0,1,50,
2.022E+11,15,8,2022,19:35:00,1,57,57433,2,1,1,3,Route de Thionville,"492,194,370,000","61,630,560,000",2.022E+11,734 089,B01,2,1,0,2,7,19,5,NULL,2.022E+11,992 891,734 089,B01,1,1,3,1,2009,5,0,-1,-1,0,0,-1,2.022E+11,3,953,-1,NULL,2,2,0,1,12,285,1,NULL,-1,1,0,1,50,
2.022E+11,19,2,2022,20:30:00,5,75,75109,2,1,1,6,RUE NOTRE DAME DE LORETTE,"488,793,800,000","23,363,960,000",2.022E+11,733 578,Z01,1,1,0,1,6,1,5,NULL,2.022E+11,992 172,733 578,Z01,10,3,4,2,1939,5,8,8,-1,2,3,1,2.022E+11,4,RUE NOTRE DAME DE LORETTE,0,NULL,1,1,0,2,-1,-1,1,NULL,-1,1,0,1,30,
2.022E+11,19,2,2022,20:30:00,5,75,75109,2,1,1,6,RUE NOTRE DAME DE LORETTE,"488,793,800,000","23,363,960,000",2.022E+11,733 578,Z01,1,1,0,1,6,1,5,NULL,2.022E+11,992 174,733 578,Z01,1,1,1,-1,NULL,-1,-1,-1,-1,0,0,-1,2.022E+11,4,RUE NOTRE DAME DE LORETTE,0,NULL,1,1,0,2,-1,-1,1,NULL,-1,1,0,1,30,
2.022E+11,10,7,2022,18:10:00,1,95,95428,2,1,1,2,Avenue Charles de Gaulle,"489,810,525,751","23,203,092,813",2.022E+11,731 938,A01,1,1,0,2,2,17,5,NULL,2.022E+11,990 048,731 937,B01,1,1,4,1,2000,5,0,-1,-1,-1,0,-1,2.022E+11,3,CHARLES DE GAULLE  AVENUE,0,NULL,2,2,0,2,7,750,1,NULL,-1,1,0,1,50,
2.022E+11,10,7,2022,18:10:00,1,95,95428,2,1,1,2,Avenue Charles de Gaulle,"489,810,525,751","23,203,092,813",2.022E+11,731 938,A01,1,1,0,2,2,17,5,NULL,2.022E+11,990 049,731 938,A01,1,1,4,1,1966,5,2,-1,-1,-1,0,-1,2.022E+11,3,CHARLES DE GAULLE  AVENUE,0,NULL,2,2,0,2,7,750,1,NULL,-1,1,0,1,50,
2.022E+11,25,10,2022,17:40:00,1,64,64348,2,1,1,3,Avenue Jean Mermoz,"433,213,000,000"," -0,3791300000",2.022E+11,730 229,B01,2,1,0,2,1,1,5,NULL,2.022E+11,987 784,730 226,A01,1,1,1,1,1980,0,1,0,-1,-1,-1,-1,2.022E+11,4,JEAN MERMOZ,0,NULL,2,2,2,1,-1,-1,1,NULL,-1,1,0,5,50,
2.022E+11,25,10,2022,17:40:00,1,64,64348,2,1,1,3,Avenue Jean Mermoz,"433,213,000,000"," -0,3791300000",2.022E+11,730 229,B01,2,1,0,2,1,1,5,NULL,2.022E+11,987 785,730 229,B01,1,1,4,1,1991,0,2,0,-1,-1,-1,-1,2.022E+11,4,JEAN MERMOZ,0,NULL,2,2,2,1,-1,-1,1,NULL,-1,1,0,5,50,
2.022E+11,25,10,2022,09:30:00,1,42,42187,2,6,1,3,Boulevard Maréchal Joffre,"460,533,934,364","40,731,779,337",2.022E+11,730 155,B01,3,1,0,2,8,21,5,NULL,2.022E+11,987 682,730 153,A01,1,1,1,2,1988,5,1,0,-1,0,0,-1,2.022E+11,3,CIMETIERE (BOULEVARD DU),0,NULL,2,2,2,1,0,330,1,NULL,-1,1,5,8,50,
2.022E+11,25,10,2022,09:30:00,1,42,42187,2,6,1,3,Boulevard Maréchal Joffre,"460,533,934,364","40,731,779,337",2.022E+11,730 155,B01,3,1,0,2,8,21,5,NULL,2.022E+11,987 685,730 155,B01,1,1,3,1,1988,1,8,0,-1,-1,-1,-1,2.022E+11,3,CIMETIERE (BOULEVARD DU),0,NULL,2,2,2,1,0,330,1,NULL,-1,1,5,8,50,
2.022E+11,18,2,2022,06:30:00,2,67,67204,1,1,1,2,FONTAINE (RUE DE LA),"486,237,400,000","77,528,400,000",2.022E+11,728 754,A01,1,1,0,2,4,2,5,NULL,2.022E+11,985 857,728 752,Z01,1,1,1,-1,NULL,-1,-1,-1,-1,-1,-1,-1,2.022E+11,7,FONTAINE (RUE DE LA),0,NULL,2,3,1,1,-1,-1,1,NULL,-1,1,0,1,70,
2.022E+11,18,2,2022,06:30:00,2,67,67204,1,1,1,2,FONTAINE (RUE DE LA),"486,237,400,000","77,528,400,000",2.022E+11,728 754,A01,1,1,0,2,4,2,5,NULL,2.022E+11,985 858,728 754,A01,1,1,4,1,1995,0,8,0,-1,-1,-1,-1,2.022E+11,7,FONTAINE (RUE DE LA),0,NULL,2,3,1,1,-1,-1,1,NULL,-1,1,0,1,70,
2.022E+11,29,3,2022,15:20:00,1,75,75102,2,4,1,3,RUE DU LOUVRE,"488,657,623,647","23,433,246,934",2.022E+11,726 462,B01,1,1,0,2,1,1,5,NULL,2.022E+11,982 844,726 462,B01,1,1,4,1,1962,3,2,0,-1,0,0,-1,2.022E+11,4,RUE DU LOUVRE,0,NULL,2,4,3,1,-1,-1,1,NULL,-1,1,-1,6,30,
2.022E+11,29,3,2022,15:20:00,1,75,75102,2,4,1,3,RUE DU LOUVRE,"488,657,623,647","23,433,246,934",2.022E+11,726 462,B01,1,1,0,2,1,1,5,NULL,2.022E+11,982 846,726 464,A01,1,1,1,1,1978,4,1,0,-1,0,0,-1,2.022E+11,4,RUE DU LOUVRE,0,NULL,2,4,3,1,-1,-1,1,NULL,-1,1,-1,6,30,
2.022E+11,11,8,2022,18:25:00,1,75,75115,2,1,1,7,BOULEVARD DE GRENELLE,"488,485,060,000","23,001,660,000",2.022E+11,723 288,A01,2,1,0,0,0,21,5,NULL,2.022E+11,978 671,723 288,A01,1,1,4,1,1991,5,8,0,-1,0,0,-1,2.022E+11,4,BOULEVARD DE GRENELLE,0,NULL,1,2,1,1,-1,-1,1,NULL,-1,1,-1,5,30,
2.022E+11,22,10,2022,02:40:00,5,75,75102,2,2,1,7,BOULEVARD DE SEBASTOPOL,"488,644,440,000","23,515,380,000",2.022E+11,719 449,A01,1,1,0,0,7,1,5,NULL,2.022E+11,973 461,719 449,A01,1,1,4,1,1996,5,8,0,-1,0,0,-1,2.022E+11,4,BOULEVARD DE SEBASTOPOL,0,NULL,1,4,1,1,-1,-1,1,NULL,-1,1,0,5,30,
2.022E+11,21,3,2022,16:00:00,1,25,25462,2,1,1,3,STAND,"468,995,500,000","63,515,600,000",2.022E+11,807 527,B01,1,1,0,2,0,2,5,NULL,2.022E+11,1 091 117,807 522,A01,1,1,1,2,1966,0,1,0,-1,-1,-1,-1,2.022E+11,4,STAND,0,NULL,2,2,0,1,-1,-1,1,NULL,-1,1,0,1,50,
2.022E+11,21,3,2022,16:00:00,1,25,25462,2,1,1,3,STAND,"468,995,500,000","63,515,600,000",2.022E+11,807 527,B01,1,1,0,2,0,2,5,NULL,2.022E+11,1 091 123,807 527,B01,1,1,4,1,1947,9,8,0,-1,-1,-1,-1,2.022E+11,4,STAND,0,NULL,2,2,0,1,-1,-1,1,NULL,-1,1,0,1,50,
2.022E+11,4,6,2022,18:15:00,1,33,33009,2,1,1,7,MESTREZAT (BD),"446,547,100,000","-11,464,400,000",2.022E+11,807 137,A01,1,1,16,0,1,1,5,NULL,2.022E+11,1 090 594,807 137,A01,1,1,4,2,1987,5,0,-1,-1,-1,-1,-1,2.022E+11,4,MESTREZAT (BD),0,NULL,2,2,0,1,-1,-1,1,NULL,-1,1,9,1,50,
2.022E+11,3,7,2022,17:30:00,1,68,68154,2,1,1,1,Avenue des Rives de l Ill,"477,768,645,962","73,542,167,991",2.022E+11,805 740,B01,3,1,0,0,1,1,5,NULL,2.022E+11,1 088 730,805 740,B01,1,1,4,1,2013,5,2,-1,-1,0,0,-1,2.022E+11,9,NULL,-1,NULL,-1,2,1,2,-1,-1,3,NULL,-1,1,6,5,25,
2.022E+11,3,7,2022,17:30:00,1,68,68154,2,1,1,1,Avenue des Rives de l Ill,"477,768,645,962","73,542,167,991",2.022E+11,805 740,B01,3,1,0,0,1,1,5,NULL,2.022E+11,1 088 731,805 741,A01,1,1,1,1,2003,5,0,-1,-1,0,0,-1,2.022E+11,9,NULL,-1,NULL,-1,2,1,2,-1,-1,3,NULL,-1,1,6,5,25,
2.022E+11,21,11,2022,20:15:00,5,51,51172,2,6,1,3,Place de la Solidarité,"492,169,800,000","40,460,600,000",2.022E+11,801 724,B01,3,1,0,2,2,1,5,NULL,2.022E+11,1 083 374,801 722,A01,1,1,1,2,1998,1,1,-1,-1,0,0,-1,2.022E+11,4,SOLIDARITE (PLACE DE LA),0,NULL,2,2,0,1,-1,-1,1,NULL,-1,1,0,1,50,
2.022E+11,21,11,2022,20:15:00,5,51,51172,2,6,1,3,Place de la Solidarité,"492,169,800,000","40,460,600,000",2.022E+11,801 724,B01,3,1,0,2,2,1,5,NULL,2.022E+11,1 083 377,801 724,B01,1,1,4,1,1956,5,2,-1,-1,0,0,-1,2.022E+11,4,SOLIDARITE (PLACE DE LA),0,NULL,2,2,0,1,-1,-1,1,NULL,-1,1,0,1,50,
2.022E+11,31,12,2022,10:30:00,1,84,84140,1,1,1,7,RD 56,"437,750,180,000","54,043,080,000",2.022E+11,801 323,A01,1,1,0,0,0,1,5,NULL,2.022E+11,1 082 869,801 323,A01,1,1,3,2,1964,5,2,-1,-1,0,0,-1,2.022E+11,3,56,-1,NULL,2,2,0,2,15,150,1,NULL,-1,1,0,3,80,
2.022E+11,28,4,2022,09:48:00,1,87,87085,2,2,1,3,TECHNOPOLE (ECHANGEUR),"458,600,100,000","12,870,000,000",2.022E+11,800 015,B01,2,1,0,2,1,1,5,NULL,2.022E+11,1 081 149,800 013,A01,1,1,1,1,1952,1,1,0,-1,-1,-1,-1,2.022E+11,3,TECHNOPOLE (ECHANGEUR),0,NULL,1,2,0,1,-1,-1,2,NULL,-1,1,5,1,50,
2.022E+11,28,4,2022,09:48:00,1,87,87085,2,2,1,3,TECHNOPOLE (ECHANGEUR),"458,600,100,000","12,870,000,000",2.022E+11,800 015,B01,2,1,0,2,1,1,5,NULL,2.022E+11,1 081 151,800 015,B01,1,1,4,1,1954,1,8,0,-1,-1,-1,-1,2.022E+11,3,TECHNOPOLE (ECHANGEUR),0,NULL,1,2,0,1,-1,-1,2,NULL,-1,1,5,1,50,
2.022E+11,9,2,2022,12:35:00,1,75,75108,2,7,1,6,PLACE DE LA CONCORDE,"488,640,860,000","23,201,230,000",2.022E+11,798 659,A01,3,1,12,0,1,16,5,NULL,2.022E+11,1 079 383,798 659,A01,1,1,4,2,1957,5,2,8,-1,0,0,-1,2.022E+11,4,PLACE DE LA CONCORDE,0,NULL,2,8,1,1,-1,-1,1,NULL,-1,1,-1,5,50,
2.022E+11,1,8,2022,22:50:00,5,29,29072,2,3,1,2,Rue Danielle Casanova,"477,965,866,027","-42,842,438,221",2.022E+11,794 961,B01,1,1,0,2,6,15,5,NULL,2.022E+11,1 074 501,794 959,A01,1,1,4,1,2006,5,2,6,-1,0,0,-1,2.022E+11,4,NULL,-1,NULL,2,2,0,1,-1,-1,1,NULL,5,1,0,1,50,
2.022E+11,1,8,2022,22:50:00,5,29,29072,2,3,1,2,Rue Danielle Casanova,"477,965,866,027","-42,842,438,221",2.022E+11,794 961,B01,1,1,0,2,6,15,5,NULL,2.022E+11,1 074 502,794 961,B01,1,1,4,1,2005,5,0,-1,-1,0,0,-1,2.022E+11,4,NULL,-1,NULL,2,2,0,1,-1,-1,1,NULL,5,1,0,1,50,
2.022E+11,27,4,2022,08:10:00,1,93,93027,2,6,1,3,Avenue Jean Jaurès / Rue Rateau,"489,251,075,831","24,005,877,972",2.022E+11,793 642,B01,1,1,0,2,4,26,5,NULL,2.022E+11,1 072 766,793 639,A01,1,1,1,2,1985,0,1,0,-1,0,0,-1,2.022E+11,3,JAURES (AVENUE JEAN),0,NULL,3,2,0,2,0,1,1,NULL,-1,1,0,1,50,
2.022E+11,27,4,2022,08:10:00,1,93,93027,2,6,1,3,Avenue Jean Jaurès / Rue Rateau,"489,251,075,831","24,005,877,972",2.022E+11,793 642,B01,1,1,0,2,4,26,5,NULL,2.022E+11,1 072 768,793 642,B01,1,1,4,1,1954,9,8,0,-1,0,0,-1,2.022E+11,3,JAURES (AVENUE JEAN),0,NULL,3,2,0,2,0,1,1,NULL,-1,1,0,1,50,
2.022E+11,22,12,2022,08:15:00,1,45,45234,2,2,1,3,90 Rue de Coulmiers,"479,118,600,000","18,971,100,000",2.022E+11,790 145,A01,2,1,0,2,1,1,5,NULL,2.022E+11,1 068 072,790 141,B01,1,1,1,1,1970,1,1,0,-1,0,0,-1,2.022E+11,4,MURLINS (RUE DES MURLINS),0,NULL,1,1,1,2,-1,-1,1,NULL,-1,2,0,1,50,
2.022E+11,22,12,2022,08:15:00,1,45,45234,2,2,1,3,90 Rue de Coulmiers,"479,118,600,000","18,971,100,000",2.022E+11,790 145,A01,2,1,0,2,1,1,5,NULL,2.022E+11,1 068 076,790 145,A01,1,1,4,2,1959,1,2,0,-1,0,0,-1,2.022E+11,4,MURLINS (RUE DES MURLINS),0,NULL,1,1,1,2,-1,-1,1,NULL,-1,2,0,1,50,
2.022E+11,16,11,2022,12:15:00,1,94,94071,2,6,1,3,Route de la Queue-en-brie / Avenue Gabriel Péri,"487,615,026,216","25,332,391,262",2.022E+11,784 896,B01,3,1,0,2,6,26,5,NULL,2.022E+11,1 060 983,784 894,A01,1,1,1,1,1937,5,1,0,-1,-1,-1,-1,2.022E+11,3,QUEUE EN BRIE (RTE DE LA),0,NULL,2,2,0,1,0,1,1,NULL,-1,1,0,8,50,
2.022E+11,16,11,2022,12:15:00,1,94,94071,2,6,1,3,Route de la Queue-en-brie / Avenue Gabriel Péri,"487,615,026,216","25,332,391,262",2.022E+11,784 896,B01,3,1,0,2,6,26,5,NULL,2.022E+11,1 060 984,784 896,B01,1,1,4,1,1956,5,8,0,-1,-1,-1,-1,2.022E+11,3,QUEUE EN BRIE (RTE DE LA),0,NULL,2,2,0,1,0,1,1,NULL,-1,1,0,8,50,
2.022E+11,10,11,2022,15:55:00,1,974,97411,2,1,1,3,LECLERC (DU MARECHAL),"-208,811,000,000","554,587,500,000",2.022E+11,781 509,A01,3,1,0,2,2,7,5,NULL,2.022E+11,1 056 505,781 508,B01,1,1,1,2,1981,0,1,0,-1,-1,-1,-1,2.022E+11,4,LECLERC (DU MARECHAL),0,NULL,1,1,0,1,0,0,1,NULL,-1,1,0,1,50,
2.022E+11,10,11,2022,15:55:00,1,974,97411,2,1,1,3,LECLERC (DU MARECHAL),"-208,811,000,000","554,587,500,000",2.022E+11,781 509,A01,3,1,0,2,2,7,5,NULL,2.022E+11,1 056 506,781 509,A01,1,1,4,1,1986,0,8,0,-1,-1,-1,-1,2.022E+11,4,LECLERC (DU MARECHAL),0,NULL,1,1,0,1,0,0,1,NULL,-1,1,0,1,50,
2.022E+11,23,5,2022,08:50:00,1,67,67447,2,1,8,3,BISCHWILLER (ROUTE DE),"486,083,300,000","77,499,600,000",2.022E+11,776 904,A01,1,1,0,2,5,19,5,NULL,2.022E+11,1 050 409,776 903,B01,1,1,1,1,2000,9,2,8,-1,-1,-1,-1,2.022E+11,7,NULL,0,NULL,2,2,0,1,57,0,1,NULL,-1,1,0,1,30,
2.022E+11,23,5,2022,08:50:00,1,67,67447,2,1,8,3,BISCHWILLER (ROUTE DE),"486,083,300,000","77,499,600,000",2.022E+11,776 904,A01,1,1,0,2,5,19,5,NULL,2.022E+11,1 050 410,776 904,A01,1,1,4,2,1973,0,8,0,-1,-1,-1,-1,2.022E+11,7,NULL,0,NULL,2,2,0,1,57,0,1,NULL,-1,1,0,1,30,
2.022E+11,9,3,2022,17:30:00,1,35,35131,1,1,8,2,D35,"481,217,570,000","-18,299,960,000",2.022E+11,772 846,B01,1,1,0,2,4,2,5,NULL,2.022E+11,1 044 852,772 846,B01,1,1,3,2,1948,5,2,-1,-1,0,0,-1,2.022E+11,7,35,-1,NULL,2,2,0,1,21,0,1,NULL,-1,1,0,1,80,