Accident_Id,jour,mois,an,hrmn,lum,dep,com,agg,int,atm,col,adr,lat,long,Num_Acc,id_vehicule,num_veh,senc,catv,obs,obsm,choc,manv,motor,occutc,Num_Acc,id_usager,id_vehicule,num_veh,place,catu,grav,sexe,an_nais,trajet,secu1,secu2,secu3,locp,actp,etatp,Num_Acc,catr,voie,v1,v2,circ,nbv,vosp,prof,pr,pr1,plan,lartpc,larrout,surf,infra,situ,vma,
2.022E+11,9,3,2022,17:30:00,1,35,35131,1,1,8,2,D35,"481,217,570,000","-18,299,960,000",2.022E+11,772 846,B01,1,1,0,2,4,2,5,NULL,2.022E+11,1 044 853,772 847,A01,1,1,1,-1,NULL,-1,-1,-1,-1,0,0,-1,2.022E+11,7,35,-1,NULL,2,2,0,1,21,0,1,NULL,-1,1,0,1,80,
2.022E+11,10,11,2022,20:35:00,5,95,95252,2,1,1,3,Rue du Général Leclerc,"489,869,118,715","22,171,595,693",2.022E+11,771 196,B01,1,1,0,2,1,9,5,NULL,2.022E+11,1 042 638,771 196,B01,1,1,3,1,1996,3,2,-1,-1,-1,0,-1,2.022E+11,3,GENERAL LECLERC (RUE DU),0,NULL,2,2,0,2,5,900,1,NULL,-1,1,0,1,50,
2.022E+11,10,11,2022,20:35:00,5,95,95252,2,1,1,3,Rue du Général Leclerc,"489,869,118,715","22,171,595,693",2.022E+11,771 196,B01,1,1,0,2,1,9,5,NULL,2.022E+11,1 042 642,771 199,A01,1,1,1,1,1996,5,1,-1,-1,-1,0,-1,2.022E+11,3,GENERAL LECLERC (RUE DU),0,NULL,2,2,0,2,5,900,1,NULL,-1,1,0,1,50,
2.022E+11,15,4,2022,14:30:00,1,45,45075,2,3,1,3,Rue Cahotus,"478,917,160,000","18,316,190,000",2.022E+11,768 531,A01,2,1,0,2,8,16,5,NULL,2.022E+11,1 039 075,768 528,B01,1,1,1,1,1966,0,1,0,-1,-1,-1,-1,2.022E+11,4,CAHOTUS (RUE DE CAHOTUS),0,NULL,2,2,0,1,-1,-1,1,NULL,-1,1,0,1,50,
2.022E+11,15,4,2022,14:30:00,1,45,45075,2,3,1,3,Rue Cahotus,"478,917,160,000","18,316,190,000",2.022E+11,768 531,A01,2,1,0,2,8,16,5,NULL,2.022E+11,1 039 078,768 531,A01,1,1,4,1,2012,5,8,0,-1,-1,-1,-1,2.022E+11,4,CAHOTUS (RUE DE CAHOTUS),0,NULL,2,2,0,1,-1,-1,1,NULL,-1,1,0,1,50,
2.022E+11,4,6,2022,09:30:00,1,91,91174,2,3,1,3,BD JOHN KENNEDY,"485,868,400,000","24,770,600,000",2.022E+11,766 372,B01,2,1,0,2,8,1,5,NULL,2.022E+11,1 036 226,766 372,B01,1,1,4,1,1962,9,2,8,-1,-1,-1,-1,2.022E+11,3,BD JOHN KENNEDY,0,NULL,2,2,1,1,0,0,1,NULL,-1,1,0,5,50,
2.022E+11,4,6,2022,09:30:00,1,91,91174,2,3,1,3,BD JOHN KENNEDY,"485,868,400,000","24,770,600,000",2.022E+11,766 372,B01,2,1,0,2,8,1,5,NULL,2.022E+11,1 036 227,766 373,A01,1,1,1,2,1975,9,1,8,-1,-1,-1,-1,2.022E+11,3,BD JOHN KENNEDY,0,NULL,2,2,1,1,0,0,1,NULL,-1,1,0,5,50,
2.022E+11,15,10,2022,11:46:00,1,42,42218,2,1,1,3,Rue Georges Teissier,"454,368,100,000","43,834,200,000",2.022E+11,763 914,B01,3,1,0,2,1,19,5,NULL,2.022E+11,1 032 984,763 914,B01,1,1,4,1,1965,5,8,0,-1,-1,-1,-1,2.022E+11,4,TEISSIER GEORGES,0,NULL,1,1,0,1,-1,-1,1,NULL,-1,1,0,1,50,
2.022E+11,15,10,2022,11:46:00,1,42,42218,2,1,1,3,Rue Georges Teissier,"454,368,100,000","43,834,200,000",2.022E+11,763 914,B01,3,1,0,2,1,19,5,NULL,2.022E+11,1 032 985,763 916,A01,1,1,1,1,1997,5,1,8,-1,-1,-1,-1,2.022E+11,4,TEISSIER GEORGES,0,NULL,1,1,0,1,-1,-1,1,NULL,-1,1,0,1,50,
2.022E+11,4,10,2022,07:40:00,1,94,94003,2,1,1,6,Avenue Aristide Briand,"488,054,100,000","23,256,100,000",2.022E+11,763 734,B01,2,1,1,2,1,2,5,NULL,2.022E+11,1 032 762,763 734,B01,1,1,4,1,1975,1,2,8,-1,-1,-1,-1,2.022E+11,3,ARISTIDE BRIAND (AV),0,NULL,1,3,3,1,0,0,1,NULL,-1,1,0,1,50,
2.022E+11,4,10,2022,07:40:00,1,94,94003,2,1,1,6,Avenue Aristide Briand,"488,054,100,000","23,256,100,000",2.022E+11,763 734,B01,2,1,1,2,1,2,5,NULL,2.022E+11,1 032 764,763 736,A01,1,1,1,1,1978,4,1,0,-1,-1,-1,-1,2.022E+11,3,ARISTIDE BRIAND (AV),0,NULL,1,3,3,1,0,0,1,NULL,-1,1,0,1,50,
2.022E+11,8,11,2022,22:50:00,5,75,75111,2,7,1,3,PLACE DE LA REPUBLIQUE,"488,666,980,000","23,651,610,000",2.022E+11,760 803,B01,2,1,0,2,1,14,5,NULL,2.022E+11,1 028 903,760 802,A01,1,1,4,1,1992,9,8,0,-1,0,0,-1,2.022E+11,4,PLACE DE LA REPUBLIQUE,0,NULL,2,6,1,1,-1,-1,1,NULL,-1,1,0,5,30,
2.022E+11,8,11,2022,22:50:00,5,75,75111,2,7,1,3,PLACE DE LA REPUBLIQUE,"488,666,980,000","23,651,610,000",2.022E+11,760 803,B01,2,1,0,2,1,14,5,NULL,2.022E+11,1 028 904,760 803,B01,1,1,1,1,1992,9,8,0,-1,0,0,-1,2.022E+11,4,PLACE DE LA REPUBLIQUE,0,NULL,2,6,1,1,-1,-1,1,NULL,-1,1,0,5,30,
2.022E+11,20,5,2022,15:50:00,1,22,22376,1,1,1,7,la Belle Étoile,"482,222,210,000","-28,350,520,000",2.022E+11,760 183,A01,1,1,0,0,0,1,5,NULL,2.022E+11,1 028 081,760 183,A01,1,1,2,2,1939,5,0,-1,-1,0,0,-1,2.022E+11,3,69,-1,NULL,2,2,0,1,2,3171,1,NULL,-1,1,0,1,80,
2.022E+11,20,1,2022,07:30:00,2,75,75108,2,3,8,1,AVENUE GABRIEL,"488,690,350,000","23,147,690,000",2.022E+11,752 307,B01,2,1,0,2,1,5,5,NULL,2.022E+11,1 017 429,752 305,A01,1,1,1,1,1995,1,2,0,-1,0,0,-1,2.022E+11,4,AVENUE GABRIEL,0,NULL,1,1,0,1,-1,-1,1,NULL,-1,2,0,1,30,
2.022E+11,20,1,2022,07:30:00,2,75,75108,2,3,8,1,AVENUE GABRIEL,"488,690,350,000","23,147,690,000",2.022E+11,752 307,B01,2,1,0,2,1,5,5,NULL,2.022E+11,1 017 431,752 307,B01,1,1,4,1,2003,5,8,0,-1,0,0,-1,2.022E+11,4,AVENUE GABRIEL,0,NULL,1,1,0,1,-1,-1,1,NULL,-1,2,0,1,30,
2.022E+11,9,4,2022,20:45:00,5,75,75117,2,2,1,3,BOULEVARD BESSIERES,"488,943,370,000","23,138,060,000",2.022E+11,751 625,B01,2,1,0,2,1,1,5,NULL,2.022E+11,1 016 506,751 618,A01,1,1,1,1,1988,9,1,0,-1,0,0,-1,2.022E+11,4,BOULEVARD BESSIERES,0,NULL,3,2,0,1,-1,-1,1,NULL,-1,1,0,1,30,
2.022E+11,9,4,2022,20:45:00,5,75,75117,2,2,1,3,BOULEVARD BESSIERES,"488,943,370,000","23,138,060,000",2.022E+11,751 625,B01,2,1,0,2,1,1,5,NULL,2.022E+11,1 016 514,751 625,B01,1,1,4,1,1996,9,2,0,-1,0,0,-1,2.022E+11,4,BOULEVARD BESSIERES,0,NULL,3,2,0,1,-1,-1,1,NULL,-1,1,0,1,30,
2.022E+11,24,8,2022,02:00:00,5,59,59350,2,1,1,6,CHATEAU D'ISENGHEIN RUE DU,"506,504,083,248","29,821,899,533",2.022E+11,748 514,B01,3,1,0,0,0,0,5,NULL,2.022E+11,1 012 380,748 514,B01,1,1,4,1,1994,0,8,0,-1,-1,-1,-1,2.022E+11,4,CHATEAU D'ISENGHEIN RUE DU,0,NULL,1,2,0,1,-1,-1,1,NULL,-1,1,0,1,50,
2.022E+11,24,8,2022,02:00:00,5,59,59350,2,1,1,6,CHATEAU D'ISENGHEIN RUE DU,"506,504,083,248","29,821,899,533",2.022E+11,748 514,B01,3,1,0,0,0,0,5,NULL,2.022E+11,1 012 382,748 516,Z01,1,1,1,-1,NULL,-1,-1,-1,-1,-1,-1,-1,2.022E+11,4,CHATEAU D'ISENGHEIN RUE DU,0,NULL,1,2,0,1,-1,-1,1,NULL,-1,1,0,1,50,
2.022E+11,13,1,2022,10:18:00,1,54,54395,2,1,1,3,LECLERC (AV. DU GENE,"486,754,553,343","61,762,454,510",2.022E+11,742 624,B01,1,1,0,2,7,1,5,NULL,2.022E+11,1 004 511,742 624,B01,1,1,4,1,1965,0,2,0,-1,0,0,-1,2.022E+11,4,LECLERC (AV. DU GENE,0,NULL,1,-1,3,1,-1,-1,1,NULL,-1,1,0,1,30,
2.022E+11,13,1,2022,10:18:00,1,54,54395,2,1,1,3,LECLERC (AV. DU GENE,"486,754,553,343","61,762,454,510",2.022E+11,742 624,B01,1,1,0,2,7,1,5,NULL,2.022E+11,1 004 512,742 625,A01,1,1,1,1,1955,0,1,0,-1,0,0,-1,2.022E+11,4,LECLERC (AV. DU GENE,0,NULL,1,-1,3,1,-1,-1,1,NULL,-1,1,0,1,30,
2.022E+11,11,1,2022,09:00:00,2,82,82121,2,3,7,3,GUERRET (RUE MARCEL),"440,153,170,000","13,741,630,000",2.022E+11,736 007,A01,1,1,0,2,1,1,5,NULL,2.022E+11,995 454,736 006,B01,1,1,1,2,1991,4,1,0,-1,-1,-1,-1,2.022E+11,4,GUERRET (RUE MARCEL),0,NULL,2,2,0,1,-1,-1,1,NULL,-1,1,0,1,50,
2.022E+11,11,1,2022,09:00:00,2,82,82121,2,3,7,3,GUERRET (RUE MARCEL),"440,153,170,000","13,741,630,000",2.022E+11,736 007,A01,1,1,0,2,1,1,5,NULL,2.022E+11,995 455,736 007,A01,1,1,3,1,1958,5,8,0,-1,-1,-1,-1,2.022E+11,4,GUERRET (RUE MARCEL),0,NULL,2,2,0,1,-1,-1,1,NULL,-1,1,0,1,50,
2.022E+11,10,7,2022,21:10:00,1,75,75107,2,1,7,1,QUAI BRANLY,"488,622,170,000","22,995,820,000",2.022E+11,735 125,A01,3,1,0,2,1,13,5,NULL,2.022E+11,994 262,735 125,A01,1,1,4,2,1962,9,2,0,-1,0,0,-1,2.022E+11,4,QUAI BRANLY,0,NULL,2,1,1,1,-1,-1,1,NULL,-1,1,-1,5,30,
2.022E+11,10,7,2022,21:10:00,1,75,75107,2,1,7,1,QUAI BRANLY,"488,622,170,000","22,995,820,000",2.022E+11,735 127,B01,3,1,0,2,1,1,5,NULL,2.022E+11,994 262,735 125,A01,1,1,4,2,1962,9,2,0,-1,0,0,-1,2.022E+11,4,QUAI BRANLY,0,NULL,2,1,1,1,-1,-1,1,NULL,-1,1,-1,5,30,
2.022E+11,10,7,2022,21:10:00,1,75,75107,2,1,7,1,QUAI BRANLY,"488,622,170,000","22,995,820,000",2.022E+11,735 125,A01,3,1,0,2,1,13,5,NULL,2.022E+11,994 265,735 127,B01,1,1,1,1,1996,9,2,0,-1,0,0,-1,2.022E+11,4,QUAI BRANLY,0,NULL,2,1,1,1,-1,-1,1,NULL,-1,1,-1,5,30,
2.022E+11,10,7,2022,21:10:00,1,75,75107,2,1,7,1,QUAI BRANLY,"488,622,170,000","22,995,820,000",2.022E+11,735 127,B01,3,1,0,2,1,1,5,NULL,2.022E+11,994 265,735 127,B01,1,1,1,1,1996,9,2,0,-1,0,0,-1,2.022E+11,4,QUAI BRANLY,0,NULL,2,1,1,1,-1,-1,1,NULL,-1,1,-1,5,30,
2.022E+11,10,6,2022,08:45:00,1,75,75116,2,2,1,3,BOULEVARD FLANDRIN,"488,686,010,000","22,741,900,000",2.022E+11,731 096,B01,1,1,0,2,3,1,5,NULL,2.022E+11,988 924,731 094,A01,1,1,1,2,1944,1,1,0,-1,0,0,-1,2.022E+11,4,BOULEVARD FLANDRIN,0,NULL,1,1,0,1,-1,-1,1,NULL,-1,1,0,1,30,
2.022E+11,10,6,2022,08:45:00,1,75,75116,2,2,1,3,BOULEVARD FLANDRIN,"488,686,010,000","22,741,900,000",2.022E+11,731 096,B01,1,1,0,2,3,1,5,NULL,2.022E+11,988 926,731 096,B01,1,1,4,2,1993,1,2,0,-1,0,0,-1,2.022E+11,4,BOULEVARD FLANDRIN,0,NULL,1,1,0,1,-1,-1,1,NULL,-1,1,0,1,30,
2.022E+11,26,10,2022,16:15:00,1,12,12300,1,3,1,7,Route Basse de Farrou,"443,781,760,000","20,421,750,000",2.022E+11,729 956,A01,1,1,0,0,9,1,5,NULL,2.022E+11,987 435,729 954,B01,1,1,1,1,1954,3,1,-1,-1,0,0,-1,2.022E+11,3,922,0,NULL,2,2,0,2,35,440,1,NULL,4,1,0,1,90,
2.022E+11,26,10,2022,16:15:00,1,12,12300,1,3,1,7,Route Basse de Farrou,"443,781,760,000","20,421,750,000",2.022E+11,729 956,A01,1,1,0,0,9,1,5,NULL,2.022E+11,987 437,729 956,A01,1,1,2,2,1946,5,0,-1,-1,0,0,-1,2.022E+11,3,922,0,NULL,2,2,0,2,35,440,1,NULL,4,1,0,1,90,
2.022E+11,14,8,2022,19:45:00,1,75,75119,2,3,3,3,RUE DAVID D ANGERS,"488,826,010,000","23,904,250,000",2.022E+11,727 505,B01,3,1,0,2,6,9,5,NULL,2.022E+11,984 222,727 505,B01,1,1,4,1,1977,5,8,0,-1,0,0,-1,2.022E+11,4,RUE DAVID D ANGERS,0,NULL,2,2,0,2,-1,-1,1,NULL,-1,2,0,1,50,
2.022E+11,14,8,2022,19:45:00,1,75,75119,2,3,3,3,RUE DAVID D ANGERS,"488,826,010,000","23,904,250,000",2.022E+11,727 505,B01,3,1,0,2,6,9,5,NULL,2.022E+11,984 226,727 508,A01,1,1,4,1,1975,5,2,6,-1,0,0,-1,2.022E+11,4,RUE DAVID D ANGERS,0,NULL,2,2,0,2,-1,-1,1,NULL,-1,2,0,1,50,
2.022E+11,17,2,2022,10:00:00,1,75,75113,2,1,1,6,QUAI D AUSTERLITZ,"488,406,730,000","23,696,340,000",2.022E+11,726 911,A01,1,1,11,0,1,11,5,NULL,2.022E+11,983 422,726 911,A01,1,1,4,1,1968,5,8,0,-1,0,0,-1,2.022E+11,4,QUAI D AUSTERLITZ,0,NULL,2,3,0,1,-1,-1,1,NULL,-1,1,0,1,30,
2.022E+11,6,9,2022,09:10:00,1,11,11262,2,9,1,3,NULL,"431,929,570,000","29,809,940,000",2.022E+11,725 618,B01,2,1,0,2,8,2,5,NULL,2.022E+11,981 754,725 618,B01,1,1,4,1,1940,0,8,0,-1,-1,-1,-1,2.022E+11,4,NULL,0,NULL,1,2,0,1,-1,-1,2,NULL,-1,1,9,1,50,
2.022E+11,6,9,2022,09:10:00,1,11,11262,2,9,1,3,NULL,"431,929,570,000","29,809,940,000",2.022E+11,725 618,B01,2,1,0,2,8,2,5,NULL,2.022E+11,981 755,725 619,A01,1,1,1,2,1989,0,1,8,-1,-1,-1,-1,2.022E+11,4,NULL,0,NULL,1,2,0,1,-1,-1,2,NULL,-1,1,9,1,50,
2.022E+11,20,9,2022,20:20:00,5,34,34172,2,4,1,7,28 Rue Aristide Ollivier,"436,064,600,000","38,827,200,000",2.022E+11,722 141,A01,1,1,11,0,1,16,5,NULL,2.022E+11,977 121,722 141,A01,1,1,3,2,1973,0,8,0,-1,0,0,-1,2.022E+11,4,PONT JUVENAL (AVENUE DU),0,NULL,2,2,0,2,-1,-1,3,NULL,-1,1,1,1,30,
2.022E+11,26,3,2022,13:00:00,1,92,92051,2,3,1,3,MADRID (AVENUE DE),"488,837,622,108","22,600,341,439",2.022E+11,718 098,B01,2,1,0,2,3,15,5,NULL,2.022E+11,971 550,718 094,A01,1,1,1,1,1964,5,2,6,-1,-1,-1,-1,2.022E+11,4,NULL,0,NULL,2,2,2,1,-1,-1,1,NULL,-1,1,0,1,50,
2.022E+11,26,3,2022,13:00:00,1,92,92051,2,3,1,3,MADRID (AVENUE DE),"488,837,622,108","22,600,341,439",2.022E+11,718 098,B01,2,1,0,2,3,15,5,NULL,2.022E+11,971 554,718 098,B01,1,1,3,1,1979,5,2,0,-1,-1,-1,-1,2.022E+11,4,NULL,0,NULL,2,2,2,1,-1,-1,1,NULL,-1,1,0,1,50,
2.022E+11,3,6,2022,21:30:00,2,61,61230,2,1,1,7,14 Rue Abbe Brionne,"485,290,180,000","0,7525470000",2.022E+11,716 335,A01,2,1,15,0,0,5,5,NULL,2.022E+11,969 166,716 335,A01,1,1,3,1,1994,5,0,-1,-1,0,0,-1,2.022E+11,4,NULL,0,NULL,1,1,0,1,-1,-1,1,NULL,4,1,0,3,50,
2.022E+11,23,3,2022,06:30:00,1,75,75119,2,2,1,2,AVENUE DE LA PORTE DES LILAS,"488,772,100,000","24,069,130,000",2.022E+11,810 411,B01,1,1,0,2,8,1,5,NULL,2.022E+11,1 094 975,810 411,B01,1,1,4,2,1967,1,8,0,-1,0,0,-1,2.022E+11,4,AVENUE DE LA PORTE DES LILAS,0,NULL,2,2,0,1,-1,-1,1,NULL,-1,1,0,1,30,
2.022E+11,23,3,2022,06:30:00,1,75,75119,2,2,1,2,AVENUE DE LA PORTE DES LILAS,"488,772,100,000","24,069,130,000",2.022E+11,810 411,B01,1,1,0,2,8,1,5,NULL,2.022E+11,1 094 977,810 412,A01,1,1,1,1,1971,4,1,0,-1,0,0,-1,2.022E+11,4,AVENUE DE LA PORTE DES LILAS,0,NULL,2,2,0,1,-1,-1,1,NULL,-1,1,0,1,30,
2.022E+11,4,7,2022,21:25:00,5,33,33063,2,8,1,3,Rue Sainte-Catherine,"448,375,962,478"," -0,5737969279",2.022E+11,808 904,A01,2,1,0,4,7,1,5,NULL,2.022E+11,1 092 986,808 904,A01,1,1,4,1,1995,4,0,-1,-1,-1,-1,-1,2.022E+11,4,CRS D'ALSACE ET LORRAINE,0,NULL,1,3,3,1,-1,-1,1,NULL,-1,1,4,6,50,
2.022E+11,4,7,2022,21:25:00,5,33,33063,2,8,1,3,Rue Sainte-Catherine,"448,375,962,478"," -0,5737969279",2.022E+11,808 904,A01,2,1,0,4,7,1,5,NULL,2.022E+11,1 092 987,808 905,B01,1,1,1,1,1984,4,0,-1,-1,-1,-1,-1,2.022E+11,4,CRS D'ALSACE ET LORRAINE,0,NULL,1,3,3,1,-1,-1,1,NULL,-1,1,4,6,50,
2.022E+11,22,3,2022,06:30:00,2,27,27701,1,1,1,2,SAINT PIERRE (ROUTE DE),"492,272,400,000","11,828,500,000",2.022E+11,807 564,B01,0,1,0,2,4,1,5,NULL,2.022E+11,1 091 167,807 562,A01,1,1,1,1,1942,5,1,4,-1,-1,-1,-1,2.022E+11,3,SAINT PIERRE (ROUTE DE),0,NULL,2,2,0,1,50,180,1,NULL,-1,1,0,1,70,
2.022E+11,22,3,2022,06:30:00,2,27,27701,1,1,1,2,SAINT PIERRE (ROUTE DE),"492,272,400,000","11,828,500,000",2.022E+11,807 564,B01,0,1,0,2,4,1,5,NULL,2.022E+11,1 091 171,807 564,B01,1,1,3,1,1990,1,8,0,-1,-1,-1,-1,2.022E+11,3,SAINT PIERRE (ROUTE DE),0,NULL,2,2,0,1,50,180,1,NULL,-1,1,0,1,70,
2.022E+11,23,11,2022,06:50:00,1,973,97302,1,1,3,6,ROUTE NATIONALE 1,"48,985,200,000","-523,271,700,000",2.022E+11,807 498,B01,1,1,0,2,0,26,5,NULL,2.022E+11,1 091 087,807 498,B01,1,1,4,1,1998,1,8,0,-1,0,0,-1,2.022E+11,2,ROUTE NATIONALE 1,0,NULL,2,4,2,1,3,900,1,NULL,-1,2,0,5,90,
2.022E+11,23,11,2022,06:50:00,1,973,97302,1,1,3,6,ROUTE NATIONALE 1,"48,985,200,000","-523,271,700,000",2.022E+11,807 498,B01,1,1,0,2,0,26,5,NULL,2.022E+11,1 091 090,807 502,A01,2,2,4,1,1970,1,2,8,-1,-1,-1,-1,2.022E+11,2,ROUTE NATIONALE 1,0,NULL,2,4,2,1,3,900,1,NULL,-1,2,0,5,90,
2.022E+11,23,11,2022,06:50:00,1,973,97302,1,1,3,6,ROUTE NATIONALE 1,"48,985,200,000","-523,271,700,000",2.022E+11,807 498,B01,1,1,0,2,0,26,5,NULL,2.022E+11,1 091 094,807 502,A01,1,1,4,1,1959,1,2,8,-1,0,0,-1,2.022E+11,2,ROUTE NATIONALE 1,0,NULL,2,4,2,1,3,900,1,NULL,-1,2,0,5,90,
2.022E+11,22,3,2022,11:55:00,1,83,83051,1,4,1,1,D31,"435,186,076,381","62,353,527,546",2.022E+11,806 908,B01,2,1,0,2,1,1,5,NULL,2.022E+11,1 090 262,806 906,A01,1,1,4,1,1946,5,1,-1,-1,0,0,-1,2.022E+11,3,31,0,NULL,2,1,0,1,14,500,1,NULL,3,1,0,1,80,
2.022E+11,22,3,2022,11:55:00,1,83,83051,1,4,1,1,D31,"435,186,076,381","62,353,527,546",2.022E+11,806 908,B01,2,1,0,2,1,1,5,NULL,2.022E+11,1 090 265,806 908,B01,1,1,4,1,1961,5,2,6,-1,0,0,-1,2.022E+11,3,31,0,NULL,2,1,0,1,14,500,1,NULL,3,1,0,1,80,
2.022E+11,18,10,2022,19:15:00,4,94,94081,2,1,1,3,PORT A L ANGLAIS NELSON MANDELA (PONT DU,"487,965,900,000","24,175,600,000",2.022E+11,806 714,B01,1,1,0,2,8,0,5,NULL,2.022E+11,1 089 986,806 714,B01,1,1,4,1,1996,0,8,0,-1,-1,-1,-1,2.022E+11,3,PORT A L ANGLAIS NELSON MANDELA (PONT DU,0,NULL,2,3,1,1,0,1,1,NULL,-1,1,2,1,50,
2.022E+11,18,10,2022,19:15:00,4,94,94081,2,1,1,3,PORT A L ANGLAIS NELSON MANDELA (PONT DU,"487,965,900,000","24,175,600,000",2.022E+11,806 714,B01,1,1,0,2,8,0,5,NULL,2.022E+11,1 089 987,806 715,A01,1,1,1,1,1972,0,1,0,-1,-1,-1,-1,2.022E+11,3,PORT A L ANGLAIS NELSON MANDELA (PONT DU,0,NULL,2,3,1,1,0,1,1,NULL,-1,1,2,1,50,
2.022E+11,1,6,2022,21:00:00,1,64,64024,2,3,1,5,CAVALIERS (PLAGE DES),"435,199,600,000","-15,232,000,000",2.022E+11,798 152,B01,3,1,0,2,2,1,5,NULL,2.022E+11,1 078 738,798 152,B01,1,1,1,1,1985,5,2,0,-1,-1,-1,-1,2.022E+11,4,CAVALIERS (PLAGE DES),0,NULL,2,1,1,1,0,0,1,NULL,-1,1,0,1,50,
2.022E+11,1,6,2022,21:00:00,1,64,64024,2,3,1,5,CAVALIERS (PLAGE DES),"435,199,600,000","-15,232,000,000",2.022E+11,798 153,A01,3,1,0,2,1,9,5,NULL,2.022E+11,1 078 738,798 152,B01,1,1,1,1,1985,5,2,0,-1,-1,-1,-1,2.022E+11,4,CAVALIERS (PLAGE DES),0,NULL,2,1,1,1,0,0,1,NULL,-1,1,0,1,50,
2.022E+11,1,6,2022,21:00:00,1,64,64024,2,3,1,5,CAVALIERS (PLAGE DES),"435,199,600,000","-15,232,000,000",2.022E+11,798 152,B01,3,1,0,2,2,1,5,NULL,2.022E+11,1 078 741,798 153,A01,1,1,4,2,1991,5,2,8,-1,-1,-1,-1,2.022E+11,4,CAVALIERS (PLAGE DES),0,NULL,2,1,1,1,0,0,1,NULL,-1,1,0,1,50,
2.022E+11,1,6,2022,21:00:00,1,64,64024,2,3,1,5,CAVALIERS (PLAGE DES),"435,199,600,000","-15,232,000,000",2.022E+11,798 153,A01,3,1,0,2,1,9,5,NULL,2.022E+11,1 078 741,798 153,A01,1,1,4,2,1991,5,2,8,-1,-1,-1,-1,2.022E+11,4,CAVALIERS (PLAGE DES),0,NULL,2,1,1,1,0,0,1,NULL,-1,1,0,1,50,
2.022E+11,1,6,2022,21:00:00,1,64,64024,2,3,1,5,CAVALIERS (PLAGE DES),"435,199,600,000","-15,232,000,000",2.022E+11,798 152,B01,3,1,0,2,2,1,5,NULL,2.022E+11,1 078 742,798 154,C01,1,1,1,1,1999,5,1,0,-1,-1,-1,-1,2.022E+11,4,CAVALIERS (PLAGE DES),0,NULL,2,1,1,1,0,0,1,NULL,-1,1,0,1,50,
2.022E+11,1,6,2022,21:00:00,1,64,64024,2,3,1,5,CAVALIERS (PLAGE DES),"435,199,600,000","-15,232,000,000",2.022E+11,798 153,A01,3,1,0,2,1,9,5,NULL,2.022E+11,1 078 742,798 154,C01,1,1,1,1,1999,5,1,0,-1,-1,-1,-1,2.022E+11,4,CAVALIERS (PLAGE DES),0,NULL,2,1,1,1,0,0,1,NULL,-1,1,0,1,50,
2.022E+11,18,3,2022,17:45:00,1,75,75101,2,3,1,7,RUE DE RIVOLI,"488,660,827,895","23,250,668,496",2.022E+11,796 891,A01,2,1,0,0,0,1,5,NULL,2.022E+11,1 077 067,796 891,A01,1,1,4,2,1964,1,2,0,-1,0,0,-1,2.022E+11,4,RUE DE RIVOLI,0,NULL,2,4,1,1,-1,-1,1,NULL,-1,1,-1,5,30,
2.022E+11,29,6,2022,22:05:00,5,67,67218,2,3,1,3,LYON (RTE DE),"485,252,000,000","77,084,800,000",2.022E+11,795 786,B01,2,1,0,2,1,1,5,NULL,2.022E+11,1 075 563,795 784,A01,1,1,1,1,1986,1,1,8,-1,-1,-1,-1,2.022E+11,4,NULL,0,NULL,2,3,1,1,-1,-1,1,NULL,-1,1,0,5,50,
2.022E+11,29,6,2022,22:05:00,5,67,67218,2,3,1,3,LYON (RTE DE),"485,252,000,000","77,084,800,000",2.022E+11,795 786,B01,2,1,0,2,1,1,5,NULL,2.022E+11,1 075 566,795 786,B01,1,1,4,1,1993,1,8,0,-1,-1,-1,-1,2.022E+11,4,NULL,0,NULL,2,3,1,1,-1,-1,1,NULL,-1,1,0,5,50,
2.022E+11,30,6,2022,12:42:00,1,69,69063,2,6,1,3,Quai de la Jonchère,"458,149,040,000","48,464,190,000",2.022E+11,795 339,B01,1,1,0,2,1,2,5,NULL,2.022E+11,1 074 991,795 339,B01,1,1,4,2,1988,5,2,9,-1,0,0,-1,2.022E+11,7,51,-1,NULL,1,2,2,1,6,0,1,NULL,-1,1,0,5,50,
2.022E+11,30,6,2022,12:42:00,1,69,69063,2,6,1,3,Quai de la Jonchère,"458,149,040,000","48,464,190,000",2.022E+11,795 339,B01,1,1,0,2,1,2,5,NULL,2.022E+11,1 074 992,795 340,A01,1,1,1,-1,NULL,-1,8,-1,-1,-1,-1,-1,2.022E+11,7,51,-1,NULL,1,2,2,1,6,0,1,NULL,-1,1,0,5,50,
2.022E+11,29,7,2022,18:29:00,1,63,63113,2,1,1,3,JACQUARD (RUE),"457,913,850,234","30,783,482,194",2.022E+11,795 050,B01,3,1,0,2,1,1,5,NULL,2.022E+11,1 074 618,795 050,B01,1,1,4,1,1982,5,2,-1,-1,0,0,-1,2.022E+11,4,JACQUARD (RUE),0,NULL,2,2,0,1,-1,-1,1,NULL,-1,1,0,1,30,
2.022E+11,29,7,2022,18:29:00,1,63,63113,2,1,1,3,JACQUARD (RUE),"457,913,850,234","30,783,482,194",2.022E+11,795 050,B01,3,1,0,2,1,1,5,NULL,2.022E+11,1 074 619,795 051,A01,1,1,1,2,1961,9,1,-1,-1,0,0,-1,2.022E+11,4,JACQUARD (RUE),0,NULL,2,2,0,1,-1,-1,1,NULL,-1,1,0,1,30,
2.022E+11,14,3,2022,12:14:00,1,28,28085,2,1,1,3,EIFFEL (RUE GUSTAVE),"484,396,000,000","15,323,100,000",2.022E+11,793 925,B01,2,1,0,2,0,0,5,NULL,2.022E+11,1 073 135,793 925,B01,1,1,2,1,1977,9,8,0,-1,-1,-1,-1,2.022E+11,4,EIFFEL (RUE GUSTAVE),0,NULL,2,2,0,1,-1,-1,1,NULL,-1,1,0,1,70,