Accident_Id,jour,mois,an,hrmn,lum,dep,com,agg,int,atm,col,adr,lat,long,Num_Acc,id_vehicule,num_veh,senc,catv,obs,obsm,choc,manv,motor,occutc,Num_Acc,id_usager,id_vehicule,num_veh,place,catu,grav,sexe,an_nais,trajet,secu1,secu2,secu3,locp,actp,etatp,Num_Acc,catr,voie,v1,v2,circ,nbv,vosp,prof,pr,pr1,plan,lartpc,larrout,surf,infra,situ,vma,
2.022E+11,11,4,2022,08:15:00,1,33,33063,2,5,1,3,Avenue de Mérignac,"448,387,900,000"," -0,6257200000",2.022E+11,757 919,B01,1,1,0,2,1,1,5,NULL,2.022E+11,1 025 105,757 922,A01,2,2,1,1,1994,4,1,-1,-1,-1,-1,-1,2.022E+11,4,AVE DE MERIGNAC CAUD,0,NULL,2,2,0,1,-1,-1,1,NULL,-1,1,5,1,50,
2.022E+11,11,4,2022,08:15:00,1,33,33063,2,5,1,3,Avenue de Mérignac,"448,387,900,000"," -0,6257200000",2.022E+11,757 919,B01,1,1,0,2,1,1,5,NULL,2.022E+11,1 025 107,757 922,A01,6,2,1,1,2002,4,1,-1,-1,-1,-1,-1,2.022E+11,4,AVE DE MERIGNAC CAUD,0,NULL,2,2,0,1,-1,-1,1,NULL,-1,1,5,1,50,
2.022E+11,11,4,2022,08:15:00,1,33,33063,2,5,1,3,Avenue de Mérignac,"448,387,900,000"," -0,6257200000",2.022E+11,757 919,B01,1,1,0,2,1,1,5,NULL,2.022E+11,1 025 110,757 922,A01,1,1,1,1,1990,1,1,-1,-1,-1,-1,-1,2.022E+11,4,AVE DE MERIGNAC CAUD,0,NULL,2,2,0,1,-1,-1,1,NULL,-1,1,5,1,50,
2.022E+11,5,5,2022,19:09:00,1,1,1265,2,1,1,3,Avenue de Bresse,"461,710,380,000","55,755,830,000",2.022E+11,756 945,A01,2,1,0,2,5,19,5,NULL,2.022E+11,1 023 808,756 944,B01,1,1,1,1,1994,0,1,-1,-1,0,0,-1,2.022E+11,3,979,0,D,2,2,0,1,67,228,1,NULL,-1,1,0,1,50,
2.022E+11,5,5,2022,19:09:00,1,1,1265,2,1,1,3,Avenue de Bresse,"461,710,380,000","55,755,830,000",2.022E+11,756 945,A01,2,1,0,2,5,19,5,NULL,2.022E+11,1 023 810,756 945,A01,1,1,4,1,2001,0,0,-1,-1,0,0,-1,2.022E+11,3,979,0,D,2,2,0,1,67,228,1,NULL,-1,1,0,1,50,
2.022E+11,1,3,2022,11:05:00,1,69,69388,2,1,1,5,Cours Albert Thomas,"457,484,100,000","48,629,200,000",2.022E+11,755 429,B01,2,1,0,2,1,17,5,NULL,2.022E+11,1 021 699,755 428,C01,1,1,1,1,2002,0,8,-1,-1,-1,-1,-1,2.022E+11,4,NULL,0,NULL,1,2,3,1,-1,-1,1,NULL,-1,1,0,1,50,
2.022E+11,1,3,2022,11:05:00,1,69,69388,2,1,1,5,Cours Albert Thomas,"457,484,100,000","48,629,200,000",2.022E+11,755 429,B01,2,1,0,2,1,17,5,NULL,2.022E+11,1 021 700,755 429,B01,1,1,4,1,1997,0,8,-1,-1,-1,-1,-1,2.022E+11,4,NULL,0,NULL,1,2,3,1,-1,-1,1,NULL,-1,1,0,1,50,
2.022E+11,1,3,2022,11:05:00,1,69,69388,2,1,1,5,Cours Albert Thomas,"457,484,100,000","48,629,200,000",2.022E+11,755 429,B01,2,1,0,2,1,17,5,NULL,2.022E+11,1 021 702,755 430,A01,1,1,1,1,1946,0,1,-1,-1,-1,-1,-1,2.022E+11,4,NULL,0,NULL,1,2,3,1,-1,-1,1,NULL,-1,1,0,1,50,
2.022E+11,6,11,2022,12:30:00,1,57,57534,2,1,1,7,Rue des Fours à Chaux,"490,717,971,938","62,276,776,135",2.022E+11,753 974,A01,3,1,0,0,0,23,5,NULL,2.022E+11,1 019 756,753 974,A01,1,1,2,1,1969,5,2,-1,-1,0,0,-1,2.022E+11,7,155,-1,B,2,2,0,1,-1,-1,1,NULL,-1,-1,0,3,50,
2.022E+11,13,4,2022,15:30:00,1,85,85109,2,3,1,3,RD160,"468,637,770,000","-10,308,550,000",2.022E+11,746 652,B01,3,1,0,2,1,1,5,NULL,2.022E+11,1 009 899,746 652,B01,1,1,3,1,1937,5,2,6,-1,0,0,-1,2.022E+11,3,NULL,-1,NULL,1,-1,-1,-1,18,255,3,NULL,-1,1,-1,1,-1,
2.022E+11,13,4,2022,15:30:00,1,85,85109,2,3,1,3,RD160,"468,637,770,000","-10,308,550,000",2.022E+11,746 652,B01,3,1,0,2,1,1,5,NULL,2.022E+11,1 009 900,746 653,A01,1,1,1,1,1982,5,1,-1,-1,0,0,-1,2.022E+11,3,NULL,-1,NULL,1,-1,-1,-1,18,255,3,NULL,-1,1,-1,1,-1,
2.022E+11,13,4,2022,15:30:00,1,85,85109,2,3,1,3,RD160,"468,637,770,000","-10,308,550,000",2.022E+11,746 652,B01,3,1,0,2,1,1,5,NULL,2.022E+11,1 009 901,746 653,A01,2,2,1,2,1978,5,1,-1,-1,0,0,-1,2.022E+11,3,NULL,-1,NULL,1,-1,-1,-1,18,255,3,NULL,-1,1,-1,1,-1,
2.022E+11,16,7,2022,11:25:00,1,21,21086,2,1,1,1,Rue de la Créa,"469,886,110,000","48,285,930,000",2.022E+11,745 711,A01,1,1,0,2,8,19,5,NULL,2.022E+11,1 008 660,745 709,B01,1,1,1,1,1946,5,1,-1,-1,0,0,-1,2.022E+11,4,NULL,-1,NULL,2,2,0,1,-1,-1,1,NULL,4,1,0,1,50,
2.022E+11,16,7,2022,11:25:00,1,21,21086,2,1,1,1,Rue de la Créa,"469,886,110,000","48,285,930,000",2.022E+11,745 711,A01,1,1,0,2,8,19,5,NULL,2.022E+11,1 008 662,745 711,A01,1,1,3,1,1963,5,0,-1,-1,0,0,-1,2.022E+11,4,NULL,-1,NULL,2,2,0,1,-1,-1,1,NULL,4,1,0,1,50,
2.022E+11,13,6,2022,18:15:00,1,75,75108,2,7,1,1,PLACE DE LA CONCORDE,"488,650,710,000","23,223,290,000",2.022E+11,741 025,A01,1,1,0,2,1,13,5,NULL,2.022E+11,1 002 327,741 025,A01,1,1,1,1,2000,1,8,0,-1,0,0,-1,2.022E+11,4,PLACE DE LA CONCORDE,0,NULL,2,1,0,1,-1,-1,1,NULL,-1,1,-1,5,30,
2.022E+11,13,6,2022,18:15:00,1,75,75108,2,7,1,1,PLACE DE LA CONCORDE,"488,650,710,000","23,223,290,000",2.022E+11,741 026,B01,2,1,0,2,1,1,5,NULL,2.022E+11,1 002 327,741 025,A01,1,1,1,1,2000,1,8,0,-1,0,0,-1,2.022E+11,4,PLACE DE LA CONCORDE,0,NULL,2,1,0,1,-1,-1,1,NULL,-1,1,-1,5,30,
2.022E+11,13,6,2022,18:15:00,1,75,75108,2,7,1,1,PLACE DE LA CONCORDE,"488,650,710,000","23,223,290,000",2.022E+11,741 025,A01,1,1,0,2,1,13,5,NULL,2.022E+11,1 002 328,741 026,B01,1,1,4,2,1990,5,8,0,-1,0,0,-1,2.022E+11,4,PLACE DE LA CONCORDE,0,NULL,2,1,0,1,-1,-1,1,NULL,-1,1,-1,5,30,
2.022E+11,13,6,2022,18:15:00,1,75,75108,2,7,1,1,PLACE DE LA CONCORDE,"488,650,710,000","23,223,290,000",2.022E+11,741 026,B01,2,1,0,2,1,1,5,NULL,2.022E+11,1 002 328,741 026,B01,1,1,4,2,1990,5,8,0,-1,0,0,-1,2.022E+11,4,PLACE DE LA CONCORDE,0,NULL,2,1,0,1,-1,-1,1,NULL,-1,1,-1,5,30,
2.022E+11,2,4,2022,13:40:00,1,76,76270,1,1,2,3,rue louis lumiere,"495,289,800,000","0,1341900000",2.022E+11,740 448,A01,3,1,0,2,8,10,5,NULL,2.022E+11,1 001 543,740 447,B01,1,1,1,1,1987,0,1,0,-1,-1,-1,-1,2.022E+11,3,LOUIS LUMIERE,0,NULL,2,4,1,1,5,493,1,NULL,-1,2,0,1,70,
2.022E+11,2,4,2022,13:40:00,1,76,76270,1,1,2,3,rue louis lumiere,"495,289,800,000","0,1341900000",2.022E+11,740 448,A01,3,1,0,2,8,10,5,NULL,2.022E+11,1 001 544,740 448,A01,1,1,4,1,1961,5,8,0,-1,-1,-1,-1,2.022E+11,3,LOUIS LUMIERE,0,NULL,2,4,1,1,5,493,1,NULL,-1,2,0,1,70,
2.022E+11,29,10,2022,12:25:00,1,17,17057,1,2,1,3,D115,"461,754,030,000"," -0,8448310000",2.022E+11,740 211,B01,2,1,0,2,7,1,5,NULL,2.022E+11,1 001 235,740 210,A01,1,1,1,2,1987,9,8,-1,-1,0,0,-1,2.022E+11,3,115,0,D,2,2,0,1,11,300,1,NULL,-1,1,5,1,80,
2.022E+11,29,10,2022,12:25:00,1,17,17057,1,2,1,3,D115,"461,754,030,000"," -0,8448310000",2.022E+11,740 211,B01,2,1,0,2,7,1,5,NULL,2.022E+11,1 001 237,740 211,B01,1,1,3,2,1978,5,2,6,-1,0,0,-1,2.022E+11,3,115,0,D,2,2,0,1,11,300,1,NULL,-1,1,5,1,80,
2.022E+11,3,12,2022,09:45:00,1,81,81284,2,6,1,3,BOURDES (DE),"439,185,600,000","21,169,600,000",2.022E+11,738 827,B01,0,1,0,2,1,26,5,NULL,2.022E+11,999 261,738 827,B01,1,1,4,1,1999,5,2,8,-1,-1,-1,-1,2.022E+11,4,BOURDES (DE),0,NULL,-1,1,0,1,-1,-1,2,NULL,-1,1,0,1,50,
2.022E+11,3,12,2022,09:45:00,1,81,81284,2,6,1,3,BOURDES (DE),"439,185,600,000","21,169,600,000",2.022E+11,738 827,B01,0,1,0,2,1,26,5,NULL,2.022E+11,999 262,738 828,A01,1,1,1,1,1952,0,1,8,-1,-1,-1,-1,2.022E+11,4,BOURDES (DE),0,NULL,-1,1,0,1,-1,-1,2,NULL,-1,1,0,1,50,
2.022E+11,19,8,2022,20:15:00,2,47,47020,1,1,1,2,Poutet,"446,806,890,000","0,1530980000",2.022E+11,738 479,B01,1,1,0,0,0,2,5,NULL,2.022E+11,998 787,738 477,A01,1,1,1,2,1964,0,1,-1,-1,0,0,-1,2.022E+11,3,134,0,NULL,2,2,0,1,5,849,1,NULL,-1,1,0,1,80,
2.022E+11,19,8,2022,20:15:00,2,47,47020,1,1,1,2,Poutet,"446,806,890,000","0,1530980000",2.022E+11,738 479,B01,1,1,0,0,0,2,5,NULL,2.022E+11,998 789,738 479,B01,1,1,3,1,1988,0,0,-1,-1,0,0,-1,2.022E+11,3,134,0,NULL,2,2,0,1,5,849,1,NULL,-1,1,0,1,80,
2.022E+11,10,5,2022,18:45:00,1,33,33119,2,3,1,3,Avenue René Cassagne,"448,605,100,000"," -0,5148000000",2.022E+11,736 425,B01,2,1,0,2,8,19,5,NULL,2.022E+11,996 000,736 425,B01,1,1,4,2,1963,0,2,-1,-1,-1,-1,-1,2.022E+11,4,AVE RENE CASSAGNE,0,NULL,3,4,2,1,-1,-1,1,NULL,-1,1,0,1,50,
2.022E+11,10,5,2022,18:45:00,1,33,33119,2,3,1,3,Avenue René Cassagne,"448,605,100,000"," -0,5148000000",2.022E+11,736 425,B01,2,1,0,2,8,19,5,NULL,2.022E+11,996 001,736 426,A01,4,2,1,1,2004,0,1,-1,-1,-1,-1,-1,2.022E+11,4,AVE RENE CASSAGNE,0,NULL,3,4,2,1,-1,-1,1,NULL,-1,1,0,1,50,
2.022E+11,10,5,2022,18:45:00,1,33,33119,2,3,1,3,Avenue René Cassagne,"448,605,100,000"," -0,5148000000",2.022E+11,736 425,B01,2,1,0,2,8,19,5,NULL,2.022E+11,996 002,736 426,A01,5,2,1,1,2006,0,1,-1,-1,-1,-1,-1,2.022E+11,4,AVE RENE CASSAGNE,0,NULL,3,4,2,1,-1,-1,1,NULL,-1,1,0,1,50,
2.022E+11,10,5,2022,18:45:00,1,33,33119,2,3,1,3,Avenue René Cassagne,"448,605,100,000"," -0,5148000000",2.022E+11,736 425,B01,2,1,0,2,8,19,5,NULL,2.022E+11,996 003,736 426,A01,3,2,1,1,2004,0,1,-1,-1,-1,-1,-1,2.022E+11,4,AVE RENE CASSAGNE,0,NULL,3,4,2,1,-1,-1,1,NULL,-1,1,0,1,50,
2.022E+11,10,5,2022,18:45:00,1,33,33119,2,3,1,3,Avenue René Cassagne,"448,605,100,000"," -0,5148000000",2.022E+11,736 425,B01,2,1,0,2,8,19,5,NULL,2.022E+11,996 004,736 426,A01,1,1,1,1,2003,0,1,-1,-1,-1,-1,-1,2.022E+11,4,AVE RENE CASSAGNE,0,NULL,3,4,2,1,-1,-1,1,NULL,-1,1,0,1,50,
2.022E+11,14,4,2022,08:40:00,1,78,78551,2,3,1,3,BOUFFLERS (DE),"488,992,500,000","20,729,400,000",2.022E+11,734 502,B01,3,1,0,2,3,19,5,NULL,2.022E+11,993 446,734 499,A01,1,1,1,1,1973,5,1,0,-1,-1,-1,-1,2.022E+11,2,ROOSEVELT (DU PRESIDENT),0,NULL,-1,2,1,1,24,251,1,NULL,-1,1,0,8,50,
2.022E+11,14,4,2022,08:40:00,1,78,78551,2,3,1,3,BOUFFLERS (DE),"488,992,500,000","20,729,400,000",2.022E+11,734 502,B01,3,1,0,2,3,19,5,NULL,2.022E+11,993 450,734 502,B01,1,1,4,2,2009,5,0,-1,-1,0,0,-1,2.022E+11,2,ROOSEVELT (DU PRESIDENT),0,NULL,-1,2,1,1,24,251,1,NULL,-1,1,0,8,50,
2.022E+11,6,4,2022,14:30:00,1,27,27602,2,3,1,1,Allée Léon Bourgeois,"490,128,900,000","10,904,520,000",2.022E+11,731 495,B01,0,1,0,2,1,15,5,NULL,2.022E+11,989 472,731 495,B01,1,1,4,1,2007,5,0,-1,-1,0,0,-1,2.022E+11,4,NULL,-1,NULL,2,2,0,1,-1,-1,1,NULL,5,1,0,1,50,
2.022E+11,6,4,2022,14:30:00,1,27,27602,2,3,1,1,Allée Léon Bourgeois,"490,128,900,000","10,904,520,000",2.022E+11,731 495,B01,0,1,0,2,1,15,5,NULL,2.022E+11,989 474,731 497,A01,1,1,1,2,1963,0,1,-1,-1,0,0,-1,2.022E+11,4,NULL,-1,NULL,2,2,0,1,-1,-1,1,NULL,5,1,0,1,50,
2.022E+11,15,3,2022,20:30:00,5,67,67471,2,3,1,3,Route de Bischwiller,"486,337,200,000","77,540,790,000",2.022E+11,730 220,A01,0,1,0,2,7,19,5,NULL,2.022E+11,987 777,730 220,A01,1,1,3,1,2000,4,0,-1,-1,0,0,-1,2.022E+11,7,37,-1,NULL,2,2,0,1,1,0,1,NULL,-1,1,0,1,30,
2.022E+11,15,3,2022,20:30:00,5,67,67471,2,3,1,3,Route de Bischwiller,"486,337,200,000","77,540,790,000",2.022E+11,730 220,A01,0,1,0,2,7,19,5,NULL,2.022E+11,987 778,730 221,B01,1,1,1,1,1999,5,1,-1,-1,0,0,-1,2.022E+11,7,37,-1,NULL,2,2,0,1,1,0,1,NULL,-1,1,0,1,30,
2.022E+11,25,10,2022,17:53:00,1,93,93048,2,2,1,2,Avenue Gabriel Péri / Rue Condorcet,"488,568,300,000","24,431,500,000",2.022E+11,726 882,LB01,2,1,0,2,8,15,5,NULL,2.022E+11,983 379,726 878,A01,1,1,1,1,2000,1,2,6,-1,0,0,-1,2.022E+11,3,GABRIEL PERI (AVENUE),0,NULL,2,2,1,1,0,1,1,NULL,-1,1,0,1,50,
2.022E+11,25,10,2022,17:53:00,1,93,93048,2,2,1,2,Avenue Gabriel Péri / Rue Condorcet,"488,568,300,000","24,431,500,000",2.022E+11,726 882,LB01,2,1,0,2,8,15,5,NULL,2.022E+11,983 383,726 882,LB01,1,1,4,1,1987,9,8,0,-1,0,0,-1,2.022E+11,3,GABRIEL PERI (AVENUE),0,NULL,2,2,1,1,0,1,1,NULL,-1,1,0,1,50,
2.022E+11,12,8,2022,19:30:00,2,91,91657,2,3,7,3,RUE JULES VERNE,"486,925,200,000","24,448,900,000",2.022E+11,724 024,B01,1,1,0,2,6,15,5,NULL,2.022E+11,979 632,724 020,A01,1,1,1,1,1984,0,1,8,-1,-1,-1,-1,2.022E+11,3,AV DE LA TOURELLE,0,NULL,2,3,0,4,28,-1,1,NULL,-1,1,5,1,50,
2.022E+11,12,8,2022,19:30:00,2,91,91657,2,3,7,3,RUE JULES VERNE,"486,925,200,000","24,448,900,000",2.022E+11,724 024,B01,1,1,0,2,6,15,5,NULL,2.022E+11,979 638,724 024,B01,1,1,4,1,2003,0,8,0,-1,-1,-1,-1,2.022E+11,3,AV DE LA TOURELLE,0,NULL,2,3,0,4,28,-1,1,NULL,-1,1,5,1,50,
2.022E+11,8,8,2022,15:06:00,1,42,42187,2,6,1,3,Rue de Charlieu,"460,663,200,000","40,910,500,000",2.022E+11,723 555,B01,1,1,0,2,0,0,5,NULL,2.022E+11,979 007,723 555,B01,1,1,3,1,1952,5,8,0,-1,-1,-1,-1,2.022E+11,3,CHARLIEU (RUE DE ),0,NULL,2,2,0,1,15,450,3,NULL,-1,1,0,1,50,
2.022E+11,8,8,2022,15:06:00,1,42,42187,2,6,1,3,Rue de Charlieu,"460,663,200,000","40,910,500,000",2.022E+11,723 555,B01,1,1,0,2,0,0,5,NULL,2.022E+11,979 018,723 563,A01,1,1,1,2,1947,9,1,0,-1,-1,-1,-1,2.022E+11,3,CHARLIEU (RUE DE ),0,NULL,2,2,0,1,15,450,3,NULL,-1,1,0,1,50,
2.022E+11,8,5,2022,18:15:00,1,38,38095,2,1,1,3,rue de l'emeraude,"451,422,980,000","52,895,740,000",2.022E+11,722 510,A01,3,1,0,2,1,1,5,NULL,2.022E+11,977 639,722 510,A01,1,1,4,1,2015,5,2,-1,-1,0,0,-1,2.022E+11,3,NULL,-1,NULL,2,2,0,1,2,220,3,NULL,4,1,6,3,30,
2.022E+11,8,5,2022,18:15:00,1,38,38095,2,1,1,3,rue de l'emeraude,"451,422,980,000","52,895,740,000",2.022E+11,722 510,A01,3,1,0,2,1,1,5,NULL,2.022E+11,977 641,722 512,B01,1,1,1,2,1957,5,1,-1,-1,0,0,-1,2.022E+11,3,NULL,-1,NULL,2,2,0,1,2,220,3,NULL,4,1,6,3,30,
2.022E+11,10,7,2022,10:00:00,1,29,29186,1,3,1,1,D46,"486,308,810,000","-38,098,310,000",2.022E+11,721 376,B01,2,1,0,2,1,1,5,NULL,2.022E+11,976 091,721 374,A01,1,1,1,2,1966,5,1,-1,-1,0,0,-1,2.022E+11,3,46,0,D,2,2,0,2,5,441,1,NULL,-1,1,5,1,80,
2.022E+11,10,7,2022,10:00:00,1,29,29186,1,3,1,1,D46,"486,308,810,000","-38,098,310,000",2.022E+11,721 376,B01,2,1,0,2,1,1,5,NULL,2.022E+11,976 096,721 376,B01,1,1,3,1,2001,5,2,-1,-1,0,0,-1,2.022E+11,3,46,0,D,2,2,0,2,5,441,1,NULL,-1,1,5,1,80,
2.022E+11,26,3,2022,16:15:00,1,68,68318,1,1,1,3,CD40,"479,692,920,000","72,229,750,000",2.022E+11,717 291,A01,1,1,0,0,7,10,5,NULL,2.022E+11,970 424,717 286,B01,1,1,1,1,1994,5,2,-1,-1,0,0,-1,2.022E+11,3,40,-1,NULL,2,2,0,2,6,680,1,NULL,-1,1,0,1,90,
2.022E+11,26,3,2022,16:15:00,1,68,68318,1,1,1,3,CD40,"479,692,920,000","72,229,750,000",2.022E+11,717 291,A01,1,1,0,0,7,10,5,NULL,2.022E+11,970 428,717 291,A01,1,1,3,1,2006,5,2,-1,-1,0,0,-1,2.022E+11,3,40,-1,NULL,2,2,0,2,6,680,1,NULL,-1,1,0,1,90,
2.022E+11,5,8,2022,18:45:00,1,10,10297,2,3,1,3,MICHEL BERGER (RUE),"483,200,657,884","41,037,958,860",2.022E+11,808 657,B01,3,1,0,2,1,15,5,NULL,2.022E+11,1 092 640,808 656,A01,1,1,1,1,1963,1,1,0,-1,0,0,-1,2.022E+11,4,MICHEL BERGER (RUE),0,NULL,2,2,0,1,-1,-1,4,NULL,-1,1,0,1,50,
2.022E+11,5,8,2022,18:45:00,1,10,10297,2,3,1,3,MICHEL BERGER (RUE),"483,200,657,884","41,037,958,860",2.022E+11,808 657,B01,3,1,0,2,1,15,5,NULL,2.022E+11,1 092 641,808 657,B01,1,1,4,2,1973,3,8,0,-1,0,0,-1,2.022E+11,4,MICHEL BERGER (RUE),0,NULL,2,2,0,1,-1,-1,4,NULL,-1,1,0,1,50,
2.022E+11,24,11,2022,14:35:00,1,92,92049,2,4,1,3,JAURES AVENUE JEAN N°53 A FIN,"488,127,012,305","23,053,302,169",2.022E+11,808 030,B01,2,1,0,2,1,1,5,NULL,2.022E+11,1 091 779,808 026,A01,1,1,1,1,1980,9,1,0,-1,-1,-1,-1,2.022E+11,3,62,0,NULL,2,2,0,1,0,1,1,NULL,-1,1,0,1,50,
2.022E+11,24,11,2022,14:35:00,1,92,92049,2,4,1,3,JAURES AVENUE JEAN N°53 A FIN,"488,127,012,305","23,053,302,169",2.022E+11,808 030,B01,2,1,0,2,1,1,5,NULL,2.022E+11,1 091 783,808 030,B01,1,1,4,1,1954,5,2,0,-1,-1,-1,-1,2.022E+11,3,62,0,NULL,2,2,0,1,0,1,1,NULL,-1,1,0,1,50,
2.022E+11,26,12,2022,19:55:00,5,973,97302,2,1,1,1,EAU-LISETTE (CITE),"49,301,929,265","-523,215,776,682",2.022E+11,804 758,B01,3,1,0,2,1,0,5,NULL,2.022E+11,1 087 421,804 758,B01,1,1,4,1,2004,0,8,0,-1,0,0,-1,2.022E+11,4,EAU-LISETTE (CITE),0,NULL,2,2,0,1,-1,-1,1,NULL,-1,1,0,1,50,
2.022E+11,26,12,2022,19:55:00,5,973,97302,2,1,1,1,EAU-LISETTE (CITE),"49,301,929,265","-523,215,776,682",2.022E+11,804 758,B01,3,1,0,2,1,0,5,NULL,2.022E+11,1 087 424,804 760,A01,1,1,4,1,2003,0,8,0,-1,0,0,-1,2.022E+11,4,EAU-LISETTE (CITE),0,NULL,2,2,0,1,-1,-1,1,NULL,-1,1,0,1,50,
2.022E+11,2,6,2022,18:40:00,1,75,75106,2,4,1,6,RUE GUYNEMER,"488,486,280,000","23,325,820,000",2.022E+11,804 295,A01,1,1,0,1,1,1,5,NULL,2.022E+11,1 086 821,804 295,A01,1,1,1,2,1998,9,8,0,-1,0,0,-1,2.022E+11,4,RUE GUYNEMER,0,NULL,2,3,2,1,-1,-1,1,NULL,-1,1,0,1,30,
2.022E+11,2,6,2022,18:40:00,1,75,75106,2,4,1,6,RUE GUYNEMER,"488,486,280,000","23,325,820,000",2.022E+11,804 295,A01,1,1,0,1,1,1,5,NULL,2.022E+11,1 086 825,804 295,A01,10,3,4,2,1992,9,0,-1,-1,4,3,1,2.022E+11,4,RUE GUYNEMER,0,NULL,2,3,2,1,-1,-1,1,NULL,-1,1,0,1,30,
2.022E+11,3,6,2022,10:00:00,1,75,75110,2,2,1,2,RUE LA FAYETTE,"488,816,100,000","23,657,820,000",2.022E+11,803 997,A01,1,1,0,2,1,7,5,NULL,2.022E+11,1 086 432,803 997,A01,1,1,4,2,1999,1,8,0,-1,0,0,-1,2.022E+11,4,RUE LA FAYETTE,0,NULL,2,3,3,1,-1,-1,1,NULL,-1,1,-1,6,30,
2.022E+11,3,6,2022,10:00:00,1,75,75110,2,2,1,2,RUE LA FAYETTE,"488,816,100,000","23,657,820,000",2.022E+11,803 997,A01,1,1,0,2,1,7,5,NULL,2.022E+11,1 086 434,803 999,B01,1,1,1,1,1968,4,1,0,-1,0,0,-1,2.022E+11,4,RUE LA FAYETTE,0,NULL,2,3,3,1,-1,-1,1,NULL,-1,1,-1,6,30,
2.022E+11,29,4,2022,18:15:00,1,75,75113,2,5,1,2,AVENUE DES GOBELINS,"488,367,855,339","23,518,480,361",2.022E+11,800 707,A01,2,1,0,2,1,2,5,NULL,2.022E+11,1 082 064,800 707,A01,2,2,4,1,2002,5,2,0,-1,0,0,-1,2.022E+11,4,AVENUE DES GOBELINS,0,NULL,2,4,0,2,-1,-1,1,NULL,-1,1,0,1,30,
2.022E+11,29,4,2022,18:15:00,1,75,75113,2,5,1,2,AVENUE DES GOBELINS,"488,367,855,339","23,518,480,361",2.022E+11,800 707,A01,2,1,0,2,1,2,5,NULL,2.022E+11,1 082 065,800 707,A01,1,1,4,1,2002,5,2,0,-1,0,0,-1,2.022E+11,4,AVENUE DES GOBELINS,0,NULL,2,4,0,2,-1,-1,1,NULL,-1,1,0,1,30,
2.022E+11,29,4,2022,18:15:00,1,75,75113,2,5,1,2,AVENUE DES GOBELINS,"488,367,855,339","23,518,480,361",2.022E+11,800 707,A01,2,1,0,2,1,2,5,NULL,2.022E+11,1 082 070,800 710,B01,1,1,1,1,1966,4,1,0,-1,0,0,-1,2.022E+11,4,AVENUE DES GOBELINS,0,NULL,2,4,0,2,-1,-1,1,NULL,-1,1,0,1,30,
2.022E+11,30,6,2022,17:15:00,1,79,79049,2,3,1,3,NULL,"468,385,380,000"," -0,4955380000",2.022E+11,798 972,B01,3,1,0,2,2,1,5,NULL,2.022E+11,1 079 793,798 972,B01,1,1,4,1,2008,3,0,-1,-1,0,0,-1,2.022E+11,4,NULL,-1,NULL,3,2,0,1,-1,-1,4,NULL,"6,7",1,0,1,50,
2.022E+11,30,6,2022,17:15:00,1,79,79049,2,3,1,3,NULL,"468,385,380,000"," -0,4955380000",2.022E+11,798 972,B01,3,1,0,2,2,1,5,NULL,2.022E+11,1 079 794,798 973,A01,1,1,1,2,1964,3,1,-1,-1,0,0,-1,2.022E+11,4,NULL,-1,NULL,3,2,0,1,-1,-1,4,NULL,"6,7",1,0,1,50,
2.022E+11,29,6,2022,18:30:00,1,61,61006,2,7,2,6,CHAMPAGNE (RUE DE),"487,504,900,000"," -0,0279300000",2.022E+11,795 758,A01,0,1,0,1,3,16,5,NULL,2.022E+11,1 075 531,795 758,A01,1,1,4,1,2006,5,0,0,-1,-1,-1,-1,2.022E+11,6,CHAMPAGNE (RUE DE),0,NULL,-1,0,0,1,0,0,1,NULL,-1,2,6,8,20,
2.022E+11,29,6,2022,18:30:00,1,61,61006,2,7,2,6,CHAMPAGNE (RUE DE),"487,504,900,000"," -0,0279300000",2.022E+11,795 758,A01,0,1,0,1,3,16,5,NULL,2.022E+11,1 075 533,795 758,A01,10,3,4,2,2011,5,0,-1,-1,5,3,2,2.022E+11,6,CHAMPAGNE (RUE DE),0,NULL,-1,0,0,1,0,0,1,NULL,-1,2,6,8,20,
2.022E+11,14,3,2022,18:35:00,5,988,98818,2,3,1,3,PROMENADE ROGER LAROQUE/ROUTE DE L'AQUARIUM,"-223,006,700,000","1,664,379,400,000",2.022E+11,794 713,B01,2,1,0,2,9,1,5,NULL,2.022E+11,1 074 163,794 711,A01,1,1,1,1,1981,1,8,8,-1,0,0,-1,2.022E+11,4,PROMENADE ROGER LAROQUE,0,NULL,2,2,0,1,0,0,1,NULL,-1,1,0,1,50,
2.022E+11,14,3,2022,18:35:00,5,988,98818,2,3,1,3,PROMENADE ROGER LAROQUE/ROUTE DE L'AQUARIUM,"-223,006,700,000","1,664,379,400,000",2.022E+11,794 713,B01,2,1,0,2,9,1,5,NULL,2.022E+11,1 074 165,794 713,B01,1,1,4,2,1955,0,0,0,-1,0,0,-1,2.022E+11,4,PROMENADE ROGER LAROQUE,0,NULL,2,2,0,1,0,0,1,NULL,-1,1,0,1,50,
2.022E+11,26,4,2022,17:40:00,1,75,75118,2,2,1,6,BOULEVARD BARBES,"488,865,540,000","23,495,580,000",2.022E+11,793 020,Z01,2,1,0,1,1,1,5,NULL,2.022E+11,1 071 951,793 020,Z01,10,3,4,1,1994,9,0,8,-1,4,3,1,2.022E+11,4,BOULEVARD BARBES,0,NULL,2,4,3,1,-1,-1,1,NULL,-1,1,-1,6,30,