Accident_Id,jour,mois,an,hrmn,lum,dep,com,agg,int,atm,col,adr,lat,long,Num_Acc,id_vehicule,num_veh,senc,catv,obs,obsm,choc,manv,motor,occutc,Num_Acc,id_usager,id_vehicule,num_veh,place,catu,grav,sexe,an_nais,trajet,secu1,secu2,secu3,locp,actp,etatp,Num_Acc,catr,voie,v1,v2,circ,nbv,vosp,prof,pr,pr1,plan,lartpc,larrout,surf,infra,situ,vma,
2.022E+11,26,4,2022,17:40:00,1,75,75118,2,2,1,6,BOULEVARD BARBES,"488,865,540,000","23,495,580,000",2.022E+11,793 020,Z01,2,1,0,1,1,1,5,NULL,2.022E+11,1 071 952,793 020,Z01,1,1,1,-1,NULL,-1,-1,-1,-1,0,0,-1,2.022E+11,4,BOULEVARD BARBES,0,NULL,2,4,3,1,-1,-1,1,NULL,-1,1,-1,6,30,
2.022E+11,29,5,2022,16:35:00,1,44,44184,1,2,1,3,Route de Marsac,"473,000,263,000","-22,396,267,000",2.022E+11,791 096,A01,1,1,0,2,1,15,5,NULL,2.022E+11,1 069 321,791 096,A01,1,1,4,1,1992,4,2,0,-1,-1,-1,-1,2.022E+11,4,MARSAC (ROUTE DE),0,NULL,2,2,0,2,-1,-1,1,NULL,-1,1,0,1,50,
2.022E+11,29,5,2022,16:35:00,1,44,44184,1,2,1,3,Route de Marsac,"473,000,263,000","-22,396,267,000",2.022E+11,791 096,A01,1,1,0,2,1,15,5,NULL,2.022E+11,1 069 326,791 100,B01,2,2,1,1,1993,5,1,0,-1,-1,-1,-1,2.022E+11,4,MARSAC (ROUTE DE),0,NULL,2,2,0,2,-1,-1,1,NULL,-1,1,0,1,50,
2.022E+11,29,5,2022,16:35:00,1,44,44184,1,2,1,3,Route de Marsac,"473,000,263,000","-22,396,267,000",2.022E+11,791 096,A01,1,1,0,2,1,15,5,NULL,2.022E+11,1 069 327,791 100,B01,1,1,1,2,1993,5,1,0,-1,-1,-1,-1,2.022E+11,4,MARSAC (ROUTE DE),0,NULL,2,2,0,2,-1,-1,1,NULL,-1,1,0,1,50,
2.022E+11,7,9,2022,20:45:00,2,74,74012,2,1,1,2,VALLEES (ROUTE DES),"461,933,000,000","62,425,200,000",2.022E+11,786 738,B01,2,1,0,2,4,0,5,NULL,2.022E+11,1 063 487,786 736,A01,1,1,1,2,1978,0,1,0,-1,-1,-1,-1,2.022E+11,4,VALLEES (ROUTE DES),0,NULL,-1,2,0,2,0,1,1,NULL,-1,1,0,1,50,
2.022E+11,7,9,2022,20:45:00,2,74,74012,2,1,1,2,VALLEES (ROUTE DES),"461,933,000,000","62,425,200,000",2.022E+11,786 738,B01,2,1,0,2,4,0,5,NULL,2.022E+11,1 063 491,786 738,B01,1,1,4,1,1993,0,8,0,-1,-1,-1,-1,2.022E+11,4,VALLEES (ROUTE DES),0,NULL,-1,2,0,2,0,1,1,NULL,-1,1,0,1,50,
2.022E+11,16,11,2022,20:50:00,5,10,10387,2,1,2,3,FAUBOURG CRONCELS (RUE DU),"482,782,223,739","40,818,688,273",2.022E+11,784 967,A01,1,1,0,2,2,17,5,NULL,2.022E+11,1 061 083,784 967,A01,1,1,4,1,2003,0,1,0,-1,-1,-1,-1,2.022E+11,4,FAUBOURG CRONCELS (RUE DU),0,NULL,2,4,0,1,-1,-1,1,NULL,-1,2,0,1,50,
2.022E+11,16,11,2022,20:50:00,5,10,10387,2,1,2,3,FAUBOURG CRONCELS (RUE DU),"482,782,223,739","40,818,688,273",2.022E+11,784 967,A01,1,1,0,2,2,17,5,NULL,2.022E+11,1 061 084,784 968,B01,1,1,1,1,1994,0,1,8,-1,-1,-1,-1,2.022E+11,4,FAUBOURG CRONCELS (RUE DU),0,NULL,2,4,0,1,-1,-1,1,NULL,-1,2,0,1,50,
2.022E+11,22,4,2022,17:10:00,1,60,60575,1,1,1,2,D1001 - PK 17.800,"493,030,760,000","21,980,810,000",2.022E+11,778 530,B01,2,1,0,2,4,1,5,NULL,2.022E+11,1 052 560,778 528,A01,1,1,1,1,1956,1,1,-1,-1,0,0,-1,2.022E+11,3,1001,-1,D,-1,0,0,2,17,747,1,NULL,0,1,0,1,90,
2.022E+11,22,4,2022,17:10:00,1,60,60575,1,1,1,2,D1001 - PK 17.800,"493,030,760,000","21,980,810,000",2.022E+11,778 530,B01,2,1,0,2,4,1,5,NULL,2.022E+11,1 052 562,778 530,B01,1,1,2,1,1957,5,2,-1,-1,0,0,-1,2.022E+11,3,1001,-1,D,-1,0,0,2,17,747,1,NULL,0,1,0,1,90,
2.022E+11,22,6,2022,21:25:00,2,37,37233,2,6,8,3,ERIDENCE (RUE DE L'),"473,951,918,126","0,7261101902",2.022E+11,771 858,B01,0,1,0,2,7,1,5,NULL,2.022E+11,1 043 488,771 856,A01,1,1,1,1,1996,5,1,0,-1,-1,-1,-1,2.022E+11,4,NULL,0,NULL,2,2,2,1,-1,-1,1,NULL,-1,1,5,1,30,
2.022E+11,22,6,2022,21:25:00,2,37,37233,2,6,8,3,ERIDENCE (RUE DE L'),"473,951,918,126","0,7261101902",2.022E+11,771 858,B01,0,1,0,2,7,1,5,NULL,2.022E+11,1 043 490,771 858,B01,1,1,4,1,1973,5,8,0,-1,-1,-1,-1,2.022E+11,4,NULL,0,NULL,2,2,2,1,-1,-1,1,NULL,-1,1,5,1,30,
2.022E+11,6,10,2022,19:50:00,5,92,92050,2,3,1,3,JOLIOT CURIE F. ET IRENE AVENUE  N°PAIRS,"488,937,400,000","22,119,800,000",2.022E+11,771 560,B01,1,1,0,2,0,0,5,NULL,2.022E+11,1 043 093,771 559,A01,1,1,4,1,2002,0,2,0,-1,-1,-1,-1,2.022E+11,3,131,0,NULL,3,2,0,1,0,0,1,NULL,-1,1,0,1,50,
2.022E+11,6,10,2022,19:50:00,5,92,92050,2,3,1,3,JOLIOT CURIE F. ET IRENE AVENUE  N°PAIRS,"488,937,400,000","22,119,800,000",2.022E+11,771 560,B01,1,1,0,2,0,0,5,NULL,2.022E+11,1 043 094,771 560,B01,1,1,4,2,1992,5,8,0,-1,-1,-1,-1,2.022E+11,3,131,0,NULL,3,2,0,1,0,0,1,NULL,-1,1,0,1,50,
2.022E+11,28,1,2022,17:00:00,1,64,64024,2,3,1,3,Rue du Moulin Barbot,"434,997,100,000","-15,365,800,000",2.022E+11,771 395,B01,1,1,0,2,1,1,5,NULL,2.022E+11,1 042 886,771 393,A01,1,1,1,1,1960,0,1,0,-1,-1,-1,-1,2.022E+11,4,MOULIN BARBOT (RUE DU),0,NULL,2,2,0,4,0,0,3,NULL,-1,1,0,1,50,
2.022E+11,28,1,2022,17:00:00,1,64,64024,2,3,1,3,Rue du Moulin Barbot,"434,997,100,000","-15,365,800,000",2.022E+11,771 395,B01,1,1,0,2,1,1,5,NULL,2.022E+11,1 042 888,771 395,B01,1,1,4,2,2009,0,8,0,-1,-1,-1,-1,2.022E+11,4,MOULIN BARBOT (RUE DU),0,NULL,2,2,0,4,0,0,3,NULL,-1,1,0,1,50,
2.022E+11,12,11,2022,10:00:00,1,50,50258,1,1,7,3,NULL,"494,772,640,000","-13,704,370,000",2.022E+11,767 887,B01,1,1,0,0,7,19,5,NULL,2.022E+11,1 038 243,767 886,A01,1,1,1,1,1992,5,1,-1,-1,0,0,-1,2.022E+11,3,974,-1,NULL,3,2,0,2,-1,-1,1,NULL,-1,1,0,1,70,
2.022E+11,12,11,2022,10:00:00,1,50,50258,1,1,7,3,NULL,"494,772,640,000","-13,704,370,000",2.022E+11,767 887,B01,1,1,0,0,7,19,5,NULL,2.022E+11,1 038 244,767 887,B01,1,1,2,1,1946,5,0,-1,-1,0,0,-1,2.022E+11,3,974,-1,NULL,3,2,0,2,-1,-1,1,NULL,-1,1,0,1,70,
2.022E+11,21,7,2022,14:58:00,1,75,75114,2,3,1,3,RUE VERCINGETORIX,"488,291,250,000","23,064,160,000",2.022E+11,766 859,A01,1,1,0,2,7,19,5,NULL,2.022E+11,1 036 908,766 859,A01,1,1,4,1,1983,1,8,0,-1,0,0,-1,2.022E+11,4,RUE VERCINGETORIX,0,NULL,1,2,0,1,-1,-1,1,NULL,-1,1,0,1,30,
2.022E+11,21,7,2022,14:58:00,1,75,75114,2,3,1,3,RUE VERCINGETORIX,"488,291,250,000","23,064,160,000",2.022E+11,766 859,A01,1,1,0,2,7,19,5,NULL,2.022E+11,1 036 911,766 862,B01,1,1,4,1,1944,1,2,6,-1,0,0,-1,2.022E+11,4,RUE VERCINGETORIX,0,NULL,1,2,0,1,-1,-1,1,NULL,-1,1,0,1,30,
2.022E+11,20,6,2022,19:48:00,1,92,92007,2,1,1,3,VAILLANT-COUTURIER (AVENU PAUL),"487,942,125,700","23,163,688,481",2.022E+11,764 742,B01,1,1,0,2,1,2,5,NULL,2.022E+11,1 034 085,764 741,A01,1,1,1,2,1971,0,8,0,-1,-1,-1,-1,2.022E+11,3,77,0,NULL,-1,2,0,2,1,0,1,NULL,-1,1,0,1,50,
2.022E+11,20,6,2022,19:48:00,1,92,92007,2,1,1,3,VAILLANT-COUTURIER (AVENU PAUL),"487,942,125,700","23,163,688,481",2.022E+11,764 742,B01,1,1,0,2,1,2,5,NULL,2.022E+11,1 034 086,764 742,B01,1,1,4,1,2003,-1,9,0,0,-1,-1,-1,2.022E+11,3,77,0,NULL,-1,2,0,2,1,0,1,NULL,-1,1,0,1,50,
2.022E+11,3,10,2022,18:30:00,1,75,75116,2,1,1,3,BOULEVARD LANNES,"488,673,870,000","22,722,590,000",2.022E+11,760 287,B01,2,1,0,2,2,1,5,NULL,2.022E+11,1 028 216,760 286,A01,1,1,1,1,1966,1,1,0,-1,0,0,-1,2.022E+11,4,BOULEVARD LANNES,0,NULL,-1,4,0,1,-1,-1,1,NULL,-1,1,0,1,50,
2.022E+11,3,10,2022,18:30:00,1,75,75116,2,1,1,3,BOULEVARD LANNES,"488,673,870,000","22,722,590,000",2.022E+11,760 287,B01,2,1,0,2,2,1,5,NULL,2.022E+11,1 028 217,760 287,B01,1,1,4,2,1980,4,8,0,-1,0,0,-1,2.022E+11,4,BOULEVARD LANNES,0,NULL,-1,4,0,1,-1,-1,1,NULL,-1,1,0,1,50,
2.022E+11,19,7,2022,11:55:00,1,75,75111,2,4,7,6,BOULEVARD VOLTAIRE,"488,532,840,000","23,877,200,000",2.022E+11,759 292,A01,1,1,0,1,2,21,5,NULL,2.022E+11,1 026 920,759 292,A01,10,3,4,1,1964,9,0,-1,-1,5,1,1,2.022E+11,4,BOULEVARD VOLTAIRE,0,NULL,2,4,1,1,-1,-1,1,NULL,-1,1,0,5,30,
2.022E+11,19,7,2022,11:55:00,1,75,75111,2,4,7,6,BOULEVARD VOLTAIRE,"488,532,840,000","23,877,200,000",2.022E+11,759 292,A01,1,1,0,1,2,21,5,NULL,2.022E+11,1 026 921,759 292,A01,1,1,1,1,2001,4,2,4,-1,0,0,-1,2.022E+11,4,BOULEVARD VOLTAIRE,0,NULL,2,4,1,1,-1,-1,1,NULL,-1,1,0,5,30,
2.022E+11,6,11,2022,11:45:00,1,92,92060,2,1,3,3,REPUBLIQUE (AVENUE DE LA) (RD 60),"487,813,900,000","22,717,100,000",2.022E+11,757 315,B01,1,1,0,2,2,21,5,NULL,2.022E+11,1 024 294,757 314,A01,1,1,4,1,1985,5,8,0,-1,-1,-1,-1,2.022E+11,4,NULL,0,NULL,2,2,0,1,0,0,1,NULL,-1,2,0,1,50,
2.022E+11,6,11,2022,11:45:00,1,92,92060,2,1,3,3,REPUBLIQUE (AVENUE DE LA) (RD 60),"487,813,900,000","22,717,100,000",2.022E+11,757 315,B01,1,1,0,2,2,21,5,NULL,2.022E+11,1 024 295,757 315,B01,1,1,4,1,1967,5,2,0,-1,-1,-1,-1,2.022E+11,4,NULL,0,NULL,2,2,0,1,0,0,1,NULL,-1,2,0,1,50,
2.022E+11,18,5,2022,20:20:00,1,27,27229,2,7,1,3,RUE VICTORIA MXENGE,"490,087,400,000","11,589,100,000",2.022E+11,753 765,A01,3,1,0,2,1,1,5,NULL,2.022E+11,1 019 442,753 764,B01,1,1,1,1,1993,5,1,0,-1,0,0,-1,2.022E+11,4,RUE VICTORIA MXENGE,0,NULL,1,0,0,1,-1,-1,1,NULL,-1,1,0,1,30,
2.022E+11,18,5,2022,20:20:00,1,27,27229,2,7,1,3,RUE VICTORIA MXENGE,"490,087,400,000","11,589,100,000",2.022E+11,753 765,A01,3,1,0,2,1,1,5,NULL,2.022E+11,1 019 443,753 765,A01,1,1,4,2,2015,5,8,0,-1,0,0,-1,2.022E+11,4,RUE VICTORIA MXENGE,0,NULL,1,0,0,1,-1,-1,1,NULL,-1,1,0,1,30,
2.022E+11,24,8,2022,16:30:00,1,75,75116,2,1,1,3,AVENUE BUGEAUD,"488,709,170,000","22,796,950,000",2.022E+11,748 266,B01,2,1,0,2,1,1,5,NULL,2.022E+11,1 012 042,748 266,B01,1,1,4,2,1995,5,2,0,-1,0,0,-1,2.022E+11,4,AVENUE BUGEAUD,0,NULL,2,2,0,2,-1,-1,1,NULL,-1,1,0,1,30,
2.022E+11,24,8,2022,16:30:00,1,75,75116,2,1,1,3,AVENUE BUGEAUD,"488,709,170,000","22,796,950,000",2.022E+11,748 266,B01,2,1,0,2,1,1,5,NULL,2.022E+11,1 012 045,748 269,A01,1,1,1,1,1976,5,1,8,-1,0,0,-1,2.022E+11,4,AVENUE BUGEAUD,0,NULL,2,2,0,2,-1,-1,1,NULL,-1,1,0,1,30,
2.022E+11,25,2,2022,16:00:00,1,43,43187,1,2,1,3,D906,"451,595,460,000","38,286,710,000",2.022E+11,744 211,B01,3,1,0,2,1,1,5,NULL,2.022E+11,1 006 638,744 211,B01,1,1,3,1,2011,5,2,-1,-1,0,0,-1,2.022E+11,3,906,0,D,2,2,0,1,27,400,1,NULL,-1,1,0,1,90,
2.022E+11,25,2,2022,16:00:00,1,43,43187,1,2,1,3,D906,"451,595,460,000","38,286,710,000",2.022E+11,744 211,B01,3,1,0,2,1,1,5,NULL,2.022E+11,1 006 641,744 214,A01,2,2,1,1,2020,2,1,-1,-1,0,0,-1,2.022E+11,3,906,0,D,2,2,0,1,27,400,1,NULL,-1,1,0,1,90,
2.022E+11,25,2,2022,16:00:00,1,43,43187,1,2,1,3,D906,"451,595,460,000","38,286,710,000",2.022E+11,744 211,B01,3,1,0,2,1,1,5,NULL,2.022E+11,1 006 642,744 214,A01,1,1,1,1,1999,2,1,-1,-1,0,0,-1,2.022E+11,3,906,0,D,2,2,0,1,27,400,1,NULL,-1,1,0,1,90,
2.022E+11,13,7,2022,09:00:00,1,29,29022,2,6,1,3,rue de Crozon,"482,717,180,000","-45,874,250,000",2.022E+11,737 993,B01,2,1,0,2,1,1,5,NULL,2.022E+11,998 128,737 991,A01,1,1,1,1,1951,5,8,-1,-1,0,0,-1,2.022E+11,3,8,0,NULL,2,2,0,3,7,892,1,NULL,-1,1,0,1,50,
2.022E+11,13,7,2022,09:00:00,1,29,29022,2,6,1,3,rue de Crozon,"482,717,180,000","-45,874,250,000",2.022E+11,737 993,B01,2,1,0,2,1,1,5,NULL,2.022E+11,998 131,737 993,B01,1,1,3,1,1972,5,8,-1,-1,0,0,-1,2.022E+11,3,8,0,NULL,2,2,0,3,7,892,1,NULL,-1,1,0,1,50,
2.022E+11,30,3,2022,06:45:00,1,974,97407,2,1,1,3,14 JUILLET 1789(AVENUE DU),"-209,324,800,000","552,944,700,000",2.022E+11,733 412,B01,3,1,0,2,2,1,5,NULL,2.022E+11,991 968,733 410,A01,1,1,1,1,1965,0,1,0,-1,-1,-1,-1,2.022E+11,4,14 JUILLET 1789(AVENUE DU),0,NULL,1,1,0,1,0,0,1,NULL,-1,1,0,1,50,
2.022E+11,30,3,2022,06:45:00,1,974,97407,2,1,1,3,14 JUILLET 1789(AVENUE DU),"-209,324,800,000","552,944,700,000",2.022E+11,733 412,B01,3,1,0,2,2,1,5,NULL,2.022E+11,991 970,733 412,B01,1,1,4,1,1996,0,2,0,-1,-1,-1,-1,2.022E+11,4,14 JUILLET 1789(AVENUE DU),0,NULL,1,1,0,1,0,0,1,NULL,-1,1,0,1,50,
2.022E+11,19,2,2022,09:55:00,1,51,51536,2,1,1,2,Rue du Canada,"491,966,180,000","41,344,590,000",2.022E+11,730 793,A01,1,1,0,2,1,19,5,NULL,2.022E+11,988 535,730 789,B01,1,1,1,1,1990,5,1,-1,-1,0,0,-1,2.022E+11,3,8,0,NULL,2,2,0,1,9,0,1,NULL,-1,1,0,1,30,
2.022E+11,19,2,2022,09:55:00,1,51,51536,2,1,1,2,Rue du Canada,"491,966,180,000","41,344,590,000",2.022E+11,730 793,A01,1,1,0,2,1,19,5,NULL,2.022E+11,988 537,730 793,A01,1,1,4,1,1953,5,0,-1,-1,0,0,-1,2.022E+11,3,8,0,NULL,2,2,0,1,9,0,1,NULL,-1,1,0,1,30,
2.022E+11,12,8,2022,09:15:00,1,68,68066,2,3,1,3,REUBELL (RUE),"480,721,000,000","73,585,700,000",2.022E+11,725 417,B01,3,1,0,2,4,1,5,NULL,2.022E+11,981 485,725 415,A01,1,1,1,1,1982,4,1,0,-1,-1,-1,-1,2.022E+11,4,REUBELL (RUE),0,NULL,1,1,0,1,-1,-1,1,NULL,-1,1,8,1,30,
2.022E+11,12,8,2022,09:15:00,1,68,68066,2,3,1,3,REUBELL (RUE),"480,721,000,000","73,585,700,000",2.022E+11,725 417,B01,3,1,0,2,4,1,5,NULL,2.022E+11,981 488,725 417,B01,1,1,3,1,1939,3,8,0,-1,-1,-1,-1,2.022E+11,4,REUBELL (RUE),0,NULL,1,1,0,1,-1,-1,1,NULL,-1,1,8,1,30,
2.022E+11,18,9,2022,21:41:00,5,63,63113,2,5,1,3,CLEMENTEL (BD ETIENNE),"458,003,267,717","31,115,582,585",2.022E+11,719 625,A01,1,1,0,2,1,19,5,NULL,2.022E+11,973 697,719 622,B01,1,1,1,1,1995,9,1,-1,-1,0,0,-1,2.022E+11,7,CLEMENTEL (BD ETIENNE),0,NULL,3,6,0,1,-1,-1,1,NULL,-1,1,0,8,50,
2.022E+11,18,9,2022,21:41:00,5,63,63113,2,5,1,3,CLEMENTEL (BD ETIENNE),"458,003,267,717","31,115,582,585",2.022E+11,719 625,A01,1,1,0,2,1,19,5,NULL,2.022E+11,973 700,719 625,A01,1,1,4,1,2010,9,8,-1,-1,0,0,-1,2.022E+11,7,CLEMENTEL (BD ETIENNE),0,NULL,3,6,0,1,-1,-1,1,NULL,-1,1,0,8,50,
2.022E+11,6,8,2022,01:12:00,5,76,76552,2,1,1,7,FOCH (BD),"495,060,000,000","0,0713500000",2.022E+11,718 473,A01,0,1,0,0,0,0,5,NULL,2.022E+11,972 097,718 473,A01,1,1,3,2,1980,5,0,-1,-1,0,0,-1,2.022E+11,4,FOCH (BD),0,NULL,2,2,1,1,0,0,1,NULL,-1,1,0,5,30,
2.022E+11,2,10,2022,13:30:00,1,974,97409,2,1,1,7,CAMBUSTON (rue de),"-209,334,000,000","556,547,900,000",2.022E+11,810 926,A01,1,1,13,0,2,14,5,NULL,2.022E+11,1 095 640,810 926,A01,1,1,2,1,1962,0,8,0,-1,-1,-1,-1,2.022E+11,3,CAMBUSTON (rue de),0,NULL,2,2,0,1,0,950,1,NULL,-1,1,0,1,50,
2.022E+11,3,6,2022,11:45:00,1,22,22155,2,3,1,3,La Pie,"482,270,380,000","-27,334,660,000",2.022E+11,809 546,B01,3,1,0,2,1,16,5,NULL,2.022E+11,1 093 819,809 546,B01,1,1,4,1,2008,5,0,-1,-1,0,0,-1,2.022E+11,3,x,0,X,2,2,0,1,0,0,1,NULL,4,1,0,1,50,
2.022E+11,3,6,2022,11:45:00,1,22,22155,2,3,1,3,La Pie,"482,270,380,000","-27,334,660,000",2.022E+11,809 546,B01,3,1,0,2,1,16,5,NULL,2.022E+11,1 093 822,809 549,A01,1,1,1,1,1993,4,1,-1,-1,0,0,-1,2.022E+11,3,x,0,X,2,2,0,1,0,0,1,NULL,4,1,0,1,50,
2.022E+11,4,6,2022,17:10:00,1,72,72181,2,6,1,3,ALLONNES MOULIN ST GEORGES (RUE D'),"479,768,109,949","0,1694977281",2.022E+11,807 890,B01,1,1,0,2,1,1,5,NULL,2.022E+11,1 091 594,807 887,A01,1,1,1,2,1990,0,1,8,-1,0,0,-1,2.022E+11,4,ALLONNES MOULIN ST GEORGES (RUE D'),0,NULL,1,2,1,1,0,0,3,NULL,-1,1,0,5,50,
2.022E+11,4,6,2022,17:10:00,1,72,72181,2,6,1,3,ALLONNES MOULIN ST GEORGES (RUE D'),"479,768,109,949","0,1694977281",2.022E+11,807 890,B01,1,1,0,2,1,1,5,NULL,2.022E+11,1 091 598,807 890,B01,1,1,4,1,1949,9,8,0,-1,0,0,-1,2.022E+11,4,ALLONNES MOULIN ST GEORGES (RUE D'),0,NULL,1,2,1,1,0,0,3,NULL,-1,1,0,5,50,
2.022E+11,14,7,2022,11:15:00,1,74,74063,2,1,1,1,Route du Linga,"462,615,910,000","68,378,270,000",2.022E+11,806 466,A01,1,1,1,0,1,13,5,NULL,2.022E+11,1 089 671,806 465,B01,1,1,1,1,1944,4,1,-1,-1,0,0,-1,2.022E+11,3,NULL,-1,NULL,2,1,0,2,11,870,1,NULL,"3,5",1,0,1,50,
2.022E+11,14,7,2022,11:15:00,1,74,74063,2,1,1,1,Route du Linga,"462,615,910,000","68,378,270,000",2.022E+11,806 466,A01,1,1,1,0,1,13,5,NULL,2.022E+11,1 089 672,806 466,A01,1,1,2,1,1957,5,2,-1,-1,0,0,-1,2.022E+11,3,NULL,-1,NULL,2,1,0,2,11,870,1,NULL,"3,5",1,0,1,50,
2.022E+11,15,9,2022,18:40:00,1,92,92049,2,1,1,7,REPUBLIQUE AVENUE DE LA N°1 A 79,"488,180,710,000","23,193,490,000",2.022E+11,806 114,A01,2,1,0,0,2,1,5,NULL,2.022E+11,1 089 226,806 114,A01,1,1,4,1,1975,1,2,8,-1,-1,-1,-1,2.022E+11,4,REPUBLIQUE AVENUE DE LA N°1 A 79,0,NULL,1,2,0,1,0,1,1,NULL,-1,1,0,1,50,
2.022E+11,21,9,2022,17:02:00,1,14,14738,2,6,1,3,D675,"491,564,320,000"," -0,4485250000",2.022E+11,804 765,B01,2,1,0,2,1,6,5,NULL,2.022E+11,1 087 427,804 763,A01,1,1,1,1,1961,1,1,-1,-1,0,0,-1,2.022E+11,3,675,-1,NULL,2,2,0,1,59,200,1,NULL,-1,1,0,1,50,
2.022E+11,21,9,2022,17:02:00,1,14,14738,2,6,1,3,D675,"491,564,320,000"," -0,4485250000",2.022E+11,804 765,B01,2,1,0,2,1,6,5,NULL,2.022E+11,1 087 429,804 765,B01,1,1,4,2,1959,5,2,-1,-1,0,0,-1,2.022E+11,3,675,-1,NULL,2,2,0,1,59,200,1,NULL,-1,1,0,1,50,
2.022E+11,29,12,2022,15:40:00,1,44,44184,2,6,3,2,163 Boulevard Jean De Neyman,"472,788,700,000","-22,433,900,000",2.022E+11,804 463,B01,3,1,0,2,5,9,5,NULL,2.022E+11,1 087 038,804 463,B01,1,1,3,1,1950,0,2,0,-1,0,0,-1,2.022E+11,4,VILLENEUVE (AVENUE DE),0,NULL,1,2,0,1,-1,-1,2,NULL,-1,2,5,1,50,
2.022E+11,29,12,2022,15:40:00,1,44,44184,2,6,3,2,163 Boulevard Jean De Neyman,"472,788,700,000","-22,433,900,000",2.022E+11,804 463,B01,3,1,0,2,5,9,5,NULL,2.022E+11,1 087 042,804 466,A01,1,1,1,2,1970,9,1,0,-1,0,0,-1,2.022E+11,4,VILLENEUVE (AVENUE DE),0,NULL,1,2,0,1,-1,-1,2,NULL,-1,2,5,1,50,
2.022E+11,30,4,2022,13:40:00,1,31,31413,1,1,1,6,8 route de cadours,"437,349,960,000","11,070,230,000",2.022E+11,803 561,A01,1,1,1,0,1,1,5,NULL,2.022E+11,1 085 807,803 561,A01,1,1,3,1,1964,5,2,-1,-1,0,0,-1,2.022E+11,3,29,0,NULL,2,2,0,1,7,346,1,NULL,-1,1,0,1,80,
2.022E+11,30,4,2022,13:40:00,1,31,31413,1,1,1,6,8 route de cadours,"437,349,960,000","11,070,230,000",2.022E+11,803 561,A01,1,1,1,0,1,1,5,NULL,2.022E+11,1 085 809,803 563,B01,1,1,1,1,1990,5,1,-1,-1,0,0,-1,2.022E+11,3,29,0,NULL,2,2,0,1,7,346,1,NULL,-1,1,0,1,80,
2.022E+11,12,9,2022,08:45:00,1,60,60159,2,1,1,3,Rue du Docteur Guérin,"493,983,500,000","27,887,300,000",2.022E+11,799 922,B01,3,1,0,2,1,9,5,NULL,2.022E+11,1 081 029,799 922,B01,1,1,4,1,1995,9,8,0,-1,-1,-1,-1,2.022E+11,4,GUERIN (DU DOCTEUR CAMILLE),0,NULL,2,2,0,1,-1,-1,1,NULL,-1,1,0,1,50,
2.022E+11,12,9,2022,08:45:00,1,60,60159,2,1,1,3,Rue du Docteur Guérin,"493,983,500,000","27,887,300,000",2.022E+11,799 922,B01,3,1,0,2,1,9,5,NULL,2.022E+11,1 081 030,799 923,A01,1,1,1,1,1974,4,1,0,-1,-1,-1,-1,2.022E+11,4,GUERIN (DU DOCTEUR CAMILLE),0,NULL,2,2,0,1,-1,-1,1,NULL,-1,1,0,1,50,
2.022E+11,3,8,2022,16:30:00,1,75,75104,2,2,1,6,RUE DE RIVOLI,"488,565,720,000","23,554,730,000",2.022E+11,798 607,A01,2,1,14,0,3,13,5,NULL,2.022E+11,1 079 323,798 607,A01,1,1,4,2,1990,1,2,0,-1,0,0,-1,2.022E+11,4,RUE DE RIVOLI,0,NULL,2,5,1,1,-1,-1,1,NULL,-1,1,0,5,30,
2.022E+11,13,10,2022,09:55:00,1,69,69381,2,2,1,5,Quai André Lassagne,"457,727,000,000","48,384,600,000",2.022E+11,795 640,B01,3,1,0,2,8,19,0,NULL,2.022E+11,1 075 379,795 636,WX01,1,1,4,1,2000,1,8,-1,-1,0,0,-1,2.022E+11,4,NULL,0,NULL,2,5,1,1,-1,-1,1,NULL,-1,1,5,1,50,
2.022E+11,13,10,2022,09:55:00,1,69,69381,2,2,1,5,Quai André Lassagne,"457,727,000,000","48,384,600,000",2.022E+11,795 640,B01,3,1,0,2,8,19,0,NULL,2.022E+11,1 075 382,795 638,A01,1,1,1,1,1976,0,1,-1,-1,0,0,-1,2.022E+11,4,NULL,0,NULL,2,5,1,1,-1,-1,1,NULL,-1,1,5,1,50,
2.022E+11,13,10,2022,09:55:00,1,69,69381,2,2,1,5,Quai André Lassagne,"457,727,000,000","48,384,600,000",2.022E+11,795 640,B01,3,1,0,2,8,19,0,NULL,2.022E+11,1 075 384,795 640,B01,1,1,4,1,1955,0,2,-1,-1,0,0,-1,2.022E+11,4,NULL,0,NULL,2,5,1,1,-1,-1,1,NULL,-1,1,5,1,50,
2.022E+11,26,4,2022,14:20:00,1,75,75119,2,4,1,6,AVENUE JEAN JAURES,"488,830,929,655","23,714,549,839",2.022E+11,793 028,A01,2,1,0,1,1,1,5,NULL,2.022E+11,1 071 961,793 028,A01,10,3,3,2,1970,9,0,-1,-1,2,3,1,2.022E+11,4,AVENUE JEAN JAURES,0,NULL,2,3,1,1,-1,-1,1,NULL,-1,1,-1,5,30,
2.022E+11,26,4,2022,14:20:00,1,75,75119,2,4,1,6,AVENUE JEAN JAURES,"488,830,929,655","23,714,549,839",2.022E+11,793 028,A01,2,1,0,1,1,1,5,NULL,2.022E+11,1 071 963,793 028,A01,1,1,4,1,1994,1,2,0,-1,0,0,-1,2.022E+11,4,AVENUE JEAN JAURES,0,NULL,2,3,1,1,-1,-1,1,NULL,-1,1,-1,5,30,
2.022E+11,7,2,2022,21:40:00,5,75,75115,2,2,1,6,RUE DU COMMERCE,"488,462,000,000","22,951,780,000",2.022E+11,792 624,Z01,2,1,0,1,1,1,5,NULL,2.022E+11,1 071 435,792 624,Z01,10,3,4,2,1982,5,8,8,-1,2,3,1,2.022E+11,4,RUE DU COMMERCE,0,NULL,1,1,1,1,-1,-1,1,NULL,-1,1,0,5,30,