Accident_Id,jour,mois,an,hrmn,lum,dep,com,agg,int,atm,col,adr,lat,long,Num_Acc,id_vehicule,num_veh,senc,catv,obs,obsm,choc,manv,motor,occutc,Num_Acc,id_usager,id_vehicule,num_veh,place,catu,grav,sexe,an_nais,trajet,secu1,secu2,secu3,locp,actp,etatp,Num_Acc,catr,voie,v1,v2,circ,nbv,vosp,prof,pr,pr1,plan,lartpc,larrout,surf,infra,situ,vma,
2.022E+11,12,2,2022,20:00:00,5,974,97411,2,3,1,3,VAUTHIER (RUE  MARCEL),"-209,122,200,000","555,024,300,000",2.022E+11,723 339,A01,3,1,0,2,1,1,5,NULL,2.022E+11,978 740,723 339,A01,1,1,4,1,1982,0,8,8,-1,-1,-1,-1,2.022E+11,4,VAUTHIER (RUE  MARCEL),0,NULL,2,2,0,2,0,0,1,NULL,-1,1,9,1,50,
2.022E+11,12,2,2022,20:00:00,5,974,97411,2,3,1,3,VAUTHIER (RUE  MARCEL),"-209,122,200,000","555,024,300,000",2.022E+11,723 339,A01,3,1,0,2,1,1,5,NULL,2.022E+11,978 746,723 343,B01,1,1,1,2,1995,0,1,8,-1,-1,-1,-1,2.022E+11,4,VAUTHIER (RUE  MARCEL),0,NULL,2,2,0,2,0,0,1,NULL,-1,1,9,1,50,
2.022E+11,27,11,2022,16:50:00,1,64,64037,1,1,1,1,D2,"433,455,610,000"," -0,5176660000",2.022E+11,720 362,B01,2,1,0,2,1,1,5,NULL,2.022E+11,974 699,720 358,A01,1,1,4,1,2003,1,1,-1,-1,0,0,-1,2.022E+11,3,2,0,D,2,2,0,1,14,188,1,NULL,-1,1,0,1,80,
2.022E+11,27,11,2022,16:50:00,1,64,64037,1,1,1,1,D2,"433,455,610,000"," -0,5176660000",2.022E+11,720 362,B01,2,1,0,2,1,1,5,NULL,2.022E+11,974 703,720 362,B01,1,1,2,1,1954,5,2,-1,-1,0,0,-1,2.022E+11,3,2,0,D,2,2,0,1,14,188,1,NULL,-1,1,0,1,80,
2.022E+11,24,3,2022,18:00:00,2,48,48030,1,3,7,3,D41,"444,825,320,000","35,190,260,000",2.022E+11,811 046,B01,2,1,0,2,1,1,5,NULL,2.022E+11,1 095 809,811 044,A01,1,1,1,1,2001,1,1,-1,-1,0,0,-1,2.022E+11,3,41,-1,D,2,2,0,1,1,890,1,NULL,-1,1,0,1,90,
2.022E+11,24,3,2022,18:00:00,2,48,48030,1,3,7,3,D41,"444,825,320,000","35,190,260,000",2.022E+11,811 046,B01,2,1,0,2,1,1,5,NULL,2.022E+11,1 095 811,811 046,B01,1,1,4,1,1974,5,2,4,6,0,0,-1,2.022E+11,3,41,-1,D,2,2,0,1,1,890,1,NULL,-1,1,0,1,90,
2.022E+11,16,9,2022,08:20:00,1,94,94018,2,1,1,6,Rue Gabrielle,"488,210,600,000","24,158,400,000",2.022E+11,809 188,A01,2,1,0,1,1,5,5,NULL,2.022E+11,1 093 347,809 188,A01,10,3,4,2,1964,9,0,-1,-1,2,3,1,2.022E+11,4,GABRIELLE (R),0,NULL,1,1,0,1,0,0,1,NULL,-1,1,0,1,30,
2.022E+11,16,9,2022,08:20:00,1,94,94018,2,1,1,6,Rue Gabrielle,"488,210,600,000","24,158,400,000",2.022E+11,809 188,A01,2,1,0,1,1,5,5,NULL,2.022E+11,1 093 348,809 188,A01,2,2,1,2,2006,2,8,0,-1,-1,-1,-1,2.022E+11,4,GABRIELLE (R),0,NULL,1,1,0,1,0,0,1,NULL,-1,1,0,1,30,
2.022E+11,16,9,2022,08:20:00,1,94,94018,2,1,1,6,Rue Gabrielle,"488,210,600,000","24,158,400,000",2.022E+11,809 188,A01,2,1,0,1,1,5,5,NULL,2.022E+11,1 093 349,809 188,A01,1,1,1,1,2004,2,8,0,-1,0,0,-1,2.022E+11,4,GABRIELLE (R),0,NULL,1,1,0,1,0,0,1,NULL,-1,1,0,1,30,
2.022E+11,3,6,2022,18:15:00,1,76,76231,2,1,2,3,Rue du Général de Gaulle,"492,857,537,370","10,111,096,501",2.022E+11,807 923,B01,3,1,0,0,1,1,5,NULL,2.022E+11,1 091 643,807 921,A01,1,1,1,1,1963,0,1,-1,-1,-1,-1,-1,2.022E+11,4,GAULLE. RUE DU GENERAL DE,0,NULL,1,1,0,1,0,0,1,NULL,-1,2,0,5,50,
2.022E+11,3,6,2022,18:15:00,1,76,76231,2,1,2,3,Rue du Général de Gaulle,"492,857,537,370","10,111,096,501",2.022E+11,807 923,B01,3,1,0,0,1,1,5,NULL,2.022E+11,1 091 645,807 923,B01,1,1,4,1,1981,0,8,-1,-1,-1,-1,-1,2.022E+11,4,GAULLE. RUE DU GENERAL DE,0,NULL,1,1,0,1,0,0,1,NULL,-1,2,0,5,50,
2.022E+11,2,6,2022,18:15:00,1,75,75103,2,3,1,7,RUE BEAUBOURG,"488,614,460,000","23,536,230,000",2.022E+11,803 896,A01,1,1,0,0,0,21,5,NULL,2.022E+11,1 086 302,803 896,A01,1,1,4,1,2004,1,8,0,-1,0,0,-1,2.022E+11,4,RUE BEAUBOURG,0,NULL,1,2,3,1,-1,-1,1,NULL,-1,1,0,1,30,
2.022E+11,10,2,2022,16:55:00,1,92,92012,2,2,1,3,REPUBLIQUE (BOULEVARD DE LA) 5/77BIS - 6,"488,320,800,000","22,530,700,000",2.022E+11,802 265,B01,1,1,0,2,4,1,5,NULL,2.022E+11,1 084 106,802 265,B01,1,1,4,1,1963,5,8,0,-1,-1,-1,-1,2.022E+11,3,50,0,NULL,2,0,0,1,6,0,1,NULL,-1,1,0,1,50,
2.022E+11,10,2,2022,16:55:00,1,92,92012,2,2,1,3,REPUBLIQUE (BOULEVARD DE LA) 5/77BIS - 6,"488,320,800,000","22,530,700,000",2.022E+11,802 265,B01,1,1,0,2,4,1,5,NULL,2.022E+11,1 084 107,802 266,A01,1,1,1,1,1966,4,1,0,-1,-1,-1,-1,2.022E+11,3,50,0,NULL,2,0,0,1,6,0,1,NULL,-1,1,0,1,50,
2.022E+11,3,6,2022,15:10:00,1,92,92062,2,1,2,3,DE DION BOUTON (QUAI) DU 29 AU 65,"488,796,477,135","22,437,963,858",2.022E+11,801 468,B01,1,1,0,0,7,0,5,NULL,2.022E+11,1 083 066,801 468,B01,1,1,4,1,2000,1,8,0,-1,-1,-1,-1,2.022E+11,4,NULL,0,NULL,1,2,0,1,0,0,1,NULL,-1,2,0,4,50,
2.022E+11,3,6,2022,15:10:00,1,92,92062,2,1,2,3,DE DION BOUTON (QUAI) DU 29 AU 65,"488,796,477,135","22,437,963,858",2.022E+11,801 468,B01,1,1,0,0,7,0,5,NULL,2.022E+11,1 083 067,801 469,A01,1,1,1,2,1980,9,1,0,-1,-1,-1,-1,2.022E+11,4,NULL,0,NULL,1,2,0,1,0,0,1,NULL,-1,2,0,4,50,
2.022E+11,20,3,2022,00:32:00,5,69,69382,2,2,1,7,Quai Tilsitt,"457,592,200,000","48,294,000,000",2.022E+11,800 646,A01,3,1,9,0,0,26,5,NULL,2.022E+11,1 081 985,800 646,A01,1,1,3,1,1991,5,8,-1,-1,-1,-1,-1,2.022E+11,4,TILSITT                             (QU),0,NULL,2,0,1,1,-1,-1,1,NULL,-1,1,0,5,50,
2.022E+11,10,9,2022,13:30:00,1,974,97407,1,1,1,7,ROUTE NATIONALE N° 1,"-209,499,000,000","553,199,000,000",2.022E+11,793 218,A01,1,1,0,0,0,0,5,NULL,2.022E+11,1 072 210,793 218,A01,1,1,4,1,2003,1,8,0,-1,0,0,-1,2.022E+11,2,ROUTE NATIONALE N° 1,0,NULL,-1,0,0,1,18,0,1,NULL,-1,1,0,3,10,
2.022E+11,26,4,2022,08:00:00,1,94,94068,2,1,1,1,52 Quai du Parc,"488,100,100,000","24,991,800,000",2.022E+11,792 970,B01,2,1,0,2,1,1,5,NULL,2.022E+11,1 071 886,792 970,B01,1,1,4,1,1967,1,2,0,-1,-1,-1,-1,2.022E+11,4,PARC (QU DU),0,NULL,2,2,1,1,0,0,4,NULL,-1,1,9,5,30,
2.022E+11,26,4,2022,08:00:00,1,94,94068,2,1,1,1,52 Quai du Parc,"488,100,100,000","24,991,800,000",2.022E+11,792 972,A01,1,1,0,2,1,1,5,NULL,2.022E+11,1 071 886,792 970,B01,1,1,4,1,1967,1,2,0,-1,-1,-1,-1,2.022E+11,4,PARC (QU DU),0,NULL,2,2,1,1,0,0,4,NULL,-1,1,9,5,30,
2.022E+11,26,4,2022,08:00:00,1,94,94068,2,1,1,1,52 Quai du Parc,"488,100,100,000","24,991,800,000",2.022E+11,792 970,B01,2,1,0,2,1,1,5,NULL,2.022E+11,1 071 888,792 972,A01,1,1,4,1,1954,5,2,0,-1,-1,-1,-1,2.022E+11,4,PARC (QU DU),0,NULL,2,2,1,1,0,0,4,NULL,-1,1,9,5,30,
2.022E+11,26,4,2022,08:00:00,1,94,94068,2,1,1,1,52 Quai du Parc,"488,100,100,000","24,991,800,000",2.022E+11,792 972,A01,1,1,0,2,1,1,5,NULL,2.022E+11,1 071 888,792 972,A01,1,1,4,1,1954,5,2,0,-1,-1,-1,-1,2.022E+11,4,PARC (QU DU),0,NULL,2,2,1,1,0,0,4,NULL,-1,1,9,5,30,
2.022E+11,16,3,2022,16:34:00,1,40,40046,2,3,8,5,Avenue de Laouadie,"444,108,040,000","-11,711,700,000",2.022E+11,791 076,C01,2,1,0,2,1,1,5,NULL,2.022E+11,1 069 294,791 076,C01,1,1,4,1,1977,5,2,9,-1,0,0,-1,2.022E+11,3,146,0,D,2,2,0,1,0,970,3,NULL,-1,1,0,1,50,
2.022E+11,16,3,2022,16:34:00,1,40,40046,2,3,8,5,Avenue de Laouadie,"444,108,040,000","-11,711,700,000",2.022E+11,791 079,B01,2,1,0,2,3,1,5,NULL,2.022E+11,1 069 294,791 076,C01,1,1,4,1,1977,5,2,9,-1,0,0,-1,2.022E+11,3,146,0,D,2,2,0,1,0,970,3,NULL,-1,1,0,1,50,
2.022E+11,16,3,2022,16:34:00,1,40,40046,2,3,8,5,Avenue de Laouadie,"444,108,040,000","-11,711,700,000",2.022E+11,791 076,C01,2,1,0,2,1,1,5,NULL,2.022E+11,1 069 297,791 079,B01,1,1,3,2,1975,5,2,9,-1,0,0,-1,2.022E+11,3,146,0,D,2,2,0,1,0,970,3,NULL,-1,1,0,1,50,
2.022E+11,16,3,2022,16:34:00,1,40,40046,2,3,8,5,Avenue de Laouadie,"444,108,040,000","-11,711,700,000",2.022E+11,791 079,B01,2,1,0,2,3,1,5,NULL,2.022E+11,1 069 297,791 079,B01,1,1,3,2,1975,5,2,9,-1,0,0,-1,2.022E+11,3,146,0,D,2,2,0,1,0,970,3,NULL,-1,1,0,1,50,
2.022E+11,16,3,2022,16:34:00,1,40,40046,2,3,8,5,Avenue de Laouadie,"444,108,040,000","-11,711,700,000",2.022E+11,791 076,C01,2,1,0,2,1,1,5,NULL,2.022E+11,1 069 300,791 080,A01,1,1,1,2,1946,5,1,-1,-1,0,0,-1,2.022E+11,3,146,0,D,2,2,0,1,0,970,3,NULL,-1,1,0,1,50,
2.022E+11,16,3,2022,16:34:00,1,40,40046,2,3,8,5,Avenue de Laouadie,"444,108,040,000","-11,711,700,000",2.022E+11,791 079,B01,2,1,0,2,3,1,5,NULL,2.022E+11,1 069 300,791 080,A01,1,1,1,2,1946,5,1,-1,-1,0,0,-1,2.022E+11,3,146,0,D,2,2,0,1,0,970,3,NULL,-1,1,0,1,50,
2.022E+11,9,9,2022,17:47:00,1,75,75119,2,2,8,3,RUE DU HAINAUT,"488,877,900,000","23,892,980,000",2.022E+11,789 972,B01,1,1,0,2,6,1,5,NULL,2.022E+11,1 067 857,789 971,A01,1,1,4,1,1964,1,2,6,-1,0,0,-1,2.022E+11,4,RUE DU HAINAUT,0,NULL,2,2,1,1,-1,-1,1,NULL,-1,1,-1,5,30,
2.022E+11,9,9,2022,17:47:00,1,75,75119,2,2,8,3,RUE DU HAINAUT,"488,877,900,000","23,892,980,000",2.022E+11,789 972,B01,1,1,0,2,6,1,5,NULL,2.022E+11,1 067 859,789 972,B01,1,1,4,1,1980,9,2,0,-1,0,0,-1,2.022E+11,4,RUE DU HAINAUT,0,NULL,2,2,1,1,-1,-1,1,NULL,-1,1,-1,5,30,
2.022E+11,15,3,2022,15:00:00,1,17,17300,2,1,1,3,LECLERC   AVENUE DU GENERAL,"461,622,800,000","-11,567,900,000",2.022E+11,787 597,Z01,3,1,0,2,8,2,5,NULL,2.022E+11,1 064 657,787 594,A01,1,1,1,1,1950,5,1,0,-1,-1,-1,-1,2.022E+11,4,LECLERC   AVENUE DU GENERAL,0,NULL,2,2,1,1,-1,-1,1,NULL,-1,1,0,1,30,
2.022E+11,15,3,2022,15:00:00,1,17,17300,2,1,1,3,LECLERC   AVENUE DU GENERAL,"461,622,800,000","-11,567,900,000",2.022E+11,787 597,Z01,3,1,0,2,8,2,5,NULL,2.022E+11,1 064 659,787 597,Z01,1,1,3,1,1943,5,8,0,-1,-1,-1,-1,2.022E+11,4,LECLERC   AVENUE DU GENERAL,0,NULL,2,2,1,1,-1,-1,1,NULL,-1,1,0,1,30,
2.022E+11,5,9,2022,18:19:00,1,17,17300,2,2,1,3,GRANDES VARENNES   AVENUE DES,"461,713,000,000","-11,770,000,000",2.022E+11,782 593,B01,1,1,0,2,4,1,5,NULL,2.022E+11,1 057 971,782 593,B01,1,1,4,2,1993,5,8,8,-1,-1,-1,-1,2.022E+11,4,GRANDES VARENNES   AVENUE DES,0,NULL,2,2,0,1,-1,-1,1,NULL,-1,1,0,1,30,
2.022E+11,5,9,2022,18:19:00,1,17,17300,2,2,1,3,GRANDES VARENNES   AVENUE DES,"461,713,000,000","-11,770,000,000",2.022E+11,782 593,B01,1,1,0,2,4,1,5,NULL,2.022E+11,1 057 974,782 596,A01,1,1,1,2,2000,5,1,0,-1,-1,-1,-1,2.022E+11,4,GRANDES VARENNES   AVENUE DES,0,NULL,2,2,0,1,-1,-1,1,NULL,-1,1,0,1,30,
2.022E+11,11,3,2022,16:25:00,1,22,22081,1,1,1,6,3 rue de la chicane,"485,043,080,000","-26,183,620,000",2.022E+11,776 039,A01,2,1,0,5,1,21,5,NULL,2.022E+11,1 049 246,776 039,A01,1,1,3,1,1960,5,2,-1,-1,0,0,-1,2.022E+11,3,NULL,-1,NULL,2,2,0,2,-1,-1,1,NULL,4,1,0,1,80,
2.022E+11,7,4,2022,16:30:00,1,91,91687,2,1,8,3,PRESIDENT KENNEDY (AVENUE DU),"486,649,500,000","23,670,900,000",2.022E+11,768 622,B01,3,1,0,2,1,1,5,NULL,2.022E+11,1 039 193,768 620,A01,1,1,1,1,1944,1,1,0,-1,-1,-1,-1,2.022E+11,4,PRESIDENT KENNEDY (AVENUE DU),0,NULL,-1,2,0,1,0,0,1,NULL,-1,1,0,4,50,
2.022E+11,7,4,2022,16:30:00,1,91,91687,2,1,8,3,PRESIDENT KENNEDY (AVENUE DU),"486,649,500,000","23,670,900,000",2.022E+11,768 622,B01,3,1,0,2,1,1,5,NULL,2.022E+11,1 039 196,768 622,B01,1,1,4,1,1997,4,8,0,-1,-1,-1,-1,2.022E+11,4,PRESIDENT KENNEDY (AVENUE DU),0,NULL,-1,2,0,1,0,0,1,NULL,-1,1,0,4,50,
2.022E+11,22,5,2022,12:00:00,1,92,92064,2,1,1,2,ST CLOUD,"488,414,618,222","22,225,632,817",2.022E+11,767 061,B01,2,1,0,2,0,1,5,NULL,2.022E+11,1 037 166,767 061,B01,1,1,4,1,1973,5,2,6,-1,0,0,-1,2.022E+11,3,907,0,NULL,3,4,0,1,0,0,1,NULL,-1,1,0,3,50,
2.022E+11,22,5,2022,12:00:00,1,92,92064,2,1,1,2,ST CLOUD,"488,414,618,222","22,225,632,817",2.022E+11,767 061,B01,2,1,0,2,0,1,5,NULL,2.022E+11,1 037 167,767 063,A01,1,1,1,2,1947,0,1,0,-1,0,0,-1,2.022E+11,3,907,0,NULL,3,4,0,1,0,0,1,NULL,-1,1,0,3,50,
2.022E+11,23,5,2022,18:45:00,1,92,92026,2,9,2,2,ALMA,"488,967,900,000","22,553,800,000",2.022E+11,767 039,A01,2,1,0,2,5,0,5,NULL,2.022E+11,1 037 131,767 037,B01,1,1,1,1,1947,0,1,8,-1,-1,-1,-1,2.022E+11,3,ALMA,0,NULL,1,1,0,1,0,0,1,NULL,-1,2,0,1,30,
2.022E+11,23,5,2022,18:45:00,1,92,92026,2,9,2,2,ALMA,"488,967,900,000","22,553,800,000",2.022E+11,767 039,A01,2,1,0,2,5,0,5,NULL,2.022E+11,1 037 135,767 039,A01,1,1,4,1,1993,0,8,0,-1,-1,-1,-1,2.022E+11,3,ALMA,0,NULL,1,1,0,1,0,0,1,NULL,-1,2,0,1,30,
2.022E+11,6,3,2022,18:00:00,1,75,75114,2,3,1,6,RUE DU DEPART,"488,418,762,352","23,226,240,277",2.022E+11,766 012,A01,1,1,0,1,1,18,5,NULL,2.022E+11,1 035 730,766 012,A01,1,1,1,1,1992,4,2,0,-1,0,0,-1,2.022E+11,4,RUE DU DEPART,0,NULL,2,1,0,1,-1,-1,1,NULL,-1,1,0,1,30,
2.022E+11,6,3,2022,18:00:00,1,75,75114,2,3,1,6,RUE DU DEPART,"488,418,762,352","23,226,240,277",2.022E+11,766 012,A01,1,1,0,1,1,18,5,NULL,2.022E+11,1 035 731,766 012,A01,10,3,4,2,1967,5,0,-1,-1,4,3,2,2.022E+11,4,RUE DU DEPART,0,NULL,2,1,0,1,-1,-1,1,NULL,-1,1,0,1,30,
2.022E+11,6,3,2022,18:00:00,1,75,75114,2,3,1,6,RUE DU DEPART,"488,418,762,352","23,226,240,277",2.022E+11,766 012,A01,1,1,0,1,1,18,5,NULL,2.022E+11,1 035 732,766 012,A01,10,3,4,2,1941,5,0,-1,-1,4,3,2,2.022E+11,4,RUE DU DEPART,0,NULL,2,1,0,1,-1,-1,1,NULL,-1,1,0,1,30,
2.022E+11,7,11,2022,19:15:00,5,4,4070,2,1,1,7,verdun ( avenue de ),"440,877,200,000","62,185,000,000",2.022E+11,763 819,A01,1,1,0,2,0,1,5,NULL,2.022E+11,1 032 862,763 819,A01,1,1,4,2,1957,5,8,0,-1,-1,-1,-1,2.022E+11,4,verdun ( avenue de ),0,NULL,2,2,1,1,0,0,1,NULL,-1,1,0,5,50,
2.022E+11,10,12,2022,12:26:00,1,75,75104,2,1,1,6,VOIE GEORGES POMPIDOU,"488,494,520,000","23,615,060,000",2.022E+11,756 197,A01,3,1,0,1,1,1,5,NULL,2.022E+11,1 022 758,756 197,A01,1,1,1,1,1987,5,8,0,-1,0,0,-1,2.022E+11,4,VOIE GEORGES POMPIDOU,0,NULL,1,1,1,1,-1,-1,1,NULL,-1,1,9,5,30,
2.022E+11,10,12,2022,12:26:00,1,75,75104,2,1,1,6,VOIE GEORGES POMPIDOU,"488,494,520,000","23,615,060,000",2.022E+11,756 197,A01,3,1,0,1,1,1,5,NULL,2.022E+11,1 022 759,756 197,A01,10,3,4,1,1973,5,0,-1,-1,2,2,1,2.022E+11,4,VOIE GEORGES POMPIDOU,0,NULL,1,1,1,1,-1,-1,1,NULL,-1,1,9,5,30,
2.022E+11,1,3,2022,14:45:00,1,71,71443,1,3,1,1,Hameau de la Forge,"469,432,840,000","48,753,330,000",2.022E+11,755 599,B01,1,1,0,2,1,1,5,NULL,2.022E+11,1 021 961,755 598,A01,1,1,1,1,1996,5,0,-1,-1,0,0,-1,2.022E+11,3,62,-1,NULL,2,2,0,1,2,680,1,NULL,5,1,0,1,80,
2.022E+11,1,3,2022,14:45:00,1,71,71443,1,3,1,1,Hameau de la Forge,"469,432,840,000","48,753,330,000",2.022E+11,755 599,B01,1,1,0,2,1,1,5,NULL,2.022E+11,1 021 962,755 599,B01,1,1,3,1,1948,5,2,-1,-1,0,0,-1,2.022E+11,3,62,-1,NULL,2,2,0,1,2,680,1,NULL,5,1,0,1,80,
2.022E+11,10,6,2022,17:45:00,1,42,42218,1,1,1,7,Chemin de la Pouilleuse,"454,167,800,000","44,315,200,000",2.022E+11,754 737,A01,3,1,13,0,0,1,5,NULL,2.022E+11,1 020 775,754 737,A01,1,1,2,1,2011,5,2,9,-1,-1,-1,-1,2.022E+11,4,POUILLEUSE (CHEMIN DE LA),0,NULL,-1,1,3,2,-1,-1,1,NULL,-1,9,9,8,10,
2.022E+11,20,1,2022,21:00:00,5,75,75107,2,2,1,3,AVENUE DE SAXE,"488,503,640,000","23,068,050,000",2.022E+11,752 297,B01,1,1,0,2,3,1,5,NULL,2.022E+11,1 017 420,752 297,B01,1,1,4,2,1957,9,2,4,-1,0,0,-1,2.022E+11,4,AVENUE DE SAXE,0,NULL,2,2,0,1,-1,-1,1,NULL,-1,1,0,1,30,
2.022E+11,20,1,2022,21:00:00,5,75,75107,2,2,1,3,AVENUE DE SAXE,"488,503,640,000","23,068,050,000",2.022E+11,752 297,B01,1,1,0,2,3,1,5,NULL,2.022E+11,1 017 425,752 301,A01,1,1,1,1,1969,1,1,0,-1,0,0,-1,2.022E+11,4,AVENUE DE SAXE,0,NULL,2,2,0,1,-1,-1,1,NULL,-1,1,0,1,30,
2.022E+11,7,12,2022,15:05:00,1,75,75101,2,2,1,6,BOULEVARD DE SEBASTOPOL,"488,585,450,000","23,482,300,000",2.022E+11,749 362,A01,1,1,0,1,1,1,5,NULL,2.022E+11,1 013 536,749 362,A01,10,3,4,2,2000,3,0,-1,-1,4,3,1,2.022E+11,4,BOULEVARD DE SEBASTOPOL,0,NULL,2,5,1,1,-1,-1,1,NULL,-1,1,0,5,30,
2.022E+11,7,12,2022,15:05:00,1,75,75101,2,2,1,6,BOULEVARD DE SEBASTOPOL,"488,585,450,000","23,482,300,000",2.022E+11,749 362,A01,1,1,0,1,1,1,5,NULL,2.022E+11,1 013 538,749 362,A01,1,1,1,1,1996,1,8,8,-1,0,0,-1,2.022E+11,4,BOULEVARD DE SEBASTOPOL,0,NULL,2,5,1,1,-1,-1,1,NULL,-1,1,0,5,30,
2.022E+11,15,5,2022,20:30:00,1,69,69149,2,3,1,2,Rue Pierre Sémard,"457,178,598,753","48,148,991,168",2.022E+11,746 636,B01,1,1,0,2,0,0,0,NULL,2.022E+11,1 009 875,746 636,B01,1,1,4,2,1963,9,8,-1,-1,0,0,-1,2.022E+11,4,PIERRE SEMARD                       (R ),0,NULL,2,2,2,1,-1,-1,1,NULL,-1,1,0,1,30,
2.022E+11,15,5,2022,20:30:00,1,69,69149,2,3,1,2,Rue Pierre Sémard,"457,178,598,753","48,148,991,168",2.022E+11,746 636,B01,1,1,0,2,0,0,0,NULL,2.022E+11,1 009 876,746 637,Z01,1,1,1,-1,NULL,-1,8,-1,-1,0,0,-1,2.022E+11,4,PIERRE SEMARD                       (R ),0,NULL,2,2,2,1,-1,-1,1,NULL,-1,1,0,1,30,
2.022E+11,14,6,2022,12:15:00,1,52,52260,1,1,1,2,N67,"482,128,990,000","51,236,150,000",2.022E+11,741 289,A01,1,1,3,0,4,1,5,NULL,2.022E+11,1 002 685,741 288,B01,1,1,1,-1,NULL,-1,-1,-1,-1,-1,-1,-1,2.022E+11,2,67,0,NULL,3,4,0,1,60,90,1,NULL,-1,1,0,1,80,
2.022E+11,14,6,2022,12:15:00,1,52,52260,1,1,1,2,N67,"482,128,990,000","51,236,150,000",2.022E+11,741 289,A01,1,1,3,0,4,1,5,NULL,2.022E+11,1 002 686,741 289,A01,1,1,2,1,1954,5,2,-1,-1,0,0,-1,2.022E+11,2,67,0,NULL,3,4,0,1,60,90,1,NULL,-1,1,0,1,80,
2.022E+11,14,5,2022,18:30:00,1,71,71297,1,4,1,1,Route des Angles,"468,816,230,000","42,280,840,000",2.022E+11,739 978,A01,3,1,0,2,1,16,5,NULL,2.022E+11,1 000 859,739 977,B01,1,1,1,1,1991,5,1,-1,-1,0,0,-1,2.022E+11,4,NULL,-1,NULL,2,1,0,2,-1,-1,3,NULL,4,1,0,1,80,
2.022E+11,14,5,2022,18:30:00,1,71,71297,1,4,1,1,Route des Angles,"468,816,230,000","42,280,840,000",2.022E+11,739 978,A01,3,1,0,2,1,16,5,NULL,2.022E+11,1 000 860,739 978,A01,1,1,3,1,1969,5,2,-1,-1,0,0,-1,2.022E+11,4,NULL,-1,NULL,2,1,0,2,-1,-1,3,NULL,4,1,0,1,80,
2.022E+11,1,12,2022,17:15:00,5,45,45169,2,1,1,1,30 Avenue d'Huisseau,"479,202,000,000","18,324,000,000",2.022E+11,735 616,B01,1,1,0,2,1,19,5,NULL,2.022E+11,994 915,735 616,B01,1,1,4,1,2010,2,0,-1,-1,0,0,-1,2.022E+11,4,HUISSEAU (AVENUE D'),0,NULL,-1,1,0,1,-1,-1,1,NULL,-1,1,0,1,50,
2.022E+11,1,12,2022,17:15:00,5,45,45169,2,1,1,1,30 Avenue d'Huisseau,"479,202,000,000","18,324,000,000",2.022E+11,735 616,B01,1,1,0,2,1,19,5,NULL,2.022E+11,994 916,735 617,A01,1,1,1,1,1978,4,1,0,-1,-1,-1,-1,2.022E+11,4,HUISSEAU (AVENUE D'),0,NULL,-1,1,0,1,-1,-1,1,NULL,-1,1,0,1,50,
2.022E+11,11,6,2022,10:00:00,1,81,81105,2,1,1,3,Boulevard Georges Ravari,"437,715,390,000","19,841,690,000",2.022E+11,730 428,B01,2,1,0,2,7,19,5,NULL,2.022E+11,988 051,730 426,A01,1,1,1,2,1996,0,1,-1,-1,0,0,-1,2.022E+11,3,631,-1,A,3,2,1,1,1,506,1,NULL,-1,1,0,8,70,
2.022E+11,11,6,2022,10:00:00,1,81,81105,2,1,1,3,Boulevard Georges Ravari,"437,715,390,000","19,841,690,000",2.022E+11,730 428,B01,2,1,0,2,7,19,5,NULL,2.022E+11,988 052,730 428,B01,1,1,2,1,1937,5,0,-1,-1,0,0,-1,2.022E+11,3,631,-1,A,3,2,1,1,1,506,1,NULL,-1,1,0,8,70,
2.022E+11,11,5,2022,18:50:00,1,31,31286,2,2,1,3,ROUT DE SAINT JULIEN,"432,554,150,000","11,196,630,000",2.022E+11,729 787,A01,2,1,0,2,1,9,5,NULL,2.022E+11,987 219,729 787,A01,1,1,4,1,2010,5,0,-1,-1,0,0,-1,2.022E+11,3,8,-1,NULL,2,0,0,1,54,915,1,NULL,0,1,0,1,50,
2.022E+11,11,5,2022,18:50:00,1,31,31286,2,2,1,3,ROUT DE SAINT JULIEN,"432,554,150,000","11,196,630,000",2.022E+11,729 787,A01,2,1,0,2,1,9,5,NULL,2.022E+11,987 221,729 789,B01,1,1,1,2,1968,1,1,-1,-1,0,0,-1,2.022E+11,3,8,-1,NULL,2,0,0,1,54,915,1,NULL,0,1,0,1,50,
2.022E+11,7,5,2022,19:15:00,1,63,63198,1,1,1,3,RD 227,"459,250,000,000","30,395,000,000",2.022E+11,729 603,B01,1,1,0,2,8,1,5,NULL,2.022E+11,986 969,729 602,A01,1,1,-1,-1,NULL,-1,-1,-1,-1,-1,-1,-1,2.022E+11,3,RD 227,0,NULL,2,2,0,2,10,500,2,NULL,-1,1,0,1,80,
2.022E+11,7,5,2022,19:15:00,1,63,63198,1,1,1,3,RD 227,"459,250,000,000","30,395,000,000",2.022E+11,729 603,B01,1,1,0,2,8,1,5,NULL,2.022E+11,986 970,729 603,B01,1,1,4,1,1971,0,2,-1,-1,0,0,-1,2.022E+11,3,RD 227,0,NULL,2,2,0,2,10,500,2,NULL,-1,1,0,1,80,
2.022E+11,27,3,2022,10:15:00,1,38,38292,2,2,1,3,Route de Virieu,"454,565,860,000","55,052,500,000",2.022E+11,726 262,B01,0,1,0,2,1,1,5,NULL,2.022E+11,982 602,726 262,B01,1,1,4,1,1967,5,2,-1,-1,0,0,-1,2.022E+11,3,17,-1,NULL,2,2,0,1,18,667,1,NULL,4,1,0,1,50,