Accident_Id,jour,mois,an,hrmn,lum,dep,com,agg,int,atm,col,adr,lat,long,Num_Acc,id_vehicule,num_veh,senc,catv,obs,obsm,choc,manv,motor,occutc,Num_Acc,id_usager,id_vehicule,num_veh,place,catu,grav,sexe,an_nais,trajet,secu1,secu2,secu3,locp,actp,etatp,Num_Acc,catr,voie,v1,v2,circ,nbv,vosp,prof,pr,pr1,plan,lartpc,larrout,surf,infra,situ,vma,
2.022E+11,27,3,2022,10:15:00,1,38,38292,2,2,1,3,Route de Virieu,"454,565,860,000","55,052,500,000",2.022E+11,726 262,B01,0,1,0,2,1,1,5,NULL,2.022E+11,982 604,726 264,A01,1,1,1,1,1953,5,2,-1,-1,0,0,-1,2.022E+11,3,17,-1,NULL,2,2,0,1,18,667,1,NULL,4,1,0,1,50,
2.022E+11,21,9,2022,13:45:00,1,75,75109,2,7,1,3,RUE SAINT LAZARE,"488,767,040,000","23,323,240,000",2.022E+11,725 378,B01,1,1,0,2,7,1,5,NULL,2.022E+11,981 440,725 376,A01,1,1,1,1,2001,3,8,0,-1,0,0,-1,2.022E+11,4,RUE SAINT LAZARE,0,NULL,1,1,2,1,-1,-1,2,NULL,-1,1,-1,5,30,
2.022E+11,21,9,2022,13:45:00,1,75,75109,2,7,1,3,RUE SAINT LAZARE,"488,767,040,000","23,323,240,000",2.022E+11,725 378,B01,1,1,0,2,7,1,5,NULL,2.022E+11,981 442,725 378,B01,1,1,4,2,1998,1,8,0,-1,0,0,-1,2.022E+11,4,RUE SAINT LAZARE,0,NULL,1,1,2,1,-1,-1,2,NULL,-1,1,-1,5,30,
2.022E+11,10,8,2022,18:23:00,1,25,25056,2,2,1,1,FONTAINE ECU RUE DE,"472,462,050,000","60,340,620,000",2.022E+11,718 224,B01,2,1,0,2,1,1,5,NULL,2.022E+11,971 716,718 215,A01,1,1,1,1,1973,0,8,0,-1,-1,-1,-1,2.022E+11,4,NULL,0,NULL,2,1,3,1,-1,-1,1,NULL,-1,1,-1,1,30,
2.022E+11,10,8,2022,18:23:00,1,25,25056,2,2,1,1,FONTAINE ECU RUE DE,"472,462,050,000","60,340,620,000",2.022E+11,718 224,B01,2,1,0,2,1,1,5,NULL,2.022E+11,971 725,718 224,B01,1,1,4,1,1987,0,0,-1,-1,0,0,-1,2.022E+11,4,NULL,0,NULL,2,1,3,1,-1,-1,1,NULL,-1,1,-1,1,30,
2.022E+11,5,3,2022,09:49:00,1,74,74081,2,6,1,3,Avenue du Mont Blanc,"460,580,750,000","65,721,850,000",2.022E+11,716 837,A01,1,1,0,2,7,17,5,NULL,2.022E+11,969 830,716 837,A01,1,1,3,1,1955,0,0,-1,-1,0,0,-1,2.022E+11,3,4,0,NULL,3,2,0,2,33,200,3,NULL,-1,1,5,3,50,
2.022E+11,5,3,2022,09:49:00,1,74,74081,2,6,1,3,Avenue du Mont Blanc,"460,580,750,000","65,721,850,000",2.022E+11,716 837,A01,1,1,0,2,7,17,5,NULL,2.022E+11,969 848,716 851,B01,1,1,1,1,1974,0,2,-1,-1,0,0,-1,2.022E+11,3,4,0,NULL,3,2,0,2,33,200,3,NULL,-1,1,5,3,50,
2.022E+11,20,10,2022,08:55:00,1,33,33529,1,1,1,4,RD 1250 (OUSTALET - BONNEVAL),"446,221,400,000","-11,603,000,000",2.022E+11,715 823,C01,1,1,0,2,1,1,6,NULL,2.022E+11,968 481,715 818,A01,1,1,1,2,1978,1,1,-1,-1,0,0,-1,2.022E+11,3,RD 1250 (OUSTALET - BONNEVAL),0,NULL,2,2,1,1,44,350,1,NULL,-1,1,5,1,70,
2.022E+11,20,10,2022,08:55:00,1,33,33529,1,1,1,4,RD 1250 (OUSTALET - BONNEVAL),"446,221,400,000","-11,603,000,000",2.022E+11,715 823,C01,1,1,0,2,1,1,6,NULL,2.022E+11,968 483,715 820,B01,1,1,4,1,1973,1,1,-1,-1,0,0,-1,2.022E+11,3,RD 1250 (OUSTALET - BONNEVAL),0,NULL,2,2,1,1,44,350,1,NULL,-1,1,5,1,70,
2.022E+11,20,10,2022,08:55:00,1,33,33529,1,1,1,4,RD 1250 (OUSTALET - BONNEVAL),"446,221,400,000","-11,603,000,000",2.022E+11,715 823,C01,1,1,0,2,1,1,6,NULL,2.022E+11,968 489,715 823,C01,1,1,4,1,1964,1,2,-1,-1,0,0,-1,2.022E+11,3,RD 1250 (OUSTALET - BONNEVAL),0,NULL,2,2,1,1,44,350,1,NULL,-1,1,5,1,70,
2.022E+11,24,11,2022,19:40:00,2,40,40281,2,3,1,5,KENNEDY (AV DU PDT. JOHN FIDGERALD),"438,805,300,000"," -0,4960000000",2.022E+11,809 835,B01,2,1,0,2,8,15,5,NULL,2.022E+11,1 094 209,809 833,C01,1,1,1,1,1968,9,1,8,-1,-1,-1,-1,2.022E+11,3,KENNEDY (AV DU PDT. JOHN FIDGERALD),0,NULL,2,1,0,1,1,500,1,NULL,-1,1,0,1,50,
2.022E+11,24,11,2022,19:40:00,2,40,40281,2,3,1,5,KENNEDY (AV DU PDT. JOHN FIDGERALD),"438,805,300,000"," -0,4960000000",2.022E+11,809 835,B01,2,1,0,2,8,15,5,NULL,2.022E+11,1 094 211,809 835,B01,1,1,4,2,1996,9,2,8,-1,-1,-1,-1,2.022E+11,3,KENNEDY (AV DU PDT. JOHN FIDGERALD),0,NULL,2,1,0,1,1,500,1,NULL,-1,1,0,1,50,
2.022E+11,24,11,2022,19:40:00,2,40,40281,2,3,1,5,KENNEDY (AV DU PDT. JOHN FIDGERALD),"438,805,300,000"," -0,4960000000",2.022E+11,809 835,B01,2,1,0,2,8,15,5,NULL,2.022E+11,1 094 212,809 836,A01,1,1,1,2,1993,0,1,8,-1,-1,-1,-1,2.022E+11,3,KENNEDY (AV DU PDT. JOHN FIDGERALD),0,NULL,2,1,0,1,1,500,1,NULL,-1,1,0,1,50,
2.022E+11,17,10,2022,16:35:00,1,49,49099,2,3,1,3,EUROPE (AVENUE DE L'),"470,502,370,073"," -0,8847749233",2.022E+11,809 537,B01,2,1,0,2,1,2,5,NULL,2.022E+11,1 093 805,809 537,B01,1,1,4,1,2003,5,2,0,-1,0,0,-1,2.022E+11,4,EUROPE (AVENUE DE L'),0,NULL,2,2,1,1,-1,-1,3,NULL,-1,2,0,1,50,
2.022E+11,17,10,2022,16:35:00,1,49,49099,2,3,1,3,EUROPE (AVENUE DE L'),"470,502,370,073"," -0,8847749233",2.022E+11,809 537,B01,2,1,0,2,1,2,5,NULL,2.022E+11,1 093 807,809 538,A01,1,1,1,1,1998,5,1,8,-1,0,0,-1,2.022E+11,4,EUROPE (AVENUE DE L'),0,NULL,2,2,1,1,-1,-1,3,NULL,-1,2,0,1,50,
2.022E+11,1,5,2022,10:05:00,1,60,60359,1,1,1,7,D 1,"494,824,540,000","19,426,170,000",2.022E+11,803 682,A01,0,1,0,0,0,1,5,NULL,2.022E+11,1 086 016,803 682,A01,1,1,3,1,1984,5,4,2,-1,0,0,-1,2.022E+11,3,1,-1,NULL,2,2,0,2,11,0,1,NULL,5,1,0,1,80,
2.022E+11,12,9,2022,18:50:00,1,15,15014,2,1,1,1,DEBRONS (RUE LOUIS),"449,329,400,000","24,395,500,000",2.022E+11,799 871,A01,3,1,0,2,1,5,5,NULL,2.022E+11,1 080 962,799 871,A01,1,1,4,1,2004,0,8,0,-1,-1,-1,-1,2.022E+11,4,DEBRONS (RUE LOUIS),0,NULL,1,1,0,2,-1,-1,2,NULL,-1,1,0,1,50,
2.022E+11,12,9,2022,18:50:00,1,15,15014,2,1,1,1,DEBRONS (RUE LOUIS),"449,329,400,000","24,395,500,000",2.022E+11,799 871,A01,3,1,0,2,1,5,5,NULL,2.022E+11,1 080 964,799 873,B01,1,1,4,1,1982,0,2,6,-1,-1,-1,-1,2.022E+11,4,DEBRONS (RUE LOUIS),0,NULL,1,1,0,2,-1,-1,2,NULL,-1,1,0,1,50,
2.022E+11,1,6,2022,07:50:00,1,92,92050,2,1,1,1,HAUTES PATURES RUE DES,"489,185,256,107","22,211,553,231",2.022E+11,797 570,B01,3,1,0,2,8,1,5,NULL,2.022E+11,1 077 969,797 568,A01,1,1,1,1,1965,0,8,0,-1,-1,-1,-1,2.022E+11,4,NULL,0,NULL,-1,1,0,1,0,0,1,NULL,-1,1,0,1,50,
2.022E+11,1,6,2022,07:50:00,1,92,92050,2,1,1,1,HAUTES PATURES RUE DES,"489,185,256,107","22,211,553,231",2.022E+11,797 570,B01,3,1,0,2,8,1,5,NULL,2.022E+11,1 077 972,797 570,B01,1,1,4,1,1971,0,8,0,-1,-1,-1,-1,2.022E+11,4,NULL,0,NULL,-1,1,0,1,0,0,1,NULL,-1,1,0,1,50,
2.022E+11,13,10,2022,11:20:00,1,69,69264,2,3,1,3,Rue de Thizy,"459,900,600,000","47,071,000,000",2.022E+11,795 511,B01,1,1,0,2,8,1,5,NULL,2.022E+11,1 075 213,795 509,A01,1,1,1,1,1965,4,1,-1,-1,-1,-1,-1,2.022E+11,3,THIZY  RUE DE,0,NULL,2,3,0,1,55,900,3,NULL,-1,1,0,1,50,
2.022E+11,13,10,2022,11:20:00,1,69,69264,2,3,1,3,Rue de Thizy,"459,900,600,000","47,071,000,000",2.022E+11,795 511,B01,1,1,0,2,8,1,5,NULL,2.022E+11,1 075 215,795 511,B01,1,1,3,1,1952,5,8,-1,-1,-1,-1,-1,2.022E+11,3,THIZY  RUE DE,0,NULL,2,3,0,1,55,900,3,NULL,-1,1,0,1,50,
2.022E+11,1,7,2022,13:50:00,1,85,85172,1,4,1,1,23 Chemin des cabanes,"468,074,760,000","-20,163,330,000",2.022E+11,795 268,B01,3,1,0,2,8,15,5,NULL,2.022E+11,1 074 905,795 268,B01,1,1,3,1,2001,1,0,-1,-1,0,0,-1,2.022E+11,4,NULL,-1,NULL,2,2,0,1,-1,-1,2,NULL,4,1,0,1,80,
2.022E+11,1,7,2022,13:50:00,1,85,85172,1,4,1,1,23 Chemin des cabanes,"468,074,760,000","-20,163,330,000",2.022E+11,795 268,B01,3,1,0,2,8,15,5,NULL,2.022E+11,1 074 906,795 269,A01,1,1,1,1,1953,5,1,-1,-1,0,0,-1,2.022E+11,4,NULL,-1,NULL,2,2,0,1,-1,-1,2,NULL,4,1,0,1,80,
2.022E+11,13,3,2022,11:00:00,1,6,6123,2,1,2,2,BARONNE ROUTE DE LA,"437,149,610,000","71,770,700,000",2.022E+11,793 704,B01,1,1,0,2,4,2,5,NULL,2.022E+11,1 072 848,793 701,A01,1,1,1,1,1998,1,1,-1,-1,0,0,-1,2.022E+11,7,NULL,0,NULL,2,2,0,2,-1,0,2,NULL,-1,2,0,1,50,
2.022E+11,13,3,2022,11:00:00,1,6,6123,2,1,2,2,BARONNE ROUTE DE LA,"437,149,610,000","71,770,700,000",2.022E+11,793 704,B01,1,1,0,2,4,2,5,NULL,2.022E+11,1 072 851,793 704,B01,1,1,4,2,1984,5,2,0,-1,0,0,-1,2.022E+11,7,NULL,0,NULL,2,2,0,2,-1,0,2,NULL,-1,2,0,1,50,
2.022E+11,18,3,2022,08:00:00,1,6,6059,2,9,1,3,976 Boulevard du Marechal Leclerc,"437,338,520,000","73,522,620,000",2.022E+11,791 089,B01,2,1,0,2,1,1,5,NULL,2.022E+11,1 069 312,791 089,B01,1,1,3,1,1985,1,8,-1,-1,0,0,-1,2.022E+11,7,46,-1,M,3,3,0,2,1,1,1,NULL,-1,1,5,1,30,
2.022E+11,18,3,2022,08:00:00,1,6,6059,2,9,1,3,976 Boulevard du Marechal Leclerc,"437,338,520,000","73,522,620,000",2.022E+11,791 089,B01,2,1,0,2,1,1,5,NULL,2.022E+11,1 069 315,791 090,A01,1,1,1,1,1964,1,1,-1,-1,0,0,-1,2.022E+11,7,46,-1,M,3,3,0,2,1,1,1,NULL,-1,1,5,1,30,
2.022E+11,16,3,2022,09:20:00,1,75,75112,2,2,1,3,AVENUE LEDRU ROLLIN,"488,458,408,686","23,676,422,238",2.022E+11,790 745,B01,2,1,0,2,1,1,5,NULL,2.022E+11,1 068 849,790 745,B01,1,1,3,2,1992,9,2,0,-1,0,0,-1,2.022E+11,4,AVENUE LEDRU ROLLIN,0,NULL,2,4,1,1,-1,-1,1,NULL,-1,1,-1,5,30,
2.022E+11,16,3,2022,09:20:00,1,75,75112,2,2,1,3,AVENUE LEDRU ROLLIN,"488,458,408,686","23,676,422,238",2.022E+11,790 745,B01,2,1,0,2,1,1,5,NULL,2.022E+11,1 068 850,790 746,A01,1,1,1,1,1976,4,1,0,-1,0,0,-1,2.022E+11,4,AVENUE LEDRU ROLLIN,0,NULL,2,4,1,1,-1,-1,1,NULL,-1,1,-1,5,30,
2.022E+11,12,8,2022,11:15:00,1,17,17299,1,1,1,3,MILLE PATTES BOULEVARD DES,"459,232,100,000"," -0,9722900000",2.022E+11,783 245,B01,2,1,0,2,8,2,5,NULL,2.022E+11,1 058 827,783 245,B01,1,1,2,1,1986,5,2,8,-1,-1,-1,-1,2.022E+11,3,MILLE PATTES BOULEVARD DES,0,NULL,3,4,1,1,6,0,1,NULL,-1,1,0,1,70,
2.022E+11,12,8,2022,11:15:00,1,17,17299,1,1,1,3,MILLE PATTES BOULEVARD DES,"459,232,100,000"," -0,9722900000",2.022E+11,783 245,B01,2,1,0,2,8,2,5,NULL,2.022E+11,1 058 833,783 249,A01,1,1,1,1,1971,4,1,0,-1,-1,-1,-1,2.022E+11,3,MILLE PATTES BOULEVARD DES,0,NULL,3,4,1,1,6,0,1,NULL,-1,1,0,1,70,
2.022E+11,27,7,2022,17:40:00,1,69,69266,2,3,1,1,Rue Léon Blum,"457,631,300,000","49,139,800,000",2.022E+11,780 883,B01,2,1,0,2,1,5,5,NULL,2.022E+11,1 055 691,780 879,A01,1,1,4,1,2004,1,1,-1,-1,0,0,-1,2.022E+11,4,LEON BLUM      (Rue),0,NULL,2,3,3,1,-1,-1,1,NULL,-1,1,0,1,50,
2.022E+11,27,7,2022,17:40:00,1,69,69266,2,3,1,1,Rue Léon Blum,"457,631,300,000","49,139,800,000",2.022E+11,780 883,B01,2,1,0,2,1,5,5,NULL,2.022E+11,1 055 695,780 883,B01,1,1,4,1,1977,0,8,-1,-1,0,0,-1,2.022E+11,4,LEON BLUM      (Rue),0,NULL,2,3,3,1,-1,-1,1,NULL,-1,1,0,1,50,
2.022E+11,27,7,2022,13:30:00,1,75,75105,2,2,1,3,PONT DE LA TOURNELLE,"488,499,760,000","23,548,750,000",2.022E+11,780 658,A01,2,1,0,2,4,16,5,NULL,2.022E+11,1 055 414,780 657,B01,1,1,1,1,1984,4,2,6,-1,0,0,-1,2.022E+11,4,PONT DE LA TOURNELLE,0,NULL,1,2,1,1,-1,-1,1,NULL,-1,1,0,5,30,
2.022E+11,27,7,2022,13:30:00,1,75,75105,2,2,1,3,PONT DE LA TOURNELLE,"488,499,760,000","23,548,750,000",2.022E+11,780 658,A01,2,1,0,2,4,16,5,NULL,2.022E+11,1 055 415,780 658,A01,1,1,4,1,2004,5,8,0,-1,0,0,-1,2.022E+11,4,PONT DE LA TOURNELLE,0,NULL,1,2,1,1,-1,-1,1,NULL,-1,1,0,5,30,
2.022E+11,4,9,2022,09:50:00,1,75,75116,2,3,1,2,ROUTE DES TRIBUNES,"488,618,810,000","22,303,920,000",2.022E+11,779 185,A01,1,1,0,2,1,2,5,NULL,2.022E+11,1 053 436,779 185,A01,1,1,3,1,1973,5,2,0,-1,0,0,-1,2.022E+11,4,ROUTE DES TRIBUNES,0,NULL,1,2,1,1,-1,-1,1,NULL,-1,1,0,5,30,
2.022E+11,4,9,2022,09:50:00,1,75,75116,2,3,1,2,ROUTE DES TRIBUNES,"488,618,810,000","22,303,920,000",2.022E+11,779 186,B01,1,1,0,2,4,2,5,NULL,2.022E+11,1 053 436,779 185,A01,1,1,3,1,1973,5,2,0,-1,0,0,-1,2.022E+11,4,ROUTE DES TRIBUNES,0,NULL,1,2,1,1,-1,-1,1,NULL,-1,1,0,5,30,
2.022E+11,4,9,2022,09:50:00,1,75,75116,2,3,1,2,ROUTE DES TRIBUNES,"488,618,810,000","22,303,920,000",2.022E+11,779 185,A01,1,1,0,2,1,2,5,NULL,2.022E+11,1 053 437,779 186,B01,1,1,1,1,1969,5,2,0,-1,0,0,-1,2.022E+11,4,ROUTE DES TRIBUNES,0,NULL,1,2,1,1,-1,-1,1,NULL,-1,1,0,5,30,
2.022E+11,4,9,2022,09:50:00,1,75,75116,2,3,1,2,ROUTE DES TRIBUNES,"488,618,810,000","22,303,920,000",2.022E+11,779 186,B01,1,1,0,2,4,2,5,NULL,2.022E+11,1 053 437,779 186,B01,1,1,1,1,1969,5,2,0,-1,0,0,-1,2.022E+11,4,ROUTE DES TRIBUNES,0,NULL,1,2,1,1,-1,-1,1,NULL,-1,1,0,5,30,
2.022E+11,20,4,2022,20:25:00,1,61,61143,1,6,1,7,MONTFOULON (CHEMIN DE),"484,422,000,000","0,0588100000",2.022E+11,778 891,A01,1,1,12,0,1,26,5,NULL,2.022E+11,1 053 015,778 891,A01,1,1,4,1,1970,5,8,0,-1,-1,-1,-1,2.022E+11,3,MONTFOULON (CHEMIN DE),0,NULL,1,1,0,1,1,0,2,NULL,-1,1,9,6,50,
2.022E+11,6,11,2022,12:20:00,1,4,4112,2,1,1,6,PRECHE (RUE DU),"438,253,700,000","57,950,400,000",2.022E+11,778 128,A01,2,1,8,0,1,25,5,NULL,2.022E+11,1 052 031,778 128,A01,1,1,3,1,1982,0,8,8,-1,5,-1,1,2.022E+11,4,PRECHE (RUE DU),0,NULL,-1,0,1,2,0,600,1,NULL,-1,1,0,4,20,
2.022E+11,31,8,2022,08:30:00,1,59,59009,2,3,1,1,8 MAI 1945 RUE DU PETITS N° JUSQUE 60,"506,292,360,605","31,546,479,464",2.022E+11,775 781,A01,1,1,0,0,0,0,5,NULL,2.022E+11,1 048 883,775 781,A01,1,1,4,2,1962,0,2,8,-1,-1,-1,-1,2.022E+11,7,8 MAI 1945 RUE DU PETITS N° JUSQUE 60,0,NULL,2,0,0,1,-1,-1,1,NULL,-1,1,0,1,50,
2.022E+11,31,8,2022,08:30:00,1,59,59009,2,3,1,1,8 MAI 1945 RUE DU PETITS N° JUSQUE 60,"506,292,360,605","31,546,479,464",2.022E+11,775 781,A01,1,1,0,0,0,0,5,NULL,2.022E+11,1 048 884,775 782,B01,1,1,1,1,1945,0,1,0,-1,-1,-1,-1,2.022E+11,7,8 MAI 1945 RUE DU PETITS N° JUSQUE 60,0,NULL,2,0,0,1,-1,-1,1,NULL,-1,1,0,1,50,
2.022E+11,5,3,2022,17:00:00,1,45,45284,2,6,1,3,Avenue du Capitaine Jean,"479,107,120,000","19,525,870,000",2.022E+11,765 838,B01,2,1,0,2,1,16,5,NULL,2.022E+11,1 035 479,765 838,B01,1,1,4,2,1959,5,8,0,-1,-1,-1,-1,2.022E+11,4,CAPITAINE JEAN (AVENUE DU),0,NULL,1,2,1,1,-1,-1,1,NULL,-1,1,0,1,50,
2.022E+11,5,3,2022,17:00:00,1,45,45284,2,6,1,3,Avenue du Capitaine Jean,"479,107,120,000","19,525,870,000",2.022E+11,765 838,B01,2,1,0,2,1,16,5,NULL,2.022E+11,1 035 480,765 839,A01,1,1,1,1,2002,4,1,0,-1,-1,-1,-1,2.022E+11,4,CAPITAINE JEAN (AVENUE DU),0,NULL,1,2,1,1,-1,-1,1,NULL,-1,1,0,1,50,
2.022E+11,22,6,2022,11:10:00,1,85,85210,1,2,1,3,La Guittière,"468,226,178,657","-16,260,493,269",2.022E+11,765 295,A01,1,1,0,2,8,1,5,NULL,2.022E+11,1 034 783,765 292,B01,1,1,1,1,1960,4,1,-1,-1,0,0,-1,2.022E+11,3,94,0,NULL,2,2,0,1,24,235,1,NULL,4,1,0,1,80,
2.022E+11,22,6,2022,11:10:00,1,85,85210,1,2,1,3,La Guittière,"468,226,178,657","-16,260,493,269",2.022E+11,765 295,A01,1,1,0,2,8,1,5,NULL,2.022E+11,1 034 786,765 295,A01,1,1,3,1,1962,5,2,6,-1,0,0,-1,2.022E+11,3,94,0,NULL,2,2,0,1,24,235,1,NULL,4,1,0,1,80,
2.022E+11,26,1,2022,15:30:00,1,66,66210,1,1,1,1,D85,"426,563,870,000","27,676,110,000",2.022E+11,761 549,A01,2,1,0,2,3,1,5,NULL,2.022E+11,1 029 899,761 549,A01,1,1,2,1,1939,5,2,-1,-1,0,0,-1,2.022E+11,3,85,-1,NULL,2,2,0,1,3,655,2,NULL,-1,1,0,1,80,
2.022E+11,26,1,2022,15:30:00,1,66,66210,1,1,1,1,D85,"426,563,870,000","27,676,110,000",2.022E+11,761 549,A01,2,1,0,2,3,1,5,NULL,2.022E+11,1 029 902,761 552,B01,1,1,1,1,1972,5,1,-1,-1,0,0,-1,2.022E+11,3,85,-1,NULL,2,2,0,1,3,655,2,NULL,-1,1,0,1,80,
2.022E+11,28,8,2022,19:10:00,1,19,19269,1,9,1,3,Avenue Edmond Michelet,"455,364,040,000","18,006,900,000",2.022E+11,758 624,B01,2,1,0,2,1,1,5,NULL,2.022E+11,1 026 055,758 624,B01,1,1,3,1,1962,5,2,-1,-1,0,0,-1,2.022E+11,3,940,0,D,2,2,0,2,69,470,2,NULL,-1,1,0,1,50,
2.022E+11,28,8,2022,19:10:00,1,19,19269,1,9,1,3,Avenue Edmond Michelet,"455,364,040,000","18,006,900,000",2.022E+11,758 624,B01,2,1,0,2,1,1,5,NULL,2.022E+11,1 026 056,758 625,A01,1,1,1,1,1997,9,1,-1,-1,0,0,-1,2.022E+11,3,940,0,D,2,2,0,2,69,470,2,NULL,-1,1,0,1,50,
2.022E+11,7,12,2022,08:00:00,2,43,43157,2,1,9,7,Rue de la Ronzade,"450,405,900,000","38,795,100,000",2.022E+11,752 570,A01,3,1,0,0,8,1,5,NULL,2.022E+11,1 017 833,752 570,A01,1,1,4,2,1972,1,2,0,-1,-1,-1,-1,2.022E+11,4,RONZADE (RUE DE LA ),0,NULL,1,1,0,2,-1,-1,1,NULL,-1,7,0,1,50,
2.022E+11,1,3,2022,13:35:00,1,5,5123,1,1,1,3,les marcellons - D994,"445,462,270,000","59,857,460,000",2.022E+11,752 229,B01,1,1,0,2,8,1,5,NULL,2.022E+11,1 017 331,752 229,B01,1,1,4,1,1950,5,2,-1,-1,0,0,-1,2.022E+11,3,994,-1,NULL,2,2,2,1,59,100,1,NULL,-1,1,0,1,90,
2.022E+11,1,3,2022,13:35:00,1,5,5123,1,1,1,3,les marcellons - D994,"445,462,270,000","59,857,460,000",2.022E+11,752 229,B01,1,1,0,2,8,1,5,NULL,2.022E+11,1 017 334,752 232,A01,1,1,1,2,1934,9,1,-1,-1,0,0,-1,2.022E+11,3,994,-1,NULL,2,2,2,1,59,100,1,NULL,-1,1,0,1,90,
2.022E+11,15,6,2022,17:40:00,1,72,72181,2,1,1,3,EINSTEIN ALBERT (RUE),"480,338,870,000","0,1757310000",2.022E+11,751 352,B01,3,1,0,2,1,1,5,NULL,2.022E+11,1 016 161,751 349,A01,1,1,1,2,2000,9,1,8,-1,-1,-1,-1,2.022E+11,4,EINSTEIN ALBERT (RUE),0,NULL,2,2,2,2,0,0,1,NULL,-1,1,0,5,50,
2.022E+11,15,6,2022,17:40:00,1,72,72181,2,1,1,3,EINSTEIN ALBERT (RUE),"480,338,870,000","0,1757310000",2.022E+11,751 352,B01,3,1,0,2,1,1,5,NULL,2.022E+11,1 016 164,751 352,B01,1,1,4,1,2004,9,8,8,-1,-1,-1,-1,2.022E+11,4,EINSTEIN ALBERT (RUE),0,NULL,2,2,2,2,0,0,1,NULL,-1,1,0,5,50,
2.022E+11,16,5,2022,18:00:00,1,42,42218,2,7,1,6,Place Bellevue,"454,158,700,000","43,941,600,000",2.022E+11,750 420,A01,2,1,12,0,4,2,5,NULL,2.022E+11,1 014 928,750 420,A01,1,1,4,1,1999,0,8,0,-1,-1,-1,-1,2.022E+11,4,BELLEVUE (PLACE),0,NULL,1,1,0,1,-1,-1,1,NULL,-1,1,0,1,50,
2.022E+11,25,2,2022,23:10:00,3,974,97414,2,1,1,2,Avenue Principale,"-212,841,909,861","554,045,516,328",2.022E+11,745 296,B01,1,1,0,0,4,0,5,NULL,2.022E+11,1 008 098,745 296,B01,1,1,2,1,1958,0,0,-1,-1,0,0,-1,2.022E+11,2,1,0,C,2,2,0,1,0,500,1,NULL,7,1,0,1,50,
2.022E+11,25,2,2022,23:10:00,3,974,97414,2,1,1,2,Avenue Principale,"-212,841,909,861","554,045,516,328",2.022E+11,745 296,B01,1,1,0,0,4,0,5,NULL,2.022E+11,1 008 100,745 297,A01,1,1,1,-1,NULL,-1,-1,-1,-1,0,0,-1,2.022E+11,2,1,0,C,2,2,0,1,0,500,1,NULL,7,1,0,1,50,
2.022E+11,6,4,2022,14:13:00,1,75,75119,2,1,1,6,BOULEVARD DE LA VILLETTE,"488,843,780,000","23,661,810,000",2.022E+11,743 975,A01,1,1,0,1,1,1,5,NULL,2.022E+11,1 006 329,743 975,A01,10,3,4,1,1988,9,0,-1,-1,2,1,1,2.022E+11,4,BOULEVARD DE LA VILLETTE,0,NULL,3,3,1,1,-1,-1,1,NULL,-1,1,-1,5,30,
2.022E+11,6,4,2022,14:13:00,1,75,75119,2,1,1,6,BOULEVARD DE LA VILLETTE,"488,843,780,000","23,661,810,000",2.022E+11,743 975,A01,1,1,0,1,1,1,5,NULL,2.022E+11,1 006 330,743 975,A01,1,1,1,1,1953,5,2,0,-1,0,0,-1,2.022E+11,4,BOULEVARD DE LA VILLETTE,0,NULL,3,3,1,1,-1,-1,1,NULL,-1,1,-1,5,30,
2.022E+11,14,5,2022,11:15:00,1,75,75112,2,3,1,3,AVENUE DAUMESNIL,"488,364,800,000","24,040,890,000",2.022E+11,743 144,A01,1,1,0,2,2,13,5,NULL,2.022E+11,1 005 227,743 144,A01,1,1,4,1,2005,5,2,0,-1,0,0,-1,2.022E+11,4,AVENUE DAUMESNIL,0,NULL,2,4,0,2,-1,0,1,NULL,-1,1,0,1,30,
2.022E+11,14,5,2022,11:15:00,1,75,75112,2,3,1,3,AVENUE DAUMESNIL,"488,364,800,000","24,040,890,000",2.022E+11,743 144,A01,1,1,0,2,2,13,5,NULL,2.022E+11,1 005 228,743 145,B01,1,1,1,1,1986,5,1,0,-1,0,0,-1,2.022E+11,4,AVENUE DAUMESNIL,0,NULL,2,4,0,2,-1,0,1,NULL,-1,1,0,1,30,
2.022E+11,12,5,2022,07:35:00,1,75,75113,2,1,1,6,BOULEVARD DE L HOPITAL,"488,387,233,685","23,608,830,571",2.022E+11,736 347,A01,2,1,0,1,1,1,5,NULL,2.022E+11,995 907,736 347,A01,1,1,1,1,1975,1,2,-1,-1,0,0,-1,2.022E+11,4,BOULEVARD DE L HOPITAL,0,NULL,2,6,3,2,-1,-1,1,NULL,-1,1,-1,6,30,
2.022E+11,12,5,2022,07:35:00,1,75,75113,2,1,1,6,BOULEVARD DE L HOPITAL,"488,387,233,685","23,608,830,571",2.022E+11,736 347,A01,2,1,0,1,1,1,5,NULL,2.022E+11,995 908,736 347,A01,10,3,4,2,2002,3,0,-1,-1,4,3,1,2.022E+11,4,BOULEVARD DE L HOPITAL,0,NULL,2,6,3,2,-1,-1,1,NULL,-1,1,-1,6,30,
2.022E+11,11,6,2022,08:00:00,1,92,92051,2,1,1,3,MARCHE (PLACE DU),"488,806,240,000","22,753,940,000",2.022E+11,734 395,B01,0,1,1,2,1,26,5,NULL,2.022E+11,993 309,734 392,A01,1,1,1,1,1989,0,1,0,-1,-1,-1,-1,2.022E+11,4,MARCHE (PLACE DU),0,NULL,1,1,0,1,-1,-1,2,NULL,-1,1,0,1,30,