Accident_Id,jour,mois,an,hrmn,lum,dep,com,agg,int,atm,col,adr,lat,long,Num_Acc,id_vehicule,num_veh,senc,catv,obs,obsm,choc,manv,motor,occutc,Num_Acc,id_usager,id_vehicule,num_veh,place,catu,grav,sexe,an_nais,trajet,secu1,secu2,secu3,locp,actp,etatp,Num_Acc,catr,voie,v1,v2,circ,nbv,vosp,prof,pr,pr1,plan,lartpc,larrout,surf,infra,situ,vma,
2.022E+11,11,6,2022,08:00:00,1,92,92051,2,1,1,3,MARCHE (PLACE DU),"488,806,240,000","22,753,940,000",2.022E+11,734 395,B01,0,1,1,2,1,26,5,NULL,2.022E+11,993 313,734 395,B01,5,2,1,1,2003,0,8,0,-1,-1,-1,-1,2.022E+11,4,MARCHE (PLACE DU),0,NULL,1,1,0,1,-1,-1,2,NULL,-1,1,0,1,30,
2.022E+11,11,6,2022,08:00:00,1,92,92051,2,1,1,3,MARCHE (PLACE DU),"488,806,240,000","22,753,940,000",2.022E+11,734 395,B01,0,1,1,2,1,26,5,NULL,2.022E+11,993 316,734 395,B01,1,1,4,1,2000,0,8,0,-1,-1,-1,-1,2.022E+11,4,MARCHE (PLACE DU),0,NULL,1,1,0,1,-1,-1,2,NULL,-1,1,0,1,30,
2.022E+11,12,5,2022,13:50:00,1,92,92022,2,1,1,3,SALENGRO (AVENUE ROGER),"488,140,500,000","21,926,400,000",2.022E+11,733 274,B01,3,1,0,2,1,1,5,NULL,2.022E+11,991 785,733 272,A01,1,1,1,1,1942,0,8,0,-1,-1,-1,-1,2.022E+11,3,910,0,NULL,2,4,2,1,0,0,1,NULL,-1,1,1,1,50,
2.022E+11,12,5,2022,13:50:00,1,92,92022,2,1,1,3,SALENGRO (AVENUE ROGER),"488,140,500,000","21,926,400,000",2.022E+11,733 274,B01,3,1,0,2,1,1,5,NULL,2.022E+11,991 787,733 274,B01,1,1,4,1,1972,5,2,0,-1,-1,-1,-1,2.022E+11,3,910,0,NULL,2,4,2,1,0,0,1,NULL,-1,1,1,1,50,
2.022E+11,12,5,2022,15:15:00,1,59,59601,2,1,1,3,Chemin Vert,"500,590,815,108","40,925,882,847",2.022E+11,733 198,B01,3,1,1,0,8,21,5,NULL,2.022E+11,991 698,733 197,A01,1,1,1,1,1981,4,1,-1,-1,0,0,-1,2.022E+11,4,NULL,-1,NULL,-1,2,0,1,-1,-1,1,NULL,-1,1,0,8,30,
2.022E+11,12,5,2022,15:15:00,1,59,59601,2,1,1,3,Chemin Vert,"500,590,815,108","40,925,882,847",2.022E+11,733 198,B01,3,1,1,0,8,21,5,NULL,2.022E+11,991 699,733 198,B01,1,1,3,1,1984,5,2,-1,-1,0,0,-1,2.022E+11,4,NULL,-1,NULL,-1,2,0,1,-1,-1,1,NULL,-1,1,0,8,30,
2.022E+11,10,6,2022,08:45:00,1,37,37261,2,3,1,3,CHURCHILL (BOULEVARD WINSTON),"473,733,699,829","0,6912079453",2.022E+11,731 346,B01,3,1,0,2,5,0,5,NULL,2.022E+11,989 267,731 343,A01,1,1,1,1,1965,5,1,8,-1,-1,-1,-1,2.022E+11,4,NULL,0,NULL,2,4,0,1,-1,-1,3,NULL,-1,1,5,1,50,
2.022E+11,10,6,2022,08:45:00,1,37,37261,2,3,1,3,CHURCHILL (BOULEVARD WINSTON),"473,733,699,829","0,6912079453",2.022E+11,731 346,B01,3,1,0,2,5,0,5,NULL,2.022E+11,989 271,731 346,B01,1,1,4,1,1999,1,2,6,-1,0,0,-1,2.022E+11,4,NULL,0,NULL,2,4,0,1,-1,-1,3,NULL,-1,1,5,1,50,
2.022E+11,9,1,2022,18:45:00,5,75,75111,2,5,1,6,RUE DU CHEMIN VERT,"488,628,330,000","23,871,060,000",2.022E+11,729 393,Z01,1,1,0,1,1,5,5,NULL,2.022E+11,986 695,729 393,Z01,10,3,4,2,1949,5,8,8,-1,4,3,1,2.022E+11,4,RUE DU CHEMIN VERT,0,NULL,1,1,0,2,-1,-1,1,NULL,-1,2,0,1,30,
2.022E+11,9,1,2022,18:45:00,5,75,75111,2,5,1,6,RUE DU CHEMIN VERT,"488,628,330,000","23,871,060,000",2.022E+11,729 393,Z01,1,1,0,1,1,5,5,NULL,2.022E+11,986 696,729 393,Z01,1,1,1,-1,NULL,-1,-1,-1,-1,-1,-1,-1,2.022E+11,4,RUE DU CHEMIN VERT,0,NULL,1,1,0,2,-1,-1,1,NULL,-1,2,0,1,30,
2.022E+11,9,6,2022,12:30:00,1,93,93007,2,3,1,3,Avenue du 8 Mai 1945 / Avenue Descartes,"489,505,700,000","24,400,700,000",2.022E+11,727 287,B01,1,1,0,2,3,26,5,NULL,2.022E+11,983 916,727 284,A01,1,1,1,1,1974,4,1,8,-1,0,0,-1,2.022E+11,3,"DESCARTES (AVENUE """"DU 43AU 180"""")Z2""""",0,NULL,2,0,1,1,0,1,2,NULL,-1,1,0,1,50,
2.022E+11,9,6,2022,12:30:00,1,93,93007,2,3,1,3,Avenue du 8 Mai 1945 / Avenue Descartes,"489,505,700,000","24,400,700,000",2.022E+11,727 287,B01,1,1,0,2,3,26,5,NULL,2.022E+11,983 921,727 287,B01,1,1,4,1,1984,0,8,0,-1,0,0,-1,2.022E+11,3,"DESCARTES (AVENUE """"DU 43AU 180"""")Z2""""",0,NULL,2,0,1,1,0,1,2,NULL,-1,1,0,1,50,
2.022E+11,26,3,2022,12:10:00,1,56,56121,2,1,1,6,MONISTROL (RUE),"477,375,600,000","-33,822,700,000",2.022E+11,726 676,A01,1,1,12,0,2,1,5,NULL,2.022E+11,983 110,726 676,A01,1,1,4,2,1971,5,2,8,-1,-1,-1,-1,2.022E+11,4,MONISTROL (RUE),0,NULL,2,2,1,2,-1,-1,1,NULL,-1,1,0,1,30,
2.022E+11,9,7,2022,17:55:00,1,92,92048,2,9,1,7,VILLACOUBLAY (AVENUE DE),"487,837,596,384","22,316,984,832",2.022E+11,724 446,A01,3,1,0,0,0,26,5,NULL,2.022E+11,980 182,724 446,A01,1,1,3,2,1995,5,8,8,-1,0,0,-1,2.022E+11,3,80,0,NULL,3,1,0,1,0,0,1,NULL,-1,1,9,1,30,
2.022E+11,28,3,2022,06:55:00,2,69,69382,2,1,1,1,86 Quai Perrache,"457,316,789,947","48,163,487,178",2.022E+11,724 032,B01,2,1,0,2,1,1,5,NULL,2.022E+11,979 641,724 029,A01,1,1,4,1,1969,1,2,-1,-1,-1,-1,-1,2.022E+11,7,PERRACHE                            (QU),0,NULL,1,2,1,1,0,1,1,NULL,-1,1,2,1,50,
2.022E+11,28,3,2022,06:55:00,2,69,69382,2,1,1,1,86 Quai Perrache,"457,316,789,947","48,163,487,178",2.022E+11,724 032,B01,2,1,0,2,1,1,5,NULL,2.022E+11,979 646,724 032,B01,1,1,1,2,1992,1,2,-1,-1,-1,-1,-1,2.022E+11,7,PERRACHE                            (QU),0,NULL,1,2,1,1,0,1,1,NULL,-1,1,2,1,50,
2.022E+11,22,1,2022,14:20:00,1,93,93032,2,3,8,3,PAUL VAILLANT COUTURIER (RUE),"488,749,600,000","25,513,000,000",2.022E+11,722 715,B01,1,1,0,2,1,1,5,NULL,2.022E+11,977 926,722 715,B01,1,1,4,1,1942,0,-1,0,-1,-1,-1,-1,2.022E+11,3,PAUL VAILLANT COUTURIER (RUE),0,NULL,2,2,0,1,0,1,1,NULL,-1,1,3,1,50,
2.022E+11,22,1,2022,14:20:00,1,93,93032,2,3,8,3,PAUL VAILLANT COUTURIER (RUE),"488,749,600,000","25,513,000,000",2.022E+11,722 715,B01,1,1,0,2,1,1,5,NULL,2.022E+11,977 928,722 717,A01,1,1,1,2,1987,9,1,0,-1,-1,-1,-1,2.022E+11,3,PAUL VAILLANT COUTURIER (RUE),0,NULL,2,2,0,1,0,1,1,NULL,-1,1,3,1,50,
2.022E+11,23,3,2022,04:20:00,5,92,92036,2,6,1,3,CHAMPS FOURGONS (RUE DES) (1),"489,417,397,720","22,953,439,504",2.022E+11,810 166,B01,0,1,0,2,1,0,5,NULL,2.022E+11,1 094 650,810 163,A01,1,1,1,1,1977,0,1,8,-1,0,0,-1,2.022E+11,4,NULL,0,NULL,2,2,0,1,0,0,1,NULL,-1,1,0,1,50,
2.022E+11,23,3,2022,04:20:00,5,92,92036,2,6,1,3,CHAMPS FOURGONS (RUE DES) (1),"489,417,397,720","22,953,439,504",2.022E+11,810 166,B01,0,1,0,2,1,0,5,NULL,2.022E+11,1 094 655,810 166,B01,1,1,4,1,1977,0,2,0,-1,0,0,-1,2.022E+11,4,NULL,0,NULL,2,2,0,1,0,0,1,NULL,-1,1,0,1,50,
2.022E+11,4,8,2022,08:00:00,1,69,69387,2,2,1,3,Rue d'Anvers,"457,517,500,000","48,454,900,000",2.022E+11,805 247,A01,2,1,0,2,7,1,5,NULL,2.022E+11,1 088 060,805 246,B01,1,1,1,1,1995,1,1,-1,-1,-1,-1,-1,2.022E+11,4,ANVERS (D')                         (R ),0,NULL,1,1,0,1,-1,-1,1,NULL,-1,1,0,1,50,
2.022E+11,4,8,2022,08:00:00,1,69,69387,2,2,1,3,Rue d'Anvers,"457,517,500,000","48,454,900,000",2.022E+11,805 247,A01,2,1,0,2,7,1,5,NULL,2.022E+11,1 088 061,805 247,A01,1,1,4,2,1990,1,8,-1,-1,-1,-1,-1,2.022E+11,4,ANVERS (D')                         (R ),0,NULL,1,1,0,1,-1,-1,1,NULL,-1,1,0,1,50,
2.022E+11,11,2,2022,14:00:00,1,87,87021,1,9,7,1,Sous le Bastier,"457,713,100,000","11,861,160,000",2.022E+11,802 245,B01,1,1,0,2,8,1,5,NULL,2.022E+11,1 084 081,802 244,A01,1,1,1,1,1960,5,1,-1,-1,0,0,-1,2.022E+11,3,32,-1,NULL,2,2,0,4,-1,-1,3,NULL,-1,1,0,1,70,
2.022E+11,11,2,2022,14:00:00,1,87,87021,1,9,7,1,Sous le Bastier,"457,713,100,000","11,861,160,000",2.022E+11,802 245,B01,1,1,0,2,8,1,5,NULL,2.022E+11,1 084 082,802 245,B01,1,1,4,1,1970,5,2,-1,-1,0,0,-1,2.022E+11,3,32,-1,NULL,2,2,0,4,-1,-1,3,NULL,-1,1,0,1,70,
2.022E+11,13,11,2022,09:00:00,1,44,44081,1,1,7,2,la Planche,"468,796,500,000","-15,814,470,000",2.022E+11,797 141,B01,1,1,0,0,4,2,5,NULL,2.022E+11,1 077 408,797 138,A01,1,1,1,1,1947,5,8,-1,-1,0,0,-1,2.022E+11,3,637,0,NULL,2,2,0,1,3,75,1,NULL,-1,1,0,1,80,
2.022E+11,13,11,2022,09:00:00,1,44,44081,1,1,7,2,la Planche,"468,796,500,000","-15,814,470,000",2.022E+11,797 141,B01,1,1,0,0,4,2,5,NULL,2.022E+11,1 077 412,797 141,B01,1,1,3,1,1988,5,2,-1,-1,0,0,-1,2.022E+11,3,637,0,NULL,2,2,0,1,3,75,1,NULL,-1,1,0,1,80,
2.022E+11,18,3,2022,12:50:00,1,75,75110,2,2,1,3,RUE LA FAYETTE,"488,778,912,070","23,516,656,458",2.022E+11,796 921,B01,2,1,0,2,3,1,5,NULL,2.022E+11,1 077 105,796 918,A01,1,1,1,1,1987,9,1,0,-1,0,0,-1,2.022E+11,4,RUE LA FAYETTE,0,NULL,2,4,1,2,-1,-1,1,NULL,-1,1,-1,5,30,
2.022E+11,18,3,2022,12:50:00,1,75,75110,2,2,1,3,RUE LA FAYETTE,"488,778,912,070","23,516,656,458",2.022E+11,796 921,B01,2,1,0,2,3,1,5,NULL,2.022E+11,1 077 111,796 921,B01,1,1,4,1,1984,9,2,0,-1,0,0,-1,2.022E+11,4,RUE LA FAYETTE,0,NULL,2,4,1,2,-1,-1,1,NULL,-1,1,-1,5,30,
2.022E+11,18,3,2022,20:25:00,5,94,94037,2,2,1,1,Avenue Jean Jaurès,"488,136,000,000","23,505,200,000",2.022E+11,796 856,A01,1,1,0,2,7,2,5,NULL,2.022E+11,1 077 013,796 854,B01,1,1,1,1,NULL,-1,8,-1,-1,-1,-1,-1,2.022E+11,3,JEAN JAURES (AV),0,NULL,2,2,0,2,0,0,1,NULL,-1,1,0,1,50,
2.022E+11,18,3,2022,20:25:00,5,94,94037,2,2,1,1,Avenue Jean Jaurès,"488,136,000,000","23,505,200,000",2.022E+11,796 856,A01,1,1,0,2,7,2,5,NULL,2.022E+11,1 077 016,796 856,A01,1,1,4,1,1998,4,0,0,-1,-1,-1,-1,2.022E+11,3,JEAN JAURES (AV),0,NULL,2,2,0,2,0,0,1,NULL,-1,1,0,1,50,
2.022E+11,28,6,2022,14:00:00,1,29,29019,2,3,1,3,avenue de Tarente,"484,031,890,000","-45,063,980,000",2.022E+11,795 645,A01,2,1,0,2,1,1,5,NULL,2.022E+11,1 075 389,795 645,A01,1,1,4,1,2006,2,2,-1,-1,-1,-1,-1,2.022E+11,4,TARENTE,0,NULL,3,4,3,1,-1,-1,1,NULL,-1,1,5,1,30,
2.022E+11,28,6,2022,14:00:00,1,29,29019,2,3,1,3,avenue de Tarente,"484,031,890,000","-45,063,980,000",2.022E+11,795 645,A01,2,1,0,2,1,1,5,NULL,2.022E+11,1 075 393,795 649,B01,1,1,1,1,1957,5,1,-1,-1,-1,-1,-1,2.022E+11,4,TARENTE,0,NULL,3,4,3,1,-1,-1,1,NULL,-1,1,5,1,30,
2.022E+11,31,5,2022,14:00:00,1,75,75101,2,3,1,3,RUE DE RIVOLI,"488,663,949,174","23,234,897,112",2.022E+11,794 148,B01,2,1,0,2,7,1,5,NULL,2.022E+11,1 073 410,794 148,B01,1,1,4,2,1966,1,2,0,-1,0,0,-1,2.022E+11,4,RUE DE RIVOLI,0,NULL,2,5,1,1,-1,-1,1,NULL,-1,1,-1,5,30,
2.022E+11,31,5,2022,14:00:00,1,75,75101,2,3,1,3,RUE DE RIVOLI,"488,663,949,174","23,234,897,112",2.022E+11,794 148,B01,2,1,0,2,7,1,5,NULL,2.022E+11,1 073 414,794 152,A01,1,1,1,1,1978,4,1,0,-1,0,0,-1,2.022E+11,4,RUE DE RIVOLI,0,NULL,2,5,1,1,-1,-1,1,NULL,-1,1,-1,5,30,
2.022E+11,30,6,2022,09:30:00,1,2,2574,2,1,2,3,5 Rue de Vervins,"498,951,550,000","40,176,450,000",2.022E+11,791 849,B01,1,1,0,2,1,1,5,NULL,2.022E+11,1 070 418,791 847,A01,1,1,1,1,1945,3,1,-1,-1,0,0,-1,2.022E+11,3,363,-1,NULL,2,2,0,2,5,950,1,NULL,-1,2,0,1,50,
2.022E+11,30,6,2022,09:30:00,1,2,2574,2,1,2,3,5 Rue de Vervins,"498,951,550,000","40,176,450,000",2.022E+11,791 849,B01,1,1,0,2,1,1,5,NULL,2.022E+11,1 070 420,791 849,B01,1,1,4,1,2003,5,2,-1,-1,0,0,-1,2.022E+11,3,363,-1,NULL,2,2,0,2,5,950,1,NULL,-1,2,0,1,50,
2.022E+11,17,3,2022,14:10:00,1,27,27412,1,1,1,5,Route Départementale 313,"492,404,940,000","11,133,100,000",2.022E+11,790 960,C01,1,1,0,0,4,1,5,NULL,2.022E+11,1 069 117,790 960,C01,1,1,3,1,1948,5,0,-1,-1,0,0,-1,2.022E+11,3,313,-1,NULL,2,2,0,2,56,675,1,NULL,-1,1,0,1,80,
2.022E+11,17,3,2022,14:10:00,1,27,27412,1,1,1,5,Route Départementale 313,"492,404,940,000","11,133,100,000",2.022E+11,790 960,C01,1,1,0,0,4,1,5,NULL,2.022E+11,1 069 118,790 961,B01,1,1,4,2,1971,0,1,-1,-1,0,0,-1,2.022E+11,3,313,-1,NULL,2,2,0,2,56,675,1,NULL,-1,1,0,1,80,
2.022E+11,17,3,2022,14:10:00,1,27,27412,1,1,1,5,Route Départementale 313,"492,404,940,000","11,133,100,000",2.022E+11,790 960,C01,1,1,0,0,4,1,5,NULL,2.022E+11,1 069 119,790 962,A01,1,1,1,1,1963,0,1,-1,-1,0,0,-1,2.022E+11,3,313,-1,NULL,2,2,0,2,56,675,1,NULL,-1,1,0,1,80,
2.022E+11,10,10,2022,13:45:00,1,22,22113,2,1,1,3,DESAUNAYS (RUE GREGOIRE),"487,353,500,000","-34,539,100,000",2.022E+11,788 467,B01,1,1,0,2,3,15,5,NULL,2.022E+11,1 065 831,788 466,A01,1,1,1,1,2006,9,1,8,-1,-1,-1,-1,2.022E+11,4,DESAUNAYS (RUE GREGOIRE),0,NULL,2,2,0,1,0,100,1,NULL,-1,1,0,1,10,
2.022E+11,10,10,2022,13:45:00,1,22,22113,2,1,1,3,DESAUNAYS (RUE GREGOIRE),"487,353,500,000","-34,539,100,000",2.022E+11,788 467,B01,1,1,0,2,3,15,5,NULL,2.022E+11,1 065 832,788 467,B01,1,1,4,1,2006,2,2,8,-1,0,0,-1,2.022E+11,4,DESAUNAYS (RUE GREGOIRE),0,NULL,2,2,0,1,0,100,1,NULL,-1,1,0,1,10,
2.022E+11,15,11,2022,13:30:00,1,76,76351,2,2,2,3,GENERAL LECLERC,"494,946,200,000","0,1092100000",2.022E+11,787 691,B01,0,1,0,2,7,19,5,NULL,2.022E+11,1 064 779,787 691,B01,1,1,4,1,1997,5,2,-1,-1,-1,-1,-1,2.022E+11,4,GENERAL LECLERC,0,NULL,1,2,0,1,-1,-1,1,NULL,-1,2,0,1,50,
2.022E+11,15,11,2022,13:30:00,1,76,76351,2,2,2,3,GENERAL LECLERC,"494,946,200,000","0,1092100000",2.022E+11,787 691,B01,0,1,0,2,7,19,5,NULL,2.022E+11,1 064 782,787 693,A01,1,1,1,2,1993,0,1,-1,-1,-1,-1,-1,2.022E+11,4,GENERAL LECLERC,0,NULL,1,2,0,1,-1,-1,1,NULL,-1,2,0,1,50,
2.022E+11,30,5,2022,08:35:00,1,35,35178,2,1,1,3,Rue du Couesnon,"483,014,713,377","-14,322,238,415",2.022E+11,787 663,A01,2,1,0,2,7,1,5,NULL,2.022E+11,1 064 743,787 663,A01,1,1,3,1,1978,1,2,-1,-1,0,0,-1,2.022E+11,3,102,-1,NULL,2,2,0,2,24,500,1,NULL,-1,1,0,1,30,
2.022E+11,30,5,2022,08:35:00,1,35,35178,2,1,1,3,Rue du Couesnon,"483,014,713,377","-14,322,238,415",2.022E+11,787 663,A01,2,1,0,2,7,1,5,NULL,2.022E+11,1 064 745,787 665,B01,1,1,1,2,1984,1,8,-1,-1,0,0,-1,2.022E+11,3,102,-1,NULL,2,2,0,2,24,500,1,NULL,-1,1,0,1,30,
2.022E+11,28,3,2022,14:10:00,1,74,74012,2,9,1,3,BEULET (RUE DU),"461,913,400,000","62,421,920,000",2.022E+11,777 013,B01,3,1,0,2,0,0,5,NULL,2.022E+11,1 050 538,777 012,A01,1,1,1,1,1960,0,1,0,-1,-1,-1,-1,2.022E+11,4,BEULET (RUE DU),0,NULL,1,2,3,1,0,1,1,NULL,-1,1,5,1,50,
2.022E+11,28,3,2022,14:10:00,1,74,74012,2,9,1,3,BEULET (RUE DU),"461,913,400,000","62,421,920,000",2.022E+11,777 013,B01,3,1,0,2,0,0,5,NULL,2.022E+11,1 050 539,777 013,B01,1,1,4,2,1966,0,2,0,-1,-1,-1,-1,2.022E+11,4,BEULET (RUE DU),0,NULL,1,2,3,1,0,1,1,NULL,-1,1,5,1,50,
2.022E+11,20,8,2022,18:17:00,1,29,29165,1,1,1,7,Penbanal Névez,"478,144,730,000","-42,400,090,000",2.022E+11,776 186,A01,0,1,0,0,0,0,5,NULL,2.022E+11,1 049 425,776 186,A01,1,1,3,1,1952,5,0,-1,-1,0,0,-1,2.022E+11,4,NULL,0,NULL,2,2,0,1,-1,-1,1,NULL,6,1,0,1,80,
2.022E+11,24,6,2022,02:10:00,5,92,92049,2,1,1,7,BRIAND AVENUE ARISTIDE AUTRES N°,"488,116,900,000","23,262,200,000",2.022E+11,775 754,A01,2,1,0,0,0,2,5,NULL,2.022E+11,1 048 854,775 754,A01,1,1,4,1,1988,5,8,0,-1,-1,-1,-1,2.022E+11,3,920,0,NULL,2,8,2,1,0,0,1,NULL,-1,1,0,5,50,
2.022E+11,7,3,2022,12:27:00,1,63,63113,2,1,1,6,CLEMENTEL (BD ETIENNE),"457,967,600,000","31,125,800,000",2.022E+11,772 617,A01,0,1,0,1,1,25,5,NULL,2.022E+11,1 044 533,772 617,A01,1,1,1,1,1991,0,2,-1,-1,0,0,-1,2.022E+11,4,CLEMENTEL (BD ETIENNE),0,NULL,2,2,0,1,-1,-1,1,NULL,-1,1,0,4,50,
2.022E+11,7,3,2022,12:27:00,1,63,63113,2,1,1,6,CLEMENTEL (BD ETIENNE),"457,967,600,000","31,125,800,000",2.022E+11,772 617,A01,0,1,0,1,1,25,5,NULL,2.022E+11,1 044 535,772 617,A01,10,3,4,1,1972,0,0,-1,-1,5,5,1,2.022E+11,4,CLEMENTEL (BD ETIENNE),0,NULL,2,2,0,1,-1,-1,1,NULL,-1,1,0,4,50,
2.022E+11,15,12,2022,18:20:00,5,94,94080,2,2,1,1,DIDEROT (R),"488,505,500,000","24,429,600,000",2.022E+11,769 831,B01,0,1,0,0,0,0,5,NULL,2.022E+11,1 040 774,769 828,A01,1,1,1,1,1988,1,1,0,-1,-1,-1,-1,2.022E+11,4,DIDEROT (R),0,NULL,2,2,0,1,0,0,1,NULL,-1,1,0,1,50,
2.022E+11,15,12,2022,18:20:00,5,94,94080,2,2,1,1,DIDEROT (R),"488,505,500,000","24,429,600,000",2.022E+11,769 831,B01,0,1,0,0,0,0,5,NULL,2.022E+11,1 040 777,769 831,B01,1,1,4,2,1973,2,0,-1,-1,9,2,1,2.022E+11,4,DIDEROT (R),0,NULL,2,2,0,1,0,0,1,NULL,-1,1,0,1,50,
2.022E+11,21,5,2022,15:30:00,1,51,51058,2,2,1,3,Rue de la Gazette,"492,238,396,245","39,853,951,335",2.022E+11,766 556,A01,0,1,0,2,2,19,5,NULL,2.022E+11,1 036 475,766 554,B01,1,1,1,1,1984,4,1,-1,-1,-1,-1,-1,2.022E+11,4,GAZETTE (RUE DE LA),0,NULL,2,2,0,1,-1,-1,1,NULL,-1,1,0,1,30,
2.022E+11,21,5,2022,15:30:00,1,51,51058,2,2,1,3,Rue de la Gazette,"492,238,396,245","39,853,951,335",2.022E+11,766 556,A01,0,1,0,2,2,19,5,NULL,2.022E+11,1 036 477,766 556,A01,1,1,4,2,2006,5,8,-1,-1,-1,-1,-1,2.022E+11,4,GAZETTE (RUE DE LA),0,NULL,2,2,0,1,-1,-1,1,NULL,-1,1,0,1,30,
2.022E+11,21,5,2022,22:30:00,5,35,35238,2,3,1,3,SAINT-HELIER,"481,035,909,709","-16,625,508,294",2.022E+11,766 523,B01,2,1,0,2,3,1,5,NULL,2.022E+11,1 036 430,766 521,A01,1,1,1,2,1989,0,1,0,-1,-1,-1,-1,2.022E+11,4,SAINT-HELIER,0,NULL,3,2,2,2,-1,-1,1,NULL,-1,1,0,1,50,
2.022E+11,21,5,2022,22:30:00,5,35,35238,2,3,1,3,SAINT-HELIER,"481,035,909,709","-16,625,508,294",2.022E+11,766 523,B01,2,1,0,2,3,1,5,NULL,2.022E+11,1 036 433,766 523,B01,1,1,4,1,1995,0,8,-1,-1,-1,-1,-1,2.022E+11,4,SAINT-HELIER,0,NULL,3,2,2,2,-1,-1,1,NULL,-1,1,0,1,50,
2.022E+11,5,3,2022,16:40:00,1,50,50502,2,1,2,2,HAVIN,"491,146,900,000","-10,928,200,000",2.022E+11,765 841,B01,1,1,0,2,1,0,5,NULL,2.022E+11,1 035 481,765 840,A01,1,1,1,1,1959,0,1,0,-1,-1,-1,-1,2.022E+11,4,NULL,0,NULL,2,2,0,2,-1,-1,1,NULL,-1,2,0,1,30,
2.022E+11,5,3,2022,16:40:00,1,50,50502,2,1,2,2,HAVIN,"491,146,900,000","-10,928,200,000",2.022E+11,765 841,B01,1,1,0,2,1,0,5,NULL,2.022E+11,1 035 482,765 841,B01,1,1,4,1,2006,0,8,0,-1,-1,-1,-1,2.022E+11,4,NULL,0,NULL,2,2,0,2,-1,-1,1,NULL,-1,2,0,1,30,
2.022E+11,6,3,2022,11:30:00,1,74,74250,2,2,1,1,Route des 4 Marronniers,"460,634,050,000","63,549,580,000",2.022E+11,762 570,B01,2,1,0,2,7,1,5,NULL,2.022E+11,1 031 220,762 569,A01,1,1,1,1,1970,4,1,-1,-1,0,0,-1,2.022E+11,3,6,0,D,2,2,0,1,28,357,1,NULL,-1,1,0,1,30,
2.022E+11,6,3,2022,11:30:00,1,74,74250,2,2,1,1,Route des 4 Marronniers,"460,634,050,000","63,549,580,000",2.022E+11,762 570,B01,2,1,0,2,7,1,5,NULL,2.022E+11,1 031 221,762 569,A01,7,2,1,1,1995,4,0,-1,-1,0,0,-1,2.022E+11,3,6,0,D,2,2,0,1,28,357,1,NULL,-1,1,0,1,30,
2.022E+11,6,3,2022,11:30:00,1,74,74250,2,2,1,1,Route des 4 Marronniers,"460,634,050,000","63,549,580,000",2.022E+11,762 570,B01,2,1,0,2,7,1,5,NULL,2.022E+11,1 031 222,762 569,A01,2,2,1,1,1989,4,0,-1,-1,0,0,-1,2.022E+11,3,6,0,D,2,2,0,1,28,357,1,NULL,-1,1,0,1,30,
2.022E+11,6,3,2022,11:30:00,1,74,74250,2,2,1,1,Route des 4 Marronniers,"460,634,050,000","63,549,580,000",2.022E+11,762 570,B01,2,1,0,2,7,1,5,NULL,2.022E+11,1 031 223,762 569,A01,9,2,1,1,2000,4,0,-1,-1,0,0,-1,2.022E+11,3,6,0,D,2,2,0,1,28,357,1,NULL,-1,1,0,1,30,
2.022E+11,6,3,2022,11:30:00,1,74,74250,2,2,1,1,Route des 4 Marronniers,"460,634,050,000","63,549,580,000",2.022E+11,762 570,B01,2,1,0,2,7,1,5,NULL,2.022E+11,1 031 224,762 570,B01,1,1,2,1,1946,3,0,-1,-1,0,0,-1,2.022E+11,3,6,0,D,2,2,0,1,28,357,1,NULL,-1,1,0,1,30,
2.022E+11,20,6,2022,10:45:00,1,73,73188,1,3,1,3,D925,"456,183,710,000","63,324,060,000",2.022E+11,761 833,B01,3,1,0,2,0,15,5,NULL,2.022E+11,1 030 290,761 833,B01,1,1,3,1,1962,0,0,-1,-1,0,0,-1,2.022E+11,3,925,0,D,2,2,0,1,31,230,2,NULL,-1,1,0,1,70,
2.022E+11,20,6,2022,10:45:00,1,73,73188,1,3,1,3,D925,"456,183,710,000","63,324,060,000",2.022E+11,761 833,B01,3,1,0,2,0,15,5,NULL,2.022E+11,1 030 295,761 837,A01,1,1,1,2,1966,0,1,-1,-1,0,0,-1,2.022E+11,3,925,0,D,2,2,0,1,31,230,2,NULL,-1,1,0,1,70,
2.022E+11,19,6,2022,16:40:00,1,34,34259,1,1,1,1,M102,"436,291,800,000","37,460,020,000",2.022E+11,761 123,B01,1,1,0,0,1,1,5,NULL,2.022E+11,1 029 323,761 122,A01,1,1,1,1,1985,5,1,-1,-1,0,0,-1,2.022E+11,7,102,-1,NULL,2,2,0,2,13,465,3,NULL,-1,1,0,1,90,
2.022E+11,19,6,2022,16:40:00,1,34,34259,1,1,1,1,M102,"436,291,800,000","37,460,020,000",2.022E+11,761 123,B01,1,1,0,0,1,1,5,NULL,2.022E+11,1 029 324,761 123,B01,1,1,3,2,1986,5,2,-1,-1,0,0,-1,2.022E+11,7,102,-1,NULL,2,2,0,2,13,465,3,NULL,-1,1,0,1,90,
2.022E+11,7,12,2022,09:39:00,1,92,92040,2,3,1,3,ROUGET DE L'ISLE,"488,287,041,381","22,649,415,135",2.022E+11,749 296,B01,1,1,0,2,1,1,5,NULL,2.022E+11,1 013 439,749 296,B01,1,1,4,1,1984,1,2,8,-1,0,0,-1,2.022E+11,3,50,0,NULL,1,0,1,1,0,0,1,NULL,-1,1,0,1,30,