Accident_Id,jour,mois,an,hrmn,lum,dep,com,agg,int,atm,col,adr,lat,long,Num_Acc,id_vehicule,num_veh,senc,catv,obs,obsm,choc,manv,motor,occutc,Num_Acc,id_usager,id_vehicule,num_veh,place,catu,grav,sexe,an_nais,trajet,secu1,secu2,secu3,locp,actp,etatp,Num_Acc,catr,voie,v1,v2,circ,nbv,vosp,prof,pr,pr1,plan,lartpc,larrout,surf,infra,situ,vma,
2.022E+11,19,4,2022,19:30:00,1,25,25047,2,9,1,3,19 Rue de la Prairie,"473,482,950,000","63,563,690,000",2.022E+11,772 326,B01,1,1,0,2,1,1,5,NULL,2.022E+11,1 044 128,772 326,B01,1,1,3,1,1981,5,2,9,-1,0,0,-1,2.022E+11,4,NULL,0,A,2,2,0,1,-1,-1,1,NULL,-1,1,0,1,30,
2.022E+11,19,4,2022,19:30:00,1,25,25047,2,9,1,3,19 Rue de la Prairie,"473,482,950,000","63,563,690,000",2.022E+11,772 326,B01,1,1,0,2,1,1,5,NULL,2.022E+11,1 044 129,772 327,A01,1,1,1,1,1972,5,1,-1,-1,0,0,-1,2.022E+11,4,NULL,0,A,2,2,0,1,-1,-1,1,NULL,-1,1,0,1,30,
2.022E+11,13,4,2022,13:50:00,1,51,51230,2,9,1,3,Rue du Limousin,"490,356,336,195","39,563,038,945",2.022E+11,765 241,A01,3,1,0,2,1,1,5,NULL,2.022E+11,1 034 714,765 241,A01,1,1,4,1,2005,5,8,0,-1,-1,-1,-1,2.022E+11,4,LIMOUSIN (RUE DU),0,NULL,1,1,0,2,-1,-1,1,NULL,-1,1,9,1,50,
2.022E+11,13,4,2022,13:50:00,1,51,51230,2,9,1,3,Rue du Limousin,"490,356,336,195","39,563,038,945",2.022E+11,765 241,A01,3,1,0,2,1,1,5,NULL,2.022E+11,1 034 716,765 243,B01,1,1,1,1,1999,1,1,-1,-1,-1,-1,-1,2.022E+11,4,LIMOUSIN (RUE DU),0,NULL,1,1,0,2,-1,-1,1,NULL,-1,1,9,1,50,
2.022E+11,8,11,2022,22:29:00,5,31,31555,2,2,1,3,AV DE LARDENNE,"435,920,980,000","13,995,580,000",2.022E+11,763 882,B01,2,1,0,2,1,1,5,NULL,2.022E+11,1 032 949,763 882,B01,1,1,3,1,1963,0,8,0,-1,0,0,-1,2.022E+11,7,AV DE LARDENNE,0,NULL,2,2,2,1,-1,-1,1,NULL,-1,1,0,1,50,
2.022E+11,8,11,2022,22:29:00,5,31,31555,2,2,1,3,AV DE LARDENNE,"435,920,980,000","13,995,580,000",2.022E+11,763 882,B01,2,1,0,2,1,1,5,NULL,2.022E+11,1 032 952,763 885,A01,1,1,1,2,1989,0,1,0,-1,0,0,-1,2.022E+11,7,AV DE LARDENNE,0,NULL,2,2,2,1,-1,-1,1,NULL,-1,1,0,1,50,
2.022E+11,4,10,2022,08:15:00,1,81,81116,2,1,1,3,Avenue de Lavaur,"437,008,500,000","18,294,860,000",2.022E+11,763 473,B01,2,1,0,2,8,1,5,NULL,2.022E+11,1 032 429,763 473,B01,1,1,3,1,1954,5,0,-1,-1,0,0,-1,2.022E+11,3,NULL,-1,NULL,2,2,0,1,37,792,1,NULL,-1,1,0,1,50,
2.022E+11,4,10,2022,08:15:00,1,81,81116,2,1,1,3,Avenue de Lavaur,"437,008,500,000","18,294,860,000",2.022E+11,763 473,B01,2,1,0,2,8,1,5,NULL,2.022E+11,1 032 431,763 474,A01,1,1,1,2,1948,5,1,-1,-1,0,0,-1,2.022E+11,3,NULL,-1,NULL,2,2,0,1,37,792,1,NULL,-1,1,0,1,50,
2.022E+11,22,5,2022,11:45:00,1,85,85108,2,2,1,3,D7,"469,083,090,000","-13,768,740,000",2.022E+11,760 485,B01,1,1,0,2,7,1,5,NULL,2.022E+11,1 028 487,760 485,B01,1,1,4,2,1972,3,0,-1,-1,0,0,-1,2.022E+11,3,2763,-1,NULL,2,2,2,1,22,332,1,NULL,-1,1,0,5,50,
2.022E+11,22,5,2022,11:45:00,1,85,85108,2,2,1,3,D7,"469,083,090,000","-13,768,740,000",2.022E+11,760 485,B01,1,1,0,2,7,1,5,NULL,2.022E+11,1 028 489,760 486,A01,1,1,1,1,2002,5,2,6,-1,0,0,-1,2.022E+11,3,2763,-1,NULL,2,2,2,1,22,332,1,NULL,-1,1,0,5,50,
2.022E+11,18,5,2022,09:09:00,1,87,87050,2,3,1,3,ARTHUGERAS ( rue),"458,920,700,000","12,014,100,000",2.022E+11,760 129,B01,1,1,0,2,1,1,5,NULL,2.022E+11,1 028 016,760 129,B01,1,1,4,1,1964,5,8,0,-1,-1,-1,-1,2.022E+11,3,ARTHUGERAS ( rue),0,NULL,2,2,0,1,15,340,1,NULL,-1,1,0,1,50,
2.022E+11,18,5,2022,09:09:00,1,87,87050,2,3,1,3,ARTHUGERAS ( rue),"458,920,700,000","12,014,100,000",2.022E+11,760 129,B01,1,1,0,2,1,1,5,NULL,2.022E+11,1 028 017,760 130,A01,1,1,1,1,1997,4,1,0,-1,-1,-1,-1,2.022E+11,3,ARTHUGERAS ( rue),0,NULL,2,2,0,1,15,340,1,NULL,-1,1,0,1,50,
2.022E+11,26,9,2022,11:44:00,1,75,75115,2,3,2,6,RUE DE VOUILLE,"488,353,850,000","23,027,840,000",2.022E+11,742 990,A01,1,1,0,1,1,14,5,NULL,2.022E+11,1 005 025,742 990,A01,10,3,4,2,1942,5,0,-1,-1,5,9,1,2.022E+11,4,RUE DE VOUILLE,0,NULL,2,2,0,2,-1,-1,1,NULL,-1,2,0,4,30,
2.022E+11,26,9,2022,11:44:00,1,75,75115,2,3,2,6,RUE DE VOUILLE,"488,353,850,000","23,027,840,000",2.022E+11,742 990,A01,1,1,0,1,1,14,5,NULL,2.022E+11,1 005 026,742 990,A01,1,1,1,1,1995,4,8,0,-1,0,0,-1,2.022E+11,4,RUE DE VOUILLE,0,NULL,2,2,0,2,-1,-1,1,NULL,-1,2,0,4,30,
2.022E+11,14,1,2022,08:30:00,1,92,92020,2,9,1,3,VANVES BOULEVARD N° IMPAIRS,"488,071,254,325","22,853,756,547",2.022E+11,742 771,B01,1,1,16,0,0,26,5,NULL,2.022E+11,1 004 690,742 770,A01,1,1,1,1,2000,1,1,0,-1,0,0,-1,2.022E+11,3,VANVES BOULEVARD N° IMPAIRS,0,NULL,-1,1,0,1,0,1,1,NULL,-1,1,0,1,50,
2.022E+11,14,1,2022,08:30:00,1,92,92020,2,9,1,3,VANVES BOULEVARD N° IMPAIRS,"488,071,254,325","22,853,756,547",2.022E+11,742 771,B01,1,1,16,0,0,26,5,NULL,2.022E+11,1 004 692,742 771,B01,1,1,4,1,1968,1,8,8,-1,0,0,-1,2.022E+11,3,VANVES BOULEVARD N° IMPAIRS,0,NULL,-1,1,0,1,0,1,1,NULL,-1,1,0,1,50,
2.022E+11,14,1,2022,12:50:00,1,69,69383,2,2,1,6,Rue de Créqui,"457,602,600,000","48,476,800,000",2.022E+11,742 752,A01,2,1,0,1,2,19,5,NULL,2.022E+11,1 004 665,742 752,A01,1,1,4,2,1983,5,8,-1,-1,-1,-1,-1,2.022E+11,4,CREQUI (DE)                         (R ),0,NULL,1,1,2,1,-1,-1,1,NULL,-1,1,0,1,30,
2.022E+11,14,1,2022,12:50:00,1,69,69383,2,2,1,6,Rue de Créqui,"457,602,600,000","48,476,800,000",2.022E+11,742 752,A01,2,1,0,1,2,19,5,NULL,2.022E+11,1 004 666,742 752,A01,10,3,4,2,1963,0,0,-1,-1,4,3,1,2.022E+11,4,CREQUI (DE)                         (R ),0,NULL,1,1,2,1,-1,-1,1,NULL,-1,1,0,1,30,
2.022E+11,21,8,2022,12:00:00,1,75,75110,2,1,1,3,BOULEVARD DE MAGENTA,"488,729,650,000","23,590,280,000",2.022E+11,741 371,B01,2,1,0,2,2,17,5,NULL,2.022E+11,1 002 793,741 371,B01,1,1,4,1,1989,9,8,8,-1,0,0,-1,2.022E+11,4,BOULEVARD DE MAGENTA,0,NULL,2,6,0,1,-1,-1,1,NULL,-1,1,0,1,50,
2.022E+11,21,8,2022,12:00:00,1,75,75110,2,1,1,3,BOULEVARD DE MAGENTA,"488,729,650,000","23,590,280,000",2.022E+11,741 371,B01,2,1,0,2,2,17,5,NULL,2.022E+11,1 002 796,741 373,A01,1,1,1,-1,NULL,-1,-1,-1,-1,-1,-1,-1,2.022E+11,4,BOULEVARD DE MAGENTA,0,NULL,2,6,0,1,-1,-1,1,NULL,-1,1,0,1,50,
2.022E+11,10,6,2022,17:20:00,1,84,84129,2,6,1,3,Avenue d Orange,"440,167,490,000","48,691,990,000",2.022E+11,741 239,B01,3,1,0,2,8,5,5,NULL,2.022E+11,1 002 608,741 239,B01,1,1,4,2,2009,2,0,-1,-1,0,0,-1,2.022E+11,3,NULL,-1,NULL,-1,1,0,2,-1,-1,3,NULL,"3,5",1,0,1,50,
2.022E+11,10,6,2022,17:20:00,1,84,84129,2,6,1,3,Avenue d Orange,"440,167,490,000","48,691,990,000",2.022E+11,741 239,B01,3,1,0,2,8,5,5,NULL,2.022E+11,1 002 609,741 240,A01,1,1,1,1,1984,1,1,-1,-1,0,0,-1,2.022E+11,3,NULL,-1,NULL,-1,1,0,2,-1,-1,3,NULL,"3,5",1,0,1,50,
2.022E+11,23,2,2022,16:20:00,1,77,77237,1,6,1,3,D10,"488,453,100,000","27,454,300,000",2.022E+11,740 906,B01,3,1,0,2,6,2,5,NULL,2.022E+11,1 002 181,740 906,B01,1,1,4,1,1953,5,8,0,-1,-1,-1,-1,2.022E+11,3,AV DE L EUROPE,0,NULL,2,1,0,1,25,763,1,NULL,-1,1,0,1,80,
2.022E+11,23,2,2022,16:20:00,1,77,77237,1,6,1,3,D10,"488,453,100,000","27,454,300,000",2.022E+11,740 906,B01,3,1,0,2,6,2,5,NULL,2.022E+11,1 002 182,740 907,A01,1,1,-1,-1,NULL,-1,-1,-1,-1,-1,-1,-1,2.022E+11,3,AV DE L EUROPE,0,NULL,2,1,0,1,25,763,1,NULL,-1,1,0,1,80,
2.022E+11,1,4,2022,12:10:00,1,69,69266,2,3,8,3,Rue de Venise,"457,667,300,000","48,978,600,000",2.022E+11,734 424,B01,1,1,0,2,4,16,5,NULL,2.022E+11,993 346,734 419,A01,1,1,1,-1,NULL,-1,-1,-1,-1,-1,-1,-1,2.022E+11,4,VENISE   (Rue de),0,NULL,1,1,2,1,-1,-1,1,NULL,-1,2,0,1,50,
2.022E+11,1,4,2022,12:10:00,1,69,69266,2,3,8,3,Rue de Venise,"457,667,300,000","48,978,600,000",2.022E+11,734 424,B01,1,1,0,2,4,16,5,NULL,2.022E+11,993 352,734 424,B01,1,1,4,1,2010,2,2,4,-1,-1,-1,-1,2.022E+11,4,VENISE   (Rue de),0,NULL,1,1,2,1,-1,-1,1,NULL,-1,2,0,1,50,
2.022E+11,15,8,2022,15:55:00,1,7,7340,1,1,1,2,ROUTE DE L'ESCRINET,"447,289,700,000","45,632,000,000",2.022E+11,731 125,A01,2,1,0,2,1,2,5,NULL,2.022E+11,988 963,731 125,A01,1,1,3,1,2008,5,0,0,-1,-1,-1,-1,2.022E+11,3,ROUTE DE L'ESCRINET,0,NULL,2,2,0,2,17,329,1,NULL,-1,1,0,1,70,
2.022E+11,15,8,2022,15:55:00,1,7,7340,1,1,1,2,ROUTE DE L'ESCRINET,"447,289,700,000","45,632,000,000",2.022E+11,731 125,A01,2,1,0,2,1,2,5,NULL,2.022E+11,988 966,731 128,B01,1,1,1,1,1991,5,1,8,-1,-1,-1,-1,2.022E+11,3,ROUTE DE L'ESCRINET,0,NULL,2,2,0,2,17,329,1,NULL,-1,1,0,1,70,
2.022E+11,7,7,2022,18:15:00,1,35,35238,2,1,1,3,PREVALAYE (QUAI DE LA),"481,081,080,000","-16,897,570,000",2.022E+11,728 461,A01,3,1,0,2,8,2,5,NULL,2.022E+11,985 468,728 461,A01,1,1,4,2,1997,1,8,-1,-1,-1,-1,-1,2.022E+11,4,PREVALAYE (QUAI DE LA),0,NULL,2,1,1,1,-1,-1,1,NULL,-1,1,0,5,30,
2.022E+11,7,7,2022,18:15:00,1,35,35238,2,1,1,3,PREVALAYE (QUAI DE LA),"481,081,080,000","-16,897,570,000",2.022E+11,728 463,B01,3,1,0,2,7,0,5,NULL,2.022E+11,985 468,728 461,A01,1,1,4,2,1997,1,8,-1,-1,-1,-1,-1,2.022E+11,4,PREVALAYE (QUAI DE LA),0,NULL,2,1,1,1,-1,-1,1,NULL,-1,1,0,5,30,
2.022E+11,7,7,2022,18:15:00,1,35,35238,2,1,1,3,PREVALAYE (QUAI DE LA),"481,081,080,000","-16,897,570,000",2.022E+11,728 461,A01,3,1,0,2,8,2,5,NULL,2.022E+11,985 469,728 463,B01,1,1,1,1,1997,0,2,-1,-1,-1,-1,-1,2.022E+11,4,PREVALAYE (QUAI DE LA),0,NULL,2,1,1,1,-1,-1,1,NULL,-1,1,0,5,30,
2.022E+11,7,7,2022,18:15:00,1,35,35238,2,1,1,3,PREVALAYE (QUAI DE LA),"481,081,080,000","-16,897,570,000",2.022E+11,728 463,B01,3,1,0,2,7,0,5,NULL,2.022E+11,985 469,728 463,B01,1,1,1,1,1997,0,2,-1,-1,-1,-1,-1,2.022E+11,4,PREVALAYE (QUAI DE LA),0,NULL,2,1,1,1,-1,-1,1,NULL,-1,1,0,5,30,
2.022E+11,15,2,2022,08:05:00,1,973,97302,2,1,1,3,BADUEL (ROUTE DE),"49,344,676,788","-523,114,281,893",2.022E+11,723 316,A01,1,1,0,2,8,13,5,NULL,2.022E+11,978 705,723 316,A01,1,1,4,1,2008,0,8,0,-1,-1,-1,-1,2.022E+11,3,BADUEL (ROUTE DE),0,NULL,2,2,2,1,2,0,1,NULL,-1,3,0,1,50,
2.022E+11,15,2,2022,08:05:00,1,973,97302,2,1,1,3,BADUEL (ROUTE DE),"49,344,676,788","-523,114,281,893",2.022E+11,723 316,A01,1,1,0,2,8,13,5,NULL,2.022E+11,978 709,723 320,B01,1,1,1,2,1994,0,1,8,-1,-1,-1,-1,2.022E+11,3,BADUEL (ROUTE DE),0,NULL,2,2,2,1,2,0,1,NULL,-1,3,0,1,50,
2.022E+11,12,10,2022,17:04:00,1,88,88409,2,3,1,7,place de la mairie,"480,260,000,000","66,680,000,000",2.022E+11,723 159,A01,2,1,0,0,0,21,5,NULL,2.022E+11,978 489,723 155,B01,1,1,1,1,1948,5,8,0,-1,-1,-1,-1,2.022E+11,4,place de la mairie,0,NULL,2,2,0,2,-1,-1,1,NULL,-1,9,0,1,50,
2.022E+11,12,10,2022,17:04:00,1,88,88409,2,3,1,7,place de la mairie,"480,260,000,000","66,680,000,000",2.022E+11,723 159,A01,2,1,0,0,0,21,5,NULL,2.022E+11,978 496,723 159,A01,1,1,4,1,1948,0,8,0,-1,-1,-1,-1,2.022E+11,4,place de la mairie,0,NULL,2,2,0,2,-1,-1,1,NULL,-1,9,0,1,50,
2.022E+11,27,10,2022,13:10:00,1,74,74012,2,1,1,3,FLORISSANT (AVENUE),"461,971,800,000","62,401,900,000",2.022E+11,810 464,B01,1,1,1,0,1,1,5,NULL,2.022E+11,1 095 040,810 461,A01,1,1,1,1,1994,0,8,0,-1,-1,-1,-1,2.022E+11,4,FLORISSANT (AVENUE),0,NULL,2,2,0,1,0,1,1,NULL,-1,1,0,1,50,
2.022E+11,27,10,2022,13:10:00,1,74,74012,2,1,1,3,FLORISSANT (AVENUE),"461,971,800,000","62,401,900,000",2.022E+11,810 464,B01,1,1,1,0,1,1,5,NULL,2.022E+11,1 095 044,810 464,B01,1,1,4,2,1978,0,8,0,-1,-1,-1,-1,2.022E+11,4,FLORISSANT (AVENUE),0,NULL,2,2,0,1,0,1,1,NULL,-1,1,0,1,50,
2.022E+11,5,7,2022,19:30:00,5,973,97311,2,1,1,3,Route Saint Maurice,"54,844,645,363","-540,281,935,036",2.022E+11,809 121,B01,0,1,0,2,7,0,5,NULL,2.022E+11,1 093 249,809 121,B01,1,1,3,1,1963,5,0,-1,-1,0,0,-1,2.022E+11,4,0,0,A,2,2,0,1,-1,-1,1,NULL,-1,1,0,1,50,
2.022E+11,5,7,2022,19:30:00,5,973,97311,2,1,1,3,Route Saint Maurice,"54,844,645,363","-540,281,935,036",2.022E+11,809 121,B01,0,1,0,2,7,0,5,NULL,2.022E+11,1 093 250,809 122,A01,1,1,4,1,1999,1,2,-1,-1,0,0,-1,2.022E+11,4,0,0,A,2,2,0,1,-1,-1,1,NULL,-1,1,0,1,50,
2.022E+11,4,7,2022,15:50:00,1,69,69112,2,6,1,3,Nouvelle Route,"458,172,100,000","46,649,030,000",2.022E+11,805 976,B01,3,1,0,2,8,1,5,NULL,2.022E+11,1 089 042,805 975,A01,1,1,1,2,1948,9,1,-1,-1,0,0,-1,2.022E+11,3,70,0,D,2,2,0,1,28,900,1,NULL,-1,1,0,1,50,
2.022E+11,4,7,2022,15:50:00,1,69,69112,2,6,1,3,Nouvelle Route,"458,172,100,000","46,649,030,000",2.022E+11,805 976,B01,3,1,0,2,8,1,5,NULL,2.022E+11,1 089 043,805 976,B01,1,1,4,1,2010,5,2,-1,-1,0,0,-1,2.022E+11,3,70,0,D,2,2,0,1,28,900,1,NULL,-1,1,0,1,50,
2.022E+11,6,8,2022,07:15:00,2,6,6161,2,1,1,7,Corniche des Maurettes,"436,328,910,000","71,259,430,000",2.022E+11,805 568,A01,2,1,12,0,1,14,5,NULL,2.022E+11,1 088 510,805 568,A01,1,1,3,1,1966,5,2,-1,-1,0,0,-1,2.022E+11,4,200,0,A,1,1,0,2,0,0,2,NULL,-1,1,0,4,50,
2.022E+11,30,4,2022,16:20:00,1,75,75116,2,2,1,3,AVENUE DE LA GRANDE ARMEE,"488,744,318,881","22,929,735,482",2.022E+11,803 868,A01,3,1,0,2,1,1,5,NULL,2.022E+11,1 086 262,803 868,A01,1,1,4,2,2004,9,2,0,-1,0,0,-1,2.022E+11,4,AVENUE DE LA GRANDE ARMEE,0,NULL,2,6,0,1,-1,-1,1,NULL,-1,1,0,1,50,
2.022E+11,30,4,2022,16:20:00,1,75,75116,2,2,1,3,AVENUE DE LA GRANDE ARMEE,"488,744,318,881","22,929,735,482",2.022E+11,803 868,A01,3,1,0,2,1,1,5,NULL,2.022E+11,1 086 265,803 871,B01,1,1,1,2,1978,9,1,0,-1,0,0,-1,2.022E+11,4,AVENUE DE LA GRANDE ARMEE,0,NULL,2,6,0,1,-1,-1,1,NULL,-1,1,0,1,50,
2.022E+11,8,9,2022,08:30:00,1,84,84007,2,9,7,2,MORIERES (Route de ),"439,510,000,000","48,490,000,000",2.022E+11,799 332,B01,3,1,0,2,4,2,5,NULL,2.022E+11,1 080 250,799 330,A01,1,1,1,1,1944,5,1,0,-1,-1,-1,-1,2.022E+11,4,MORIERES (Route de ),0,NULL,2,3,0,1,0,1,1,NULL,-1,1,5,1,50,
2.022E+11,8,9,2022,08:30:00,1,84,84007,2,9,7,2,MORIERES (Route de ),"439,510,000,000","48,490,000,000",2.022E+11,799 332,B01,3,1,0,2,4,2,5,NULL,2.022E+11,1 080 252,799 332,B01,1,1,3,2,1971,1,8,0,-1,-1,-1,-1,2.022E+11,4,MORIERES (Route de ),0,NULL,2,3,0,1,0,1,1,NULL,-1,1,5,1,50,
2.022E+11,15,3,2022,07:45:00,1,67,67482,2,3,1,3,BRIGADE ALSACE LORRAINE (RUE DE LA),"485,775,659,972","77,530,217,171",2.022E+11,790 175,B01,2,1,0,2,1,1,5,NULL,2.022E+11,1 068 111,790 175,B01,1,1,4,1,2001,0,8,0,-1,-1,-1,-1,2.022E+11,4,BRIGADE ALSACE LORRAINE (RUE DE LA),0,NULL,1,1,0,1,-1,-1,1,NULL,-1,1,0,1,50,
2.022E+11,15,3,2022,07:45:00,1,67,67482,2,3,1,3,BRIGADE ALSACE LORRAINE (RUE DE LA),"485,775,659,972","77,530,217,171",2.022E+11,790 175,B01,2,1,0,2,1,1,5,NULL,2.022E+11,1 068 116,790 180,A01,1,1,1,2,1980,0,1,8,-1,-1,-1,-1,2.022E+11,4,BRIGADE ALSACE LORRAINE (RUE DE LA),0,NULL,1,1,0,1,-1,-1,1,NULL,-1,1,0,1,50,
2.022E+11,9,9,2022,12:24:00,1,29,29232,2,9,2,3,Rue de Kerivoal,"480,064,300,000","-41,077,410,000",2.022E+11,790 074,B01,1,1,0,2,1,1,5,NULL,2.022E+11,1 067 984,790 074,B01,1,1,4,1,2004,2,2,-1,-1,-1,-1,-1,2.022E+11,4,NULL,0,NULL,1,1,0,3,-1,-1,3,NULL,-1,2,5,1,50,
2.022E+11,9,9,2022,12:24:00,1,29,29232,2,9,2,3,Rue de Kerivoal,"480,064,300,000","-41,077,410,000",2.022E+11,790 074,B01,1,1,0,2,1,1,5,NULL,2.022E+11,1 067 985,790 076,A01,1,1,1,2,1974,2,1,-1,-1,-1,-1,-1,2.022E+11,4,NULL,0,NULL,1,1,0,3,-1,-1,3,NULL,-1,2,5,1,50,
2.022E+11,29,7,2022,20:30:00,1,33,33199,2,1,1,2,6 Rue de l Yser,"446,402,580,000","-10,716,340,000",2.022E+11,788 374,B01,1,1,0,2,5,17,5,NULL,2.022E+11,1 065 695,788 373,A01,1,1,1,1,1986,5,1,-1,-1,0,0,-1,2.022E+11,4,NULL,-1,NULL,2,2,0,1,-1,-1,1,NULL,4,1,0,1,50,
2.022E+11,29,7,2022,20:30:00,1,33,33199,2,1,1,2,6 Rue de l Yser,"446,402,580,000","-10,716,340,000",2.022E+11,788 374,B01,1,1,0,2,5,17,5,NULL,2.022E+11,1 065 696,788 374,B01,1,1,3,1,1970,5,2,-1,-1,0,0,-1,2.022E+11,4,NULL,-1,NULL,2,2,0,1,-1,-1,1,NULL,4,1,0,1,50,
2.022E+11,29,7,2022,15:15:00,1,29,29039,2,3,1,1,Avenue de la Cascade,"478,822,000,000","-39,171,500,000",2.022E+11,788 114,B01,2,1,0,2,1,13,5,NULL,2.022E+11,1 065 330,788 114,B01,1,1,3,1,2011,5,8,-1,-1,-1,-1,-1,2.022E+11,4,CASCADE ( AVENUE DE LA),0,NULL,2,2,0,2,-1,-1,2,NULL,-1,1,5,1,30,
2.022E+11,29,7,2022,15:15:00,1,29,29039,2,3,1,1,Avenue de la Cascade,"478,822,000,000","-39,171,500,000",2.022E+11,788 114,B01,2,1,0,2,1,13,5,NULL,2.022E+11,1 065 331,788 115,A01,1,1,1,2,1966,5,1,-1,-1,-1,-1,-1,2.022E+11,4,CASCADE ( AVENUE DE LA),0,NULL,2,2,0,2,-1,-1,2,NULL,-1,1,5,1,30,
2.022E+11,11,10,2022,14:53:00,1,82,82025,1,2,1,2,1337 route de montech,"439,578,340,000","12,866,460,000",2.022E+11,785 084,B01,3,1,0,2,4,15,5,NULL,2.022E+11,1 061 233,785 084,B01,1,1,4,1,1962,5,0,-1,-1,0,0,-1,2.022E+11,4,NULL,0,NULL,2,2,0,1,-1,-1,1,NULL,5,1,0,1,80,
2.022E+11,11,10,2022,14:53:00,1,82,82025,1,2,1,2,1337 route de montech,"439,578,340,000","12,866,460,000",2.022E+11,785 084,B01,3,1,0,2,4,15,5,NULL,2.022E+11,1 061 234,785 085,A01,1,1,3,1,1960,5,2,6,9,0,0,-1,2.022E+11,4,NULL,0,NULL,2,2,0,1,-1,-1,1,NULL,5,1,0,1,80,
2.022E+11,11,10,2022,14:53:00,1,82,82025,1,2,1,2,1337 route de montech,"439,578,340,000","12,866,460,000",2.022E+11,785 084,B01,3,1,0,2,4,15,5,NULL,2.022E+11,1 061 235,785 085,A01,2,2,3,2,1978,5,2,-1,-1,0,0,-1,2.022E+11,4,NULL,0,NULL,2,2,0,1,-1,-1,1,NULL,5,1,0,1,80,
2.022E+11,14,11,2022,14:50:00,1,51,51172,2,6,1,3,Rue Aristide Briand,"492,165,000,000","40,510,700,000",2.022E+11,784 430,A01,3,1,12,2,1,24,5,NULL,2.022E+11,1 060 378,784 429,B01,1,1,1,1,1978,9,1,-1,-1,0,0,-1,2.022E+11,4,BRIAND (RUE ARISTIDE),0,NULL,1,2,0,1,-1,-1,2,NULL,-1,1,9,1,50,
2.022E+11,14,11,2022,14:50:00,1,51,51172,2,6,1,3,Rue Aristide Briand,"492,165,000,000","40,510,700,000",2.022E+11,784 430,A01,3,1,12,2,1,24,5,NULL,2.022E+11,1 060 379,784 430,A01,1,1,4,2,1948,0,8,-1,-1,0,0,-1,2.022E+11,4,BRIAND (RUE ARISTIDE),0,NULL,1,2,0,1,-1,-1,2,NULL,-1,1,9,1,50,
2.022E+11,21,4,2022,12:19:00,1,60,60057,2,9,1,3,Boulevard Aristide Briand,"494,265,922,356","20,820,245,147",2.022E+11,782 186,B01,0,1,0,2,7,1,5,NULL,2.022E+11,1 057 408,782 186,B01,1,1,4,2,1988,0,8,0,-1,-1,-1,-1,2.022E+11,4,ARISTIDE BRIAND (BOULEVARD),0,NULL,1,2,0,1,-1,-1,1,NULL,-1,1,0,1,50,
2.022E+11,21,4,2022,12:19:00,1,60,60057,2,9,1,3,Boulevard Aristide Briand,"494,265,922,356","20,820,245,147",2.022E+11,782 186,B01,0,1,0,2,7,1,5,NULL,2.022E+11,1 057 409,782 187,A01,1,1,1,-1,NULL,-1,-1,-1,-1,-1,-1,-1,2.022E+11,4,ARISTIDE BRIAND (BOULEVARD),0,NULL,1,2,0,1,-1,-1,1,NULL,-1,1,0,1,50,
2.022E+11,8,10,2022,16:05:00,1,35,35245,1,1,1,3,le Saut Bois,"482,161,149,787","-18,342,635,036",2.022E+11,781 798,B01,1,1,0,2,8,15,5,NULL,2.022E+11,1 056 889,781 797,A01,2,2,1,2,1990,5,1,-1,-1,0,0,-1,2.022E+11,7,28,0,D,2,2,0,2,18,500,1,NULL,-1,1,0,1,80,
2.022E+11,8,10,2022,16:05:00,1,35,35245,1,1,1,3,le Saut Bois,"482,161,149,787","-18,342,635,036",2.022E+11,781 798,B01,1,1,0,2,8,15,5,NULL,2.022E+11,1 056 890,781 797,A01,9,2,1,2,2019,5,3,-1,-1,0,0,-1,2.022E+11,7,28,0,D,2,2,0,2,18,500,1,NULL,-1,1,0,1,80,
2.022E+11,8,10,2022,16:05:00,1,35,35245,1,1,1,3,le Saut Bois,"482,161,149,787","-18,342,635,036",2.022E+11,781 798,B01,1,1,0,2,8,15,5,NULL,2.022E+11,1 056 891,781 797,A01,7,2,1,2,2019,5,3,-1,-1,0,0,-1,2.022E+11,7,28,0,D,2,2,0,2,18,500,1,NULL,-1,1,0,1,80,
2.022E+11,8,10,2022,16:05:00,1,35,35245,1,1,1,3,le Saut Bois,"482,161,149,787","-18,342,635,036",2.022E+11,781 798,B01,1,1,0,2,8,15,5,NULL,2.022E+11,1 056 892,781 797,A01,1,1,4,1,1990,5,1,-1,-1,0,0,-1,2.022E+11,7,28,0,D,2,2,0,2,18,500,1,NULL,-1,1,0,1,80,
2.022E+11,8,10,2022,16:05:00,1,35,35245,1,1,1,3,le Saut Bois,"482,161,149,787","-18,342,635,036",2.022E+11,781 798,B01,1,1,0,2,8,15,5,NULL,2.022E+11,1 056 893,781 798,B01,1,1,2,1,1966,5,2,-1,-1,0,0,-1,2.022E+11,7,28,0,D,2,2,0,2,18,500,1,NULL,-1,1,0,1,80,
2.022E+11,2,2,2022,11:15:00,1,75,75114,2,3,8,2,RUE D ALESIA,"488,278,210,000","23,289,600,000",2.022E+11,781 183,B01,2,1,0,2,4,21,5,NULL,2.022E+11,1 056 087,781 180,A01,2,2,1,1,1965,4,1,0,-1,0,0,-1,2.022E+11,4,RUE D ALESIA,0,NULL,2,2,3,1,-1,-1,1,NULL,-1,1,0,1,30,