Accident_Id,jour,mois,an,hrmn,lum,dep,com,agg,int,atm,col,adr,lat,long,Num_Acc,id_vehicule,num_veh,senc,catv,obs,obsm,choc,manv,motor,occutc,Num_Acc,id_usager,id_vehicule,num_veh,place,catu,grav,sexe,an_nais,trajet,secu1,secu2,secu3,locp,actp,etatp,Num_Acc,catr,voie,v1,v2,circ,nbv,vosp,prof,pr,pr1,plan,lartpc,larrout,surf,infra,situ,vma,
2.022E+11,10,8,2022,20:00:00,1,77,77122,2,1,1,6,D57,"486,584,800,000","25,562,000,000",2.022E+11,723 864,C01,3,1,0,2,0,0,5,NULL,2.022E+11,979 430,723 864,C01,1,1,1,1,2016,5,2,8,-1,-1,-1,-1,2.022E+11,3,AV ANDRE MALRAUX,0,NULL,2,2,3,1,29,410,1,NULL,-1,1,9,1,50,
2.022E+11,20,9,2022,15:35:00,1,72,72260,2,6,1,3,D92,"479,487,870,000","0,2608290000",2.022E+11,721 404,A01,2,1,0,2,4,1,5,NULL,2.022E+11,976 130,721 398,B01,1,1,1,1,1939,0,1,-1,-1,0,0,-1,2.022E+11,3,D92,-1,NULL,1,1,0,1,-1,-1,2,NULL,-1,1,0,1,50,
2.022E+11,20,9,2022,15:35:00,1,72,72260,2,6,1,3,D92,"479,487,870,000","0,2608290000",2.022E+11,721 404,A01,2,1,0,2,4,1,5,NULL,2.022E+11,976 136,721 404,A01,1,1,4,1,1987,5,2,-1,-1,0,0,-1,2.022E+11,3,D92,-1,NULL,1,1,0,1,-1,-1,2,NULL,-1,1,0,1,50,
2.022E+11,19,9,2022,09:15:00,1,31,31149,2,6,7,3,Boulevard Eugène Montel,"436,110,658,069","13,365,152,478",2.022E+11,718 834,B01,1,1,0,2,7,7,5,NULL,2.022E+11,972 564,718 830,A01,1,1,1,2,2003,1,1,0,-1,-1,-1,-1,2.022E+11,7,ROND POINT DU PETIT PRINCE ,0,NULL,-1,2,1,1,13,1248,1,NULL,-1,1,0,1,50,
2.022E+11,19,9,2022,09:15:00,1,31,31149,2,6,7,3,Boulevard Eugène Montel,"436,110,658,069","13,365,152,478",2.022E+11,718 834,B01,1,1,0,2,7,7,5,NULL,2.022E+11,972 568,718 834,B01,1,1,4,1,1959,5,2,0,-1,-1,-1,-1,2.022E+11,7,ROND POINT DU PETIT PRINCE ,0,NULL,-1,2,1,1,13,1248,1,NULL,-1,1,0,1,50,
2.022E+11,10,8,2022,10:45:00,1,56,56248,2,1,1,3,44 Rue Général Henri de Virel,"475,858,742,000","-26,283,556,200",2.022E+11,717 557,B01,2,1,0,2,1,1,5,NULL,2.022E+11,970 785,717 556,A01,1,1,1,1,1990,4,9,-1,-1,0,0,-1,2.022E+11,3,183,0,D,2,2,1,1,19,482,1,NULL,-1,1,0,1,50,
2.022E+11,10,8,2022,10:45:00,1,56,56248,2,1,1,3,44 Rue Général Henri de Virel,"475,858,742,000","-26,283,556,200",2.022E+11,717 557,B01,2,1,0,2,1,1,5,NULL,2.022E+11,970 788,717 557,B01,1,1,3,1,1960,5,2,-1,-1,0,0,-1,2.022E+11,3,183,0,D,2,2,1,1,19,482,1,NULL,-1,1,0,1,50,
2.022E+11,17,9,2022,12:00:00,1,75,75106,2,4,1,3,RUE DE RENNES,"488,469,430,000","23,268,600,000",2.022E+11,715 991,B01,2,1,0,2,1,1,5,NULL,2.022E+11,968 714,715 991,B01,1,1,4,1,1990,5,2,0,-1,0,0,-1,2.022E+11,4,RUE DE RENNES,0,NULL,2,2,0,1,-1,-1,1,NULL,-1,1,0,1,30,
2.022E+11,17,9,2022,12:00:00,1,75,75106,2,4,1,3,RUE DE RENNES,"488,469,430,000","23,268,600,000",2.022E+11,715 991,B01,2,1,0,2,1,1,5,NULL,2.022E+11,968 717,715 994,A01,1,1,1,1,1999,4,1,0,-1,0,0,-1,2.022E+11,4,RUE DE RENNES,0,NULL,2,2,0,1,-1,-1,1,NULL,-1,1,0,1,30,
2.022E+11,20,10,2022,17:30:00,1,35,35238,2,3,1,3,ROOSEVELT (BD FRANKLIN),"480,975,400,000","-16,571,300,000",2.022E+11,715 973,B01,2,1,0,2,6,1,5,NULL,2.022E+11,968 691,715 973,B01,1,1,4,1,2000,0,8,-1,-1,-1,-1,-1,2.022E+11,4,NULL,0,NULL,2,3,2,2,-1,-1,1,NULL,-1,1,0,1,50,
2.022E+11,20,10,2022,17:30:00,1,35,35238,2,3,1,3,ROOSEVELT (BD FRANKLIN),"480,975,400,000","-16,571,300,000",2.022E+11,715 976,A01,1,1,0,2,1,15,5,NULL,2.022E+11,968 691,715 973,B01,1,1,4,1,2000,0,8,-1,-1,-1,-1,-1,2.022E+11,4,NULL,0,NULL,2,3,2,2,-1,-1,1,NULL,-1,1,0,1,50,
2.022E+11,20,10,2022,17:30:00,1,35,35238,2,3,1,3,ROOSEVELT (BD FRANKLIN),"480,975,400,000","-16,571,300,000",2.022E+11,715 973,B01,2,1,0,2,6,1,5,NULL,2.022E+11,968 695,715 976,A01,1,1,4,1,1967,0,8,-1,-1,-1,-1,-1,2.022E+11,4,NULL,0,NULL,2,3,2,2,-1,-1,1,NULL,-1,1,0,1,50,
2.022E+11,20,10,2022,17:30:00,1,35,35238,2,3,1,3,ROOSEVELT (BD FRANKLIN),"480,975,400,000","-16,571,300,000",2.022E+11,715 976,A01,1,1,0,2,1,15,5,NULL,2.022E+11,968 695,715 976,A01,1,1,4,1,1967,0,8,-1,-1,-1,-1,-1,2.022E+11,4,NULL,0,NULL,2,3,2,2,-1,-1,1,NULL,-1,1,0,1,50,
2.022E+11,9,8,2022,10:40:00,1,69,69013,2,1,1,2,Route de Longsard,"460,188,000,000","47,069,300,000",2.022E+11,715 902,A01,3,1,0,2,1,2,6,NULL,2.022E+11,968 592,715 898,B01,1,1,1,1,1951,5,1,-1,-1,0,0,-1,2.022E+11,3,LONGSARD (route de),0,NULL,2,2,2,1,1,300,1,NULL,-1,1,0,5,70,
2.022E+11,9,8,2022,10:40:00,1,69,69013,2,1,1,2,Route de Longsard,"460,188,000,000","47,069,300,000",2.022E+11,715 902,A01,3,1,0,2,1,2,6,NULL,2.022E+11,968 597,715 902,A01,1,1,4,1,1956,0,2,-1,-1,0,0,-1,2.022E+11,3,LONGSARD (route de),0,NULL,2,2,2,1,1,300,1,NULL,-1,1,0,5,70,
2.022E+11,4,7,2022,11:26:00,1,57,57209,2,1,1,7,Rue de Verdun,"490,667,647,049","65,948,923,587",2.022E+11,805 987,A01,3,1,0,0,0,0,5,NULL,2.022E+11,1 089 055,805 987,A01,1,1,2,1,1955,5,2,6,-1,0,0,-1,2.022E+11,4,NULL,0,NULL,2,2,0,1,-1,-1,1,NULL,7,1,0,1,50,
2.022E+11,21,3,2022,06:30:00,2,69,69029,2,1,1,3,Avenue Pierre Mendès France,"457,181,120,876","49,096,561,966",2.022E+11,804 629,B01,3,1,0,2,8,1,6,NULL,2.022E+11,1 087 251,804 628,A01,1,1,1,-1,NULL,-1,8,-1,-1,-1,-1,-1,2.022E+11,7,PIERRE MENDES FRANCE                (AV),0,NULL,2,3,3,2,2,400,2,NULL,-1,1,0,1,50,
2.022E+11,21,3,2022,06:30:00,2,69,69029,2,1,1,3,Avenue Pierre Mendès France,"457,181,120,876","49,096,561,966",2.022E+11,804 629,B01,3,1,0,2,8,1,6,NULL,2.022E+11,1 087 253,804 629,B01,1,1,4,1,1981,1,2,-1,-1,0,0,-1,2.022E+11,7,PIERRE MENDES FRANCE                (AV),0,NULL,2,3,3,2,2,400,2,NULL,-1,1,0,1,50,
2.022E+11,3,6,2022,18:20:00,1,92,92040,2,7,1,3,PDT ROBERT SCHUMANN (PLACE DU),"488,277,245,007","22,674,906,850",2.022E+11,801 455,B01,1,1,0,9,4,11,5,NULL,2.022E+11,1 083 045,801 454,A01,1,1,1,1,1992,1,1,0,-1,-1,-1,-1,2.022E+11,3,50,0,NULL,4,1,0,1,-1,-1,2,NULL,-1,1,0,1,30,
2.022E+11,3,6,2022,18:20:00,1,92,92040,2,7,1,3,PDT ROBERT SCHUMANN (PLACE DU),"488,277,245,007","22,674,906,850",2.022E+11,801 455,B01,1,1,0,9,4,11,5,NULL,2.022E+11,1 083 046,801 455,B01,1,1,4,1,1996,1,2,4,-1,-1,-1,-1,2.022E+11,3,50,0,NULL,4,1,0,1,-1,-1,2,NULL,-1,1,0,1,30,
2.022E+11,20,11,2022,19:00:00,5,35,35238,2,3,1,1,LECLERC (AVENUE DU GENERAL),"481,146,621,713","-16,557,745,636",2.022E+11,797 525,B01,2,1,0,2,1,1,5,NULL,2.022E+11,1 077 909,797 523,A01,1,1,1,1,2001,5,1,-1,-1,0,0,-1,2.022E+11,4,LECLERC (AVENUE DU GENERAL),0,NULL,2,2,2,2,-1,-1,1,NULL,-1,1,0,5,50,
2.022E+11,20,11,2022,19:00:00,5,35,35238,2,3,1,1,LECLERC (AVENUE DU GENERAL),"481,146,621,713","-16,557,745,636",2.022E+11,797 525,B01,2,1,0,2,1,1,5,NULL,2.022E+11,1 077 912,797 525,B01,1,1,4,2,2002,5,8,-1,-1,0,0,-1,2.022E+11,4,LECLERC (AVENUE DU GENERAL),0,NULL,2,2,2,2,-1,-1,1,NULL,-1,1,0,5,50,
2.022E+11,9,9,2022,08:20:00,1,94,94079,2,1,1,6,Rue du Général Leclerc,"488,213,454,849","25,403,254,713",2.022E+11,789 857,A01,2,1,0,1,1,0,5,NULL,2.022E+11,1 067 710,789 857,A01,1,1,1,1,1998,1,8,0,-1,-1,-1,-1,2.022E+11,3,GENERAL LECLERC (R DU),0,NULL,2,2,0,1,0,1,1,NULL,-1,1,0,1,50,
2.022E+11,9,9,2022,08:20:00,1,94,94079,2,1,1,6,Rue du Général Leclerc,"488,213,454,849","25,403,254,713",2.022E+11,789 857,A01,2,1,0,1,1,0,5,NULL,2.022E+11,1 067 712,789 857,A01,10,3,4,1,2015,2,0,-1,-1,3,3,2,2.022E+11,3,GENERAL LECLERC (R DU),0,NULL,2,2,0,1,0,1,1,NULL,-1,1,0,1,50,
2.022E+11,16,11,2022,17:49:00,2,35,35238,2,6,2,3,LEROUX (BD OSCAR),"480,913,012,321","-16,690,501,571",2.022E+11,787 473,B01,0,1,0,2,0,1,5,NULL,2.022E+11,1 064 483,787 473,B01,1,1,3,2,1995,1,8,-1,-1,0,0,-1,2.022E+11,4,LEROUX (BD OSCAR),0,NULL,3,2,2,1,-1,-1,1,NULL,-1,2,0,1,50,
2.022E+11,16,11,2022,17:49:00,2,35,35238,2,6,2,3,LEROUX (BD OSCAR),"480,913,012,321","-16,690,501,571",2.022E+11,787 473,B01,0,1,0,2,0,1,5,NULL,2.022E+11,1 064 486,787 474,A01,1,1,1,-1,NULL,-1,-1,-1,-1,-1,-1,-1,2.022E+11,4,LEROUX (BD OSCAR),0,NULL,3,2,2,1,-1,-1,1,NULL,-1,2,0,1,50,
2.022E+11,22,4,2022,10:28:00,1,75,75112,2,3,1,3,PLACE LACHAMBEAUDIE,"488,357,120,000","23,861,100,000",2.022E+11,782 534,B01,1,1,0,2,3,16,5,NULL,2.022E+11,1 057 895,782 534,B01,1,1,4,2,1995,9,2,0,-1,0,0,-1,2.022E+11,4,PLACE LACHAMBEAUDIE,0,NULL,2,4,3,1,-1,-1,1,NULL,-1,1,-1,6,30,
2.022E+11,22,4,2022,10:28:00,1,75,75112,2,3,1,3,PLACE LACHAMBEAUDIE,"488,357,120,000","23,861,100,000",2.022E+11,782 534,B01,1,1,0,2,3,16,5,NULL,2.022E+11,1 057 896,782 535,A01,1,1,1,1,1968,4,1,0,-1,0,0,-1,2.022E+11,4,PLACE LACHAMBEAUDIE,0,NULL,2,4,3,1,-1,-1,1,NULL,-1,1,-1,6,30,
2.022E+11,25,5,2022,13:15:00,1,75,75103,2,1,1,6,RUE DES FRANCS BOURGEOIS,"488,578,140,625","23,604,411,632",2.022E+11,780 507,A01,1,1,0,2,3,18,5,NULL,2.022E+11,1 055 224,780 505,Z01,1,1,1,-1,NULL,-1,-1,-1,-1,0,0,-1,2.022E+11,4,RUE DES FRANCS BOURGEOIS,0,NULL,1,1,0,1,-1,-1,1,NULL,-1,1,0,1,30,
2.022E+11,25,5,2022,13:15:00,1,75,75103,2,1,1,6,RUE DES FRANCS BOURGEOIS,"488,578,140,625","23,604,411,632",2.022E+11,780 507,A01,1,1,0,2,3,18,5,NULL,2.022E+11,1 055 228,780 507,A01,1,1,4,2,1995,3,2,0,-1,0,0,-1,2.022E+11,4,RUE DES FRANCS BOURGEOIS,0,NULL,1,1,0,1,-1,-1,1,NULL,-1,1,0,1,30,
2.022E+11,6,10,2022,16:35:00,1,91,91691,2,9,1,6,GENERAL DE GAULLE (AVENUE DU),"487,170,900,000","24,880,800,000",2.022E+11,778 284,A01,1,1,0,1,1,26,5,NULL,2.022E+11,1 052 225,778 284,A01,1,1,4,1,1984,9,8,8,-1,0,0,-1,2.022E+11,3,GENERAL DE GAULLE (AVENUE DU),0,NULL,2,2,0,1,0,100,1,NULL,-1,1,0,8,30,
2.022E+11,6,10,2022,16:35:00,1,91,91691,2,9,1,6,GENERAL DE GAULLE (AVENUE DU),"487,170,900,000","24,880,800,000",2.022E+11,778 284,A01,1,1,0,1,1,26,5,NULL,2.022E+11,1 052 226,778 284,A01,10,3,4,1,1977,0,0,-1,-1,5,2,1,2.022E+11,3,GENERAL DE GAULLE (AVENUE DU),0,NULL,2,2,0,1,0,100,1,NULL,-1,1,0,8,30,
2.022E+11,2,9,2022,18:00:00,1,92,92020,2,2,1,3,PARIS AVENUE DE N°84 A FIN,"488,110,000,000","23,000,000,000",2.022E+11,772 323,A01,1,1,0,2,7,19,5,NULL,2.022E+11,1 044 123,772 322,B01,1,1,1,1,1994,5,1,0,-1,-1,-1,-1,2.022E+11,3,906,0,NULL,2,4,1,2,0,1,4,NULL,-1,1,0,1,50,
2.022E+11,2,9,2022,18:00:00,1,92,92020,2,2,1,3,PARIS AVENUE DE N°84 A FIN,"488,110,000,000","23,000,000,000",2.022E+11,772 323,A01,1,1,0,2,7,19,5,NULL,2.022E+11,1 044 124,772 323,A01,1,1,4,1,1989,1,2,0,-1,-1,-1,-1,2.022E+11,3,906,0,NULL,2,4,1,2,0,1,4,NULL,-1,1,0,1,50,
2.022E+11,5,10,2022,08:40:00,1,31,31555,2,6,1,3,AV DU PR GUY ESPAGNO,"436,141,700,000","13,978,500,000",2.022E+11,770 949,B01,0,1,0,2,9,19,5,NULL,2.022E+11,1 042 315,770 947,A01,1,1,1,2,1997,0,1,0,-1,-1,-1,-1,2.022E+11,4,AV DU PR GUY ESPAGNO,0,NULL,2,3,1,3,-1,-1,1,NULL,-1,1,5,5,50,
2.022E+11,5,10,2022,08:40:00,1,31,31555,2,6,1,3,AV DU PR GUY ESPAGNO,"436,141,700,000","13,978,500,000",2.022E+11,770 949,B01,0,1,0,2,9,19,5,NULL,2.022E+11,1 042 318,770 949,B01,1,1,4,2,1997,0,8,0,-1,-1,-1,-1,2.022E+11,4,AV DU PR GUY ESPAGNO,0,NULL,2,3,1,3,-1,-1,1,NULL,-1,1,5,5,50,
2.022E+11,5,10,2022,17:50:00,1,67,67285,2,4,1,3,Rue D Erstein,"483,951,780,000","76,235,460,000",2.022E+11,767 700,B01,2,1,0,2,1,9,5,NULL,2.022E+11,1 037 993,767 700,B01,1,1,2,2,1935,0,0,-1,-1,0,0,-1,2.022E+11,3,288,-1,NULL,2,2,0,1,-1,-1,3,NULL,4,1,0,1,50,
2.022E+11,5,10,2022,17:50:00,1,67,67285,2,4,1,3,Rue D Erstein,"483,951,780,000","76,235,460,000",2.022E+11,767 700,B01,2,1,0,2,1,9,5,NULL,2.022E+11,1 037 994,767 703,A01,1,1,1,2,1974,0,8,-1,-1,0,0,-1,2.022E+11,3,288,-1,NULL,2,2,0,1,-1,-1,3,NULL,4,1,0,1,50,
2.022E+11,29,9,2022,20:07:00,3,33,33318,2,2,8,3,Avenue de Magellan,"447,906,800,000"," -0,6574100000",2.022E+11,764 122,B01,2,1,0,4,1,1,5,NULL,2.022E+11,1 033 256,764 122,B01,1,1,4,2,1996,1,0,-1,-1,-1,-1,-1,2.022E+11,4,AVE DU HAUT LEVEQUE,0,NULL,3,4,2,1,-1,-1,1,NULL,-1,1,4,6,50,
2.022E+11,29,9,2022,20:07:00,3,33,33318,2,2,8,3,Avenue de Magellan,"447,906,800,000"," -0,6574100000",2.022E+11,764 122,B01,2,1,0,4,1,1,5,NULL,2.022E+11,1 033 258,764 124,A01,1,1,4,1,1982,4,1,-1,-1,-1,-1,-1,2.022E+11,4,AVE DU HAUT LEVEQUE,0,NULL,3,4,2,1,-1,-1,1,NULL,-1,1,4,6,50,
2.022E+11,1,10,2022,15:55:00,1,971,97120,2,3,1,3,CHANZY (BOULEVARD),"162,429,000,000","-615,396,000,000",2.022E+11,760 532,A01,2,1,0,2,1,14,5,NULL,2.022E+11,1 028 561,760 532,A01,1,1,4,1,1941,0,8,0,-1,0,0,-1,2.022E+11,3,GENERAL DE GAULLE,0,NULL,4,4,0,1,-1,-1,1,NULL,-1,1,0,1,50,
2.022E+11,1,10,2022,15:55:00,1,971,97120,2,3,1,3,CHANZY (BOULEVARD),"162,429,000,000","-615,396,000,000",2.022E+11,760 532,A01,2,1,0,2,1,14,5,NULL,2.022E+11,1 028 562,760 534,B01,1,1,1,1,1991,0,8,0,-1,0,0,-1,2.022E+11,3,GENERAL DE GAULLE,0,NULL,4,4,0,1,-1,-1,1,NULL,-1,1,0,1,50,
2.022E+11,3,10,2022,17:00:00,1,42,42254,1,1,1,7,Chemin de la Philipponnière,"458,580,520,000","41,904,150,000",2.022E+11,760 146,A01,3,1,0,0,0,1,5,NULL,2.022E+11,1 028 036,760 146,A01,1,1,3,2,1958,5,2,-1,-1,0,0,-1,2.022E+11,4,1,0,A,2,2,0,2,-1,-1,3,NULL,-1,1,0,1,80,
2.022E+11,26,8,2022,08:10:00,1,35,35238,2,6,1,3,ROBIQUETTE (ROND POINT DE LA),"481,340,000,000","-16,943,900,000",2.022E+11,754 966,B01,0,1,0,2,2,1,5,NULL,2.022E+11,1 021 082,754 966,B01,1,1,4,1,1973,1,2,4,-1,-1,-1,-1,2.022E+11,4,ROBIQUETTE (ROND POINT DE LA),0,NULL,2,2,2,1,-1,-1,1,NULL,-1,1,0,1,50,
2.022E+11,26,8,2022,08:10:00,1,35,35238,2,6,1,3,ROBIQUETTE (ROND POINT DE LA),"481,340,000,000","-16,943,900,000",2.022E+11,754 966,B01,0,1,0,2,2,1,5,NULL,2.022E+11,1 021 084,754 968,A01,1,1,1,1,1970,5,1,-1,-1,-1,-1,-1,2.022E+11,4,ROBIQUETTE (ROND POINT DE LA),0,NULL,2,2,2,1,-1,-1,1,NULL,-1,1,0,1,50,
2.022E+11,16,6,2022,14:40:00,1,94,94068,2,2,1,3,SAINT LOUIS (AV),"487,883,000,000","25,064,000,000",2.022E+11,754 383,A01,2,1,0,2,1,15,5,NULL,2.022E+11,1 020 311,754 381,B01,1,1,1,2,1968,4,1,0,-1,-1,-1,-1,2.022E+11,4,SAINT LOUIS (AV),0,NULL,2,2,0,1,0,0,1,NULL,-1,1,0,1,30,
2.022E+11,16,6,2022,14:40:00,1,94,94068,2,2,1,3,SAINT LOUIS (AV),"487,883,000,000","25,064,000,000",2.022E+11,754 383,A01,2,1,0,2,1,15,5,NULL,2.022E+11,1 020 314,754 383,A01,1,1,4,2,1971,1,8,0,-1,-1,-1,-1,2.022E+11,4,SAINT LOUIS (AV),0,NULL,2,2,0,1,0,0,1,NULL,-1,1,0,1,30,
2.022E+11,17,5,2022,04:27:00,5,49,49007,2,1,1,3,PASTEUR AVENUE,"474,766,500,000"," -0,5326600000",2.022E+11,753 334,B01,1,1,0,2,7,12,5,NULL,2.022E+11,1 018 874,753 333,A01,1,1,1,1,1999,1,8,0,-1,-1,-1,-1,2.022E+11,4,PASTEUR AVENUE,0,NULL,2,4,2,1,1,0,1,NULL,-1,1,0,1,50,
2.022E+11,17,5,2022,04:27:00,5,49,49007,2,1,1,3,PASTEUR AVENUE,"474,766,500,000"," -0,5326600000",2.022E+11,753 334,B01,1,1,0,2,7,12,5,NULL,2.022E+11,1 018 876,753 334,B01,1,1,4,1,2003,0,8,0,-1,-1,-1,-1,2.022E+11,4,PASTEUR AVENUE,0,NULL,2,4,2,1,1,0,1,NULL,-1,1,0,1,50,
2.022E+11,1,10,2022,19:25:00,5,75,75103,2,3,1,3,RUE AUX OURS,"488,632,310,000","23,516,670,000",2.022E+11,753 307,B01,2,1,0,2,3,18,5,NULL,2.022E+11,1 018 838,753 307,B01,1,1,4,1,1967,9,8,0,-1,0,0,-1,2.022E+11,4,RUE AUX OURS,0,NULL,2,2,0,1,-1,-1,1,NULL,-1,1,0,1,30,
2.022E+11,1,10,2022,19:25:00,5,75,75103,2,3,1,3,RUE AUX OURS,"488,632,310,000","23,516,670,000",2.022E+11,753 307,B01,2,1,0,2,3,18,5,NULL,2.022E+11,1 018 839,753 308,Z01,1,1,1,-1,NULL,-1,-1,-1,-1,-1,-1,-1,2.022E+11,4,RUE AUX OURS,0,NULL,2,2,0,1,-1,-1,1,NULL,-1,1,0,1,30,
2.022E+11,20,8,2022,16:16:00,1,35,35186,1,1,1,3,Lieu Dit les Rivieres,"485,901,744,784","-17,767,086,625",2.022E+11,751 208,B01,2,1,0,2,8,1,5,NULL,2.022E+11,1 015 947,751 206,A01,1,1,1,2,1999,5,1,-1,-1,0,0,-1,2.022E+11,3,155,0,D,2,2,0,1,54,800,1,NULL,-1,1,0,1,80,
2.022E+11,20,8,2022,16:16:00,1,35,35186,1,1,1,3,Lieu Dit les Rivieres,"485,901,744,784","-17,767,086,625",2.022E+11,751 208,B01,2,1,0,2,8,1,5,NULL,2.022E+11,1 015 949,751 208,B01,1,1,3,1,1938,5,2,-1,-1,0,0,-1,2.022E+11,3,155,0,D,2,2,0,1,54,800,1,NULL,-1,1,0,1,80,
2.022E+11,15,7,2022,11:45:00,1,95,95039,2,1,1,6,Rue de Cordeville,"490,734,860,000","21,871,810,000",2.022E+11,745 018,A01,3,1,0,5,1,1,5,NULL,2.022E+11,1 007 719,745 018,A01,1,1,3,1,1951,5,2,6,9,0,0,-1,2.022E+11,4,.,0,NULL,1,1,0,1,-1,-1,1,NULL,-1,1,0,1,50,
2.022E+11,24,2,2022,13:50:00,1,61,61274,1,1,1,2,D37,"485,199,590,000","0,9389880000",2.022E+11,741 149,A01,1,1,0,2,8,13,5,NULL,2.022E+11,1 002 482,741 149,A01,1,1,3,2,1989,0,0,-1,-1,0,0,-1,2.022E+11,3,37,0,NULL,2,2,0,1,5,410,1,NULL,-1,1,0,1,80,
2.022E+11,24,2,2022,13:50:00,1,61,61274,1,1,1,2,D37,"485,199,590,000","0,9389880000",2.022E+11,741 149,A01,1,1,0,2,8,13,5,NULL,2.022E+11,1 002 485,741 152,B01,1,1,1,1,1966,4,1,-1,-1,0,0,-1,2.022E+11,3,37,0,NULL,2,2,0,1,5,410,1,NULL,-1,1,0,1,80,
2.022E+11,22,2,2022,10:00:00,1,75,75113,2,2,1,3,RUE DU VAL DE MARNE,"488,167,710,000","23,486,100,000",2.022E+11,738 525,B01,1,1,0,2,1,1,5,NULL,2.022E+11,998 841,738 521,A01,1,1,1,1,1990,4,1,0,-1,0,0,-1,2.022E+11,4,RUE DU VAL DE MARNE,0,NULL,2,2,0,2,-1,-1,1,NULL,-1,1,8,1,30,
2.022E+11,22,2,2022,10:00:00,1,75,75113,2,2,1,3,RUE DU VAL DE MARNE,"488,167,710,000","23,486,100,000",2.022E+11,738 525,B01,1,1,0,2,1,1,5,NULL,2.022E+11,998 848,738 525,B01,1,1,4,2,1995,1,2,8,-1,0,0,-1,2.022E+11,4,RUE DU VAL DE MARNE,0,NULL,2,2,0,2,-1,-1,1,NULL,-1,1,8,1,30,
2.022E+11,1,12,2022,13:20:00,1,6,6029,2,1,1,3,MIDI (BOULEVARD DU),"435,483,000,000","70,099,300,000",2.022E+11,735 445,B01,3,1,0,2,2,1,5,NULL,2.022E+11,994 693,735 445,B01,1,1,4,2,1966,5,2,0,-1,-1,-1,-1,2.022E+11,4,MIDI (BOULEVARD DU),0,NULL,2,2,0,1,0,0,1,NULL,-1,1,0,1,50,
2.022E+11,1,12,2022,13:20:00,1,6,6029,2,1,1,3,MIDI (BOULEVARD DU),"435,483,000,000","70,099,300,000",2.022E+11,735 445,B01,3,1,0,2,2,1,5,NULL,2.022E+11,994 695,735 447,A01,1,1,1,2,1962,5,8,0,-1,0,0,-1,2.022E+11,4,MIDI (BOULEVARD DU),0,NULL,2,2,0,1,0,0,1,NULL,-1,1,0,1,50,
2.022E+11,28,3,2022,20:45:00,5,75,75110,2,1,1,6,BOULEVARD DE STRASBOURG,"488,699,952,246","23,546,368,629",2.022E+11,724 143,A01,1,1,0,1,3,1,5,NULL,2.022E+11,979 791,724 143,A01,1,1,1,1,1988,1,2,-1,-1,0,0,-1,2.022E+11,4,BOULEVARD DE STRASBOURG,0,NULL,2,2,1,1,-1,-1,1,NULL,-1,1,-1,5,30,
2.022E+11,28,3,2022,20:45:00,5,75,75110,2,1,1,6,BOULEVARD DE STRASBOURG,"488,699,952,246","23,546,368,629",2.022E+11,724 143,A01,1,1,0,1,3,1,5,NULL,2.022E+11,979 793,724 143,A01,10,3,4,1,1957,5,0,-1,-1,1,3,1,2.022E+11,4,BOULEVARD DE STRASBOURG,0,NULL,2,2,1,1,-1,-1,1,NULL,-1,1,-1,5,30,
2.022E+11,28,3,2022,08:25:00,1,75,75105,2,2,1,3,BOULEVARD SAINT GERMAIN,"488,513,930,000","23,431,670,000",2.022E+11,723 203,B01,2,1,0,2,8,1,5,NULL,2.022E+11,978 556,723 200,A01,1,1,1,1,1984,9,1,-1,-1,0,0,-1,2.022E+11,4,BOULEVARD SAINT GERMAIN,0,NULL,1,4,1,1,-1,-1,1,NULL,-1,1,-1,5,30,
2.022E+11,28,3,2022,08:25:00,1,75,75105,2,2,1,3,BOULEVARD SAINT GERMAIN,"488,513,930,000","23,431,670,000",2.022E+11,723 203,B01,2,1,0,2,8,1,5,NULL,2.022E+11,978 560,723 203,B01,1,1,4,1,1997,9,2,6,-1,0,0,-1,2.022E+11,4,BOULEVARD SAINT GERMAIN,0,NULL,1,4,1,1,-1,-1,1,NULL,-1,1,-1,5,30,
2.022E+11,7,6,2022,09:35:00,1,75,75110,2,2,8,5,RUE DU FAUBOURG SAINT MARTIN,"488,811,000,000","23,651,630,000",2.022E+11,722 271,A01,2,1,0,2,1,21,5,NULL,2.022E+11,977 301,722 270,Z01,1,1,1,-1,NULL,-1,-1,-1,-1,-1,-1,-1,2.022E+11,4,RUE DU FAUBOURG SAINT MARTIN,0,NULL,2,3,3,1,-1,-1,1,NULL,-1,1,0,1,30,
2.022E+11,7,6,2022,09:35:00,1,75,75110,2,2,8,5,RUE DU FAUBOURG SAINT MARTIN,"488,811,000,000","23,651,630,000",2.022E+11,722 271,A01,2,1,0,2,1,21,5,NULL,2.022E+11,977 302,722 271,A01,1,1,4,2,1987,1,8,0,-1,0,0,-1,2.022E+11,4,RUE DU FAUBOURG SAINT MARTIN,0,NULL,2,3,3,1,-1,-1,1,NULL,-1,1,0,1,30,
2.022E+11,7,6,2022,09:35:00,1,75,75110,2,2,8,5,RUE DU FAUBOURG SAINT MARTIN,"488,811,000,000","23,651,630,000",2.022E+11,722 271,A01,2,1,0,2,1,21,5,NULL,2.022E+11,977 305,722 274,B01,1,1,1,1,1981,4,1,0,-1,0,0,-1,2.022E+11,4,RUE DU FAUBOURG SAINT MARTIN,0,NULL,2,3,3,1,-1,-1,1,NULL,-1,1,0,1,30,